ID,LONGITUD,LATITUD,FECHA,CLASE,SUBTIPO,PARROQUIA_ORIGINAL,AMBITO_PROPUESTO,UNIDAD_ESPACIAL,MOTIVO,COINCIDENCIAS
SC-2026-00025,-78.628919,-1.672431,2026-02-27,1,Abigeato,RIOBAMBA,SIN_ASIGNAR,,DENTRO_CANTON_FUERA_PLATAFORMAS_Y_PARROQUIAS_RURALES,
SC-2026-00029,-78.630887,-1.652877,2026-05-22,1,Abigeato,RIOBAMBA,SIN_ASIGNAR,,DENTRO_CANTON_FUERA_PLATAFORMAS_Y_PARROQUIAS_RURALES,
SC-2026-00032,-78.667838,-1.685847,2026-06-19,1,Abigeato,RIOBAMBA,SIN_ASIGNAR,,DENTRO_CANTON_FUERA_PLATAFORMAS_Y_PARROQUIAS_RURALES,
SC-2026-00038,-78.625676,-1.65112,2026-08-28,1,Abigeato,RIOBAMBA,SIN_ASIGNAR,,DENTRO_CANTON_FUERA_PLATAFORMAS_Y_PARROQUIAS_RURALES,
SC-2026-00068,-78.62657,-1.691192,2026-02-25,1,Abuso de confianza,SAN LUIS,SIN_ASIGNAR,,DENTRO_CANTON_FUERA_PLATAFORMAS_Y_PARROQUIAS_RURALES,
SC-2026-00075,-78.628383,-1.66947,2026-03-09,1,Abuso de confianza,RIOBAMBA,SIN_ASIGNAR,,DENTRO_CANTON_FUERA_PLATAFORMAS_Y_PARROQUIAS_RURALES,
SC-2026-00230,-78.630887,-1.652877,2026-02-20,2,Agresión física,RIOBAMBA,SIN_ASIGNAR,,DENTRO_CANTON_FUERA_PLATAFORMAS_Y_PARROQUIAS_RURALES,
SC-2026-00236,-78.652926,-1.655813,2026-02-22,2,Agresión física,RIOBAMBA,SIN_ASIGNAR,,DENTRO_CANTON_FUERA_PLATAFORMAS_Y_PARROQUIAS_RURALES,
SC-2026-00270,-78.673846,-1.675643,2026-03-28,2,Agresión física,RIOBAMBA,SIN_ASIGNAR,,DENTRO_CANTON_FUERA_PLATAFORMAS_Y_PARROQUIAS_RURALES,
SC-2026-00368,-78.671743,-1.67339,2026-07-11,2,Agresión física,RIOBAMBA,SIN_ASIGNAR,,DENTRO_CANTON_FUERA_PLATAFORMAS_Y_PARROQUIAS_RURALES,
SC-2026-00383,-78.627587,-1.654501,2026-07-29,2,Agresión física,RIOBAMBA,SIN_ASIGNAR,,DENTRO_CANTON_FUERA_PLATAFORMAS_Y_PARROQUIAS_RURALES,
SC-2026-00396,-78.627977,-1.653215,2026-08-07,2,Agresión física,RIOBAMBA,SIN_ASIGNAR,,DENTRO_CANTON_FUERA_PLATAFORMAS_Y_PARROQUIAS_RURALES,
SC-2026-00421,-78.671743,-1.67339,2026-01-10,2,Agresión verbal,RIOBAMBA,SIN_ASIGNAR,,DENTRO_CANTON_FUERA_PLATAFORMAS_Y_PARROQUIAS_RURALES,
SC-2026-00424,-78.659749,-1.653126,2026-02-01,2,Agresión verbal,RIOBAMBA,SIN_ASIGNAR,,DENTRO_CANTON_FUERA_PLATAFORMAS_Y_PARROQUIAS_RURALES,
SC-2026-00427,-78.657624,-1.686606,2026-02-08,2,Agresión verbal,RIOBAMBA,SIN_ASIGNAR,,DENTRO_CANTON_FUERA_PLATAFORMAS_Y_PARROQUIAS_RURALES,
SC-2026-00448,-78.657168,-1.65626,2026-06-13,2,Agresión verbal,RIOBAMBA,SIN_ASIGNAR,,DENTRO_CANTON_FUERA_PLATAFORMAS_Y_PARROQUIAS_RURALES,
SC-2026-00516,-78.657168,-1.65626,2026-04-26,4,Apoyo a instituciones articuladas,RIOBAMBA,SIN_ASIGNAR,,DENTRO_CANTON_FUERA_PLATAFORMAS_Y_PARROQUIAS_RURALES,
SC-2026-00579,-78.63696,-1.644054,2026-06-12,4,Boleta de apremio,RIOBAMBA,SIN_ASIGNAR,,DENTRO_CANTON_FUERA_PLATAFORMAS_Y_PARROQUIAS_RURALES,
SC-2026-00616,-78.671743,-1.67339,2026-04-22,4,Boleta de auxilio,RIOBAMBA,SIN_ASIGNAR,,DENTRO_CANTON_FUERA_PLATAFORMAS_Y_PARROQUIAS_RURALES,
SC-2026-00619,-78.684131,-1.679903,2026-05-16,4,Boleta de auxilio,RIOBAMBA,SIN_ASIGNAR,,DENTRO_CANTON_FUERA_PLATAFORMAS_Y_PARROQUIAS_RURALES,
SC-2026-00636,-78.63696,-1.644054,2026-06-14,4,Boleta de captura,RIOBAMBA,SIN_ASIGNAR,,DENTRO_CANTON_FUERA_PLATAFORMAS_Y_PARROQUIAS_RURALES,
SC-2026-00704,-78.659781,-1.68327,2026-03-04,4,Boleta de citación,RIOBAMBA,SIN_ASIGNAR,,DENTRO_CANTON_FUERA_PLATAFORMAS_Y_PARROQUIAS_RURALES,
SC-2026-00715,-78.664471,-1.66072,2026-03-09,4,Boleta de citación,RIOBAMBA,SIN_ASIGNAR,,DENTRO_CANTON_FUERA_PLATAFORMAS_Y_PARROQUIAS_RURALES,
SC-2026-00852,-78.633537,-1.665817,2026-06-03,4,Boleta de citación,RIOBAMBA,SIN_ASIGNAR,,DENTRO_CANTON_FUERA_PLATAFORMAS_Y_PARROQUIAS_RURALES,
SC-2026-00878,-78.671743,-1.67339,2026-06-23,4,Boleta de citación,RIOBAMBA,SIN_ASIGNAR,,DENTRO_CANTON_FUERA_PLATAFORMAS_Y_PARROQUIAS_RURALES,
SC-2026-00939,-78.586405,-1.646006,2026-08-14,4,Boleta de citación,CUBIJIES,SIN_ASIGNAR,,FUERA_DEL_CANTON,
SC-2026-00964,-78.63696,-1.644054,2026-02-18,4,Bomberos,RIOBAMBA,SIN_ASIGNAR,,DENTRO_CANTON_FUERA_PLATAFORMAS_Y_PARROQUIAS_RURALES,
SC-2026-00968,-78.669634,-1.672103,2026-04-01,4,Bomberos,RIOBAMBA,SIN_ASIGNAR,,DENTRO_CANTON_FUERA_PLATAFORMAS_Y_PARROQUIAS_RURALES,
SC-2026-00970,-78.63696,-1.644054,2026-04-13,4,Bomberos,RIOBAMBA,SIN_ASIGNAR,,DENTRO_CANTON_FUERA_PLATAFORMAS_Y_PARROQUIAS_RURALES,
SC-2026-00981,-78.627782,-1.675272,2026-07-18,4,Bomberos,RIOBAMBA,SIN_ASIGNAR,,DENTRO_CANTON_FUERA_PLATAFORMAS_Y_PARROQUIAS_RURALES,
SC-2026-01002,-78.628782,-1.657907,2026-07-24,5,Constatar persona sin vida,RIOBAMBA,SIN_ASIGNAR,,DENTRO_CANTON_FUERA_PLATAFORMAS_Y_PARROQUIAS_RURALES,
SC-2026-01099,-78.62648,-1.677059,2026-01-20,1,Daño a propiedad privada,RIOBAMBA,SIN_ASIGNAR,,DENTRO_CANTON_FUERA_PLATAFORMAS_Y_PARROQUIAS_RURALES,
SC-2026-01125,-78.66093,-1.647585,2026-03-20,1,Daño a propiedad privada,RIOBAMBA,SIN_ASIGNAR,,DENTRO_CANTON_FUERA_PLATAFORMAS_Y_PARROQUIAS_RURALES,
SC-2026-01139,-78.639412,-1.691718,2026-04-15,1,Daño a propiedad privada,RIOBAMBA,SIN_ASIGNAR,,DENTRO_CANTON_FUERA_PLATAFORMAS_Y_PARROQUIAS_RURALES,
SC-2026-01184,-78.616045,-1.665805,2026-08-08,1,Daño a propiedad privada,RIOBAMBA,SIN_ASIGNAR,,DENTRO_CANTON_FUERA_PLATAFORMAS_Y_PARROQUIAS_RURALES,
SC-2026-01212,-78.649136,-1.662538,2026-01-01,5,Desaparecido,RIOBAMBA,SIN_ASIGNAR,,DENTRO_CANTON_FUERA_PLATAFORMAS_Y_PARROQUIAS_RURALES,
SC-2026-01221,-78.63696,-1.644054,2026-01-08,5,Desaparecido,RIOBAMBA,SIN_ASIGNAR,,DENTRO_CANTON_FUERA_PLATAFORMAS_Y_PARROQUIAS_RURALES,
SC-2026-01227,-78.671743,-1.67339,2026-01-10,5,Desaparecido,RIOBAMBA,SIN_ASIGNAR,,DENTRO_CANTON_FUERA_PLATAFORMAS_Y_PARROQUIAS_RURALES,
SC-2026-01297,-78.628782,-1.657907,2026-02-14,5,Desaparecido,RIOBAMBA,SIN_ASIGNAR,,DENTRO_CANTON_FUERA_PLATAFORMAS_Y_PARROQUIAS_RURALES,
SC-2026-01378,-78.657168,-1.65626,2026-04-02,5,Desaparecido,RIOBAMBA,SIN_ASIGNAR,,DENTRO_CANTON_FUERA_PLATAFORMAS_Y_PARROQUIAS_RURALES,
SC-2026-01422,-78.627977,-1.653215,2026-04-20,5,Desaparecido,RIOBAMBA,SIN_ASIGNAR,,DENTRO_CANTON_FUERA_PLATAFORMAS_Y_PARROQUIAS_RURALES,
SC-2026-01466,-78.630887,-1.652877,2026-05-17,5,Desaparecido,RIOBAMBA,SIN_ASIGNAR,,DENTRO_CANTON_FUERA_PLATAFORMAS_Y_PARROQUIAS_RURALES,
SC-2026-01487,-78.627977,-1.653215,2026-05-29,5,Desaparecido,RIOBAMBA,SIN_ASIGNAR,,DENTRO_CANTON_FUERA_PLATAFORMAS_Y_PARROQUIAS_RURALES,
SC-2026-01578,-78.63696,-1.644054,2026-08-04,5,Desaparecido,RIOBAMBA,SIN_ASIGNAR,,DENTRO_CANTON_FUERA_PLATAFORMAS_Y_PARROQUIAS_RURALES,
SC-2026-01584,-78.666613,-1.680039,2026-08-09,5,Desaparecido,RIOBAMBA,SIN_ASIGNAR,,DENTRO_CANTON_FUERA_PLATAFORMAS_Y_PARROQUIAS_RURALES,
SC-2026-01606,-78.66271,-1.656784,2026-01-10,5,Desaparición de persona,RIOBAMBA,SIN_ASIGNAR,,DENTRO_CANTON_FUERA_PLATAFORMAS_Y_PARROQUIAS_RURALES,
SC-2026-01642,-78.686971,-1.68407,2026-06-13,2,Desaparición forzada,RIOBAMBA,SIN_ASIGNAR,,DENTRO_CANTON_FUERA_PLATAFORMAS_Y_PARROQUIAS_RURALES,
SC-2026-01665,-78.660985,-1.648149,2026-08-16,4,Encargos domiciliarios,RIOBAMBA,SIN_ASIGNAR,,DENTRO_CANTON_FUERA_PLATAFORMAS_Y_PARROQUIAS_RURALES,
SC-2026-01673,-78.630887,-1.652877,2026-04-14,3,Escándalo,RIOBAMBA,SIN_ASIGNAR,,DENTRO_CANTON_FUERA_PLATAFORMAS_Y_PARROQUIAS_RURALES,
SC-2026-01691,-78.627977,-1.653215,2026-01-01,3,Escándalo en espacio privado,RIOBAMBA,SIN_ASIGNAR,,DENTRO_CANTON_FUERA_PLATAFORMAS_Y_PARROQUIAS_RURALES,
SC-2026-01701,-78.63696,-1.644054,2026-01-02,3,Escándalo en espacio privado,RIOBAMBA,SIN_ASIGNAR,,DENTRO_CANTON_FUERA_PLATAFORMAS_Y_PARROQUIAS_RURALES,
SC-2026-01726,-78.628782,-1.657907,2026-01-11,3,Escándalo en espacio privado,RIOBAMBA,SIN_ASIGNAR,,DENTRO_CANTON_FUERA_PLATAFORMAS_Y_PARROQUIAS_RURALES,
SC-2026-01736,-78.679057,-1.667231,2026-01-13,3,Escándalo en espacio privado,RIOBAMBA,SIN_ASIGNAR,,DENTRO_CANTON_FUERA_PLATAFORMAS_Y_PARROQUIAS_RURALES,
SC-2026-01738,-78.679057,-1.667231,2026-01-14,3,Escándalo en espacio privado,RIOBAMBA,SIN_ASIGNAR,,DENTRO_CANTON_FUERA_PLATAFORMAS_Y_PARROQUIAS_RURALES,
SC-2026-01748,-78.679057,-1.667231,2026-01-15,3,Escándalo en espacio privado,RIOBAMBA,SIN_ASIGNAR,,DENTRO_CANTON_FUERA_PLATAFORMAS_Y_PARROQUIAS_RURALES,
SC-2026-01787,-78.631833,-1.659719,2026-01-26,3,Escándalo en espacio privado,RIOBAMBA,SIN_ASIGNAR,,DENTRO_CANTON_FUERA_PLATAFORMAS_Y_PARROQUIAS_RURALES,
SC-2026-01799,-78.671743,-1.67339,2026-01-30,3,Escándalo en espacio privado,RIOBAMBA,SIN_ASIGNAR,,DENTRO_CANTON_FUERA_PLATAFORMAS_Y_PARROQUIAS_RURALES,
SC-2026-01807,-78.684131,-1.679903,2026-02-01,3,Escándalo en espacio privado,RIOBAMBA,SIN_ASIGNAR,,DENTRO_CANTON_FUERA_PLATAFORMAS_Y_PARROQUIAS_RURALES,
SC-2026-01816,-78.671743,-1.67339,2026-02-04,3,Escándalo en espacio privado,RIOBAMBA,SIN_ASIGNAR,,DENTRO_CANTON_FUERA_PLATAFORMAS_Y_PARROQUIAS_RURALES,
SC-2026-01834,-78.666613,-1.680039,2026-02-10,3,Escándalo en espacio privado,RIOBAMBA,SIN_ASIGNAR,,DENTRO_CANTON_FUERA_PLATAFORMAS_Y_PARROQUIAS_RURALES,
SC-2026-01838,-78.659578,-1.653067,2026-02-10,3,Escándalo en espacio privado,RIOBAMBA,SIN_ASIGNAR,,DENTRO_CANTON_FUERA_PLATAFORMAS_Y_PARROQUIAS_RURALES,
SC-2026-01851,-78.628383,-1.66947,2026-02-14,3,Escándalo en espacio privado,RIOBAMBA,SIN_ASIGNAR,,DENTRO_CANTON_FUERA_PLATAFORMAS_Y_PARROQUIAS_RURALES,
SC-2026-01855,-78.666613,-1.680039,2026-02-15,3,Escándalo en espacio privado,RIOBAMBA,SIN_ASIGNAR,,DENTRO_CANTON_FUERA_PLATAFORMAS_Y_PARROQUIAS_RURALES,
SC-2026-01899,-78.659749,-1.687517,2026-02-25,3,Escándalo en espacio privado,RIOBAMBA,SIN_ASIGNAR,,DENTRO_CANTON_FUERA_PLATAFORMAS_Y_PARROQUIAS_RURALES,
SC-2026-01923,-78.630887,-1.652877,2026-03-05,3,Escándalo en espacio privado,RIOBAMBA,SIN_ASIGNAR,,DENTRO_CANTON_FUERA_PLATAFORMAS_Y_PARROQUIAS_RURALES,
SC-2026-01939,-78.63696,-1.644054,2026-03-08,3,Escándalo en espacio privado,RIOBAMBA,SIN_ASIGNAR,,DENTRO_CANTON_FUERA_PLATAFORMAS_Y_PARROQUIAS_RURALES,
SC-2026-01960,-78.62657,-1.691192,2026-03-13,3,Escándalo en espacio privado,SAN LUIS,SIN_ASIGNAR,,DENTRO_CANTON_FUERA_PLATAFORMAS_Y_PARROQUIAS_RURALES,
SC-2026-01981,-78.628383,-1.66947,2026-03-18,3,Escándalo en espacio privado,RIOBAMBA,SIN_ASIGNAR,,DENTRO_CANTON_FUERA_PLATAFORMAS_Y_PARROQUIAS_RURALES,
SC-2026-01986,-78.657168,-1.65626,2026-03-19,3,Escándalo en espacio privado,RIOBAMBA,SIN_ASIGNAR,,DENTRO_CANTON_FUERA_PLATAFORMAS_Y_PARROQUIAS_RURALES,
SC-2026-01988,-78.666613,-1.680039,2026-03-20,3,Escándalo en espacio privado,RIOBAMBA,SIN_ASIGNAR,,DENTRO_CANTON_FUERA_PLATAFORMAS_Y_PARROQUIAS_RURALES,
SC-2026-02007,-78.671743,-1.67339,2026-03-23,3,Escándalo en espacio privado,RIOBAMBA,SIN_ASIGNAR,,DENTRO_CANTON_FUERA_PLATAFORMAS_Y_PARROQUIAS_RURALES,
SC-2026-02033,-78.627977,-1.653215,2026-03-29,3,Escándalo en espacio privado,RIOBAMBA,SIN_ASIGNAR,,DENTRO_CANTON_FUERA_PLATAFORMAS_Y_PARROQUIAS_RURALES,
SC-2026-02049,-78.6316,-1.670339,2026-04-02,3,Escándalo en espacio privado,RIOBAMBA,SIN_ASIGNAR,,DENTRO_CANTON_FUERA_PLATAFORMAS_Y_PARROQUIAS_RURALES,
SC-2026-02059,-78.666613,-1.680039,2026-04-07,3,Escándalo en espacio privado,RIOBAMBA,SIN_ASIGNAR,,DENTRO_CANTON_FUERA_PLATAFORMAS_Y_PARROQUIAS_RURALES,
SC-2026-02130,-78.631938,-1.659244,2026-04-18,3,Escándalo en espacio privado,RIOBAMBA,SIN_ASIGNAR,,DENTRO_CANTON_FUERA_PLATAFORMAS_Y_PARROQUIAS_RURALES,
SC-2026-02131,-78.628782,-1.657907,2026-04-18,3,Escándalo en espacio privado,RIOBAMBA,SIN_ASIGNAR,,DENTRO_CANTON_FUERA_PLATAFORMAS_Y_PARROQUIAS_RURALES,
SC-2026-02144,-78.671743,-1.67339,2026-04-24,3,Escándalo en espacio privado,RIOBAMBA,SIN_ASIGNAR,,DENTRO_CANTON_FUERA_PLATAFORMAS_Y_PARROQUIAS_RURALES,
SC-2026-02201,-78.63696,-1.644054,2026-05-06,3,Escándalo en espacio privado,RIOBAMBA,SIN_ASIGNAR,,DENTRO_CANTON_FUERA_PLATAFORMAS_Y_PARROQUIAS_RURALES,
SC-2026-02239,-78.666613,-1.680039,2026-05-16,3,Escándalo en espacio privado,RIOBAMBA,SIN_ASIGNAR,,DENTRO_CANTON_FUERA_PLATAFORMAS_Y_PARROQUIAS_RURALES,
SC-2026-02286,-78.671743,-1.67339,2026-05-25,3,Escándalo en espacio privado,RIOBAMBA,SIN_ASIGNAR,,DENTRO_CANTON_FUERA_PLATAFORMAS_Y_PARROQUIAS_RURALES,
SC-2026-02299,-78.615517,-1.671498,2026-05-28,3,Escándalo en espacio privado,RIOBAMBA,SIN_ASIGNAR,,DENTRO_CANTON_FUERA_PLATAFORMAS_Y_PARROQUIAS_RURALES,
SC-2026-02303,-78.671743,-1.67339,2026-05-29,3,Escándalo en espacio privado,RIOBAMBA,SIN_ASIGNAR,,DENTRO_CANTON_FUERA_PLATAFORMAS_Y_PARROQUIAS_RURALES,
SC-2026-02327,-78.671743,-1.67339,2026-06-01,3,Escándalo en espacio privado,RIOBAMBA,SIN_ASIGNAR,,DENTRO_CANTON_FUERA_PLATAFORMAS_Y_PARROQUIAS_RURALES,
SC-2026-02340,-78.628383,-1.66947,2026-06-04,3,Escándalo en espacio privado,RIOBAMBA,SIN_ASIGNAR,,DENTRO_CANTON_FUERA_PLATAFORMAS_Y_PARROQUIAS_RURALES,
SC-2026-02370,-78.628782,-1.657907,2026-06-09,3,Escándalo en espacio privado,RIOBAMBA,SIN_ASIGNAR,,DENTRO_CANTON_FUERA_PLATAFORMAS_Y_PARROQUIAS_RURALES,
SC-2026-02388,-78.628782,-1.657907,2026-06-12,3,Escándalo en espacio privado,RIOBAMBA,SIN_ASIGNAR,,DENTRO_CANTON_FUERA_PLATAFORMAS_Y_PARROQUIAS_RURALES,
SC-2026-02389,-78.625291,-1.652355,2026-06-12,3,Escándalo en espacio privado,RIOBAMBA,SIN_ASIGNAR,,DENTRO_CANTON_FUERA_PLATAFORMAS_Y_PARROQUIAS_RURALES,
SC-2026-02409,-78.666613,-1.680039,2026-06-16,3,Escándalo en espacio privado,RIOBAMBA,SIN_ASIGNAR,,DENTRO_CANTON_FUERA_PLATAFORMAS_Y_PARROQUIAS_RURALES,
SC-2026-02449,-78.626695,-1.653913,2026-06-22,3,Escándalo en espacio privado,RIOBAMBA,SIN_ASIGNAR,,DENTRO_CANTON_FUERA_PLATAFORMAS_Y_PARROQUIAS_RURALES,
SC-2026-02451,-78.671743,-1.67339,2026-06-23,3,Escándalo en espacio privado,RIOBAMBA,SIN_ASIGNAR,,DENTRO_CANTON_FUERA_PLATAFORMAS_Y_PARROQUIAS_RURALES,
SC-2026-02483,-78.635592,-1.641075,2026-06-29,3,Escándalo en espacio privado,RIOBAMBA,SIN_ASIGNAR,,DENTRO_CANTON_FUERA_PLATAFORMAS_Y_PARROQUIAS_RURALES,
SC-2026-02486,-78.625935,-1.653235,2026-06-30,3,Escándalo en espacio privado,RIOBAMBA,SIN_ASIGNAR,,DENTRO_CANTON_FUERA_PLATAFORMAS_Y_PARROQUIAS_RURALES,
SC-2026-02512,-78.625676,-1.65112,2026-07-05,3,Escándalo en espacio privado,RIOBAMBA,SIN_ASIGNAR,,DENTRO_CANTON_FUERA_PLATAFORMAS_Y_PARROQUIAS_RURALES,
SC-2026-02518,-78.628782,-1.657907,2026-07-06,3,Escándalo en espacio privado,RIOBAMBA,SIN_ASIGNAR,,DENTRO_CANTON_FUERA_PLATAFORMAS_Y_PARROQUIAS_RURALES,
SC-2026-02537,-78.627305,-1.677368,2026-07-11,3,Escándalo en espacio privado,RIOBAMBA,SIN_ASIGNAR,,DENTRO_CANTON_FUERA_PLATAFORMAS_Y_PARROQUIAS_RURALES,
SC-2026-02569,-78.628782,-1.657907,2026-07-18,3,Escándalo en espacio privado,RIOBAMBA,SIN_ASIGNAR,,DENTRO_CANTON_FUERA_PLATAFORMAS_Y_PARROQUIAS_RURALES,
SC-2026-02573,-78.657168,-1.65626,2026-07-19,3,Escándalo en espacio privado,RIOBAMBA,SIN_ASIGNAR,,DENTRO_CANTON_FUERA_PLATAFORMAS_Y_PARROQUIAS_RURALES,
SC-2026-02575,-78.671743,-1.67339,2026-07-20,3,Escándalo en espacio privado,RIOBAMBA,SIN_ASIGNAR,,DENTRO_CANTON_FUERA_PLATAFORMAS_Y_PARROQUIAS_RURALES,
SC-2026-02586,-78.657168,-1.65626,2026-07-22,3,Escándalo en espacio privado,RIOBAMBA,SIN_ASIGNAR,,DENTRO_CANTON_FUERA_PLATAFORMAS_Y_PARROQUIAS_RURALES,
SC-2026-02728,-78.684131,-1.679903,2026-08-22,3,Escándalo en espacio privado,RIOBAMBA,SIN_ASIGNAR,,DENTRO_CANTON_FUERA_PLATAFORMAS_Y_PARROQUIAS_RURALES,
SC-2026-02733,-78.63696,-1.644054,2026-08-22,3,Escándalo en espacio privado,RIOBAMBA,SIN_ASIGNAR,,DENTRO_CANTON_FUERA_PLATAFORMAS_Y_PARROQUIAS_RURALES,
SC-2026-02780,-78.632032,-1.657515,2026-08-31,3,Escándalo en espacio privado,RIOBAMBA,SIN_ASIGNAR,,DENTRO_CANTON_FUERA_PLATAFORMAS_Y_PARROQUIAS_RURALES,
SC-2026-02848,-78.655572,-1.686313,2026-01-18,3,Escándalo en espacio público,RIOBAMBA,SIN_ASIGNAR,,DENTRO_CANTON_FUERA_PLATAFORMAS_Y_PARROQUIAS_RURALES,
SC-2026-02921,-78.628782,-1.657907,2026-02-08,3,Escándalo en espacio público,RIOBAMBA,SIN_ASIGNAR,,DENTRO_CANTON_FUERA_PLATAFORMAS_Y_PARROQUIAS_RURALES,
SC-2026-02979,-78.870029,-1.486536,2026-02-22,3,Escándalo en espacio público,SAN JUAN,SIN_ASIGNAR,,FUERA_DEL_CANTON,
SC-2026-02980,-78.684131,-1.679903,2026-02-23,3,Escándalo en espacio público,RIOBAMBA,SIN_ASIGNAR,,DENTRO_CANTON_FUERA_PLATAFORMAS_Y_PARROQUIAS_RURALES,
SC-2026-02995,-78.681327,-1.624903,2026-02-27,3,Escándalo en espacio público,LICAN,SIN_ASIGNAR,,FUERA_DEL_CANTON,
SC-2026-03007,-78.628782,-1.657907,2026-03-02,3,Escándalo en espacio público,RIOBAMBA,SIN_ASIGNAR,,DENTRO_CANTON_FUERA_PLATAFORMAS_Y_PARROQUIAS_RURALES,
SC-2026-03013,-78.68405,-1.683844,2026-03-05,3,Escándalo en espacio público,RIOBAMBA,SIN_ASIGNAR,,DENTRO_CANTON_FUERA_PLATAFORMAS_Y_PARROQUIAS_RURALES,
SC-2026-03131,-78.629748,-1.656115,2026-04-08,3,Escándalo en espacio público,RIOBAMBA,SIN_ASIGNAR,,DENTRO_CANTON_FUERA_PLATAFORMAS_Y_PARROQUIAS_RURALES,
SC-2026-03182,-78.630887,-1.652877,2026-04-23,3,Escándalo en espacio público,RIOBAMBA,SIN_ASIGNAR,,DENTRO_CANTON_FUERA_PLATAFORMAS_Y_PARROQUIAS_RURALES,
SC-2026-03212,-78.64928,-1.662909,2026-05-01,3,Escándalo en espacio público,RIOBAMBA,SIN_ASIGNAR,,DENTRO_CANTON_FUERA_PLATAFORMAS_Y_PARROQUIAS_RURALES,
SC-2026-03290,-78.684131,-1.679903,2026-05-27,3,Escándalo en espacio público,RIOBAMBA,SIN_ASIGNAR,,DENTRO_CANTON_FUERA_PLATAFORMAS_Y_PARROQUIAS_RURALES,
SC-2026-03351,-78.608143,-1.679084,2026-06-12,3,Escándalo en espacio público,RIOBAMBA,SIN_ASIGNAR,,DENTRO_CANTON_FUERA_PLATAFORMAS_Y_PARROQUIAS_RURALES,
SC-2026-03359,-78.671743,-1.67339,2026-06-13,3,Escándalo en espacio público,RIOBAMBA,SIN_ASIGNAR,,DENTRO_CANTON_FUERA_PLATAFORMAS_Y_PARROQUIAS_RURALES,
SC-2026-03400,-78.628782,-1.657907,2026-06-30,3,Escándalo en espacio público,RIOBAMBA,SIN_ASIGNAR,,DENTRO_CANTON_FUERA_PLATAFORMAS_Y_PARROQUIAS_RURALES,
SC-2026-03470,-78.681774,-1.624642,2026-07-16,3,Escándalo en espacio público,LICAN,SIN_ASIGNAR,,FUERA_DEL_CANTON,
SC-2026-03500,-78.605645,-1.639468,2026-07-23,3,Escándalo en espacio público,CUBIJIES,SIN_ASIGNAR,,FUERA_DEL_CANTON,
SC-2026-03507,-78.652926,-1.655813,2026-07-25,3,Escándalo en espacio público,RIOBAMBA,SIN_ASIGNAR,,DENTRO_CANTON_FUERA_PLATAFORMAS_Y_PARROQUIAS_RURALES,
SC-2026-03521,-78.63696,-1.644054,2026-07-29,3,Escándalo en espacio público,RIOBAMBA,SIN_ASIGNAR,,DENTRO_CANTON_FUERA_PLATAFORMAS_Y_PARROQUIAS_RURALES,
SC-2026-03550,-78.667838,-1.685847,2026-08-09,3,Escándalo en espacio público,RIOBAMBA,SIN_ASIGNAR,,DENTRO_CANTON_FUERA_PLATAFORMAS_Y_PARROQUIAS_RURALES,
SC-2026-03565,-78.628782,-1.657907,2026-08-16,3,Escándalo en espacio público,RIOBAMBA,SIN_ASIGNAR,,DENTRO_CANTON_FUERA_PLATAFORMAS_Y_PARROQUIAS_RURALES,
SC-2026-03607,-78.671743,-1.67339,2026-08-28,3,Escándalo en espacio público,RIOBAMBA,SIN_ASIGNAR,,DENTRO_CANTON_FUERA_PLATAFORMAS_Y_PARROQUIAS_RURALES,
SC-2026-03654,-78.639404,-1.691725,2026-02-17,3,Escándalo por inquilinato,RIOBAMBA,SIN_ASIGNAR,,DENTRO_CANTON_FUERA_PLATAFORMAS_Y_PARROQUIAS_RURALES,
SC-2026-03660,-78.63986,-1.692231,2026-02-26,3,Escándalo por inquilinato,SAN LUIS,SIN_ASIGNAR,,DENTRO_CANTON_FUERA_PLATAFORMAS_Y_PARROQUIAS_RURALES,
SC-2026-03661,-78.639404,-1.691725,2026-02-28,3,Escándalo por inquilinato,RIOBAMBA,SIN_ASIGNAR,,DENTRO_CANTON_FUERA_PLATAFORMAS_Y_PARROQUIAS_RURALES,
SC-2026-03662,-78.639409,-1.691719,2026-02-28,3,Escándalo por inquilinato,RIOBAMBA,SIN_ASIGNAR,,DENTRO_CANTON_FUERA_PLATAFORMAS_Y_PARROQUIAS_RURALES,
SC-2026-03677,-78.628782,-1.657907,2026-03-28,3,Escándalo por inquilinato,RIOBAMBA,SIN_ASIGNAR,,DENTRO_CANTON_FUERA_PLATAFORMAS_Y_PARROQUIAS_RURALES,
SC-2026-03713,-78.627977,-1.653215,2026-05-13,3,Escándalo por inquilinato,RIOBAMBA,SIN_ASIGNAR,,DENTRO_CANTON_FUERA_PLATAFORMAS_Y_PARROQUIAS_RURALES,
SC-2026-03795,-78.625405,-1.681831,2026-08-23,3,Escándalo por inquilinato,RIOBAMBA,SIN_ASIGNAR,,DENTRO_CANTON_FUERA_PLATAFORMAS_Y_PARROQUIAS_RURALES,
SC-2026-03818,-78.659069,-1.652767,2026-02-11,1,Estafa,RIOBAMBA,SIN_ASIGNAR,,DENTRO_CANTON_FUERA_PLATAFORMAS_Y_PARROQUIAS_RURALES,
SC-2026-03834,-78.671243,-1.690282,2026-03-26,1,Estafa,RIOBAMBA,SIN_ASIGNAR,,DENTRO_CANTON_FUERA_PLATAFORMAS_Y_PARROQUIAS_RURALES,
SC-2026-03863,-78.68217,-1.69597,2026-05-11,1,Estafa,RIOBAMBA,SIN_ASIGNAR,,DENTRO_CANTON_FUERA_PLATAFORMAS_Y_PARROQUIAS_RURALES,
SC-2026-03881,-78.652346,-1.656114,2026-06-08,1,Estafa,RIOBAMBA,SIN_ASIGNAR,,DENTRO_CANTON_FUERA_PLATAFORMAS_Y_PARROQUIAS_RURALES,
SC-2026-03916,-78.63696,-1.644054,2026-08-10,1,Estafa,RIOBAMBA,SIN_ASIGNAR,,DENTRO_CANTON_FUERA_PLATAFORMAS_Y_PARROQUIAS_RURALES,
SC-2026-03934,-78.628962,-1.674116,2026-01-05,1,Extorsión,RIOBAMBA,SIN_ASIGNAR,,DENTRO_CANTON_FUERA_PLATAFORMAS_Y_PARROQUIAS_RURALES,
SC-2026-03980,-78.61941,-1.64846,2026-06-25,1,Extorsión,RIOBAMBA,SIN_ASIGNAR,,FUERA_DEL_CANTON,
SC-2026-03997,-78.628782,-1.657907,2026-01-02,5,Extraviado,RIOBAMBA,SIN_ASIGNAR,,DENTRO_CANTON_FUERA_PLATAFORMAS_Y_PARROQUIAS_RURALES,
SC-2026-04005,-78.628383,-1.66947,2026-01-16,5,Extraviado,RIOBAMBA,SIN_ASIGNAR,,DENTRO_CANTON_FUERA_PLATAFORMAS_Y_PARROQUIAS_RURALES,
SC-2026-04011,-78.63125,-1.659677,2026-02-03,5,Extraviado,RIOBAMBA,SIN_ASIGNAR,,DENTRO_CANTON_FUERA_PLATAFORMAS_Y_PARROQUIAS_RURALES,
SC-2026-04056,-78.660002,-1.653046,2026-04-25,5,Extraviado,RIOBAMBA,SIN_ASIGNAR,,DENTRO_CANTON_FUERA_PLATAFORMAS_Y_PARROQUIAS_RURALES,
SC-2026-04060,-78.667838,-1.685847,2026-05-03,5,Extraviado,RIOBAMBA,SIN_ASIGNAR,,DENTRO_CANTON_FUERA_PLATAFORMAS_Y_PARROQUIAS_RURALES,
SC-2026-04144,-78.676092,-1.671479,2026-04-26,2,Falta contra la integridad a servidores policiales,RIOBAMBA,SIN_ASIGNAR,,DENTRO_CANTON_FUERA_PLATAFORMAS_Y_PARROQUIAS_RURALES,
SC-2026-04146,-78.627539,-1.654723,2026-02-06,2,Falta contra la integridad a servidores públicos,RIOBAMBA,SIN_ASIGNAR,,DENTRO_CANTON_FUERA_PLATAFORMAS_Y_PARROQUIAS_RURALES,
SC-2026-04642,-78.667838,-1.685847,2026-01-12,3,Fiestas en vivienda,RIOBAMBA,SIN_ASIGNAR,,DENTRO_CANTON_FUERA_PLATAFORMAS_Y_PARROQUIAS_RURALES,
SC-2026-04673,-78.684131,-1.679903,2026-02-18,3,Fiestas en vivienda,RIOBAMBA,SIN_ASIGNAR,,DENTRO_CANTON_FUERA_PLATAFORMAS_Y_PARROQUIAS_RURALES,
SC-2026-04698,-78.657168,-1.65626,2026-03-19,3,Fiestas en vivienda,RIOBAMBA,SIN_ASIGNAR,,DENTRO_CANTON_FUERA_PLATAFORMAS_Y_PARROQUIAS_RURALES,
SC-2026-04745,-78.657168,-1.65626,2026-05-15,3,Fiestas en vivienda,RIOBAMBA,SIN_ASIGNAR,,DENTRO_CANTON_FUERA_PLATAFORMAS_Y_PARROQUIAS_RURALES,
SC-2026-04761,-78.671743,-1.67339,2026-05-24,3,Fiestas en vivienda,RIOBAMBA,SIN_ASIGNAR,,DENTRO_CANTON_FUERA_PLATAFORMAS_Y_PARROQUIAS_RURALES,
SC-2026-04763,-78.671743,-1.67339,2026-05-30,3,Fiestas en vivienda,RIOBAMBA,SIN_ASIGNAR,,DENTRO_CANTON_FUERA_PLATAFORMAS_Y_PARROQUIAS_RURALES,
SC-2026-04806,-78.670231,-1.671044,2026-07-18,3,Fiestas en vivienda,RIOBAMBA,SIN_ASIGNAR,,DENTRO_CANTON_FUERA_PLATAFORMAS_Y_PARROQUIAS_RURALES,
SC-2026-04848,-78.66935,-1.672483,2026-08-29,3,Fiestas en vivienda,RIOBAMBA,SIN_ASIGNAR,,DENTRO_CANTON_FUERA_PLATAFORMAS_Y_PARROQUIAS_RURALES,
SC-2026-04900,-78.650056,-1.649837,2026-01-15,1,Hurto,RIOBAMBA,SIN_ASIGNAR,,DENTRO_CANTON_FUERA_PLATAFORMAS_Y_PARROQUIAS_RURALES,
SC-2026-04954,-78.63696,-1.644054,2026-02-02,1,Hurto,RIOBAMBA,SIN_ASIGNAR,,DENTRO_CANTON_FUERA_PLATAFORMAS_Y_PARROQUIAS_RURALES,
SC-2026-05009,-78.630887,-1.652877,2026-02-15,1,Hurto,RIOBAMBA,SIN_ASIGNAR,,DENTRO_CANTON_FUERA_PLATAFORMAS_Y_PARROQUIAS_RURALES,
SC-2026-05034,-78.625733,-1.685182,2026-02-24,1,Hurto,RIOBAMBA,SIN_ASIGNAR,,DENTRO_CANTON_FUERA_PLATAFORMAS_Y_PARROQUIAS_RURALES,
SC-2026-05044,-78.664471,-1.66072,2026-02-27,1,Hurto,RIOBAMBA,SIN_ASIGNAR,,DENTRO_CANTON_FUERA_PLATAFORMAS_Y_PARROQUIAS_RURALES,
SC-2026-05089,-78.628383,-1.66947,2026-03-15,1,Hurto,RIOBAMBA,SIN_ASIGNAR,,DENTRO_CANTON_FUERA_PLATAFORMAS_Y_PARROQUIAS_RURALES,
SC-2026-05162,-78.628383,-1.66947,2026-04-09,1,Hurto,RIOBAMBA,SIN_ASIGNAR,,DENTRO_CANTON_FUERA_PLATAFORMAS_Y_PARROQUIAS_RURALES,
SC-2026-05205,-78.631949,-1.667537,2026-04-18,1,Hurto,RIOBAMBA,SIN_ASIGNAR,,DENTRO_CANTON_FUERA_PLATAFORMAS_Y_PARROQUIAS_RURALES,
SC-2026-05235,-78.671743,-1.67339,2026-04-26,1,Hurto,RIOBAMBA,SIN_ASIGNAR,,DENTRO_CANTON_FUERA_PLATAFORMAS_Y_PARROQUIAS_RURALES,
SC-2026-05252,-78.630887,-1.652877,2026-04-30,1,Hurto,RIOBAMBA,SIN_ASIGNAR,,DENTRO_CANTON_FUERA_PLATAFORMAS_Y_PARROQUIAS_RURALES,
SC-2026-05265,-78.626854,-1.677716,2026-05-07,1,Hurto,RIOBAMBA,SIN_ASIGNAR,,DENTRO_CANTON_FUERA_PLATAFORMAS_Y_PARROQUIAS_RURALES,
SC-2026-05310,-78.637827,-1.689972,2026-05-21,1,Hurto,SAN LUIS,SIN_ASIGNAR,,DENTRO_CANTON_FUERA_PLATAFORMAS_Y_PARROQUIAS_RURALES,
SC-2026-05391,-78.649136,-1.662538,2026-06-22,1,Hurto,RIOBAMBA,SIN_ASIGNAR,,DENTRO_CANTON_FUERA_PLATAFORMAS_Y_PARROQUIAS_RURALES,
SC-2026-05402,-78.654154,-1.654221,2026-06-27,1,Hurto,RIOBAMBA,SIN_ASIGNAR,,DENTRO_CANTON_FUERA_PLATAFORMAS_Y_PARROQUIAS_RURALES,
SC-2026-05494,-78.629742,-1.668222,2026-08-02,1,Hurto,RIOBAMBA,SIN_ASIGNAR,,DENTRO_CANTON_FUERA_PLATAFORMAS_Y_PARROQUIAS_RURALES,
SC-2026-05588,-78.671743,-1.67339,2026-01-01,3,Libadores,RIOBAMBA,SIN_ASIGNAR,,DENTRO_CANTON_FUERA_PLATAFORMAS_Y_PARROQUIAS_RURALES,
SC-2026-05589,-78.615517,-1.671498,2026-01-01,3,Libadores,RIOBAMBA,SIN_ASIGNAR,,DENTRO_CANTON_FUERA_PLATAFORMAS_Y_PARROQUIAS_RURALES,
SC-2026-05623,-78.628782,-1.657907,2026-01-02,3,Libadores,RIOBAMBA,SIN_ASIGNAR,,DENTRO_CANTON_FUERA_PLATAFORMAS_Y_PARROQUIAS_RURALES,
SC-2026-05627,-78.671743,-1.67339,2026-01-03,3,Libadores,RIOBAMBA,SIN_ASIGNAR,,DENTRO_CANTON_FUERA_PLATAFORMAS_Y_PARROQUIAS_RURALES,
SC-2026-05659,-78.679057,-1.667231,2026-01-05,3,Libadores,RIOBAMBA,SIN_ASIGNAR,,DENTRO_CANTON_FUERA_PLATAFORMAS_Y_PARROQUIAS_RURALES,
SC-2026-05679,-78.660828,-1.648171,2026-01-06,3,Libadores,RIOBAMBA,SIN_ASIGNAR,,DENTRO_CANTON_FUERA_PLATAFORMAS_Y_PARROQUIAS_RURALES,
SC-2026-05735,-78.630887,-1.652877,2026-01-09,3,Libadores,RIOBAMBA,SIN_ASIGNAR,,DENTRO_CANTON_FUERA_PLATAFORMAS_Y_PARROQUIAS_RURALES,
SC-2026-05760,-78.661422,-1.655315,2026-01-10,3,Libadores,RIOBAMBA,SIN_ASIGNAR,,DENTRO_CANTON_FUERA_PLATAFORMAS_Y_PARROQUIAS_RURALES,
SC-2026-05767,-78.667838,-1.685847,2026-01-11,3,Libadores,RIOBAMBA,SIN_ASIGNAR,,DENTRO_CANTON_FUERA_PLATAFORMAS_Y_PARROQUIAS_RURALES,
SC-2026-05794,-78.666613,-1.680039,2026-01-12,3,Libadores,RIOBAMBA,SIN_ASIGNAR,,DENTRO_CANTON_FUERA_PLATAFORMAS_Y_PARROQUIAS_RURALES,
SC-2026-05887,-78.660966,-1.648135,2026-01-17,3,Libadores,RIOBAMBA,SIN_ASIGNAR,,DENTRO_CANTON_FUERA_PLATAFORMAS_Y_PARROQUIAS_RURALES,
SC-2026-05972,-78.660632,-1.65237,2026-01-22,3,Libadores,RIOBAMBA,SIN_ASIGNAR,,DENTRO_CANTON_FUERA_PLATAFORMAS_Y_PARROQUIAS_RURALES,
SC-2026-05986,-78.679057,-1.667231,2026-01-23,3,Libadores,RIOBAMBA,SIN_ASIGNAR,,DENTRO_CANTON_FUERA_PLATAFORMAS_Y_PARROQUIAS_RURALES,
SC-2026-06081,-78.671743,-1.67339,2026-01-26,3,Libadores,RIOBAMBA,SIN_ASIGNAR,,DENTRO_CANTON_FUERA_PLATAFORMAS_Y_PARROQUIAS_RURALES,
SC-2026-06089,-78.671743,-1.67339,2026-01-27,3,Libadores,RIOBAMBA,SIN_ASIGNAR,,DENTRO_CANTON_FUERA_PLATAFORMAS_Y_PARROQUIAS_RURALES,
SC-2026-06100,-78.678907,-1.665397,2026-01-28,3,Libadores,RIOBAMBA,SIN_ASIGNAR,,DENTRO_CANTON_FUERA_PLATAFORMAS_Y_PARROQUIAS_RURALES,
SC-2026-06146,-78.671743,-1.67339,2026-01-31,3,Libadores,RIOBAMBA,SIN_ASIGNAR,,DENTRO_CANTON_FUERA_PLATAFORMAS_Y_PARROQUIAS_RURALES,
SC-2026-06147,-78.669834,-1.671585,2026-01-31,3,Libadores,RIOBAMBA,SIN_ASIGNAR,,DENTRO_CANTON_FUERA_PLATAFORMAS_Y_PARROQUIAS_RURALES,
SC-2026-06193,-78.671743,-1.67339,2026-02-02,3,Libadores,RIOBAMBA,SIN_ASIGNAR,,DENTRO_CANTON_FUERA_PLATAFORMAS_Y_PARROQUIAS_RURALES,
SC-2026-06215,-78.671743,-1.67339,2026-02-04,3,Libadores,RIOBAMBA,SIN_ASIGNAR,,DENTRO_CANTON_FUERA_PLATAFORMAS_Y_PARROQUIAS_RURALES,
SC-2026-06272,-78.657168,-1.65626,2026-02-06,3,Libadores,RIOBAMBA,SIN_ASIGNAR,,DENTRO_CANTON_FUERA_PLATAFORMAS_Y_PARROQUIAS_RURALES,
SC-2026-06313,-78.671743,-1.67339,2026-02-08,3,Libadores,RIOBAMBA,SIN_ASIGNAR,,DENTRO_CANTON_FUERA_PLATAFORMAS_Y_PARROQUIAS_RURALES,
SC-2026-06316,-78.677641,-1.665472,2026-02-08,3,Libadores,RIOBAMBA,SIN_ASIGNAR,,DENTRO_CANTON_FUERA_PLATAFORMAS_Y_PARROQUIAS_RURALES,
SC-2026-06347,-78.660982,-1.648134,2026-02-09,3,Libadores,RIOBAMBA,SIN_ASIGNAR,,DENTRO_CANTON_FUERA_PLATAFORMAS_Y_PARROQUIAS_RURALES,
SC-2026-06355,-78.628782,-1.657907,2026-02-10,3,Libadores,RIOBAMBA,SIN_ASIGNAR,,DENTRO_CANTON_FUERA_PLATAFORMAS_Y_PARROQUIAS_RURALES,
SC-2026-06363,-78.625764,-1.690108,2026-02-11,3,Libadores,SAN LUIS,SIN_ASIGNAR,,DENTRO_CANTON_FUERA_PLATAFORMAS_Y_PARROQUIAS_RURALES,
SC-2026-06377,-78.660914,-1.648114,2026-02-12,3,Libadores,RIOBAMBA,SIN_ASIGNAR,,DENTRO_CANTON_FUERA_PLATAFORMAS_Y_PARROQUIAS_RURALES,
SC-2026-06378,-78.625764,-1.690108,2026-02-12,3,Libadores,SAN LUIS,SIN_ASIGNAR,,DENTRO_CANTON_FUERA_PLATAFORMAS_Y_PARROQUIAS_RURALES,
SC-2026-06627,-78.671743,-1.67339,2026-02-28,3,Libadores,RIOBAMBA,SIN_ASIGNAR,,DENTRO_CANTON_FUERA_PLATAFORMAS_Y_PARROQUIAS_RURALES,
SC-2026-06658,-78.62546,-1.681777,2026-03-01,3,Libadores,RIOBAMBA,SIN_ASIGNAR,,DENTRO_CANTON_FUERA_PLATAFORMAS_Y_PARROQUIAS_RURALES,
SC-2026-06685,-78.660985,-1.648149,2026-03-01,3,Libadores,RIOBAMBA,SIN_ASIGNAR,,DENTRO_CANTON_FUERA_PLATAFORMAS_Y_PARROQUIAS_RURALES,
SC-2026-06728,-78.660892,-1.648026,2026-03-04,3,Libadores,RIOBAMBA,SIN_ASIGNAR,,DENTRO_CANTON_FUERA_PLATAFORMAS_Y_PARROQUIAS_RURALES,
SC-2026-06747,-78.660937,-1.648194,2026-03-05,3,Libadores,RIOBAMBA,SIN_ASIGNAR,,DENTRO_CANTON_FUERA_PLATAFORMAS_Y_PARROQUIAS_RURALES,
SC-2026-06767,-78.627447,-1.655165,2026-03-06,3,Libadores,RIOBAMBA,SIN_ASIGNAR,,DENTRO_CANTON_FUERA_PLATAFORMAS_Y_PARROQUIAS_RURALES,
SC-2026-06783,-78.679057,-1.667231,2026-03-07,3,Libadores,RIOBAMBA,SIN_ASIGNAR,,DENTRO_CANTON_FUERA_PLATAFORMAS_Y_PARROQUIAS_RURALES,
SC-2026-06801,-78.660974,-1.648186,2026-03-07,3,Libadores,RIOBAMBA,SIN_ASIGNAR,,DENTRO_CANTON_FUERA_PLATAFORMAS_Y_PARROQUIAS_RURALES,
SC-2026-06802,-78.660985,-1.648149,2026-03-07,3,Libadores,RIOBAMBA,SIN_ASIGNAR,,DENTRO_CANTON_FUERA_PLATAFORMAS_Y_PARROQUIAS_RURALES,
SC-2026-06829,-78.63986,-1.692231,2026-03-08,3,Libadores,SAN LUIS,SIN_ASIGNAR,,DENTRO_CANTON_FUERA_PLATAFORMAS_Y_PARROQUIAS_RURALES,
SC-2026-06871,-78.658842,-1.652083,2026-03-11,3,Libadores,RIOBAMBA,SIN_ASIGNAR,,DENTRO_CANTON_FUERA_PLATAFORMAS_Y_PARROQUIAS_RURALES,
SC-2026-06931,-78.630887,-1.652877,2026-03-14,3,Libadores,RIOBAMBA,SIN_ASIGNAR,,DENTRO_CANTON_FUERA_PLATAFORMAS_Y_PARROQUIAS_RURALES,
SC-2026-06933,-78.660951,-1.648099,2026-03-14,3,Libadores,RIOBAMBA,SIN_ASIGNAR,,DENTRO_CANTON_FUERA_PLATAFORMAS_Y_PARROQUIAS_RURALES,
SC-2026-06934,-78.660822,-1.647981,2026-03-14,3,Libadores,RIOBAMBA,SIN_ASIGNAR,,DENTRO_CANTON_FUERA_PLATAFORMAS_Y_PARROQUIAS_RURALES,
SC-2026-06967,-78.659781,-1.68327,2026-03-16,3,Libadores,RIOBAMBA,SIN_ASIGNAR,,DENTRO_CANTON_FUERA_PLATAFORMAS_Y_PARROQUIAS_RURALES,
SC-2026-07029,-78.624583,-1.65154,2026-03-19,3,Libadores,RIOBAMBA,SIN_ASIGNAR,,DENTRO_CANTON_FUERA_PLATAFORMAS_Y_PARROQUIAS_RURALES,
SC-2026-07031,-78.660123,-1.647445,2026-03-19,3,Libadores,RIOBAMBA,SIN_ASIGNAR,,DENTRO_CANTON_FUERA_PLATAFORMAS_Y_PARROQUIAS_RURALES,
SC-2026-07050,-78.657168,-1.65626,2026-03-20,3,Libadores,RIOBAMBA,SIN_ASIGNAR,,DENTRO_CANTON_FUERA_PLATAFORMAS_Y_PARROQUIAS_RURALES,
SC-2026-07072,-78.671743,-1.67339,2026-03-22,3,Libadores,RIOBAMBA,SIN_ASIGNAR,,DENTRO_CANTON_FUERA_PLATAFORMAS_Y_PARROQUIAS_RURALES,
SC-2026-07093,-78.660965,-1.64819,2026-03-22,3,Libadores,RIOBAMBA,SIN_ASIGNAR,,DENTRO_CANTON_FUERA_PLATAFORMAS_Y_PARROQUIAS_RURALES,
SC-2026-07135,-78.627977,-1.653215,2026-03-25,3,Libadores,RIOBAMBA,SIN_ASIGNAR,,DENTRO_CANTON_FUERA_PLATAFORMAS_Y_PARROQUIAS_RURALES,
SC-2026-07144,-78.66095,-1.648175,2026-03-26,3,Libadores,RIOBAMBA,SIN_ASIGNAR,,DENTRO_CANTON_FUERA_PLATAFORMAS_Y_PARROQUIAS_RURALES,
SC-2026-07209,-78.626665,-1.65464,2026-03-29,3,Libadores,RIOBAMBA,SIN_ASIGNAR,,DENTRO_CANTON_FUERA_PLATAFORMAS_Y_PARROQUIAS_RURALES,
SC-2026-07284,-78.620613,-1.649426,2026-04-02,3,Libadores,RIOBAMBA,SIN_ASIGNAR,,DENTRO_CANTON_FUERA_PLATAFORMAS_Y_PARROQUIAS_RURALES,
SC-2026-07300,-78.627977,-1.653215,2026-04-03,3,Libadores,RIOBAMBA,SIN_ASIGNAR,,DENTRO_CANTON_FUERA_PLATAFORMAS_Y_PARROQUIAS_RURALES,
SC-2026-07306,-78.659781,-1.68327,2026-04-04,3,Libadores,RIOBAMBA,SIN_ASIGNAR,,DENTRO_CANTON_FUERA_PLATAFORMAS_Y_PARROQUIAS_RURALES,
SC-2026-07322,-78.65638,-1.685296,2026-04-05,3,Libadores,RIOBAMBA,SIN_ASIGNAR,,DENTRO_CANTON_FUERA_PLATAFORMAS_Y_PARROQUIAS_RURALES,
SC-2026-07337,-78.629905,-1.65852,2026-04-05,3,Libadores,RIOBAMBA,SIN_ASIGNAR,,DENTRO_CANTON_FUERA_PLATAFORMAS_Y_PARROQUIAS_RURALES,
SC-2026-07405,-78.671743,-1.67339,2026-04-10,3,Libadores,RIOBAMBA,SIN_ASIGNAR,,DENTRO_CANTON_FUERA_PLATAFORMAS_Y_PARROQUIAS_RURALES,
SC-2026-07441,-78.660917,-1.648033,2026-04-11,3,Libadores,RIOBAMBA,SIN_ASIGNAR,,DENTRO_CANTON_FUERA_PLATAFORMAS_Y_PARROQUIAS_RURALES,
SC-2026-07471,-78.679057,-1.667231,2026-04-12,3,Libadores,RIOBAMBA,SIN_ASIGNAR,,DENTRO_CANTON_FUERA_PLATAFORMAS_Y_PARROQUIAS_RURALES,
SC-2026-07495,-78.66095,-1.64809,2026-04-12,3,Libadores,RIOBAMBA,SIN_ASIGNAR,,DENTRO_CANTON_FUERA_PLATAFORMAS_Y_PARROQUIAS_RURALES,
SC-2026-07499,-78.625764,-1.690108,2026-04-12,3,Libadores,SAN LUIS,SIN_ASIGNAR,,DENTRO_CANTON_FUERA_PLATAFORMAS_Y_PARROQUIAS_RURALES,
SC-2026-07534,-78.630887,-1.652877,2026-04-14,3,Libadores,RIOBAMBA,SIN_ASIGNAR,,DENTRO_CANTON_FUERA_PLATAFORMAS_Y_PARROQUIAS_RURALES,
SC-2026-07571,-78.667838,-1.685847,2026-04-17,3,Libadores,RIOBAMBA,SIN_ASIGNAR,,DENTRO_CANTON_FUERA_PLATAFORMAS_Y_PARROQUIAS_RURALES,
SC-2026-07692,-78.666613,-1.680039,2026-04-23,3,Libadores,RIOBAMBA,SIN_ASIGNAR,,DENTRO_CANTON_FUERA_PLATAFORMAS_Y_PARROQUIAS_RURALES,
SC-2026-07785,-78.660972,-1.648205,2026-04-26,3,Libadores,RIOBAMBA,SIN_ASIGNAR,,DENTRO_CANTON_FUERA_PLATAFORMAS_Y_PARROQUIAS_RURALES,
SC-2026-07896,-78.664471,-1.66072,2026-05-02,3,Libadores,RIOBAMBA,SIN_ASIGNAR,,DENTRO_CANTON_FUERA_PLATAFORMAS_Y_PARROQUIAS_RURALES,
SC-2026-08019,-78.660985,-1.648149,2026-05-08,3,Libadores,RIOBAMBA,SIN_ASIGNAR,,DENTRO_CANTON_FUERA_PLATAFORMAS_Y_PARROQUIAS_RURALES,
SC-2026-08166,-78.666613,-1.680039,2026-05-16,3,Libadores,RIOBAMBA,SIN_ASIGNAR,,DENTRO_CANTON_FUERA_PLATAFORMAS_Y_PARROQUIAS_RURALES,
SC-2026-08182,-78.657168,-1.65626,2026-05-16,3,Libadores,RIOBAMBA,SIN_ASIGNAR,,DENTRO_CANTON_FUERA_PLATAFORMAS_Y_PARROQUIAS_RURALES,
SC-2026-08189,-78.660953,-1.648207,2026-05-16,3,Libadores,RIOBAMBA,SIN_ASIGNAR,,DENTRO_CANTON_FUERA_PLATAFORMAS_Y_PARROQUIAS_RURALES,
SC-2026-08226,-78.630887,-1.652877,2026-05-17,3,Libadores,RIOBAMBA,SIN_ASIGNAR,,DENTRO_CANTON_FUERA_PLATAFORMAS_Y_PARROQUIAS_RURALES,
SC-2026-08257,-78.671743,-1.67339,2026-05-19,3,Libadores,RIOBAMBA,SIN_ASIGNAR,,DENTRO_CANTON_FUERA_PLATAFORMAS_Y_PARROQUIAS_RURALES,
SC-2026-08273,-78.671743,-1.67339,2026-05-20,3,Libadores,RIOBAMBA,SIN_ASIGNAR,,DENTRO_CANTON_FUERA_PLATAFORMAS_Y_PARROQUIAS_RURALES,
SC-2026-08337,-78.625764,-1.690108,2026-05-23,3,Libadores,SAN LUIS,SIN_ASIGNAR,,DENTRO_CANTON_FUERA_PLATAFORMAS_Y_PARROQUIAS_RURALES,
SC-2026-08369,-78.652301,-1.655917,2026-05-24,3,Libadores,RIOBAMBA,SIN_ASIGNAR,,DENTRO_CANTON_FUERA_PLATAFORMAS_Y_PARROQUIAS_RURALES,
SC-2026-08371,-78.660507,-1.649138,2026-05-24,3,Libadores,RIOBAMBA,SIN_ASIGNAR,,DENTRO_CANTON_FUERA_PLATAFORMAS_Y_PARROQUIAS_RURALES,
SC-2026-08373,-78.63986,-1.692231,2026-05-24,3,Libadores,SAN LUIS,SIN_ASIGNAR,,DENTRO_CANTON_FUERA_PLATAFORMAS_Y_PARROQUIAS_RURALES,
SC-2026-08410,-78.660984,-1.648126,2026-05-26,3,Libadores,RIOBAMBA,SIN_ASIGNAR,,DENTRO_CANTON_FUERA_PLATAFORMAS_Y_PARROQUIAS_RURALES,
SC-2026-08427,-78.625764,-1.690108,2026-05-27,3,Libadores,SAN LUIS,SIN_ASIGNAR,,DENTRO_CANTON_FUERA_PLATAFORMAS_Y_PARROQUIAS_RURALES,
SC-2026-08446,-78.625764,-1.690108,2026-05-28,3,Libadores,SAN LUIS,SIN_ASIGNAR,,DENTRO_CANTON_FUERA_PLATAFORMAS_Y_PARROQUIAS_RURALES,
SC-2026-08465,-78.660985,-1.648149,2026-05-29,3,Libadores,RIOBAMBA,SIN_ASIGNAR,,DENTRO_CANTON_FUERA_PLATAFORMAS_Y_PARROQUIAS_RURALES,
SC-2026-08487,-78.625764,-1.690108,2026-05-30,3,Libadores,SAN LUIS,SIN_ASIGNAR,,DENTRO_CANTON_FUERA_PLATAFORMAS_Y_PARROQUIAS_RURALES,
SC-2026-08498,-78.701925,-1.674269,2026-05-31,3,Libadores,RIOBAMBA,SIN_ASIGNAR,,DENTRO_CANTON_FUERA_PLATAFORMAS_Y_PARROQUIAS_RURALES,
SC-2026-08501,-78.629153,-1.667675,2026-05-31,3,Libadores,RIOBAMBA,SIN_ASIGNAR,,DENTRO_CANTON_FUERA_PLATAFORMAS_Y_PARROQUIAS_RURALES,
SC-2026-08548,-78.68,-1.664983,2026-06-03,3,Libadores,RIOBAMBA,SIN_ASIGNAR,,DENTRO_CANTON_FUERA_PLATAFORMAS_Y_PARROQUIAS_RURALES,
SC-2026-08568,-78.671743,-1.67339,2026-06-04,3,Libadores,RIOBAMBA,SIN_ASIGNAR,,DENTRO_CANTON_FUERA_PLATAFORMAS_Y_PARROQUIAS_RURALES,
SC-2026-08672,-78.671743,-1.67339,2026-06-08,3,Libadores,RIOBAMBA,SIN_ASIGNAR,,DENTRO_CANTON_FUERA_PLATAFORMAS_Y_PARROQUIAS_RURALES,
SC-2026-08693,-78.679057,-1.667231,2026-06-09,3,Libadores,RIOBAMBA,SIN_ASIGNAR,,DENTRO_CANTON_FUERA_PLATAFORMAS_Y_PARROQUIAS_RURALES,
SC-2026-08760,-78.630887,-1.652877,2026-06-12,3,Libadores,RIOBAMBA,SIN_ASIGNAR,,DENTRO_CANTON_FUERA_PLATAFORMAS_Y_PARROQUIAS_RURALES,
SC-2026-08848,-78.661077,-1.647677,2026-06-16,3,Libadores,RIOBAMBA,SIN_ASIGNAR,,DENTRO_CANTON_FUERA_PLATAFORMAS_Y_PARROQUIAS_RURALES,
SC-2026-08931,-78.671743,-1.67339,2026-06-21,3,Libadores,RIOBAMBA,SIN_ASIGNAR,,DENTRO_CANTON_FUERA_PLATAFORMAS_Y_PARROQUIAS_RURALES,
SC-2026-08948,-78.628782,-1.657907,2026-06-21,3,Libadores,RIOBAMBA,SIN_ASIGNAR,,DENTRO_CANTON_FUERA_PLATAFORMAS_Y_PARROQUIAS_RURALES,
SC-2026-08960,-78.661443,-1.646652,2026-06-21,3,Libadores,RIOBAMBA,SIN_ASIGNAR,,DENTRO_CANTON_FUERA_PLATAFORMAS_Y_PARROQUIAS_RURALES,
SC-2026-08978,-78.628782,-1.657907,2026-06-22,3,Libadores,RIOBAMBA,SIN_ASIGNAR,,DENTRO_CANTON_FUERA_PLATAFORMAS_Y_PARROQUIAS_RURALES,
SC-2026-09024,-78.66095,-1.648079,2026-06-25,3,Libadores,RIOBAMBA,SIN_ASIGNAR,,DENTRO_CANTON_FUERA_PLATAFORMAS_Y_PARROQUIAS_RURALES,
SC-2026-09030,-78.627743,-1.672875,2026-06-26,3,Libadores,RIOBAMBA,SIN_ASIGNAR,,DENTRO_CANTON_FUERA_PLATAFORMAS_Y_PARROQUIAS_RURALES,
SC-2026-09076,-78.679057,-1.667231,2026-06-28,3,Libadores,RIOBAMBA,SIN_ASIGNAR,,DENTRO_CANTON_FUERA_PLATAFORMAS_Y_PARROQUIAS_RURALES,
SC-2026-09087,-78.630887,-1.652877,2026-06-28,3,Libadores,RIOBAMBA,SIN_ASIGNAR,,DENTRO_CANTON_FUERA_PLATAFORMAS_Y_PARROQUIAS_RURALES,
SC-2026-09246,-78.628376,-1.653832,2026-07-09,3,Libadores,RIOBAMBA,SIN_ASIGNAR,,DENTRO_CANTON_FUERA_PLATAFORMAS_Y_PARROQUIAS_RURALES,
SC-2026-09288,-78.660913,-1.647982,2026-07-11,3,Libadores,RIOBAMBA,SIN_ASIGNAR,,DENTRO_CANTON_FUERA_PLATAFORMAS_Y_PARROQUIAS_RURALES,
SC-2026-09322,-78.63696,-1.644054,2026-07-12,3,Libadores,RIOBAMBA,SIN_ASIGNAR,,DENTRO_CANTON_FUERA_PLATAFORMAS_Y_PARROQUIAS_RURALES,
SC-2026-09328,-78.679057,-1.667231,2026-07-13,3,Libadores,RIOBAMBA,SIN_ASIGNAR,,DENTRO_CANTON_FUERA_PLATAFORMAS_Y_PARROQUIAS_RURALES,
SC-2026-09383,-78.660968,-1.648128,2026-07-16,3,Libadores,RIOBAMBA,SIN_ASIGNAR,,DENTRO_CANTON_FUERA_PLATAFORMAS_Y_PARROQUIAS_RURALES,
SC-2026-09431,-78.667838,-1.685847,2026-07-19,3,Libadores,RIOBAMBA,SIN_ASIGNAR,,DENTRO_CANTON_FUERA_PLATAFORMAS_Y_PARROQUIAS_RURALES,
SC-2026-09436,-78.671743,-1.67339,2026-07-19,3,Libadores,RIOBAMBA,SIN_ASIGNAR,,DENTRO_CANTON_FUERA_PLATAFORMAS_Y_PARROQUIAS_RURALES,
SC-2026-09448,-78.630878,-1.656645,2026-07-19,3,Libadores,RIOBAMBA,SIN_ASIGNAR,,DENTRO_CANTON_FUERA_PLATAFORMAS_Y_PARROQUIAS_RURALES,
SC-2026-09482,-78.625764,-1.690108,2026-07-21,3,Libadores,SAN LUIS,SIN_ASIGNAR,,DENTRO_CANTON_FUERA_PLATAFORMAS_Y_PARROQUIAS_RURALES,
SC-2026-09534,-78.677173,-1.632827,2026-07-24,3,Libadores,RIOBAMBA,SIN_ASIGNAR,,FUERA_DEL_CANTON,
SC-2026-09679,-78.657168,-1.65626,2026-08-01,3,Libadores,RIOBAMBA,SIN_ASIGNAR,,DENTRO_CANTON_FUERA_PLATAFORMAS_Y_PARROQUIAS_RURALES,
SC-2026-09761,-78.667838,-1.685847,2026-08-08,3,Libadores,RIOBAMBA,SIN_ASIGNAR,,DENTRO_CANTON_FUERA_PLATAFORMAS_Y_PARROQUIAS_RURALES,
SC-2026-09801,-78.623136,-1.650312,2026-08-09,3,Libadores,RIOBAMBA,SIN_ASIGNAR,,DENTRO_CANTON_FUERA_PLATAFORMAS_Y_PARROQUIAS_RURALES,
SC-2026-09846,-78.660982,-1.648145,2026-08-13,3,Libadores,RIOBAMBA,SIN_ASIGNAR,,DENTRO_CANTON_FUERA_PLATAFORMAS_Y_PARROQUIAS_RURALES,
SC-2026-09852,-78.671743,-1.67339,2026-08-14,3,Libadores,RIOBAMBA,SIN_ASIGNAR,,DENTRO_CANTON_FUERA_PLATAFORMAS_Y_PARROQUIAS_RURALES,
SC-2026-09856,-78.628782,-1.657907,2026-08-14,3,Libadores,RIOBAMBA,SIN_ASIGNAR,,DENTRO_CANTON_FUERA_PLATAFORMAS_Y_PARROQUIAS_RURALES,
SC-2026-09882,-78.628782,-1.657907,2026-08-15,3,Libadores,RIOBAMBA,SIN_ASIGNAR,,DENTRO_CANTON_FUERA_PLATAFORMAS_Y_PARROQUIAS_RURALES,
SC-2026-10022,-78.660435,-1.647661,2026-08-23,3,Libadores,RIOBAMBA,SIN_ASIGNAR,,DENTRO_CANTON_FUERA_PLATAFORMAS_Y_PARROQUIAS_RURALES,
SC-2026-10104,-78.632597,-1.659969,2026-08-29,3,Libadores,RIOBAMBA,SIN_ASIGNAR,,DENTRO_CANTON_FUERA_PLATAFORMAS_Y_PARROQUIAS_RURALES,
SC-2026-10169,-78.659781,-1.68327,2026-07-27,5,Maltrato o muerte de mascotas o animales de compañía,RIOBAMBA,SIN_ASIGNAR,,DENTRO_CANTON_FUERA_PLATAFORMAS_Y_PARROQUIAS_RURALES,
SC-2026-10172,-78.684783,-1.684993,2026-01-01,5,Muerte indeterminada,RIOBAMBA,SIN_ASIGNAR,,DENTRO_CANTON_FUERA_PLATAFORMAS_Y_PARROQUIAS_RURALES,
SC-2026-10230,-78.671743,-1.67339,2026-05-29,5,Muerte natural,RIOBAMBA,SIN_ASIGNAR,,DENTRO_CANTON_FUERA_PLATAFORMAS_Y_PARROQUIAS_RURALES,
SC-2026-10257,-78.628782,-1.657907,2026-01-07,4,Orden de incautación/embargo,RIOBAMBA,SIN_ASIGNAR,,DENTRO_CANTON_FUERA_PLATAFORMAS_Y_PARROQUIAS_RURALES,
SC-2026-10262,-78.671743,-1.67339,2026-01-21,4,Orden de incautación/embargo,RIOBAMBA,SIN_ASIGNAR,,DENTRO_CANTON_FUERA_PLATAFORMAS_Y_PARROQUIAS_RURALES,
SC-2026-10289,-78.654087,-1.690528,2026-06-05,4,Orden de incautación/embargo,RIOBAMBA,SIN_ASIGNAR,,DENTRO_CANTON_FUERA_PLATAFORMAS_Y_PARROQUIAS_RURALES,
SC-2026-10296,-78.671743,-1.67339,2026-07-07,4,Orden de incautación/embargo,RIOBAMBA,SIN_ASIGNAR,,DENTRO_CANTON_FUERA_PLATAFORMAS_Y_PARROQUIAS_RURALES,
SC-2026-10318,-78.630076,-1.65728,2026-02-05,4,Organismos de tránsito,RIOBAMBA,SIN_ASIGNAR,,DENTRO_CANTON_FUERA_PLATAFORMAS_Y_PARROQUIAS_RURALES,
SC-2026-10322,-78.668954,-1.6877,2026-06-12,4,Organismos de tránsito,RIOBAMBA,SIN_ASIGNAR,,DENTRO_CANTON_FUERA_PLATAFORMAS_Y_PARROQUIAS_RURALES,
SC-2026-10324,-78.664471,-1.66072,2026-06-22,4,Organismos de tránsito,RIOBAMBA,SIN_ASIGNAR,,DENTRO_CANTON_FUERA_PLATAFORMAS_Y_PARROQUIAS_RURALES,
SC-2026-10398,-78.679057,-1.667231,2026-01-01,4,Patrullaje policial en el sector solicitado,RIOBAMBA,SIN_ASIGNAR,,DENTRO_CANTON_FUERA_PLATAFORMAS_Y_PARROQUIAS_RURALES,
SC-2026-10408,-78.64928,-1.662909,2026-01-01,4,Patrullaje policial en el sector solicitado,RIOBAMBA,SIN_ASIGNAR,,DENTRO_CANTON_FUERA_PLATAFORMAS_Y_PARROQUIAS_RURALES,
SC-2026-10424,-78.630887,-1.652877,2026-01-01,4,Patrullaje policial en el sector solicitado,RIOBAMBA,SIN_ASIGNAR,,DENTRO_CANTON_FUERA_PLATAFORMAS_Y_PARROQUIAS_RURALES,
SC-2026-10494,-78.664471,-1.66072,2026-01-03,4,Patrullaje policial en el sector solicitado,RIOBAMBA,SIN_ASIGNAR,,DENTRO_CANTON_FUERA_PLATAFORMAS_Y_PARROQUIAS_RURALES,
SC-2026-10527,-78.628782,-1.657907,2026-01-04,4,Patrullaje policial en el sector solicitado,RIOBAMBA,SIN_ASIGNAR,,DENTRO_CANTON_FUERA_PLATAFORMAS_Y_PARROQUIAS_RURALES,
SC-2026-10528,-78.631392,-1.656868,2026-01-04,4,Patrullaje policial en el sector solicitado,RIOBAMBA,SIN_ASIGNAR,,DENTRO_CANTON_FUERA_PLATAFORMAS_Y_PARROQUIAS_RURALES,
SC-2026-10540,-78.645064,-1.691315,2026-01-05,4,Patrullaje policial en el sector solicitado,RIOBAMBA,SIN_ASIGNAR,,DENTRO_CANTON_FUERA_PLATAFORMAS_Y_PARROQUIAS_RURALES,
SC-2026-10562,-78.615573,-1.666663,2026-01-05,4,Patrullaje policial en el sector solicitado,RIOBAMBA,SIN_ASIGNAR,,DENTRO_CANTON_FUERA_PLATAFORMAS_Y_PARROQUIAS_RURALES,
SC-2026-10589,-78.645064,-1.691315,2026-01-06,4,Patrullaje policial en el sector solicitado,RIOBAMBA,SIN_ASIGNAR,,DENTRO_CANTON_FUERA_PLATAFORMAS_Y_PARROQUIAS_RURALES,
SC-2026-10590,-78.621392,-1.681971,2026-01-06,4,Patrullaje policial en el sector solicitado,RIOBAMBA,SIN_ASIGNAR,,DENTRO_CANTON_FUERA_PLATAFORMAS_Y_PARROQUIAS_RURALES,
SC-2026-10594,-78.667494,-1.678207,2026-01-06,4,Patrullaje policial en el sector solicitado,RIOBAMBA,SIN_ASIGNAR,,DENTRO_CANTON_FUERA_PLATAFORMAS_Y_PARROQUIAS_RURALES,
SC-2026-10617,-78.650113,-1.662399,2026-01-06,4,Patrullaje policial en el sector solicitado,RIOBAMBA,SIN_ASIGNAR,,DENTRO_CANTON_FUERA_PLATAFORMAS_Y_PARROQUIAS_RURALES,
SC-2026-10679,-78.627977,-1.653215,2026-01-07,4,Patrullaje policial en el sector solicitado,RIOBAMBA,SIN_ASIGNAR,,DENTRO_CANTON_FUERA_PLATAFORMAS_Y_PARROQUIAS_RURALES,
SC-2026-10695,-78.659781,-1.68327,2026-01-08,4,Patrullaje policial en el sector solicitado,RIOBAMBA,SIN_ASIGNAR,,DENTRO_CANTON_FUERA_PLATAFORMAS_Y_PARROQUIAS_RURALES,
SC-2026-10704,-78.671743,-1.67339,2026-01-08,4,Patrullaje policial en el sector solicitado,RIOBAMBA,SIN_ASIGNAR,,DENTRO_CANTON_FUERA_PLATAFORMAS_Y_PARROQUIAS_RURALES,
SC-2026-10710,-78.677491,-1.666019,2026-01-08,4,Patrullaje policial en el sector solicitado,RIOBAMBA,SIN_ASIGNAR,,DENTRO_CANTON_FUERA_PLATAFORMAS_Y_PARROQUIAS_RURALES,
SC-2026-10722,-78.657168,-1.65626,2026-01-08,4,Patrullaje policial en el sector solicitado,RIOBAMBA,SIN_ASIGNAR,,DENTRO_CANTON_FUERA_PLATAFORMAS_Y_PARROQUIAS_RURALES,
SC-2026-10730,-78.641175,-1.645943,2026-01-08,4,Patrullaje policial en el sector solicitado,RIOBAMBA,SIN_ASIGNAR,,DENTRO_CANTON_FUERA_PLATAFORMAS_Y_PARROQUIAS_RURALES,
SC-2026-10819,-78.671743,-1.67339,2026-01-10,4,Patrullaje policial en el sector solicitado,RIOBAMBA,SIN_ASIGNAR,,DENTRO_CANTON_FUERA_PLATAFORMAS_Y_PARROQUIAS_RURALES,
SC-2026-10876,-78.683152,-1.680337,2026-01-11,4,Patrullaje policial en el sector solicitado,RIOBAMBA,SIN_ASIGNAR,,DENTRO_CANTON_FUERA_PLATAFORMAS_Y_PARROQUIAS_RURALES,
SC-2026-10896,-78.628782,-1.657907,2026-01-11,4,Patrullaje policial en el sector solicitado,RIOBAMBA,SIN_ASIGNAR,,DENTRO_CANTON_FUERA_PLATAFORMAS_Y_PARROQUIAS_RURALES,
SC-2026-10899,-78.634268,-1.6564,2026-01-11,4,Patrullaje policial en el sector solicitado,RIOBAMBA,SIN_ASIGNAR,,DENTRO_CANTON_FUERA_PLATAFORMAS_Y_PARROQUIAS_RURALES,
SC-2026-10913,-78.624338,-1.689436,2026-01-12,4,Patrullaje policial en el sector solicitado,RIOBAMBA,SIN_ASIGNAR,,DENTRO_CANTON_FUERA_PLATAFORMAS_Y_PARROQUIAS_RURALES,
SC-2026-10924,-78.68126,-1.679256,2026-01-12,4,Patrullaje policial en el sector solicitado,RIOBAMBA,SIN_ASIGNAR,,DENTRO_CANTON_FUERA_PLATAFORMAS_Y_PARROQUIAS_RURALES,
SC-2026-10956,-78.657168,-1.65626,2026-01-12,4,Patrullaje policial en el sector solicitado,RIOBAMBA,SIN_ASIGNAR,,DENTRO_CANTON_FUERA_PLATAFORMAS_Y_PARROQUIAS_RURALES,
SC-2026-10976,-78.685062,-1.686034,2026-01-13,4,Patrullaje policial en el sector solicitado,RIOBAMBA,SIN_ASIGNAR,,DENTRO_CANTON_FUERA_PLATAFORMAS_Y_PARROQUIAS_RURALES,
SC-2026-10986,-78.679057,-1.667231,2026-01-13,4,Patrullaje policial en el sector solicitado,RIOBAMBA,SIN_ASIGNAR,,DENTRO_CANTON_FUERA_PLATAFORMAS_Y_PARROQUIAS_RURALES,
SC-2026-11060,-78.639409,-1.691719,2026-01-15,4,Patrullaje policial en el sector solicitado,RIOBAMBA,SIN_ASIGNAR,,DENTRO_CANTON_FUERA_PLATAFORMAS_Y_PARROQUIAS_RURALES,
SC-2026-11090,-78.682644,-1.678518,2026-01-16,4,Patrullaje policial en el sector solicitado,RIOBAMBA,SIN_ASIGNAR,,DENTRO_CANTON_FUERA_PLATAFORMAS_Y_PARROQUIAS_RURALES,
SC-2026-11121,-78.63986,-1.692231,2026-01-16,4,Patrullaje policial en el sector solicitado,SAN LUIS,SIN_ASIGNAR,,DENTRO_CANTON_FUERA_PLATAFORMAS_Y_PARROQUIAS_RURALES,
SC-2026-11134,-78.684131,-1.679903,2026-01-17,4,Patrullaje policial en el sector solicitado,RIOBAMBA,SIN_ASIGNAR,,DENTRO_CANTON_FUERA_PLATAFORMAS_Y_PARROQUIAS_RURALES,
SC-2026-11171,-78.630887,-1.652877,2026-01-17,4,Patrullaje policial en el sector solicitado,RIOBAMBA,SIN_ASIGNAR,,DENTRO_CANTON_FUERA_PLATAFORMAS_Y_PARROQUIAS_RURALES,
SC-2026-11173,-78.624809,-1.651801,2026-01-17,4,Patrullaje policial en el sector solicitado,RIOBAMBA,SIN_ASIGNAR,,DENTRO_CANTON_FUERA_PLATAFORMAS_Y_PARROQUIAS_RURALES,
SC-2026-11181,-78.63986,-1.692231,2026-01-17,4,Patrullaje policial en el sector solicitado,SAN LUIS,SIN_ASIGNAR,,DENTRO_CANTON_FUERA_PLATAFORMAS_Y_PARROQUIAS_RURALES,
SC-2026-11232,-78.627977,-1.653215,2026-01-18,4,Patrullaje policial en el sector solicitado,RIOBAMBA,SIN_ASIGNAR,,DENTRO_CANTON_FUERA_PLATAFORMAS_Y_PARROQUIAS_RURALES,
SC-2026-11290,-78.666613,-1.680039,2026-01-20,4,Patrullaje policial en el sector solicitado,RIOBAMBA,SIN_ASIGNAR,,DENTRO_CANTON_FUERA_PLATAFORMAS_Y_PARROQUIAS_RURALES,
SC-2026-11321,-78.64928,-1.662909,2026-01-20,4,Patrullaje policial en el sector solicitado,RIOBAMBA,SIN_ASIGNAR,,DENTRO_CANTON_FUERA_PLATAFORMAS_Y_PARROQUIAS_RURALES,
SC-2026-11325,-78.687923,-1.661581,2026-01-20,4,Patrullaje policial en el sector solicitado,RIOBAMBA,SIN_ASIGNAR,,DENTRO_CANTON_FUERA_PLATAFORMAS_Y_PARROQUIAS_RURALES,
SC-2026-11358,-78.615517,-1.671498,2026-01-21,4,Patrullaje policial en el sector solicitado,RIOBAMBA,SIN_ASIGNAR,,DENTRO_CANTON_FUERA_PLATAFORMAS_Y_PARROQUIAS_RURALES,
SC-2026-11424,-78.703056,-1.751465,2026-01-23,4,Patrullaje policial en el sector solicitado,PUNIN,SIN_ASIGNAR,,FUERA_DEL_CANTON,
SC-2026-11512,-78.626238,-1.665465,2026-01-24,4,Patrullaje policial en el sector solicitado,RIOBAMBA,SIN_ASIGNAR,,DENTRO_CANTON_FUERA_PLATAFORMAS_Y_PARROQUIAS_RURALES,
SC-2026-11526,-78.627587,-1.654501,2026-01-24,4,Patrullaje policial en el sector solicitado,RIOBAMBA,SIN_ASIGNAR,,DENTRO_CANTON_FUERA_PLATAFORMAS_Y_PARROQUIAS_RURALES,
SC-2026-11534,-78.615625,-1.648193,2026-01-25,4,Patrullaje policial en el sector solicitado,CUBIJIES,SIN_ASIGNAR,,FUERA_DEL_CANTON,
SC-2026-11538,-78.68405,-1.683844,2026-01-25,4,Patrullaje policial en el sector solicitado,RIOBAMBA,SIN_ASIGNAR,,DENTRO_CANTON_FUERA_PLATAFORMAS_Y_PARROQUIAS_RURALES,
SC-2026-11575,-78.625828,-1.653514,2026-01-25,4,Patrullaje policial en el sector solicitado,RIOBAMBA,SIN_ASIGNAR,,DENTRO_CANTON_FUERA_PLATAFORMAS_Y_PARROQUIAS_RURALES,
SC-2026-11576,-78.630887,-1.652877,2026-01-25,4,Patrullaje policial en el sector solicitado,RIOBAMBA,SIN_ASIGNAR,,DENTRO_CANTON_FUERA_PLATAFORMAS_Y_PARROQUIAS_RURALES,
SC-2026-11579,-78.870029,-1.486536,2026-01-25,4,Patrullaje policial en el sector solicitado,SAN JUAN,SIN_ASIGNAR,,FUERA_DEL_CANTON,
SC-2026-11597,-78.671743,-1.67339,2026-01-26,4,Patrullaje policial en el sector solicitado,RIOBAMBA,SIN_ASIGNAR,,DENTRO_CANTON_FUERA_PLATAFORMAS_Y_PARROQUIAS_RURALES,
SC-2026-11617,-78.664471,-1.66072,2026-01-26,4,Patrullaje policial en el sector solicitado,RIOBAMBA,SIN_ASIGNAR,,DENTRO_CANTON_FUERA_PLATAFORMAS_Y_PARROQUIAS_RURALES,
SC-2026-11625,-78.657939,-1.651728,2026-01-26,4,Patrullaje policial en el sector solicitado,RIOBAMBA,SIN_ASIGNAR,,DENTRO_CANTON_FUERA_PLATAFORMAS_Y_PARROQUIAS_RURALES,
SC-2026-11642,-78.671743,-1.67339,2026-01-27,4,Patrullaje policial en el sector solicitado,RIOBAMBA,SIN_ASIGNAR,,DENTRO_CANTON_FUERA_PLATAFORMAS_Y_PARROQUIAS_RURALES,
SC-2026-11795,-78.671743,-1.67339,2026-01-30,4,Patrullaje policial en el sector solicitado,RIOBAMBA,SIN_ASIGNAR,,DENTRO_CANTON_FUERA_PLATAFORMAS_Y_PARROQUIAS_RURALES,
SC-2026-11830,-78.628782,-1.657907,2026-01-30,4,Patrullaje policial en el sector solicitado,RIOBAMBA,SIN_ASIGNAR,,DENTRO_CANTON_FUERA_PLATAFORMAS_Y_PARROQUIAS_RURALES,
SC-2026-11859,-78.62851,-1.674808,2026-01-31,4,Patrullaje policial en el sector solicitado,RIOBAMBA,SIN_ASIGNAR,,DENTRO_CANTON_FUERA_PLATAFORMAS_Y_PARROQUIAS_RURALES,
SC-2026-11869,-78.669534,-1.672121,2026-01-31,4,Patrullaje policial en el sector solicitado,RIOBAMBA,SIN_ASIGNAR,,DENTRO_CANTON_FUERA_PLATAFORMAS_Y_PARROQUIAS_RURALES,
SC-2026-11873,-78.667929,-1.671463,2026-01-31,4,Patrullaje policial en el sector solicitado,RIOBAMBA,SIN_ASIGNAR,,DENTRO_CANTON_FUERA_PLATAFORMAS_Y_PARROQUIAS_RURALES,
SC-2026-11899,-78.627587,-1.654501,2026-01-31,4,Patrullaje policial en el sector solicitado,RIOBAMBA,SIN_ASIGNAR,,DENTRO_CANTON_FUERA_PLATAFORMAS_Y_PARROQUIAS_RURALES,
SC-2026-11921,-78.628383,-1.66947,2026-02-01,4,Patrullaje policial en el sector solicitado,RIOBAMBA,SIN_ASIGNAR,,DENTRO_CANTON_FUERA_PLATAFORMAS_Y_PARROQUIAS_RURALES,
SC-2026-11940,-78.657168,-1.65626,2026-02-01,4,Patrullaje policial en el sector solicitado,RIOBAMBA,SIN_ASIGNAR,,DENTRO_CANTON_FUERA_PLATAFORMAS_Y_PARROQUIAS_RURALES,
SC-2026-11966,-78.615517,-1.671498,2026-02-02,4,Patrullaje policial en el sector solicitado,RIOBAMBA,SIN_ASIGNAR,,DENTRO_CANTON_FUERA_PLATAFORMAS_Y_PARROQUIAS_RURALES,
SC-2026-12034,-78.657168,-1.65626,2026-02-03,4,Patrullaje policial en el sector solicitado,RIOBAMBA,SIN_ASIGNAR,,DENTRO_CANTON_FUERA_PLATAFORMAS_Y_PARROQUIAS_RURALES,
SC-2026-12058,-78.671743,-1.67339,2026-02-04,4,Patrullaje policial en el sector solicitado,RIOBAMBA,SIN_ASIGNAR,,DENTRO_CANTON_FUERA_PLATAFORMAS_Y_PARROQUIAS_RURALES,
SC-2026-12129,-78.657697,-1.654767,2026-02-05,4,Patrullaje policial en el sector solicitado,RIOBAMBA,SIN_ASIGNAR,,DENTRO_CANTON_FUERA_PLATAFORMAS_Y_PARROQUIAS_RURALES,
SC-2026-12134,-78.63696,-1.644054,2026-02-05,4,Patrullaje policial en el sector solicitado,RIOBAMBA,SIN_ASIGNAR,,DENTRO_CANTON_FUERA_PLATAFORMAS_Y_PARROQUIAS_RURALES,
SC-2026-12151,-78.622492,-1.676715,2026-02-06,4,Patrullaje policial en el sector solicitado,RIOBAMBA,SIN_ASIGNAR,,DENTRO_CANTON_FUERA_PLATAFORMAS_Y_PARROQUIAS_RURALES,
SC-2026-12182,-78.628782,-1.657907,2026-02-06,4,Patrullaje policial en el sector solicitado,RIOBAMBA,SIN_ASIGNAR,,DENTRO_CANTON_FUERA_PLATAFORMAS_Y_PARROQUIAS_RURALES,
SC-2026-12185,-78.657168,-1.65626,2026-02-06,4,Patrullaje policial en el sector solicitado,RIOBAMBA,SIN_ASIGNAR,,DENTRO_CANTON_FUERA_PLATAFORMAS_Y_PARROQUIAS_RURALES,
SC-2026-12286,-78.627587,-1.654501,2026-02-08,4,Patrullaje policial en el sector solicitado,RIOBAMBA,SIN_ASIGNAR,,DENTRO_CANTON_FUERA_PLATAFORMAS_Y_PARROQUIAS_RURALES,
SC-2026-12362,-78.679057,-1.667231,2026-02-10,4,Patrullaje policial en el sector solicitado,RIOBAMBA,SIN_ASIGNAR,,DENTRO_CANTON_FUERA_PLATAFORMAS_Y_PARROQUIAS_RURALES,
SC-2026-12375,-78.628782,-1.657907,2026-02-10,4,Patrullaje policial en el sector solicitado,RIOBAMBA,SIN_ASIGNAR,,DENTRO_CANTON_FUERA_PLATAFORMAS_Y_PARROQUIAS_RURALES,
SC-2026-12381,-78.639386,-1.64222,2026-02-10,4,Patrullaje policial en el sector solicitado,RIOBAMBA,SIN_ASIGNAR,,DENTRO_CANTON_FUERA_PLATAFORMAS_Y_PARROQUIAS_RURALES,
SC-2026-12386,-78.589197,-1.638362,2026-02-11,4,Patrullaje policial en el sector solicitado,CUBIJIES,SIN_ASIGNAR,,FUERA_DEL_CANTON,
SC-2026-12489,-78.696248,-1.655531,2026-02-12,4,Patrullaje policial en el sector solicitado,RIOBAMBA,SIN_ASIGNAR,,DENTRO_CANTON_FUERA_PLATAFORMAS_Y_PARROQUIAS_RURALES,
SC-2026-12512,-78.62648,-1.677059,2026-02-13,4,Patrullaje policial en el sector solicitado,RIOBAMBA,SIN_ASIGNAR,,DENTRO_CANTON_FUERA_PLATAFORMAS_Y_PARROQUIAS_RURALES,
SC-2026-12519,-78.671743,-1.67339,2026-02-13,4,Patrullaje policial en el sector solicitado,RIOBAMBA,SIN_ASIGNAR,,DENTRO_CANTON_FUERA_PLATAFORMAS_Y_PARROQUIAS_RURALES,
SC-2026-12521,-78.668981,-1.672754,2026-02-13,4,Patrullaje policial en el sector solicitado,RIOBAMBA,SIN_ASIGNAR,,DENTRO_CANTON_FUERA_PLATAFORMAS_Y_PARROQUIAS_RURALES,
SC-2026-12532,-78.679057,-1.667231,2026-02-13,4,Patrullaje policial en el sector solicitado,RIOBAMBA,SIN_ASIGNAR,,DENTRO_CANTON_FUERA_PLATAFORMAS_Y_PARROQUIAS_RURALES,
SC-2026-12578,-78.662926,-1.682311,2026-02-14,4,Patrullaje policial en el sector solicitado,RIOBAMBA,SIN_ASIGNAR,,DENTRO_CANTON_FUERA_PLATAFORMAS_Y_PARROQUIAS_RURALES,
SC-2026-12622,-78.628782,-1.657907,2026-02-14,4,Patrullaje policial en el sector solicitado,RIOBAMBA,SIN_ASIGNAR,,DENTRO_CANTON_FUERA_PLATAFORMAS_Y_PARROQUIAS_RURALES,
SC-2026-12624,-78.657168,-1.65626,2026-02-14,4,Patrullaje policial en el sector solicitado,RIOBAMBA,SIN_ASIGNAR,,DENTRO_CANTON_FUERA_PLATAFORMAS_Y_PARROQUIAS_RURALES,
SC-2026-12686,-78.631335,-1.658587,2026-02-15,4,Patrullaje policial en el sector solicitado,RIOBAMBA,SIN_ASIGNAR,,DENTRO_CANTON_FUERA_PLATAFORMAS_Y_PARROQUIAS_RURALES,
SC-2026-12709,-78.667838,-1.685847,2026-02-16,4,Patrullaje policial en el sector solicitado,RIOBAMBA,SIN_ASIGNAR,,DENTRO_CANTON_FUERA_PLATAFORMAS_Y_PARROQUIAS_RURALES,
SC-2026-12728,-78.679057,-1.667231,2026-02-16,4,Patrullaje policial en el sector solicitado,RIOBAMBA,SIN_ASIGNAR,,DENTRO_CANTON_FUERA_PLATAFORMAS_Y_PARROQUIAS_RURALES,
SC-2026-12790,-78.628782,-1.657907,2026-02-17,4,Patrullaje policial en el sector solicitado,RIOBAMBA,SIN_ASIGNAR,,DENTRO_CANTON_FUERA_PLATAFORMAS_Y_PARROQUIAS_RURALES,
SC-2026-12792,-78.629453,-1.655903,2026-02-17,4,Patrullaje policial en el sector solicitado,RIOBAMBA,SIN_ASIGNAR,,DENTRO_CANTON_FUERA_PLATAFORMAS_Y_PARROQUIAS_RURALES,
SC-2026-12795,-78.629557,-1.655227,2026-02-17,4,Patrullaje policial en el sector solicitado,RIOBAMBA,SIN_ASIGNAR,,DENTRO_CANTON_FUERA_PLATAFORMAS_Y_PARROQUIAS_RURALES,
SC-2026-12797,-78.630887,-1.652877,2026-02-17,4,Patrullaje policial en el sector solicitado,RIOBAMBA,SIN_ASIGNAR,,DENTRO_CANTON_FUERA_PLATAFORMAS_Y_PARROQUIAS_RURALES,
SC-2026-12840,-78.625975,-1.653303,2026-02-18,4,Patrullaje policial en el sector solicitado,RIOBAMBA,SIN_ASIGNAR,,DENTRO_CANTON_FUERA_PLATAFORMAS_Y_PARROQUIAS_RURALES,
SC-2026-12847,-78.639404,-1.691725,2026-02-19,4,Patrullaje policial en el sector solicitado,RIOBAMBA,SIN_ASIGNAR,,DENTRO_CANTON_FUERA_PLATAFORMAS_Y_PARROQUIAS_RURALES,
SC-2026-12947,-78.667838,-1.685847,2026-02-21,4,Patrullaje policial en el sector solicitado,RIOBAMBA,SIN_ASIGNAR,,DENTRO_CANTON_FUERA_PLATAFORMAS_Y_PARROQUIAS_RURALES,
SC-2026-12966,-78.628383,-1.66947,2026-02-21,4,Patrullaje policial en el sector solicitado,RIOBAMBA,SIN_ASIGNAR,,DENTRO_CANTON_FUERA_PLATAFORMAS_Y_PARROQUIAS_RURALES,
SC-2026-12991,-78.657168,-1.65626,2026-02-21,4,Patrullaje policial en el sector solicitado,RIOBAMBA,SIN_ASIGNAR,,DENTRO_CANTON_FUERA_PLATAFORMAS_Y_PARROQUIAS_RURALES,
SC-2026-12994,-78.636933,-1.649511,2026-02-21,4,Patrullaje policial en el sector solicitado,RIOBAMBA,SIN_ASIGNAR,,DENTRO_CANTON_FUERA_PLATAFORMAS_Y_PARROQUIAS_RURALES,
SC-2026-13007,-78.659781,-1.68327,2026-02-22,4,Patrullaje policial en el sector solicitado,RIOBAMBA,SIN_ASIGNAR,,DENTRO_CANTON_FUERA_PLATAFORMAS_Y_PARROQUIAS_RURALES,
SC-2026-13035,-78.628782,-1.657907,2026-02-22,4,Patrullaje policial en el sector solicitado,RIOBAMBA,SIN_ASIGNAR,,DENTRO_CANTON_FUERA_PLATAFORMAS_Y_PARROQUIAS_RURALES,
SC-2026-13054,-78.671743,-1.67339,2026-02-23,4,Patrullaje policial en el sector solicitado,RIOBAMBA,SIN_ASIGNAR,,DENTRO_CANTON_FUERA_PLATAFORMAS_Y_PARROQUIAS_RURALES,
SC-2026-13077,-78.628638,-1.655595,2026-02-23,4,Patrullaje policial en el sector solicitado,RIOBAMBA,SIN_ASIGNAR,,DENTRO_CANTON_FUERA_PLATAFORMAS_Y_PARROQUIAS_RURALES,
SC-2026-13087,-78.667838,-1.685847,2026-02-24,4,Patrullaje policial en el sector solicitado,RIOBAMBA,SIN_ASIGNAR,,DENTRO_CANTON_FUERA_PLATAFORMAS_Y_PARROQUIAS_RURALES,
SC-2026-13123,-78.667838,-1.685847,2026-02-25,4,Patrullaje policial en el sector solicitado,RIOBAMBA,SIN_ASIGNAR,,DENTRO_CANTON_FUERA_PLATAFORMAS_Y_PARROQUIAS_RURALES,
SC-2026-13127,-78.624431,-1.681799,2026-02-25,4,Patrullaje policial en el sector solicitado,RIOBAMBA,SIN_ASIGNAR,,DENTRO_CANTON_FUERA_PLATAFORMAS_Y_PARROQUIAS_RURALES,
SC-2026-13163,-78.870029,-1.486536,2026-02-25,4,Patrullaje policial en el sector solicitado,SAN JUAN,SIN_ASIGNAR,,FUERA_DEL_CANTON,
SC-2026-13194,-78.631039,-1.659365,2026-02-26,4,Patrullaje policial en el sector solicitado,RIOBAMBA,SIN_ASIGNAR,,DENTRO_CANTON_FUERA_PLATAFORMAS_Y_PARROQUIAS_RURALES,
SC-2026-13207,-78.637763,-1.689895,2026-02-26,4,Patrullaje policial en el sector solicitado,SAN LUIS,SIN_ASIGNAR,,DENTRO_CANTON_FUERA_PLATAFORMAS_Y_PARROQUIAS_RURALES,
SC-2026-13310,-78.666613,-1.680039,2026-03-01,4,Patrullaje policial en el sector solicitado,RIOBAMBA,SIN_ASIGNAR,,DENTRO_CANTON_FUERA_PLATAFORMAS_Y_PARROQUIAS_RURALES,
SC-2026-13313,-78.62648,-1.677059,2026-03-01,4,Patrullaje policial en el sector solicitado,RIOBAMBA,SIN_ASIGNAR,,DENTRO_CANTON_FUERA_PLATAFORMAS_Y_PARROQUIAS_RURALES,
SC-2026-13340,-78.657168,-1.65626,2026-03-01,4,Patrullaje policial en el sector solicitado,RIOBAMBA,SIN_ASIGNAR,,DENTRO_CANTON_FUERA_PLATAFORMAS_Y_PARROQUIAS_RURALES,
SC-2026-13387,-78.628782,-1.657907,2026-03-02,4,Patrullaje policial en el sector solicitado,RIOBAMBA,SIN_ASIGNAR,,DENTRO_CANTON_FUERA_PLATAFORMAS_Y_PARROQUIAS_RURALES,
SC-2026-13403,-78.684131,-1.679903,2026-03-03,4,Patrullaje policial en el sector solicitado,RIOBAMBA,SIN_ASIGNAR,,DENTRO_CANTON_FUERA_PLATAFORMAS_Y_PARROQUIAS_RURALES,
SC-2026-13410,-78.628383,-1.66947,2026-03-03,4,Patrullaje policial en el sector solicitado,RIOBAMBA,SIN_ASIGNAR,,DENTRO_CANTON_FUERA_PLATAFORMAS_Y_PARROQUIAS_RURALES,
SC-2026-13429,-78.627977,-1.653215,2026-03-03,4,Patrullaje policial en el sector solicitado,RIOBAMBA,SIN_ASIGNAR,,DENTRO_CANTON_FUERA_PLATAFORMAS_Y_PARROQUIAS_RURALES,
SC-2026-13474,-78.667838,-1.685847,2026-03-05,4,Patrullaje policial en el sector solicitado,RIOBAMBA,SIN_ASIGNAR,,DENTRO_CANTON_FUERA_PLATAFORMAS_Y_PARROQUIAS_RURALES,
SC-2026-13475,-78.61129,-1.682346,2026-03-05,4,Patrullaje policial en el sector solicitado,RIOBAMBA,SIN_ASIGNAR,,DENTRO_CANTON_FUERA_PLATAFORMAS_Y_PARROQUIAS_RURALES,
SC-2026-13500,-78.6547,-1.656771,2026-03-05,4,Patrullaje policial en el sector solicitado,RIOBAMBA,SIN_ASIGNAR,,DENTRO_CANTON_FUERA_PLATAFORMAS_Y_PARROQUIAS_RURALES,
SC-2026-13526,-78.671743,-1.67339,2026-03-06,4,Patrullaje policial en el sector solicitado,RIOBAMBA,SIN_ASIGNAR,,DENTRO_CANTON_FUERA_PLATAFORMAS_Y_PARROQUIAS_RURALES,
SC-2026-13573,-78.671743,-1.67339,2026-03-07,4,Patrullaje policial en el sector solicitado,RIOBAMBA,SIN_ASIGNAR,,DENTRO_CANTON_FUERA_PLATAFORMAS_Y_PARROQUIAS_RURALES,
SC-2026-13612,-78.604024,-1.638036,2026-03-08,4,Patrullaje policial en el sector solicitado,CUBIJIES,SIN_ASIGNAR,,FUERA_DEL_CANTON,
SC-2026-13621,-78.67974,-1.680659,2026-03-08,4,Patrullaje policial en el sector solicitado,RIOBAMBA,SIN_ASIGNAR,,DENTRO_CANTON_FUERA_PLATAFORMAS_Y_PARROQUIAS_RURALES,
SC-2026-13622,-78.666613,-1.680039,2026-03-08,4,Patrullaje policial en el sector solicitado,RIOBAMBA,SIN_ASIGNAR,,DENTRO_CANTON_FUERA_PLATAFORMAS_Y_PARROQUIAS_RURALES,
SC-2026-13651,-78.627977,-1.653215,2026-03-08,4,Patrullaje policial en el sector solicitado,RIOBAMBA,SIN_ASIGNAR,,DENTRO_CANTON_FUERA_PLATAFORMAS_Y_PARROQUIAS_RURALES,
SC-2026-13697,-78.657566,-1.655314,2026-03-09,4,Patrullaje policial en el sector solicitado,RIOBAMBA,SIN_ASIGNAR,,DENTRO_CANTON_FUERA_PLATAFORMAS_Y_PARROQUIAS_RURALES,
SC-2026-13699,-78.630887,-1.652877,2026-03-09,4,Patrullaje policial en el sector solicitado,RIOBAMBA,SIN_ASIGNAR,,DENTRO_CANTON_FUERA_PLATAFORMAS_Y_PARROQUIAS_RURALES,
SC-2026-13771,-78.63253,-1.664289,2026-03-11,4,Patrullaje policial en el sector solicitado,RIOBAMBA,SIN_ASIGNAR,,DENTRO_CANTON_FUERA_PLATAFORMAS_Y_PARROQUIAS_RURALES,
SC-2026-13788,-78.638927,-1.641263,2026-03-11,4,Patrullaje policial en el sector solicitado,RIOBAMBA,SIN_ASIGNAR,,DENTRO_CANTON_FUERA_PLATAFORMAS_Y_PARROQUIAS_RURALES,
SC-2026-13792,-78.656739,-1.684018,2026-03-12,4,Patrullaje policial en el sector solicitado,RIOBAMBA,SIN_ASIGNAR,,DENTRO_CANTON_FUERA_PLATAFORMAS_Y_PARROQUIAS_RURALES,
SC-2026-13797,-78.671743,-1.67339,2026-03-12,4,Patrullaje policial en el sector solicitado,RIOBAMBA,SIN_ASIGNAR,,DENTRO_CANTON_FUERA_PLATAFORMAS_Y_PARROQUIAS_RURALES,
SC-2026-13868,-78.6384,-1.640647,2026-03-13,4,Patrullaje policial en el sector solicitado,RIOBAMBA,SIN_ASIGNAR,,DENTRO_CANTON_FUERA_PLATAFORMAS_Y_PARROQUIAS_RURALES,
SC-2026-13885,-78.684883,-1.681089,2026-03-14,4,Patrullaje policial en el sector solicitado,RIOBAMBA,SIN_ASIGNAR,,DENTRO_CANTON_FUERA_PLATAFORMAS_Y_PARROQUIAS_RURALES,
SC-2026-13888,-78.684131,-1.679903,2026-03-14,4,Patrullaje policial en el sector solicitado,RIOBAMBA,SIN_ASIGNAR,,DENTRO_CANTON_FUERA_PLATAFORMAS_Y_PARROQUIAS_RURALES,
SC-2026-13889,-78.626401,-1.678954,2026-03-14,4,Patrullaje policial en el sector solicitado,RIOBAMBA,SIN_ASIGNAR,,DENTRO_CANTON_FUERA_PLATAFORMAS_Y_PARROQUIAS_RURALES,
SC-2026-13896,-78.671743,-1.67339,2026-03-14,4,Patrullaje policial en el sector solicitado,RIOBAMBA,SIN_ASIGNAR,,DENTRO_CANTON_FUERA_PLATAFORMAS_Y_PARROQUIAS_RURALES,
SC-2026-13922,-78.628782,-1.657907,2026-03-14,4,Patrullaje policial en el sector solicitado,RIOBAMBA,SIN_ASIGNAR,,DENTRO_CANTON_FUERA_PLATAFORMAS_Y_PARROQUIAS_RURALES,
SC-2026-13934,-78.639235,-1.691516,2026-03-14,4,Patrullaje policial en el sector solicitado,SAN LUIS,SIN_ASIGNAR,,DENTRO_CANTON_FUERA_PLATAFORMAS_Y_PARROQUIAS_RURALES,
SC-2026-14026,-78.617879,-1.653164,2026-03-16,4,Patrullaje policial en el sector solicitado,RIOBAMBA,SIN_ASIGNAR,,DENTRO_CANTON_FUERA_PLATAFORMAS_Y_PARROQUIAS_RURALES,
SC-2026-14032,-78.63696,-1.644054,2026-03-16,4,Patrullaje policial en el sector solicitado,RIOBAMBA,SIN_ASIGNAR,,DENTRO_CANTON_FUERA_PLATAFORMAS_Y_PARROQUIAS_RURALES,
SC-2026-14060,-78.649818,-1.662317,2026-03-17,4,Patrullaje policial en el sector solicitado,RIOBAMBA,SIN_ASIGNAR,,DENTRO_CANTON_FUERA_PLATAFORMAS_Y_PARROQUIAS_RURALES,
SC-2026-14071,-78.627587,-1.654501,2026-03-17,4,Patrullaje policial en el sector solicitado,RIOBAMBA,SIN_ASIGNAR,,DENTRO_CANTON_FUERA_PLATAFORMAS_Y_PARROQUIAS_RURALES,
SC-2026-14084,-78.666613,-1.680039,2026-03-18,4,Patrullaje policial en el sector solicitado,RIOBAMBA,SIN_ASIGNAR,,DENTRO_CANTON_FUERA_PLATAFORMAS_Y_PARROQUIAS_RURALES,
SC-2026-14102,-78.680194,-1.668379,2026-03-18,4,Patrullaje policial en el sector solicitado,RIOBAMBA,SIN_ASIGNAR,,DENTRO_CANTON_FUERA_PLATAFORMAS_Y_PARROQUIAS_RURALES,
SC-2026-14130,-78.658656,-1.694087,2026-03-19,4,Patrullaje policial en el sector solicitado,RIOBAMBA,SIN_ASIGNAR,,DENTRO_CANTON_FUERA_PLATAFORMAS_Y_PARROQUIAS_RURALES,
SC-2026-14141,-78.669055,-1.671686,2026-03-19,4,Patrullaje policial en el sector solicitado,RIOBAMBA,SIN_ASIGNAR,,DENTRO_CANTON_FUERA_PLATAFORMAS_Y_PARROQUIAS_RURALES,
SC-2026-14142,-78.621983,-1.671445,2026-03-19,4,Patrullaje policial en el sector solicitado,RIOBAMBA,SIN_ASIGNAR,,DENTRO_CANTON_FUERA_PLATAFORMAS_Y_PARROQUIAS_RURALES,
SC-2026-14160,-78.628782,-1.657907,2026-03-19,4,Patrullaje policial en el sector solicitado,RIOBAMBA,SIN_ASIGNAR,,DENTRO_CANTON_FUERA_PLATAFORMAS_Y_PARROQUIAS_RURALES,
SC-2026-14194,-78.671743,-1.67339,2026-03-20,4,Patrullaje policial en el sector solicitado,RIOBAMBA,SIN_ASIGNAR,,DENTRO_CANTON_FUERA_PLATAFORMAS_Y_PARROQUIAS_RURALES,
SC-2026-14251,-78.628962,-1.674116,2026-03-21,4,Patrullaje policial en el sector solicitado,RIOBAMBA,SIN_ASIGNAR,,DENTRO_CANTON_FUERA_PLATAFORMAS_Y_PARROQUIAS_RURALES,
SC-2026-14299,-78.680586,-1.627038,2026-03-22,4,Patrullaje policial en el sector solicitado,LICAN,SIN_ASIGNAR,,FUERA_DEL_CANTON,
SC-2026-14301,-78.667838,-1.685847,2026-03-22,4,Patrullaje policial en el sector solicitado,RIOBAMBA,SIN_ASIGNAR,,DENTRO_CANTON_FUERA_PLATAFORMAS_Y_PARROQUIAS_RURALES,
SC-2026-14318,-78.671743,-1.67339,2026-03-22,4,Patrullaje policial en el sector solicitado,RIOBAMBA,SIN_ASIGNAR,,DENTRO_CANTON_FUERA_PLATAFORMAS_Y_PARROQUIAS_RURALES,
SC-2026-14433,-78.639404,-1.691725,2026-03-25,4,Patrullaje policial en el sector solicitado,RIOBAMBA,SIN_ASIGNAR,,DENTRO_CANTON_FUERA_PLATAFORMAS_Y_PARROQUIAS_RURALES,
SC-2026-14445,-78.628383,-1.66947,2026-03-25,4,Patrullaje policial en el sector solicitado,RIOBAMBA,SIN_ASIGNAR,,DENTRO_CANTON_FUERA_PLATAFORMAS_Y_PARROQUIAS_RURALES,
SC-2026-14559,-78.632851,-1.658187,2026-03-27,4,Patrullaje policial en el sector solicitado,RIOBAMBA,SIN_ASIGNAR,,DENTRO_CANTON_FUERA_PLATAFORMAS_Y_PARROQUIAS_RURALES,
SC-2026-14565,-78.627587,-1.654501,2026-03-27,4,Patrullaje policial en el sector solicitado,RIOBAMBA,SIN_ASIGNAR,,DENTRO_CANTON_FUERA_PLATAFORMAS_Y_PARROQUIAS_RURALES,
SC-2026-14566,-78.627977,-1.653215,2026-03-27,4,Patrullaje policial en el sector solicitado,RIOBAMBA,SIN_ASIGNAR,,DENTRO_CANTON_FUERA_PLATAFORMAS_Y_PARROQUIAS_RURALES,
SC-2026-14586,-78.667838,-1.685847,2026-03-28,4,Patrullaje policial en el sector solicitado,RIOBAMBA,SIN_ASIGNAR,,DENTRO_CANTON_FUERA_PLATAFORMAS_Y_PARROQUIAS_RURALES,
SC-2026-14644,-78.68464,-1.683301,2026-03-29,4,Patrullaje policial en el sector solicitado,RIOBAMBA,SIN_ASIGNAR,,DENTRO_CANTON_FUERA_PLATAFORMAS_Y_PARROQUIAS_RURALES,
SC-2026-14648,-78.665553,-1.680557,2026-03-29,4,Patrullaje policial en el sector solicitado,RIOBAMBA,SIN_ASIGNAR,,DENTRO_CANTON_FUERA_PLATAFORMAS_Y_PARROQUIAS_RURALES,
SC-2026-14686,-78.630887,-1.652877,2026-03-29,4,Patrullaje policial en el sector solicitado,RIOBAMBA,SIN_ASIGNAR,,DENTRO_CANTON_FUERA_PLATAFORMAS_Y_PARROQUIAS_RURALES,
SC-2026-14753,-78.619666,-1.674471,2026-03-31,4,Patrullaje policial en el sector solicitado,RIOBAMBA,SIN_ASIGNAR,,DENTRO_CANTON_FUERA_PLATAFORMAS_Y_PARROQUIAS_RURALES,
SC-2026-14769,-78.628782,-1.657907,2026-03-31,4,Patrullaje policial en el sector solicitado,RIOBAMBA,SIN_ASIGNAR,,DENTRO_CANTON_FUERA_PLATAFORMAS_Y_PARROQUIAS_RURALES,
SC-2026-14834,-78.679057,-1.667231,2026-04-02,4,Patrullaje policial en el sector solicitado,RIOBAMBA,SIN_ASIGNAR,,DENTRO_CANTON_FUERA_PLATAFORMAS_Y_PARROQUIAS_RURALES,
SC-2026-14850,-78.657168,-1.65626,2026-04-02,4,Patrullaje policial en el sector solicitado,RIOBAMBA,SIN_ASIGNAR,,DENTRO_CANTON_FUERA_PLATAFORMAS_Y_PARROQUIAS_RURALES,
SC-2026-14927,-78.671743,-1.67339,2026-04-04,4,Patrullaje policial en el sector solicitado,RIOBAMBA,SIN_ASIGNAR,,DENTRO_CANTON_FUERA_PLATAFORMAS_Y_PARROQUIAS_RURALES,
SC-2026-14969,-78.63696,-1.644054,2026-04-04,4,Patrullaje policial en el sector solicitado,RIOBAMBA,SIN_ASIGNAR,,DENTRO_CANTON_FUERA_PLATAFORMAS_Y_PARROQUIAS_RURALES,
SC-2026-14973,-78.610355,-1.643891,2026-04-05,4,Patrullaje policial en el sector solicitado,CUBIJIES,SIN_ASIGNAR,,FUERA_DEL_CANTON,
SC-2026-14987,-78.684131,-1.679903,2026-04-05,4,Patrullaje policial en el sector solicitado,RIOBAMBA,SIN_ASIGNAR,,DENTRO_CANTON_FUERA_PLATAFORMAS_Y_PARROQUIAS_RURALES,
SC-2026-15016,-78.628782,-1.657907,2026-04-05,4,Patrullaje policial en el sector solicitado,RIOBAMBA,SIN_ASIGNAR,,DENTRO_CANTON_FUERA_PLATAFORMAS_Y_PARROQUIAS_RURALES,
SC-2026-15022,-78.640208,-1.64445,2026-04-05,4,Patrullaje policial en el sector solicitado,RIOBAMBA,SIN_ASIGNAR,,DENTRO_CANTON_FUERA_PLATAFORMAS_Y_PARROQUIAS_RURALES,
SC-2026-15030,-78.623945,-1.686643,2026-04-06,4,Patrullaje policial en el sector solicitado,RIOBAMBA,SIN_ASIGNAR,,DENTRO_CANTON_FUERA_PLATAFORMAS_Y_PARROQUIAS_RURALES,
SC-2026-15054,-78.631892,-1.6676,2026-04-06,4,Patrullaje policial en el sector solicitado,RIOBAMBA,SIN_ASIGNAR,,DENTRO_CANTON_FUERA_PLATAFORMAS_Y_PARROQUIAS_RURALES,
SC-2026-15066,-78.657168,-1.65626,2026-04-06,4,Patrullaje policial en el sector solicitado,RIOBAMBA,SIN_ASIGNAR,,DENTRO_CANTON_FUERA_PLATAFORMAS_Y_PARROQUIAS_RURALES,
SC-2026-15081,-78.684131,-1.679903,2026-04-07,4,Patrullaje policial en el sector solicitado,RIOBAMBA,SIN_ASIGNAR,,DENTRO_CANTON_FUERA_PLATAFORMAS_Y_PARROQUIAS_RURALES,
SC-2026-15160,-78.628782,-1.657907,2026-04-08,4,Patrullaje policial en el sector solicitado,RIOBAMBA,SIN_ASIGNAR,,DENTRO_CANTON_FUERA_PLATAFORMAS_Y_PARROQUIAS_RURALES,
SC-2026-15210,-78.671743,-1.67339,2026-04-10,4,Patrullaje policial en el sector solicitado,RIOBAMBA,SIN_ASIGNAR,,DENTRO_CANTON_FUERA_PLATAFORMAS_Y_PARROQUIAS_RURALES,
SC-2026-15247,-78.639441,-1.691756,2026-04-11,4,Patrullaje policial en el sector solicitado,RIOBAMBA,SIN_ASIGNAR,,DENTRO_CANTON_FUERA_PLATAFORMAS_Y_PARROQUIAS_RURALES,
SC-2026-15298,-78.63696,-1.644054,2026-04-11,4,Patrullaje policial en el sector solicitado,RIOBAMBA,SIN_ASIGNAR,,DENTRO_CANTON_FUERA_PLATAFORMAS_Y_PARROQUIAS_RURALES,
SC-2026-15352,-78.627977,-1.653215,2026-04-12,4,Patrullaje policial en el sector solicitado,RIOBAMBA,SIN_ASIGNAR,,DENTRO_CANTON_FUERA_PLATAFORMAS_Y_PARROQUIAS_RURALES,
SC-2026-15371,-78.658054,-1.683719,2026-04-13,4,Patrullaje policial en el sector solicitado,RIOBAMBA,SIN_ASIGNAR,,DENTRO_CANTON_FUERA_PLATAFORMAS_Y_PARROQUIAS_RURALES,
SC-2026-15408,-78.627977,-1.653215,2026-04-13,4,Patrullaje policial en el sector solicitado,RIOBAMBA,SIN_ASIGNAR,,DENTRO_CANTON_FUERA_PLATAFORMAS_Y_PARROQUIAS_RURALES,
SC-2026-15424,-78.624988,-1.676123,2026-04-14,4,Patrullaje policial en el sector solicitado,RIOBAMBA,SIN_ASIGNAR,,DENTRO_CANTON_FUERA_PLATAFORMAS_Y_PARROQUIAS_RURALES,
SC-2026-15454,-78.627977,-1.653215,2026-04-14,4,Patrullaje policial en el sector solicitado,RIOBAMBA,SIN_ASIGNAR,,DENTRO_CANTON_FUERA_PLATAFORMAS_Y_PARROQUIAS_RURALES,
SC-2026-15467,-78.671743,-1.67339,2026-04-15,4,Patrullaje policial en el sector solicitado,RIOBAMBA,SIN_ASIGNAR,,DENTRO_CANTON_FUERA_PLATAFORMAS_Y_PARROQUIAS_RURALES,
SC-2026-15570,-78.657168,-1.65626,2026-04-17,4,Patrullaje policial en el sector solicitado,RIOBAMBA,SIN_ASIGNAR,,DENTRO_CANTON_FUERA_PLATAFORMAS_Y_PARROQUIAS_RURALES,
SC-2026-15584,-78.681434,-1.625343,2026-04-18,4,Patrullaje policial en el sector solicitado,LICAN,SIN_ASIGNAR,,FUERA_DEL_CANTON,
SC-2026-15657,-78.666613,-1.680039,2026-04-19,4,Patrullaje policial en el sector solicitado,RIOBAMBA,SIN_ASIGNAR,,DENTRO_CANTON_FUERA_PLATAFORMAS_Y_PARROQUIAS_RURALES,
SC-2026-15658,-78.680891,-1.678383,2026-04-19,4,Patrullaje policial en el sector solicitado,RIOBAMBA,SIN_ASIGNAR,,DENTRO_CANTON_FUERA_PLATAFORMAS_Y_PARROQUIAS_RURALES,
SC-2026-15687,-78.628782,-1.657907,2026-04-19,4,Patrullaje policial en el sector solicitado,RIOBAMBA,SIN_ASIGNAR,,DENTRO_CANTON_FUERA_PLATAFORMAS_Y_PARROQUIAS_RURALES,
SC-2026-15702,-78.63696,-1.644054,2026-04-19,4,Patrullaje policial en el sector solicitado,RIOBAMBA,SIN_ASIGNAR,,DENTRO_CANTON_FUERA_PLATAFORMAS_Y_PARROQUIAS_RURALES,
SC-2026-15709,-78.735495,-1.587097,2026-04-20,4,Patrullaje policial en el sector solicitado,CALPI,SIN_ASIGNAR,,FUERA_DEL_CANTON,
SC-2026-15712,-78.679931,-1.685034,2026-04-20,4,Patrullaje policial en el sector solicitado,RIOBAMBA,SIN_ASIGNAR,,DENTRO_CANTON_FUERA_PLATAFORMAS_Y_PARROQUIAS_RURALES,
SC-2026-15757,-78.657168,-1.65626,2026-04-20,4,Patrullaje policial en el sector solicitado,RIOBAMBA,SIN_ASIGNAR,,DENTRO_CANTON_FUERA_PLATAFORMAS_Y_PARROQUIAS_RURALES,
SC-2026-15770,-78.683409,-1.686324,2026-04-21,4,Patrullaje policial en el sector solicitado,RIOBAMBA,SIN_ASIGNAR,,DENTRO_CANTON_FUERA_PLATAFORMAS_Y_PARROQUIAS_RURALES,
SC-2026-15776,-78.666613,-1.680039,2026-04-21,4,Patrullaje policial en el sector solicitado,RIOBAMBA,SIN_ASIGNAR,,DENTRO_CANTON_FUERA_PLATAFORMAS_Y_PARROQUIAS_RURALES,
SC-2026-15815,-78.692429,-1.650693,2026-04-21,4,Patrullaje policial en el sector solicitado,RIOBAMBA,SIN_ASIGNAR,,DENTRO_CANTON_FUERA_PLATAFORMAS_Y_PARROQUIAS_RURALES,
SC-2026-15874,-78.672809,-1.689682,2026-04-23,4,Patrullaje policial en el sector solicitado,RIOBAMBA,SIN_ASIGNAR,,DENTRO_CANTON_FUERA_PLATAFORMAS_Y_PARROQUIAS_RURALES,
SC-2026-15914,-78.659781,-1.68327,2026-04-24,4,Patrullaje policial en el sector solicitado,RIOBAMBA,SIN_ASIGNAR,,DENTRO_CANTON_FUERA_PLATAFORMAS_Y_PARROQUIAS_RURALES,
SC-2026-15926,-78.669039,-1.673068,2026-04-24,4,Patrullaje policial en el sector solicitado,RIOBAMBA,SIN_ASIGNAR,,DENTRO_CANTON_FUERA_PLATAFORMAS_Y_PARROQUIAS_RURALES,
SC-2026-15957,-78.657727,-1.654781,2026-04-24,4,Patrullaje policial en el sector solicitado,RIOBAMBA,SIN_ASIGNAR,,DENTRO_CANTON_FUERA_PLATAFORMAS_Y_PARROQUIAS_RURALES,
SC-2026-15958,-78.627977,-1.653215,2026-04-24,4,Patrullaje policial en el sector solicitado,RIOBAMBA,SIN_ASIGNAR,,DENTRO_CANTON_FUERA_PLATAFORMAS_Y_PARROQUIAS_RURALES,
SC-2026-15962,-78.63696,-1.644054,2026-04-24,4,Patrullaje policial en el sector solicitado,RIOBAMBA,SIN_ASIGNAR,,DENTRO_CANTON_FUERA_PLATAFORMAS_Y_PARROQUIAS_RURALES,
SC-2026-15968,-78.63986,-1.692231,2026-04-24,4,Patrullaje policial en el sector solicitado,SAN LUIS,SIN_ASIGNAR,,DENTRO_CANTON_FUERA_PLATAFORMAS_Y_PARROQUIAS_RURALES,
SC-2026-15981,-78.62648,-1.677059,2026-04-25,4,Patrullaje policial en el sector solicitado,RIOBAMBA,SIN_ASIGNAR,,DENTRO_CANTON_FUERA_PLATAFORMAS_Y_PARROQUIAS_RURALES,
SC-2026-15988,-78.615517,-1.671498,2026-04-25,4,Patrullaje policial en el sector solicitado,RIOBAMBA,SIN_ASIGNAR,,DENTRO_CANTON_FUERA_PLATAFORMAS_Y_PARROQUIAS_RURALES,
SC-2026-16010,-78.657168,-1.65626,2026-04-25,4,Patrullaje policial en el sector solicitado,RIOBAMBA,SIN_ASIGNAR,,DENTRO_CANTON_FUERA_PLATAFORMAS_Y_PARROQUIAS_RURALES,
SC-2026-16011,-78.630887,-1.652877,2026-04-25,4,Patrullaje policial en el sector solicitado,RIOBAMBA,SIN_ASIGNAR,,DENTRO_CANTON_FUERA_PLATAFORMAS_Y_PARROQUIAS_RURALES,
SC-2026-16026,-78.681434,-1.625343,2026-04-26,4,Patrullaje policial en el sector solicitado,LICAN,SIN_ASIGNAR,,FUERA_DEL_CANTON,
SC-2026-16031,-78.623214,-1.686066,2026-04-26,4,Patrullaje policial en el sector solicitado,RIOBAMBA,SIN_ASIGNAR,,DENTRO_CANTON_FUERA_PLATAFORMAS_Y_PARROQUIAS_RURALES,
SC-2026-16048,-78.615517,-1.671498,2026-04-26,4,Patrullaje policial en el sector solicitado,RIOBAMBA,SIN_ASIGNAR,,DENTRO_CANTON_FUERA_PLATAFORMAS_Y_PARROQUIAS_RURALES,
SC-2026-16059,-78.63219,-1.66313,2026-04-26,4,Patrullaje policial en el sector solicitado,RIOBAMBA,SIN_ASIGNAR,,DENTRO_CANTON_FUERA_PLATAFORMAS_Y_PARROQUIAS_RURALES,
SC-2026-16066,-78.631977,-1.659036,2026-04-26,4,Patrullaje policial en el sector solicitado,RIOBAMBA,SIN_ASIGNAR,,DENTRO_CANTON_FUERA_PLATAFORMAS_Y_PARROQUIAS_RURALES,
SC-2026-16115,-78.657168,-1.65626,2026-04-27,4,Patrullaje policial en el sector solicitado,RIOBAMBA,SIN_ASIGNAR,,DENTRO_CANTON_FUERA_PLATAFORMAS_Y_PARROQUIAS_RURALES,
SC-2026-16146,-78.628383,-1.66947,2026-04-28,4,Patrullaje policial en el sector solicitado,RIOBAMBA,SIN_ASIGNAR,,DENTRO_CANTON_FUERA_PLATAFORMAS_Y_PARROQUIAS_RURALES,
SC-2026-16243,-78.671743,-1.67339,2026-04-30,4,Patrullaje policial en el sector solicitado,RIOBAMBA,SIN_ASIGNAR,,DENTRO_CANTON_FUERA_PLATAFORMAS_Y_PARROQUIAS_RURALES,
SC-2026-16313,-78.627977,-1.653215,2026-05-01,4,Patrullaje policial en el sector solicitado,RIOBAMBA,SIN_ASIGNAR,,DENTRO_CANTON_FUERA_PLATAFORMAS_Y_PARROQUIAS_RURALES,
SC-2026-16376,-78.671743,-1.67339,2026-05-03,4,Patrullaje policial en el sector solicitado,RIOBAMBA,SIN_ASIGNAR,,DENTRO_CANTON_FUERA_PLATAFORMAS_Y_PARROQUIAS_RURALES,
SC-2026-16385,-78.627632,-1.667105,2026-05-03,4,Patrullaje policial en el sector solicitado,RIOBAMBA,SIN_ASIGNAR,,DENTRO_CANTON_FUERA_PLATAFORMAS_Y_PARROQUIAS_RURALES,
SC-2026-16399,-78.630887,-1.652877,2026-05-03,4,Patrullaje policial en el sector solicitado,RIOBAMBA,SIN_ASIGNAR,,DENTRO_CANTON_FUERA_PLATAFORMAS_Y_PARROQUIAS_RURALES,
SC-2026-16436,-78.63696,-1.644054,2026-05-04,4,Patrullaje policial en el sector solicitado,RIOBAMBA,SIN_ASIGNAR,,DENTRO_CANTON_FUERA_PLATAFORMAS_Y_PARROQUIAS_RURALES,
SC-2026-16441,-78.633442,-1.690086,2026-05-05,4,Patrullaje policial en el sector solicitado,RIOBAMBA,SIN_ASIGNAR,,DENTRO_CANTON_FUERA_PLATAFORMAS_Y_PARROQUIAS_RURALES,
SC-2026-16449,-78.624289,-1.684025,2026-05-05,4,Patrullaje policial en el sector solicitado,RIOBAMBA,SIN_ASIGNAR,,DENTRO_CANTON_FUERA_PLATAFORMAS_Y_PARROQUIAS_RURALES,
SC-2026-16523,-78.63696,-1.644054,2026-05-06,4,Patrullaje policial en el sector solicitado,RIOBAMBA,SIN_ASIGNAR,,DENTRO_CANTON_FUERA_PLATAFORMAS_Y_PARROQUIAS_RURALES,
SC-2026-16575,-78.615517,-1.671498,2026-05-08,4,Patrullaje policial en el sector solicitado,RIOBAMBA,SIN_ASIGNAR,,DENTRO_CANTON_FUERA_PLATAFORMAS_Y_PARROQUIAS_RURALES,
SC-2026-16635,-78.616045,-1.665805,2026-05-09,4,Patrullaje policial en el sector solicitado,RIOBAMBA,SIN_ASIGNAR,,DENTRO_CANTON_FUERA_PLATAFORMAS_Y_PARROQUIAS_RURALES,
SC-2026-16677,-78.670458,-1.68825,2026-05-10,4,Patrullaje policial en el sector solicitado,RIOBAMBA,SIN_ASIGNAR,,DENTRO_CANTON_FUERA_PLATAFORMAS_Y_PARROQUIAS_RURALES,
SC-2026-16679,-78.667838,-1.685847,2026-05-10,4,Patrullaje policial en el sector solicitado,RIOBAMBA,SIN_ASIGNAR,,DENTRO_CANTON_FUERA_PLATAFORMAS_Y_PARROQUIAS_RURALES,
SC-2026-16692,-78.615517,-1.671498,2026-05-10,4,Patrullaje policial en el sector solicitado,RIOBAMBA,SIN_ASIGNAR,,DENTRO_CANTON_FUERA_PLATAFORMAS_Y_PARROQUIAS_RURALES,
SC-2026-16722,-78.623896,-1.651164,2026-05-10,4,Patrullaje policial en el sector solicitado,RIOBAMBA,SIN_ASIGNAR,,DENTRO_CANTON_FUERA_PLATAFORMAS_Y_PARROQUIAS_RURALES,
SC-2026-16745,-78.62787,-1.675518,2026-05-11,4,Patrullaje policial en el sector solicitado,RIOBAMBA,SIN_ASIGNAR,,DENTRO_CANTON_FUERA_PLATAFORMAS_Y_PARROQUIAS_RURALES,
SC-2026-16797,-78.669055,-1.671686,2026-05-12,4,Patrullaje policial en el sector solicitado,RIOBAMBA,SIN_ASIGNAR,,DENTRO_CANTON_FUERA_PLATAFORMAS_Y_PARROQUIAS_RURALES,
SC-2026-16803,-78.629031,-1.668648,2026-05-12,4,Patrullaje policial en el sector solicitado,RIOBAMBA,SIN_ASIGNAR,,DENTRO_CANTON_FUERA_PLATAFORMAS_Y_PARROQUIAS_RURALES,
SC-2026-16815,-78.628782,-1.657907,2026-05-12,4,Patrullaje policial en el sector solicitado,RIOBAMBA,SIN_ASIGNAR,,DENTRO_CANTON_FUERA_PLATAFORMAS_Y_PARROQUIAS_RURALES,
SC-2026-16825,-78.63696,-1.644054,2026-05-12,4,Patrullaje policial en el sector solicitado,RIOBAMBA,SIN_ASIGNAR,,DENTRO_CANTON_FUERA_PLATAFORMAS_Y_PARROQUIAS_RURALES,
SC-2026-16839,-78.671743,-1.67339,2026-05-13,4,Patrullaje policial en el sector solicitado,RIOBAMBA,SIN_ASIGNAR,,DENTRO_CANTON_FUERA_PLATAFORMAS_Y_PARROQUIAS_RURALES,
SC-2026-16848,-78.630498,-1.667665,2026-05-13,4,Patrullaje policial en el sector solicitado,RIOBAMBA,SIN_ASIGNAR,,DENTRO_CANTON_FUERA_PLATAFORMAS_Y_PARROQUIAS_RURALES,
SC-2026-16882,-78.672101,-1.688941,2026-05-14,4,Patrullaje policial en el sector solicitado,RIOBAMBA,SIN_ASIGNAR,,DENTRO_CANTON_FUERA_PLATAFORMAS_Y_PARROQUIAS_RURALES,
SC-2026-16887,-78.671743,-1.67339,2026-05-14,4,Patrullaje policial en el sector solicitado,RIOBAMBA,SIN_ASIGNAR,,DENTRO_CANTON_FUERA_PLATAFORMAS_Y_PARROQUIAS_RURALES,
SC-2026-16906,-78.660985,-1.648149,2026-05-14,4,Patrullaje policial en el sector solicitado,RIOBAMBA,SIN_ASIGNAR,,DENTRO_CANTON_FUERA_PLATAFORMAS_Y_PARROQUIAS_RURALES,
SC-2026-16967,-78.630887,-1.652877,2026-05-15,4,Patrullaje policial en el sector solicitado,RIOBAMBA,SIN_ASIGNAR,,DENTRO_CANTON_FUERA_PLATAFORMAS_Y_PARROQUIAS_RURALES,
SC-2026-16982,-78.681434,-1.625343,2026-05-16,4,Patrullaje policial en el sector solicitado,LICAN,SIN_ASIGNAR,,FUERA_DEL_CANTON,
SC-2026-16991,-78.671743,-1.67339,2026-05-16,4,Patrullaje policial en el sector solicitado,RIOBAMBA,SIN_ASIGNAR,,DENTRO_CANTON_FUERA_PLATAFORMAS_Y_PARROQUIAS_RURALES,
SC-2026-17020,-78.63696,-1.644054,2026-05-16,4,Patrullaje policial en el sector solicitado,RIOBAMBA,SIN_ASIGNAR,,DENTRO_CANTON_FUERA_PLATAFORMAS_Y_PARROQUIAS_RURALES,
SC-2026-17038,-78.671743,-1.67339,2026-05-17,4,Patrullaje policial en el sector solicitado,RIOBAMBA,SIN_ASIGNAR,,DENTRO_CANTON_FUERA_PLATAFORMAS_Y_PARROQUIAS_RURALES,
SC-2026-17062,-78.630887,-1.652877,2026-05-17,4,Patrullaje policial en el sector solicitado,RIOBAMBA,SIN_ASIGNAR,,DENTRO_CANTON_FUERA_PLATAFORMAS_Y_PARROQUIAS_RURALES,
SC-2026-17093,-78.671743,-1.67339,2026-05-18,4,Patrullaje policial en el sector solicitado,RIOBAMBA,SIN_ASIGNAR,,DENTRO_CANTON_FUERA_PLATAFORMAS_Y_PARROQUIAS_RURALES,
SC-2026-17133,-78.624666,-1.675399,2026-05-19,4,Patrullaje policial en el sector solicitado,RIOBAMBA,SIN_ASIGNAR,,DENTRO_CANTON_FUERA_PLATAFORMAS_Y_PARROQUIAS_RURALES,
SC-2026-17177,-78.666526,-1.672616,2026-05-20,4,Patrullaje policial en el sector solicitado,RIOBAMBA,SIN_ASIGNAR,,DENTRO_CANTON_FUERA_PLATAFORMAS_Y_PARROQUIAS_RURALES,
SC-2026-17197,-78.632103,-1.661724,2026-05-20,4,Patrullaje policial en el sector solicitado,RIOBAMBA,SIN_ASIGNAR,,DENTRO_CANTON_FUERA_PLATAFORMAS_Y_PARROQUIAS_RURALES,
SC-2026-17204,-78.628782,-1.657907,2026-05-20,4,Patrullaje policial en el sector solicitado,RIOBAMBA,SIN_ASIGNAR,,DENTRO_CANTON_FUERA_PLATAFORMAS_Y_PARROQUIAS_RURALES,
SC-2026-17209,-78.630887,-1.652877,2026-05-20,4,Patrullaje policial en el sector solicitado,RIOBAMBA,SIN_ASIGNAR,,DENTRO_CANTON_FUERA_PLATAFORMAS_Y_PARROQUIAS_RURALES,
SC-2026-17228,-78.671743,-1.67339,2026-05-21,4,Patrullaje policial en el sector solicitado,RIOBAMBA,SIN_ASIGNAR,,DENTRO_CANTON_FUERA_PLATAFORMAS_Y_PARROQUIAS_RURALES,
SC-2026-17303,-78.679057,-1.667231,2026-05-22,4,Patrullaje policial en el sector solicitado,RIOBAMBA,SIN_ASIGNAR,,DENTRO_CANTON_FUERA_PLATAFORMAS_Y_PARROQUIAS_RURALES,
SC-2026-17331,-78.628782,-1.657907,2026-05-22,4,Patrullaje policial en el sector solicitado,RIOBAMBA,SIN_ASIGNAR,,DENTRO_CANTON_FUERA_PLATAFORMAS_Y_PARROQUIAS_RURALES,
SC-2026-17336,-78.657168,-1.65626,2026-05-22,4,Patrullaje policial en el sector solicitado,RIOBAMBA,SIN_ASIGNAR,,DENTRO_CANTON_FUERA_PLATAFORMAS_Y_PARROQUIAS_RURALES,
SC-2026-17358,-78.684131,-1.679903,2026-05-23,4,Patrullaje policial en el sector solicitado,RIOBAMBA,SIN_ASIGNAR,,DENTRO_CANTON_FUERA_PLATAFORMAS_Y_PARROQUIAS_RURALES,
SC-2026-17389,-78.652119,-1.657788,2026-05-23,4,Patrullaje policial en el sector solicitado,RIOBAMBA,SIN_ASIGNAR,,DENTRO_CANTON_FUERA_PLATAFORMAS_Y_PARROQUIAS_RURALES,
SC-2026-17395,-78.627977,-1.653215,2026-05-23,4,Patrullaje policial en el sector solicitado,RIOBAMBA,SIN_ASIGNAR,,DENTRO_CANTON_FUERA_PLATAFORMAS_Y_PARROQUIAS_RURALES,
SC-2026-17405,-78.625764,-1.690108,2026-05-23,4,Patrullaje policial en el sector solicitado,SAN LUIS,SIN_ASIGNAR,,DENTRO_CANTON_FUERA_PLATAFORMAS_Y_PARROQUIAS_RURALES,
SC-2026-17431,-78.628812,-1.672217,2026-05-24,4,Patrullaje policial en el sector solicitado,RIOBAMBA,SIN_ASIGNAR,,DENTRO_CANTON_FUERA_PLATAFORMAS_Y_PARROQUIAS_RURALES,
SC-2026-17461,-78.633721,-1.655181,2026-05-24,4,Patrullaje policial en el sector solicitado,RIOBAMBA,SIN_ASIGNAR,,DENTRO_CANTON_FUERA_PLATAFORMAS_Y_PARROQUIAS_RURALES,
SC-2026-17466,-78.650056,-1.649837,2026-05-24,4,Patrullaje policial en el sector solicitado,RIOBAMBA,SIN_ASIGNAR,,DENTRO_CANTON_FUERA_PLATAFORMAS_Y_PARROQUIAS_RURALES,
SC-2026-17491,-78.628383,-1.66947,2026-05-25,4,Patrullaje policial en el sector solicitado,RIOBAMBA,SIN_ASIGNAR,,DENTRO_CANTON_FUERA_PLATAFORMAS_Y_PARROQUIAS_RURALES,
SC-2026-17547,-78.657168,-1.65626,2026-05-26,4,Patrullaje policial en el sector solicitado,RIOBAMBA,SIN_ASIGNAR,,DENTRO_CANTON_FUERA_PLATAFORMAS_Y_PARROQUIAS_RURALES,
SC-2026-17553,-78.63696,-1.644054,2026-05-26,4,Patrullaje policial en el sector solicitado,RIOBAMBA,SIN_ASIGNAR,,DENTRO_CANTON_FUERA_PLATAFORMAS_Y_PARROQUIAS_RURALES,
SC-2026-17561,-78.700687,-1.698382,2026-05-27,4,Patrullaje policial en el sector solicitado,RIOBAMBA,SIN_ASIGNAR,,DENTRO_CANTON_FUERA_PLATAFORMAS_Y_PARROQUIAS_RURALES,
SC-2026-17579,-78.679057,-1.667231,2026-05-27,4,Patrullaje policial en el sector solicitado,RIOBAMBA,SIN_ASIGNAR,,DENTRO_CANTON_FUERA_PLATAFORMAS_Y_PARROQUIAS_RURALES,
SC-2026-17634,-78.639404,-1.691725,2026-05-29,4,Patrullaje policial en el sector solicitado,RIOBAMBA,SIN_ASIGNAR,,DENTRO_CANTON_FUERA_PLATAFORMAS_Y_PARROQUIAS_RURALES,
SC-2026-17702,-78.671743,-1.67339,2026-05-30,4,Patrullaje policial en el sector solicitado,RIOBAMBA,SIN_ASIGNAR,,DENTRO_CANTON_FUERA_PLATAFORMAS_Y_PARROQUIAS_RURALES,
SC-2026-17726,-78.627587,-1.654501,2026-05-30,4,Patrullaje policial en el sector solicitado,RIOBAMBA,SIN_ASIGNAR,,DENTRO_CANTON_FUERA_PLATAFORMAS_Y_PARROQUIAS_RURALES,
SC-2026-17732,-78.650363,-1.648282,2026-05-30,4,Patrullaje policial en el sector solicitado,RIOBAMBA,SIN_ASIGNAR,,DENTRO_CANTON_FUERA_PLATAFORMAS_Y_PARROQUIAS_RURALES,
SC-2026-17827,-78.650056,-1.649837,2026-06-01,4,Patrullaje policial en el sector solicitado,RIOBAMBA,SIN_ASIGNAR,,DENTRO_CANTON_FUERA_PLATAFORMAS_Y_PARROQUIAS_RURALES,
SC-2026-17838,-78.671693,-1.692589,2026-06-02,4,Patrullaje policial en el sector solicitado,RIOBAMBA,SIN_ASIGNAR,,DENTRO_CANTON_FUERA_PLATAFORMAS_Y_PARROQUIAS_RURALES,
SC-2026-17905,-78.628782,-1.657907,2026-06-03,4,Patrullaje policial en el sector solicitado,RIOBAMBA,SIN_ASIGNAR,,DENTRO_CANTON_FUERA_PLATAFORMAS_Y_PARROQUIAS_RURALES,
SC-2026-17917,-78.639409,-1.691719,2026-06-04,4,Patrullaje policial en el sector solicitado,RIOBAMBA,SIN_ASIGNAR,,DENTRO_CANTON_FUERA_PLATAFORMAS_Y_PARROQUIAS_RURALES,
SC-2026-17933,-78.671743,-1.67339,2026-06-04,4,Patrullaje policial en el sector solicitado,RIOBAMBA,SIN_ASIGNAR,,DENTRO_CANTON_FUERA_PLATAFORMAS_Y_PARROQUIAS_RURALES,
SC-2026-17948,-78.616045,-1.665805,2026-06-04,4,Patrullaje policial en el sector solicitado,RIOBAMBA,SIN_ASIGNAR,,DENTRO_CANTON_FUERA_PLATAFORMAS_Y_PARROQUIAS_RURALES,
SC-2026-17988,-78.66859,-1.672014,2026-06-05,4,Patrullaje policial en el sector solicitado,RIOBAMBA,SIN_ASIGNAR,,DENTRO_CANTON_FUERA_PLATAFORMAS_Y_PARROQUIAS_RURALES,
SC-2026-18034,-78.663925,-1.682214,2026-06-06,4,Patrullaje policial en el sector solicitado,RIOBAMBA,SIN_ASIGNAR,,DENTRO_CANTON_FUERA_PLATAFORMAS_Y_PARROQUIAS_RURALES,
SC-2026-18048,-78.671743,-1.67339,2026-06-06,4,Patrullaje policial en el sector solicitado,RIOBAMBA,SIN_ASIGNAR,,DENTRO_CANTON_FUERA_PLATAFORMAS_Y_PARROQUIAS_RURALES,
SC-2026-18145,-78.655545,-1.685608,2026-06-08,4,Patrullaje policial en el sector solicitado,RIOBAMBA,SIN_ASIGNAR,,DENTRO_CANTON_FUERA_PLATAFORMAS_Y_PARROQUIAS_RURALES,
SC-2026-18222,-78.627977,-1.653215,2026-06-09,4,Patrullaje policial en el sector solicitado,RIOBAMBA,SIN_ASIGNAR,,DENTRO_CANTON_FUERA_PLATAFORMAS_Y_PARROQUIAS_RURALES,
SC-2026-18229,-78.63912,-1.641682,2026-06-09,4,Patrullaje policial en el sector solicitado,RIOBAMBA,SIN_ASIGNAR,,DENTRO_CANTON_FUERA_PLATAFORMAS_Y_PARROQUIAS_RURALES,
SC-2026-18272,-78.639356,-1.642518,2026-06-10,4,Patrullaje policial en el sector solicitado,RIOBAMBA,SIN_ASIGNAR,,DENTRO_CANTON_FUERA_PLATAFORMAS_Y_PARROQUIAS_RURALES,
SC-2026-18283,-78.680981,-1.681929,2026-06-11,4,Patrullaje policial en el sector solicitado,RIOBAMBA,SIN_ASIGNAR,,DENTRO_CANTON_FUERA_PLATAFORMAS_Y_PARROQUIAS_RURALES,
SC-2026-18300,-78.624265,-1.663248,2026-06-11,4,Patrullaje policial en el sector solicitado,RIOBAMBA,SIN_ASIGNAR,,DENTRO_CANTON_FUERA_PLATAFORMAS_Y_PARROQUIAS_RURALES,
SC-2026-18310,-78.630887,-1.652877,2026-06-11,4,Patrullaje policial en el sector solicitado,RIOBAMBA,SIN_ASIGNAR,,DENTRO_CANTON_FUERA_PLATAFORMAS_Y_PARROQUIAS_RURALES,
SC-2026-18325,-78.655909,-1.685573,2026-06-12,4,Patrullaje policial en el sector solicitado,RIOBAMBA,SIN_ASIGNAR,,DENTRO_CANTON_FUERA_PLATAFORMAS_Y_PARROQUIAS_RURALES,
SC-2026-18329,-78.684133,-1.679655,2026-06-12,4,Patrullaje policial en el sector solicitado,RIOBAMBA,SIN_ASIGNAR,,DENTRO_CANTON_FUERA_PLATAFORMAS_Y_PARROQUIAS_RURALES,
SC-2026-18352,-78.630791,-1.65676,2026-06-12,4,Patrullaje policial en el sector solicitado,RIOBAMBA,SIN_ASIGNAR,,DENTRO_CANTON_FUERA_PLATAFORMAS_Y_PARROQUIAS_RURALES,
SC-2026-18421,-78.63696,-1.644054,2026-06-13,4,Patrullaje policial en el sector solicitado,RIOBAMBA,SIN_ASIGNAR,,DENTRO_CANTON_FUERA_PLATAFORMAS_Y_PARROQUIAS_RURALES,
SC-2026-18435,-78.621676,-1.681324,2026-06-14,4,Patrullaje policial en el sector solicitado,RIOBAMBA,SIN_ASIGNAR,,DENTRO_CANTON_FUERA_PLATAFORMAS_Y_PARROQUIAS_RURALES,
SC-2026-18473,-78.63696,-1.644054,2026-06-14,4,Patrullaje policial en el sector solicitado,RIOBAMBA,SIN_ASIGNAR,,DENTRO_CANTON_FUERA_PLATAFORMAS_Y_PARROQUIAS_RURALES,
SC-2026-18475,-78.62657,-1.691192,2026-06-14,4,Patrullaje policial en el sector solicitado,SAN LUIS,SIN_ASIGNAR,,DENTRO_CANTON_FUERA_PLATAFORMAS_Y_PARROQUIAS_RURALES,
SC-2026-18489,-78.668633,-1.672026,2026-06-15,4,Patrullaje policial en el sector solicitado,RIOBAMBA,SIN_ASIGNAR,,DENTRO_CANTON_FUERA_PLATAFORMAS_Y_PARROQUIAS_RURALES,
SC-2026-18493,-78.628683,-1.670586,2026-06-15,4,Patrullaje policial en el sector solicitado,RIOBAMBA,SIN_ASIGNAR,,DENTRO_CANTON_FUERA_PLATAFORMAS_Y_PARROQUIAS_RURALES,
SC-2026-18508,-78.657168,-1.65626,2026-06-15,4,Patrullaje policial en el sector solicitado,RIOBAMBA,SIN_ASIGNAR,,DENTRO_CANTON_FUERA_PLATAFORMAS_Y_PARROQUIAS_RURALES,
SC-2026-18527,-78.659781,-1.68327,2026-06-16,4,Patrullaje policial en el sector solicitado,RIOBAMBA,SIN_ASIGNAR,,DENTRO_CANTON_FUERA_PLATAFORMAS_Y_PARROQUIAS_RURALES,
SC-2026-18532,-78.669748,-1.672451,2026-06-16,4,Patrullaje policial en el sector solicitado,RIOBAMBA,SIN_ASIGNAR,,DENTRO_CANTON_FUERA_PLATAFORMAS_Y_PARROQUIAS_RURALES,
SC-2026-18536,-78.612172,-1.670129,2026-06-16,4,Patrullaje policial en el sector solicitado,RIOBAMBA,SIN_ASIGNAR,,DENTRO_CANTON_FUERA_PLATAFORMAS_Y_PARROQUIAS_RURALES,
SC-2026-18566,-78.667838,-1.685847,2026-06-17,4,Patrullaje policial en el sector solicitado,RIOBAMBA,SIN_ASIGNAR,,DENTRO_CANTON_FUERA_PLATAFORMAS_Y_PARROQUIAS_RURALES,
SC-2026-18623,-78.870029,-1.486536,2026-06-17,4,Patrullaje policial en el sector solicitado,SAN JUAN,SIN_ASIGNAR,,FUERA_DEL_CANTON,
SC-2026-18669,-78.657168,-1.65626,2026-06-18,4,Patrullaje policial en el sector solicitado,RIOBAMBA,SIN_ASIGNAR,,DENTRO_CANTON_FUERA_PLATAFORMAS_Y_PARROQUIAS_RURALES,
SC-2026-18712,-78.627587,-1.654501,2026-06-19,4,Patrullaje policial en el sector solicitado,RIOBAMBA,SIN_ASIGNAR,,DENTRO_CANTON_FUERA_PLATAFORMAS_Y_PARROQUIAS_RURALES,
SC-2026-18724,-78.680856,-1.686366,2026-06-20,4,Patrullaje policial en el sector solicitado,RIOBAMBA,SIN_ASIGNAR,,DENTRO_CANTON_FUERA_PLATAFORMAS_Y_PARROQUIAS_RURALES,
SC-2026-18736,-78.681936,-1.679352,2026-06-20,4,Patrullaje policial en el sector solicitado,RIOBAMBA,SIN_ASIGNAR,,DENTRO_CANTON_FUERA_PLATAFORMAS_Y_PARROQUIAS_RURALES,
SC-2026-18744,-78.628962,-1.674116,2026-06-20,4,Patrullaje policial en el sector solicitado,RIOBAMBA,SIN_ASIGNAR,,DENTRO_CANTON_FUERA_PLATAFORMAS_Y_PARROQUIAS_RURALES,
SC-2026-18760,-78.676917,-1.665653,2026-06-20,4,Patrullaje policial en el sector solicitado,RIOBAMBA,SIN_ASIGNAR,,DENTRO_CANTON_FUERA_PLATAFORMAS_Y_PARROQUIAS_RURALES,
SC-2026-18776,-78.630773,-1.656709,2026-06-20,4,Patrullaje policial en el sector solicitado,RIOBAMBA,SIN_ASIGNAR,,DENTRO_CANTON_FUERA_PLATAFORMAS_Y_PARROQUIAS_RURALES,
SC-2026-18778,-78.627977,-1.653215,2026-06-20,4,Patrullaje policial en el sector solicitado,RIOBAMBA,SIN_ASIGNAR,,DENTRO_CANTON_FUERA_PLATAFORMAS_Y_PARROQUIAS_RURALES,
SC-2026-18822,-78.628782,-1.657907,2026-06-21,4,Patrullaje policial en el sector solicitado,RIOBAMBA,SIN_ASIGNAR,,DENTRO_CANTON_FUERA_PLATAFORMAS_Y_PARROQUIAS_RURALES,
SC-2026-18854,-78.671743,-1.67339,2026-06-22,4,Patrullaje policial en el sector solicitado,RIOBAMBA,SIN_ASIGNAR,,DENTRO_CANTON_FUERA_PLATAFORMAS_Y_PARROQUIAS_RURALES,
SC-2026-18923,-78.627977,-1.653215,2026-06-23,4,Patrullaje policial en el sector solicitado,RIOBAMBA,SIN_ASIGNAR,,DENTRO_CANTON_FUERA_PLATAFORMAS_Y_PARROQUIAS_RURALES,
SC-2026-18927,-78.674792,-1.637568,2026-06-23,4,Patrullaje policial en el sector solicitado,RIOBAMBA,SIN_ASIGNAR,,FUERA_DEL_CANTON,
SC-2026-18952,-78.627587,-1.654501,2026-06-24,4,Patrullaje policial en el sector solicitado,RIOBAMBA,SIN_ASIGNAR,,DENTRO_CANTON_FUERA_PLATAFORMAS_Y_PARROQUIAS_RURALES,
SC-2026-18975,-78.631602,-1.669663,2026-06-25,4,Patrullaje policial en el sector solicitado,RIOBAMBA,SIN_ASIGNAR,,DENTRO_CANTON_FUERA_PLATAFORMAS_Y_PARROQUIAS_RURALES,
SC-2026-19044,-78.628782,-1.657907,2026-06-26,4,Patrullaje policial en el sector solicitado,RIOBAMBA,SIN_ASIGNAR,,DENTRO_CANTON_FUERA_PLATAFORMAS_Y_PARROQUIAS_RURALES,
SC-2026-19061,-78.672337,-1.692192,2026-06-27,4,Patrullaje policial en el sector solicitado,RIOBAMBA,SIN_ASIGNAR,,DENTRO_CANTON_FUERA_PLATAFORMAS_Y_PARROQUIAS_RURALES,
SC-2026-19098,-78.631285,-1.657108,2026-06-27,4,Patrullaje policial en el sector solicitado,RIOBAMBA,SIN_ASIGNAR,,DENTRO_CANTON_FUERA_PLATAFORMAS_Y_PARROQUIAS_RURALES,
SC-2026-19099,-78.6547,-1.656771,2026-06-27,4,Patrullaje policial en el sector solicitado,RIOBAMBA,SIN_ASIGNAR,,DENTRO_CANTON_FUERA_PLATAFORMAS_Y_PARROQUIAS_RURALES,
SC-2026-19110,-78.63696,-1.644054,2026-06-27,4,Patrullaje policial en el sector solicitado,RIOBAMBA,SIN_ASIGNAR,,DENTRO_CANTON_FUERA_PLATAFORMAS_Y_PARROQUIAS_RURALES,
SC-2026-19160,-78.677173,-1.632827,2026-06-28,4,Patrullaje policial en el sector solicitado,RIOBAMBA,SIN_ASIGNAR,,FUERA_DEL_CANTON,
SC-2026-19161,-78.63986,-1.692231,2026-06-28,4,Patrullaje policial en el sector solicitado,SAN LUIS,SIN_ASIGNAR,,DENTRO_CANTON_FUERA_PLATAFORMAS_Y_PARROQUIAS_RURALES,
SC-2026-19168,-78.625417,-1.687743,2026-06-29,4,Patrullaje policial en el sector solicitado,RIOBAMBA,SIN_ASIGNAR,,DENTRO_CANTON_FUERA_PLATAFORMAS_Y_PARROQUIAS_RURALES,
SC-2026-19196,-78.627587,-1.654501,2026-06-29,4,Patrullaje policial en el sector solicitado,RIOBAMBA,SIN_ASIGNAR,,DENTRO_CANTON_FUERA_PLATAFORMAS_Y_PARROQUIAS_RURALES,
SC-2026-19214,-78.667838,-1.685847,2026-06-30,4,Patrullaje policial en el sector solicitado,RIOBAMBA,SIN_ASIGNAR,,DENTRO_CANTON_FUERA_PLATAFORMAS_Y_PARROQUIAS_RURALES,
SC-2026-19250,-78.641044,-1.645583,2026-06-30,4,Patrullaje policial en el sector solicitado,RIOBAMBA,SIN_ASIGNAR,,DENTRO_CANTON_FUERA_PLATAFORMAS_Y_PARROQUIAS_RURALES,
SC-2026-19262,-78.680641,-1.684435,2026-07-01,4,Patrullaje policial en el sector solicitado,RIOBAMBA,SIN_ASIGNAR,,DENTRO_CANTON_FUERA_PLATAFORMAS_Y_PARROQUIAS_RURALES,
SC-2026-19295,-78.630887,-1.652877,2026-07-01,4,Patrullaje policial en el sector solicitado,RIOBAMBA,SIN_ASIGNAR,,DENTRO_CANTON_FUERA_PLATAFORMAS_Y_PARROQUIAS_RURALES,
SC-2026-19300,-78.639404,-1.691725,2026-07-02,4,Patrullaje policial en el sector solicitado,RIOBAMBA,SIN_ASIGNAR,,DENTRO_CANTON_FUERA_PLATAFORMAS_Y_PARROQUIAS_RURALES,
SC-2026-19309,-78.631507,-1.669982,2026-07-02,4,Patrullaje policial en el sector solicitado,RIOBAMBA,SIN_ASIGNAR,,DENTRO_CANTON_FUERA_PLATAFORMAS_Y_PARROQUIAS_RURALES,
SC-2026-19322,-78.696248,-1.655531,2026-07-02,4,Patrullaje policial en el sector solicitado,RIOBAMBA,SIN_ASIGNAR,,DENTRO_CANTON_FUERA_PLATAFORMAS_Y_PARROQUIAS_RURALES,
SC-2026-19324,-78.659977,-1.65303,2026-07-02,4,Patrullaje policial en el sector solicitado,RIOBAMBA,SIN_ASIGNAR,,DENTRO_CANTON_FUERA_PLATAFORMAS_Y_PARROQUIAS_RURALES,
SC-2026-19326,-78.624154,-1.651561,2026-07-02,4,Patrullaje policial en el sector solicitado,RIOBAMBA,SIN_ASIGNAR,,DENTRO_CANTON_FUERA_PLATAFORMAS_Y_PARROQUIAS_RURALES,
SC-2026-19368,-78.63696,-1.644054,2026-07-03,4,Patrullaje policial en el sector solicitado,RIOBAMBA,SIN_ASIGNAR,,DENTRO_CANTON_FUERA_PLATAFORMAS_Y_PARROQUIAS_RURALES,
SC-2026-19459,-78.679057,-1.667231,2026-07-05,4,Patrullaje policial en el sector solicitado,RIOBAMBA,SIN_ASIGNAR,,DENTRO_CANTON_FUERA_PLATAFORMAS_Y_PARROQUIAS_RURALES,
SC-2026-19480,-78.630887,-1.652877,2026-07-05,4,Patrullaje policial en el sector solicitado,RIOBAMBA,SIN_ASIGNAR,,DENTRO_CANTON_FUERA_PLATAFORMAS_Y_PARROQUIAS_RURALES,
SC-2026-19490,-78.662656,-1.644221,2026-07-05,4,Patrullaje policial en el sector solicitado,RIOBAMBA,SIN_ASIGNAR,,DENTRO_CANTON_FUERA_PLATAFORMAS_Y_PARROQUIAS_RURALES,
SC-2026-19501,-78.625405,-1.681831,2026-07-06,4,Patrullaje policial en el sector solicitado,RIOBAMBA,SIN_ASIGNAR,,DENTRO_CANTON_FUERA_PLATAFORMAS_Y_PARROQUIAS_RURALES,
SC-2026-19556,-78.637854,-1.638785,2026-07-07,4,Patrullaje policial en el sector solicitado,RIOBAMBA,SIN_ASIGNAR,,FUERA_DEL_CANTON,
SC-2026-19561,-78.668625,-1.689177,2026-07-08,4,Patrullaje policial en el sector solicitado,RIOBAMBA,SIN_ASIGNAR,,DENTRO_CANTON_FUERA_PLATAFORMAS_Y_PARROQUIAS_RURALES,
SC-2026-19564,-78.610954,-1.683075,2026-07-08,4,Patrullaje policial en el sector solicitado,RIOBAMBA,SIN_ASIGNAR,,DENTRO_CANTON_FUERA_PLATAFORMAS_Y_PARROQUIAS_RURALES,
SC-2026-19566,-78.611397,-1.681848,2026-07-08,4,Patrullaje policial en el sector solicitado,RIOBAMBA,SIN_ASIGNAR,,DENTRO_CANTON_FUERA_PLATAFORMAS_Y_PARROQUIAS_RURALES,
SC-2026-19567,-78.625405,-1.681831,2026-07-08,4,Patrullaje policial en el sector solicitado,RIOBAMBA,SIN_ASIGNAR,,DENTRO_CANTON_FUERA_PLATAFORMAS_Y_PARROQUIAS_RURALES,
SC-2026-19600,-78.663572,-1.643185,2026-07-08,4,Patrullaje policial en el sector solicitado,RIOBAMBA,SIN_ASIGNAR,,FUERA_DEL_CANTON,
SC-2026-19612,-78.684096,-1.679661,2026-07-09,4,Patrullaje policial en el sector solicitado,RIOBAMBA,SIN_ASIGNAR,,DENTRO_CANTON_FUERA_PLATAFORMAS_Y_PARROQUIAS_RURALES,
SC-2026-19659,-78.668929,-1.672927,2026-07-10,4,Patrullaje policial en el sector solicitado,RIOBAMBA,SIN_ASIGNAR,,DENTRO_CANTON_FUERA_PLATAFORMAS_Y_PARROQUIAS_RURALES,
SC-2026-19660,-78.668633,-1.672026,2026-07-10,4,Patrullaje policial en el sector solicitado,RIOBAMBA,SIN_ASIGNAR,,DENTRO_CANTON_FUERA_PLATAFORMAS_Y_PARROQUIAS_RURALES,
SC-2026-19686,-78.627977,-1.653215,2026-07-10,4,Patrullaje policial en el sector solicitado,RIOBAMBA,SIN_ASIGNAR,,DENTRO_CANTON_FUERA_PLATAFORMAS_Y_PARROQUIAS_RURALES,
SC-2026-19742,-78.628782,-1.657907,2026-07-11,4,Patrullaje policial en el sector solicitado,RIOBAMBA,SIN_ASIGNAR,,DENTRO_CANTON_FUERA_PLATAFORMAS_Y_PARROQUIAS_RURALES,
SC-2026-19762,-78.667838,-1.685847,2026-07-12,4,Patrullaje policial en el sector solicitado,RIOBAMBA,SIN_ASIGNAR,,DENTRO_CANTON_FUERA_PLATAFORMAS_Y_PARROQUIAS_RURALES,
SC-2026-19802,-78.63696,-1.644054,2026-07-12,4,Patrullaje policial en el sector solicitado,RIOBAMBA,SIN_ASIGNAR,,DENTRO_CANTON_FUERA_PLATAFORMAS_Y_PARROQUIAS_RURALES,
SC-2026-19811,-78.671551,-1.688142,2026-07-13,4,Patrullaje policial en el sector solicitado,RIOBAMBA,SIN_ASIGNAR,,DENTRO_CANTON_FUERA_PLATAFORMAS_Y_PARROQUIAS_RURALES,
SC-2026-19814,-78.659781,-1.68327,2026-07-13,4,Patrullaje policial en el sector solicitado,RIOBAMBA,SIN_ASIGNAR,,DENTRO_CANTON_FUERA_PLATAFORMAS_Y_PARROQUIAS_RURALES,
SC-2026-19830,-78.679057,-1.667231,2026-07-13,4,Patrullaje policial en el sector solicitado,RIOBAMBA,SIN_ASIGNAR,,DENTRO_CANTON_FUERA_PLATAFORMAS_Y_PARROQUIAS_RURALES,
SC-2026-19838,-78.628782,-1.657907,2026-07-13,4,Patrullaje policial en el sector solicitado,RIOBAMBA,SIN_ASIGNAR,,DENTRO_CANTON_FUERA_PLATAFORMAS_Y_PARROQUIAS_RURALES,
SC-2026-19841,-78.625676,-1.65112,2026-07-13,4,Patrullaje policial en el sector solicitado,RIOBAMBA,SIN_ASIGNAR,,DENTRO_CANTON_FUERA_PLATAFORMAS_Y_PARROQUIAS_RURALES,
SC-2026-19855,-78.671743,-1.67339,2026-07-14,4,Patrullaje policial en el sector solicitado,RIOBAMBA,SIN_ASIGNAR,,DENTRO_CANTON_FUERA_PLATAFORMAS_Y_PARROQUIAS_RURALES,
SC-2026-19875,-78.62542,-1.652591,2026-07-14,4,Patrullaje policial en el sector solicitado,RIOBAMBA,SIN_ASIGNAR,,DENTRO_CANTON_FUERA_PLATAFORMAS_Y_PARROQUIAS_RURALES,
SC-2026-19921,-78.666613,-1.680039,2026-07-16,4,Patrullaje policial en el sector solicitado,RIOBAMBA,SIN_ASIGNAR,,DENTRO_CANTON_FUERA_PLATAFORMAS_Y_PARROQUIAS_RURALES,
SC-2026-19943,-78.632798,-1.658251,2026-07-16,4,Patrullaje policial en el sector solicitado,RIOBAMBA,SIN_ASIGNAR,,DENTRO_CANTON_FUERA_PLATAFORMAS_Y_PARROQUIAS_RURALES,
SC-2026-19960,-78.667838,-1.685847,2026-07-17,4,Patrullaje policial en el sector solicitado,RIOBAMBA,SIN_ASIGNAR,,DENTRO_CANTON_FUERA_PLATAFORMAS_Y_PARROQUIAS_RURALES,
SC-2026-20006,-78.681434,-1.625343,2026-07-18,4,Patrullaje policial en el sector solicitado,LICAN,SIN_ASIGNAR,,FUERA_DEL_CANTON,
SC-2026-20057,-78.59833,-1.635335,2026-07-19,4,Patrullaje policial en el sector solicitado,CUBIJIES,SIN_ASIGNAR,,FUERA_DEL_CANTON,
SC-2026-20062,-78.674683,-1.677199,2026-07-19,4,Patrullaje policial en el sector solicitado,RIOBAMBA,SIN_ASIGNAR,,DENTRO_CANTON_FUERA_PLATAFORMAS_Y_PARROQUIAS_RURALES,
SC-2026-20073,-78.679057,-1.667231,2026-07-19,4,Patrullaje policial en el sector solicitado,RIOBAMBA,SIN_ASIGNAR,,DENTRO_CANTON_FUERA_PLATAFORMAS_Y_PARROQUIAS_RURALES,
SC-2026-20104,-78.628099,-1.675758,2026-07-20,4,Patrullaje policial en el sector solicitado,RIOBAMBA,SIN_ASIGNAR,,DENTRO_CANTON_FUERA_PLATAFORMAS_Y_PARROQUIAS_RURALES,
SC-2026-20115,-78.616045,-1.665805,2026-07-20,4,Patrullaje policial en el sector solicitado,RIOBAMBA,SIN_ASIGNAR,,DENTRO_CANTON_FUERA_PLATAFORMAS_Y_PARROQUIAS_RURALES,
SC-2026-20153,-78.626311,-1.679054,2026-07-21,4,Patrullaje policial en el sector solicitado,RIOBAMBA,SIN_ASIGNAR,,DENTRO_CANTON_FUERA_PLATAFORMAS_Y_PARROQUIAS_RURALES,
SC-2026-20191,-78.630836,-1.656476,2026-07-21,4,Patrullaje policial en el sector solicitado,RIOBAMBA,SIN_ASIGNAR,,DENTRO_CANTON_FUERA_PLATAFORMAS_Y_PARROQUIAS_RURALES,
SC-2026-20200,-78.63696,-1.644054,2026-07-21,4,Patrullaje policial en el sector solicitado,RIOBAMBA,SIN_ASIGNAR,,DENTRO_CANTON_FUERA_PLATAFORMAS_Y_PARROQUIAS_RURALES,
SC-2026-20203,-78.63986,-1.692231,2026-07-21,4,Patrullaje policial en el sector solicitado,SAN LUIS,SIN_ASIGNAR,,DENTRO_CANTON_FUERA_PLATAFORMAS_Y_PARROQUIAS_RURALES,
SC-2026-20209,-78.680341,-1.68098,2026-07-22,4,Patrullaje policial en el sector solicitado,RIOBAMBA,SIN_ASIGNAR,,DENTRO_CANTON_FUERA_PLATAFORMAS_Y_PARROQUIAS_RURALES,
SC-2026-20215,-78.671743,-1.67339,2026-07-22,4,Patrullaje policial en el sector solicitado,RIOBAMBA,SIN_ASIGNAR,,DENTRO_CANTON_FUERA_PLATAFORMAS_Y_PARROQUIAS_RURALES,
SC-2026-20247,-78.681434,-1.625343,2026-07-23,4,Patrullaje policial en el sector solicitado,LICAN,SIN_ASIGNAR,,FUERA_DEL_CANTON,
SC-2026-20283,-78.628782,-1.657907,2026-07-23,4,Patrullaje policial en el sector solicitado,RIOBAMBA,SIN_ASIGNAR,,DENTRO_CANTON_FUERA_PLATAFORMAS_Y_PARROQUIAS_RURALES,
SC-2026-20345,-78.623372,-1.686426,2026-07-25,4,Patrullaje policial en el sector solicitado,RIOBAMBA,SIN_ASIGNAR,,DENTRO_CANTON_FUERA_PLATAFORMAS_Y_PARROQUIAS_RURALES,
SC-2026-20389,-78.636188,-1.657477,2026-07-25,4,Patrullaje policial en el sector solicitado,RIOBAMBA,SIN_ASIGNAR,,DENTRO_CANTON_FUERA_PLATAFORMAS_Y_PARROQUIAS_RURALES,
SC-2026-20393,-78.627977,-1.653215,2026-07-25,4,Patrullaje policial en el sector solicitado,RIOBAMBA,SIN_ASIGNAR,,DENTRO_CANTON_FUERA_PLATAFORMAS_Y_PARROQUIAS_RURALES,
SC-2026-20395,-78.623852,-1.650912,2026-07-25,4,Patrullaje policial en el sector solicitado,RIOBAMBA,SIN_ASIGNAR,,DENTRO_CANTON_FUERA_PLATAFORMAS_Y_PARROQUIAS_RURALES,
SC-2026-20398,-78.63696,-1.644054,2026-07-25,4,Patrullaje policial en el sector solicitado,RIOBAMBA,SIN_ASIGNAR,,DENTRO_CANTON_FUERA_PLATAFORMAS_Y_PARROQUIAS_RURALES,
SC-2026-20446,-78.660984,-1.648134,2026-07-26,4,Patrullaje policial en el sector solicitado,RIOBAMBA,SIN_ASIGNAR,,DENTRO_CANTON_FUERA_PLATAFORMAS_Y_PARROQUIAS_RURALES,
SC-2026-20451,-78.62657,-1.691192,2026-07-26,4,Patrullaje policial en el sector solicitado,SAN LUIS,SIN_ASIGNAR,,DENTRO_CANTON_FUERA_PLATAFORMAS_Y_PARROQUIAS_RURALES,
SC-2026-20507,-78.671743,-1.67339,2026-07-28,4,Patrullaje policial en el sector solicitado,RIOBAMBA,SIN_ASIGNAR,,DENTRO_CANTON_FUERA_PLATAFORMAS_Y_PARROQUIAS_RURALES,
SC-2026-20626,-78.6547,-1.656771,2026-07-30,4,Patrullaje policial en el sector solicitado,RIOBAMBA,SIN_ASIGNAR,,DENTRO_CANTON_FUERA_PLATAFORMAS_Y_PARROQUIAS_RURALES,
SC-2026-20630,-78.65971,-1.653506,2026-07-30,4,Patrullaje policial en el sector solicitado,RIOBAMBA,SIN_ASIGNAR,,DENTRO_CANTON_FUERA_PLATAFORMAS_Y_PARROQUIAS_RURALES,
SC-2026-20634,-78.650242,-1.647656,2026-07-30,4,Patrullaje policial en el sector solicitado,RIOBAMBA,SIN_ASIGNAR,,FUERA_DEL_CANTON,
SC-2026-20682,-78.657168,-1.65626,2026-07-31,4,Patrullaje policial en el sector solicitado,RIOBAMBA,SIN_ASIGNAR,,DENTRO_CANTON_FUERA_PLATAFORMAS_Y_PARROQUIAS_RURALES,
SC-2026-20734,-78.629322,-1.654432,2026-08-01,4,Patrullaje policial en el sector solicitado,RIOBAMBA,SIN_ASIGNAR,,DENTRO_CANTON_FUERA_PLATAFORMAS_Y_PARROQUIAS_RURALES,
SC-2026-20825,-78.666613,-1.680039,2026-08-04,4,Patrullaje policial en el sector solicitado,RIOBAMBA,SIN_ASIGNAR,,DENTRO_CANTON_FUERA_PLATAFORMAS_Y_PARROQUIAS_RURALES,
SC-2026-20857,-78.667838,-1.685847,2026-08-05,4,Patrullaje policial en el sector solicitado,RIOBAMBA,SIN_ASIGNAR,,DENTRO_CANTON_FUERA_PLATAFORMAS_Y_PARROQUIAS_RURALES,
SC-2026-20916,-78.626298,-1.678201,2026-08-07,4,Patrullaje policial en el sector solicitado,RIOBAMBA,SIN_ASIGNAR,,DENTRO_CANTON_FUERA_PLATAFORMAS_Y_PARROQUIAS_RURALES,
SC-2026-21024,-78.628383,-1.66947,2026-08-09,4,Patrullaje policial en el sector solicitado,RIOBAMBA,SIN_ASIGNAR,,DENTRO_CANTON_FUERA_PLATAFORMAS_Y_PARROQUIAS_RURALES,
SC-2026-21044,-78.657168,-1.65626,2026-08-09,4,Patrullaje policial en el sector solicitado,RIOBAMBA,SIN_ASIGNAR,,DENTRO_CANTON_FUERA_PLATAFORMAS_Y_PARROQUIAS_RURALES,
SC-2026-21048,-78.627977,-1.653215,2026-08-09,4,Patrullaje policial en el sector solicitado,RIOBAMBA,SIN_ASIGNAR,,DENTRO_CANTON_FUERA_PLATAFORMAS_Y_PARROQUIAS_RURALES,
SC-2026-21049,-78.630887,-1.652877,2026-08-09,4,Patrullaje policial en el sector solicitado,RIOBAMBA,SIN_ASIGNAR,,DENTRO_CANTON_FUERA_PLATAFORMAS_Y_PARROQUIAS_RURALES,
SC-2026-21094,-78.630887,-1.652877,2026-08-10,4,Patrullaje policial en el sector solicitado,RIOBAMBA,SIN_ASIGNAR,,DENTRO_CANTON_FUERA_PLATAFORMAS_Y_PARROQUIAS_RURALES,
SC-2026-21113,-78.62648,-1.677059,2026-08-11,4,Patrullaje policial en el sector solicitado,RIOBAMBA,SIN_ASIGNAR,,DENTRO_CANTON_FUERA_PLATAFORMAS_Y_PARROQUIAS_RURALES,
SC-2026-21118,-78.671743,-1.67339,2026-08-11,4,Patrullaje policial en el sector solicitado,RIOBAMBA,SIN_ASIGNAR,,DENTRO_CANTON_FUERA_PLATAFORMAS_Y_PARROQUIAS_RURALES,
SC-2026-21154,-78.62648,-1.677059,2026-08-12,4,Patrullaje policial en el sector solicitado,RIOBAMBA,SIN_ASIGNAR,,DENTRO_CANTON_FUERA_PLATAFORMAS_Y_PARROQUIAS_RURALES,
SC-2026-21193,-78.666613,-1.680039,2026-08-13,4,Patrullaje policial en el sector solicitado,RIOBAMBA,SIN_ASIGNAR,,DENTRO_CANTON_FUERA_PLATAFORMAS_Y_PARROQUIAS_RURALES,
SC-2026-21214,-78.631337,-1.657102,2026-08-13,4,Patrullaje policial en el sector solicitado,RIOBAMBA,SIN_ASIGNAR,,DENTRO_CANTON_FUERA_PLATAFORMAS_Y_PARROQUIAS_RURALES,
SC-2026-21223,-78.63696,-1.644054,2026-08-13,4,Patrullaje policial en el sector solicitado,RIOBAMBA,SIN_ASIGNAR,,DENTRO_CANTON_FUERA_PLATAFORMAS_Y_PARROQUIAS_RURALES,
SC-2026-21278,-78.660078,-1.654639,2026-08-14,4,Patrullaje policial en el sector solicitado,RIOBAMBA,SIN_ASIGNAR,,DENTRO_CANTON_FUERA_PLATAFORMAS_Y_PARROQUIAS_RURALES,
SC-2026-21294,-78.659781,-1.68327,2026-08-15,4,Patrullaje policial en el sector solicitado,RIOBAMBA,SIN_ASIGNAR,,DENTRO_CANTON_FUERA_PLATAFORMAS_Y_PARROQUIAS_RURALES,
SC-2026-21436,-78.638321,-1.646686,2026-08-17,4,Patrullaje policial en el sector solicitado,RIOBAMBA,SIN_ASIGNAR,,DENTRO_CANTON_FUERA_PLATAFORMAS_Y_PARROQUIAS_RURALES,
SC-2026-21475,-78.627977,-1.653215,2026-08-18,4,Patrullaje policial en el sector solicitado,RIOBAMBA,SIN_ASIGNAR,,DENTRO_CANTON_FUERA_PLATAFORMAS_Y_PARROQUIAS_RURALES,
SC-2026-21492,-78.659781,-1.68327,2026-08-19,4,Patrullaje policial en el sector solicitado,RIOBAMBA,SIN_ASIGNAR,,DENTRO_CANTON_FUERA_PLATAFORMAS_Y_PARROQUIAS_RURALES,
SC-2026-21524,-78.624388,-1.689504,2026-08-19,4,Patrullaje policial en el sector solicitado,SAN LUIS,SIN_ASIGNAR,,DENTRO_CANTON_FUERA_PLATAFORMAS_Y_PARROQUIAS_RURALES,
SC-2026-21528,-78.639409,-1.691719,2026-08-20,4,Patrullaje policial en el sector solicitado,RIOBAMBA,SIN_ASIGNAR,,DENTRO_CANTON_FUERA_PLATAFORMAS_Y_PARROQUIAS_RURALES,
SC-2026-21617,-78.679057,-1.667231,2026-08-22,4,Patrullaje policial en el sector solicitado,RIOBAMBA,SIN_ASIGNAR,,DENTRO_CANTON_FUERA_PLATAFORMAS_Y_PARROQUIAS_RURALES,
SC-2026-21636,-78.627587,-1.654501,2026-08-22,4,Patrullaje policial en el sector solicitado,RIOBAMBA,SIN_ASIGNAR,,DENTRO_CANTON_FUERA_PLATAFORMAS_Y_PARROQUIAS_RURALES,
SC-2026-21644,-78.63696,-1.644054,2026-08-22,4,Patrullaje policial en el sector solicitado,RIOBAMBA,SIN_ASIGNAR,,DENTRO_CANTON_FUERA_PLATAFORMAS_Y_PARROQUIAS_RURALES,
SC-2026-21645,-78.662798,-1.643931,2026-08-22,4,Patrullaje policial en el sector solicitado,RIOBAMBA,SIN_ASIGNAR,,DENTRO_CANTON_FUERA_PLATAFORMAS_Y_PARROQUIAS_RURALES,
SC-2026-21656,-78.667838,-1.685847,2026-08-23,4,Patrullaje policial en el sector solicitado,RIOBAMBA,SIN_ASIGNAR,,DENTRO_CANTON_FUERA_PLATAFORMAS_Y_PARROQUIAS_RURALES,
SC-2026-21672,-78.671743,-1.67339,2026-08-23,4,Patrullaje policial en el sector solicitado,RIOBAMBA,SIN_ASIGNAR,,DENTRO_CANTON_FUERA_PLATAFORMAS_Y_PARROQUIAS_RURALES,
SC-2026-21685,-78.679057,-1.667231,2026-08-23,4,Patrullaje policial en el sector solicitado,RIOBAMBA,SIN_ASIGNAR,,DENTRO_CANTON_FUERA_PLATAFORMAS_Y_PARROQUIAS_RURALES,
SC-2026-21699,-78.630643,-1.660576,2026-08-23,4,Patrullaje policial en el sector solicitado,RIOBAMBA,SIN_ASIGNAR,,DENTRO_CANTON_FUERA_PLATAFORMAS_Y_PARROQUIAS_RURALES,
SC-2026-21725,-78.671743,-1.67339,2026-08-24,4,Patrullaje policial en el sector solicitado,RIOBAMBA,SIN_ASIGNAR,,DENTRO_CANTON_FUERA_PLATAFORMAS_Y_PARROQUIAS_RURALES,
SC-2026-21746,-78.628782,-1.657907,2026-08-24,4,Patrullaje policial en el sector solicitado,RIOBAMBA,SIN_ASIGNAR,,DENTRO_CANTON_FUERA_PLATAFORMAS_Y_PARROQUIAS_RURALES,
SC-2026-21751,-78.63696,-1.644054,2026-08-24,4,Patrullaje policial en el sector solicitado,RIOBAMBA,SIN_ASIGNAR,,DENTRO_CANTON_FUERA_PLATAFORMAS_Y_PARROQUIAS_RURALES,
SC-2026-21806,-78.625405,-1.681831,2026-08-26,4,Patrullaje policial en el sector solicitado,RIOBAMBA,SIN_ASIGNAR,,DENTRO_CANTON_FUERA_PLATAFORMAS_Y_PARROQUIAS_RURALES,
SC-2026-21847,-78.626629,-1.679175,2026-08-27,4,Patrullaje policial en el sector solicitado,RIOBAMBA,SIN_ASIGNAR,,DENTRO_CANTON_FUERA_PLATAFORMAS_Y_PARROQUIAS_RURALES,
SC-2026-21864,-78.657168,-1.65626,2026-08-27,4,Patrullaje policial en el sector solicitado,RIOBAMBA,SIN_ASIGNAR,,DENTRO_CANTON_FUERA_PLATAFORMAS_Y_PARROQUIAS_RURALES,
SC-2026-21914,-78.628782,-1.657907,2026-08-28,4,Patrullaje policial en el sector solicitado,RIOBAMBA,SIN_ASIGNAR,,DENTRO_CANTON_FUERA_PLATAFORMAS_Y_PARROQUIAS_RURALES,
SC-2026-21961,-78.634086,-1.663391,2026-08-29,4,Patrullaje policial en el sector solicitado,RIOBAMBA,SIN_ASIGNAR,,DENTRO_CANTON_FUERA_PLATAFORMAS_Y_PARROQUIAS_RURALES,
SC-2026-22000,-78.628782,-1.657907,2026-08-30,4,Patrullaje policial en el sector solicitado,RIOBAMBA,SIN_ASIGNAR,,DENTRO_CANTON_FUERA_PLATAFORMAS_Y_PARROQUIAS_RURALES,
SC-2026-22003,-78.63696,-1.644054,2026-08-30,4,Patrullaje policial en el sector solicitado,RIOBAMBA,SIN_ASIGNAR,,DENTRO_CANTON_FUERA_PLATAFORMAS_Y_PARROQUIAS_RURALES,
SC-2026-22010,-78.625764,-1.690108,2026-08-30,4,Patrullaje policial en el sector solicitado,SAN LUIS,SIN_ASIGNAR,,DENTRO_CANTON_FUERA_PLATAFORMAS_Y_PARROQUIAS_RURALES,
SC-2026-22043,-78.630887,-1.652877,2026-08-31,4,Patrullaje policial en el sector solicitado,RIOBAMBA,SIN_ASIGNAR,,DENTRO_CANTON_FUERA_PLATAFORMAS_Y_PARROQUIAS_RURALES,
SC-2026-22077,-78.630887,-1.652877,2026-07-29,5,Persona herida con arma blanca,RIOBAMBA,SIN_ASIGNAR,,DENTRO_CANTON_FUERA_PLATAFORMAS_Y_PARROQUIAS_RURALES,
SC-2026-22079,-78.618896,-1.682365,2026-08-16,5,Persona herida con arma blanca,SAN LUIS,SIN_ASIGNAR,,DENTRO_CANTON_FUERA_PLATAFORMAS_Y_PARROQUIAS_RURALES,
SC-2026-22089,-78.657168,-1.65626,2026-01-18,5,Persona herida con objeto contundente,RIOBAMBA,SIN_ASIGNAR,,DENTRO_CANTON_FUERA_PLATAFORMAS_Y_PARROQUIAS_RURALES,
SC-2026-22105,-78.654087,-1.690528,2026-02-28,4,Presencia policial,RIOBAMBA,SIN_ASIGNAR,,DENTRO_CANTON_FUERA_PLATAFORMAS_Y_PARROQUIAS_RURALES,
SC-2026-22157,-78.696447,-1.655913,2026-03-06,5,Recuperación de animales silvestres,LICAN,SIN_ASIGNAR,,DENTRO_CANTON_FUERA_PLATAFORMAS_Y_PARROQUIAS_RURALES,
SC-2026-22162,-78.667838,-1.685847,2026-07-01,5,Recuperación de animales silvestres,RIOBAMBA,SIN_ASIGNAR,,DENTRO_CANTON_FUERA_PLATAFORMAS_Y_PARROQUIAS_RURALES,
SC-2026-22464,-78.660409,-1.649382,2026-06-10,4,Registro de personas y/o vehículos con actitud sospechosa,RIOBAMBA,SIN_ASIGNAR,,DENTRO_CANTON_FUERA_PLATAFORMAS_Y_PARROQUIAS_RURALES,
SC-2026-22510,-78.657168,-1.65626,2026-07-03,4,Registro de personas y/o vehículos con actitud sospechosa,RIOBAMBA,SIN_ASIGNAR,,DENTRO_CANTON_FUERA_PLATAFORMAS_Y_PARROQUIAS_RURALES,
SC-2026-22565,-78.671743,-1.67339,2026-08-21,4,Registro de personas y/o vehículos con actitud sospechosa,RIOBAMBA,SIN_ASIGNAR,,DENTRO_CANTON_FUERA_PLATAFORMAS_Y_PARROQUIAS_RURALES,
SC-2026-22589,-78.652926,-1.655813,2026-08-25,5,Rescate y retención de especies silvestres,RIOBAMBA,SIN_ASIGNAR,,DENTRO_CANTON_FUERA_PLATAFORMAS_Y_PARROQUIAS_RURALES,
SC-2026-22825,-78.6547,-1.656771,2026-02-10,4,Resguardo a personas que traslada valores a nivel local,RIOBAMBA,SIN_ASIGNAR,,DENTRO_CANTON_FUERA_PLATAFORMAS_Y_PARROQUIAS_RURALES,
SC-2026-22925,-78.653398,-1.656608,2026-03-03,4,Resguardo a personas que traslada valores a nivel local,RIOBAMBA,SIN_ASIGNAR,,DENTRO_CANTON_FUERA_PLATAFORMAS_Y_PARROQUIAS_RURALES,
SC-2026-22940,-78.652926,-1.655813,2026-03-05,4,Resguardo a personas que traslada valores a nivel local,RIOBAMBA,SIN_ASIGNAR,,DENTRO_CANTON_FUERA_PLATAFORMAS_Y_PARROQUIAS_RURALES,
SC-2026-23036,-78.652926,-1.655813,2026-03-19,4,Resguardo a personas que traslada valores a nivel local,RIOBAMBA,SIN_ASIGNAR,,DENTRO_CANTON_FUERA_PLATAFORMAS_Y_PARROQUIAS_RURALES,
SC-2026-23045,-78.652926,-1.655813,2026-03-20,4,Resguardo a personas que traslada valores a nivel local,RIOBAMBA,SIN_ASIGNAR,,DENTRO_CANTON_FUERA_PLATAFORMAS_Y_PARROQUIAS_RURALES,
SC-2026-23741,-78.628631,-1.674607,2026-07-20,4,Resguardo a personas que traslada valores a nivel local,RIOBAMBA,SIN_ASIGNAR,,DENTRO_CANTON_FUERA_PLATAFORMAS_Y_PARROQUIAS_RURALES,
SC-2026-24053,-78.63267,-1.664718,2026-06-11,4,Resguardo policial,RIOBAMBA,SIN_ASIGNAR,,DENTRO_CANTON_FUERA_PLATAFORMAS_Y_PARROQUIAS_RURALES,
SC-2026-24078,-78.671743,-1.67339,2026-04-02,1,Robo,RIOBAMBA,SIN_ASIGNAR,,DENTRO_CANTON_FUERA_PLATAFORMAS_Y_PARROQUIAS_RURALES,
SC-2026-24118,-78.625676,-1.65112,2026-01-26,1,Robo a carros,RIOBAMBA,SIN_ASIGNAR,,DENTRO_CANTON_FUERA_PLATAFORMAS_Y_PARROQUIAS_RURALES,
SC-2026-24121,-78.666613,-1.680039,2026-02-08,1,Robo a carros,RIOBAMBA,SIN_ASIGNAR,,DENTRO_CANTON_FUERA_PLATAFORMAS_Y_PARROQUIAS_RURALES,
SC-2026-24126,-78.624816,-1.675694,2026-02-21,1,Robo a carros,RIOBAMBA,SIN_ASIGNAR,,DENTRO_CANTON_FUERA_PLATAFORMAS_Y_PARROQUIAS_RURALES,
SC-2026-24130,-78.63696,-1.644054,2026-03-06,1,Robo a carros,RIOBAMBA,SIN_ASIGNAR,,DENTRO_CANTON_FUERA_PLATAFORMAS_Y_PARROQUIAS_RURALES,
SC-2026-24144,-78.671743,-1.67339,2026-04-10,1,Robo a carros,RIOBAMBA,SIN_ASIGNAR,,DENTRO_CANTON_FUERA_PLATAFORMAS_Y_PARROQUIAS_RURALES,
SC-2026-24149,-78.671743,-1.67339,2026-04-30,1,Robo a carros,RIOBAMBA,SIN_ASIGNAR,,DENTRO_CANTON_FUERA_PLATAFORMAS_Y_PARROQUIAS_RURALES,
SC-2026-24155,-78.632636,-1.667383,2026-05-16,1,Robo a carros,RIOBAMBA,SIN_ASIGNAR,,DENTRO_CANTON_FUERA_PLATAFORMAS_Y_PARROQUIAS_RURALES,
SC-2026-24164,-78.628383,-1.66947,2026-07-22,1,Robo a carros,RIOBAMBA,SIN_ASIGNAR,,DENTRO_CANTON_FUERA_PLATAFORMAS_Y_PARROQUIAS_RURALES,
SC-2026-24178,-78.666613,-1.680039,2026-01-07,1,Robo a domicilio,RIOBAMBA,SIN_ASIGNAR,,DENTRO_CANTON_FUERA_PLATAFORMAS_Y_PARROQUIAS_RURALES,
SC-2026-24182,-78.671743,-1.67339,2026-01-09,1,Robo a domicilio,RIOBAMBA,SIN_ASIGNAR,,DENTRO_CANTON_FUERA_PLATAFORMAS_Y_PARROQUIAS_RURALES,
SC-2026-24186,-78.624289,-1.684025,2026-01-11,1,Robo a domicilio,RIOBAMBA,SIN_ASIGNAR,,DENTRO_CANTON_FUERA_PLATAFORMAS_Y_PARROQUIAS_RURALES,
SC-2026-24197,-78.671743,-1.67339,2026-01-21,1,Robo a domicilio,RIOBAMBA,SIN_ASIGNAR,,DENTRO_CANTON_FUERA_PLATAFORMAS_Y_PARROQUIAS_RURALES,
SC-2026-24206,-78.628383,-1.66947,2026-01-30,1,Robo a domicilio,RIOBAMBA,SIN_ASIGNAR,,DENTRO_CANTON_FUERA_PLATAFORMAS_Y_PARROQUIAS_RURALES,
SC-2026-24224,-78.624388,-1.689504,2026-02-12,1,Robo a domicilio,SAN LUIS,SIN_ASIGNAR,,DENTRO_CANTON_FUERA_PLATAFORMAS_Y_PARROQUIAS_RURALES,
SC-2026-24231,-78.666613,-1.680039,2026-02-23,1,Robo a domicilio,RIOBAMBA,SIN_ASIGNAR,,DENTRO_CANTON_FUERA_PLATAFORMAS_Y_PARROQUIAS_RURALES,
SC-2026-24235,-78.654087,-1.690528,2026-02-25,1,Robo a domicilio,RIOBAMBA,SIN_ASIGNAR,,DENTRO_CANTON_FUERA_PLATAFORMAS_Y_PARROQUIAS_RURALES,
SC-2026-24249,-78.623913,-1.682008,2026-03-06,1,Robo a domicilio,RIOBAMBA,SIN_ASIGNAR,,DENTRO_CANTON_FUERA_PLATAFORMAS_Y_PARROQUIAS_RURALES,
SC-2026-24260,-78.615517,-1.671498,2026-03-22,1,Robo a domicilio,RIOBAMBA,SIN_ASIGNAR,,DENTRO_CANTON_FUERA_PLATAFORMAS_Y_PARROQUIAS_RURALES,
SC-2026-24279,-78.628782,-1.657907,2026-04-10,1,Robo a domicilio,RIOBAMBA,SIN_ASIGNAR,,DENTRO_CANTON_FUERA_PLATAFORMAS_Y_PARROQUIAS_RURALES,
SC-2026-24285,-78.628319,-1.671991,2026-04-15,1,Robo a domicilio,RIOBAMBA,SIN_ASIGNAR,,DENTRO_CANTON_FUERA_PLATAFORMAS_Y_PARROQUIAS_RURALES,
SC-2026-24289,-78.628782,-1.657907,2026-04-17,1,Robo a domicilio,RIOBAMBA,SIN_ASIGNAR,,DENTRO_CANTON_FUERA_PLATAFORMAS_Y_PARROQUIAS_RURALES,
SC-2026-24296,-78.632185,-1.665834,2026-04-21,1,Robo a domicilio,RIOBAMBA,SIN_ASIGNAR,,DENTRO_CANTON_FUERA_PLATAFORMAS_Y_PARROQUIAS_RURALES,
SC-2026-24300,-78.625764,-1.690108,2026-04-30,1,Robo a domicilio,SAN LUIS,SIN_ASIGNAR,,DENTRO_CANTON_FUERA_PLATAFORMAS_Y_PARROQUIAS_RURALES,
SC-2026-24310,-78.677173,-1.632827,2026-05-11,1,Robo a domicilio,RIOBAMBA,SIN_ASIGNAR,,FUERA_DEL_CANTON,
SC-2026-24324,-78.683583,-1.677142,2026-06-03,1,Robo a domicilio,RIOBAMBA,SIN_ASIGNAR,,DENTRO_CANTON_FUERA_PLATAFORMAS_Y_PARROQUIAS_RURALES,
SC-2026-24327,-78.669683,-1.685214,2026-06-04,1,Robo a domicilio,RIOBAMBA,SIN_ASIGNAR,,DENTRO_CANTON_FUERA_PLATAFORMAS_Y_PARROQUIAS_RURALES,
SC-2026-24335,-78.627597,-1.663635,2026-06-11,1,Robo a domicilio,RIOBAMBA,SIN_ASIGNAR,,DENTRO_CANTON_FUERA_PLATAFORMAS_Y_PARROQUIAS_RURALES,
SC-2026-24353,-78.625405,-1.681831,2026-07-09,1,Robo a domicilio,RIOBAMBA,SIN_ASIGNAR,,DENTRO_CANTON_FUERA_PLATAFORMAS_Y_PARROQUIAS_RURALES,
SC-2026-24356,-78.655671,-1.686689,2026-07-10,1,Robo a domicilio,RIOBAMBA,SIN_ASIGNAR,,DENTRO_CANTON_FUERA_PLATAFORMAS_Y_PARROQUIAS_RURALES,
SC-2026-24384,-78.616045,-1.665805,2026-08-18,1,Robo a domicilio,RIOBAMBA,SIN_ASIGNAR,,DENTRO_CANTON_FUERA_PLATAFORMAS_Y_PARROQUIAS_RURALES,
SC-2026-24393,-78.627587,-1.654501,2026-08-26,1,Robo a domicilio,RIOBAMBA,SIN_ASIGNAR,,DENTRO_CANTON_FUERA_PLATAFORMAS_Y_PARROQUIAS_RURALES,
SC-2026-24398,-78.628383,-1.66947,2026-08-29,1,Robo a domicilio,RIOBAMBA,SIN_ASIGNAR,,DENTRO_CANTON_FUERA_PLATAFORMAS_Y_PARROQUIAS_RURALES,
SC-2026-24454,-78.639409,-1.691719,2026-02-02,1,Robo accesorios de vehículos o autopartes de vehículo,RIOBAMBA,SIN_ASIGNAR,,DENTRO_CANTON_FUERA_PLATAFORMAS_Y_PARROQUIAS_RURALES,
SC-2026-24469,-78.677065,-1.669345,2026-03-21,1,Robo accesorios de vehículos o autopartes de vehículo,RIOBAMBA,SIN_ASIGNAR,,DENTRO_CANTON_FUERA_PLATAFORMAS_Y_PARROQUIAS_RURALES,
SC-2026-24487,-78.684131,-1.679903,2026-05-10,1,Robo accesorios de vehículos o autopartes de vehículo,RIOBAMBA,SIN_ASIGNAR,,DENTRO_CANTON_FUERA_PLATAFORMAS_Y_PARROQUIAS_RURALES,
SC-2026-24491,-78.655449,-1.656564,2026-05-16,1,Robo accesorios de vehículos o autopartes de vehículo,RIOBAMBA,SIN_ASIGNAR,,DENTRO_CANTON_FUERA_PLATAFORMAS_Y_PARROQUIAS_RURALES,
SC-2026-24503,-78.662914,-1.682314,2026-06-07,1,Robo accesorios de vehículos o autopartes de vehículo,RIOBAMBA,SIN_ASIGNAR,,DENTRO_CANTON_FUERA_PLATAFORMAS_Y_PARROQUIAS_RURALES,
SC-2026-24507,-78.664471,-1.66072,2026-07-06,1,Robo accesorios de vehículos o autopartes de vehículo,RIOBAMBA,SIN_ASIGNAR,,DENTRO_CANTON_FUERA_PLATAFORMAS_Y_PARROQUIAS_RURALES,
SC-2026-24586,-78.624795,-1.675652,2026-01-08,1,Robo personas,RIOBAMBA,SIN_ASIGNAR,,DENTRO_CANTON_FUERA_PLATAFORMAS_Y_PARROQUIAS_RURALES,
SC-2026-24744,-78.671743,-1.67339,2026-02-15,1,Robo personas,RIOBAMBA,SIN_ASIGNAR,,DENTRO_CANTON_FUERA_PLATAFORMAS_Y_PARROQUIAS_RURALES,
SC-2026-24765,-78.671743,-1.67339,2026-02-22,1,Robo personas,RIOBAMBA,SIN_ASIGNAR,,DENTRO_CANTON_FUERA_PLATAFORMAS_Y_PARROQUIAS_RURALES,
SC-2026-24985,-78.668482,-1.671998,2026-04-29,1,Robo personas,RIOBAMBA,SIN_ASIGNAR,,DENTRO_CANTON_FUERA_PLATAFORMAS_Y_PARROQUIAS_RURALES,
SC-2026-24988,-78.65477,-1.653609,2026-04-30,1,Robo personas,RIOBAMBA,SIN_ASIGNAR,,DENTRO_CANTON_FUERA_PLATAFORMAS_Y_PARROQUIAS_RURALES,
SC-2026-25023,-78.639409,-1.691719,2026-05-09,1,Robo personas,RIOBAMBA,SIN_ASIGNAR,,DENTRO_CANTON_FUERA_PLATAFORMAS_Y_PARROQUIAS_RURALES,
SC-2026-25037,-78.679057,-1.667231,2026-05-16,1,Robo personas,RIOBAMBA,SIN_ASIGNAR,,DENTRO_CANTON_FUERA_PLATAFORMAS_Y_PARROQUIAS_RURALES,
SC-2026-25068,-78.627977,-1.653215,2026-05-25,1,Robo personas,RIOBAMBA,SIN_ASIGNAR,,DENTRO_CANTON_FUERA_PLATAFORMAS_Y_PARROQUIAS_RURALES,
SC-2026-25100,-78.664471,-1.66072,2026-06-03,1,Robo personas,RIOBAMBA,SIN_ASIGNAR,,DENTRO_CANTON_FUERA_PLATAFORMAS_Y_PARROQUIAS_RURALES,
SC-2026-25277,-78.652926,-1.655813,2026-07-30,1,Robo personas,RIOBAMBA,SIN_ASIGNAR,,DENTRO_CANTON_FUERA_PLATAFORMAS_Y_PARROQUIAS_RURALES,
SC-2026-25334,-78.687924,-1.661602,2026-08-16,1,Robo personas,RIOBAMBA,SIN_ASIGNAR,,DENTRO_CANTON_FUERA_PLATAFORMAS_Y_PARROQUIAS_RURALES,
SC-2026-25362,-78.628782,-1.657907,2026-08-30,1,Robo personas,RIOBAMBA,SIN_ASIGNAR,,DENTRO_CANTON_FUERA_PLATAFORMAS_Y_PARROQUIAS_RURALES,
SC-2026-25367,-78.628782,-1.657907,2026-08-31,1,Robo personas,RIOBAMBA,SIN_ASIGNAR,,DENTRO_CANTON_FUERA_PLATAFORMAS_Y_PARROQUIAS_RURALES,
SC-2026-25485,-78.63696,-1.644054,2026-03-25,1,Tentativa de robo,RIOBAMBA,SIN_ASIGNAR,,DENTRO_CANTON_FUERA_PLATAFORMAS_Y_PARROQUIAS_RURALES,
SC-2026-25641,-78.627977,-1.653215,2026-03-19,2,Violencia contra la mujer o miembros del núcleo familiar física,RIOBAMBA,SIN_ASIGNAR,,DENTRO_CANTON_FUERA_PLATAFORMAS_Y_PARROQUIAS_RURALES,
SC-2026-25648,-78.620271,-1.682155,2026-03-23,2,Violencia contra la mujer o miembros del núcleo familiar física,RIOBAMBA,SIN_ASIGNAR,,DENTRO_CANTON_FUERA_PLATAFORMAS_Y_PARROQUIAS_RURALES,
SC-2026-25659,-78.680491,-1.679736,2026-04-06,2,Violencia contra la mujer o miembros del núcleo familiar física,RIOBAMBA,SIN_ASIGNAR,,DENTRO_CANTON_FUERA_PLATAFORMAS_Y_PARROQUIAS_RURALES,
SC-2026-25672,-78.639404,-1.691725,2026-04-18,2,Violencia contra la mujer o miembros del núcleo familiar física,RIOBAMBA,SIN_ASIGNAR,,DENTRO_CANTON_FUERA_PLATAFORMAS_Y_PARROQUIAS_RURALES,
SC-2026-25677,-78.628782,-1.657907,2026-04-19,2,Violencia contra la mujer o miembros del núcleo familiar física,RIOBAMBA,SIN_ASIGNAR,,DENTRO_CANTON_FUERA_PLATAFORMAS_Y_PARROQUIAS_RURALES,
SC-2026-25697,-78.629043,-1.669267,2026-05-13,2,Violencia contra la mujer o miembros del núcleo familiar física,RIOBAMBA,SIN_ASIGNAR,,DENTRO_CANTON_FUERA_PLATAFORMAS_Y_PARROQUIAS_RURALES,
SC-2026-25768,-78.628782,-1.657907,2026-07-12,2,Violencia contra la mujer o miembros del núcleo familiar física,RIOBAMBA,SIN_ASIGNAR,,DENTRO_CANTON_FUERA_PLATAFORMAS_Y_PARROQUIAS_RURALES,
SC-2026-25795,-78.619679,-1.680184,2026-08-08,2,Violencia contra la mujer o miembros del núcleo familiar física,RIOBAMBA,SIN_ASIGNAR,,DENTRO_CANTON_FUERA_PLATAFORMAS_Y_PARROQUIAS_RURALES,
SC-2026-25801,-78.667838,-1.685847,2026-08-16,2,Violencia contra la mujer o miembros del núcleo familiar física,RIOBAMBA,SIN_ASIGNAR,,DENTRO_CANTON_FUERA_PLATAFORMAS_Y_PARROQUIAS_RURALES,
SC-2026-25833,-78.628383,-1.66947,2026-01-04,2,Violencia contra la mujer o miembros del núcleo familiar psicológica,RIOBAMBA,SIN_ASIGNAR,,DENTRO_CANTON_FUERA_PLATAFORMAS_Y_PARROQUIAS_RURALES,
SC-2026-25849,-78.649419,-1.663353,2026-01-09,2,Violencia contra la mujer o miembros del núcleo familiar psicológica,RIOBAMBA,SIN_ASIGNAR,,DENTRO_CANTON_FUERA_PLATAFORMAS_Y_PARROQUIAS_RURALES,
SC-2026-25850,-78.660007,-1.653324,2026-01-09,2,Violencia contra la mujer o miembros del núcleo familiar psicológica,RIOBAMBA,SIN_ASIGNAR,,DENTRO_CANTON_FUERA_PLATAFORMAS_Y_PARROQUIAS_RURALES,
SC-2026-25852,-78.671743,-1.67339,2026-01-10,2,Violencia contra la mujer o miembros del núcleo familiar psicológica,RIOBAMBA,SIN_ASIGNAR,,DENTRO_CANTON_FUERA_PLATAFORMAS_Y_PARROQUIAS_RURALES,
SC-2026-25904,-78.671743,-1.67339,2026-01-23,2,Violencia contra la mujer o miembros del núcleo familiar psicológica,RIOBAMBA,SIN_ASIGNAR,,DENTRO_CANTON_FUERA_PLATAFORMAS_Y_PARROQUIAS_RURALES,
SC-2026-25913,-78.632597,-1.659969,2026-01-26,2,Violencia contra la mujer o miembros del núcleo familiar psicológica,RIOBAMBA,SIN_ASIGNAR,,DENTRO_CANTON_FUERA_PLATAFORMAS_Y_PARROQUIAS_RURALES,
SC-2026-25937,-78.657168,-1.65626,2026-02-01,2,Violencia contra la mujer o miembros del núcleo familiar psicológica,RIOBAMBA,SIN_ASIGNAR,,DENTRO_CANTON_FUERA_PLATAFORMAS_Y_PARROQUIAS_RURALES,
SC-2026-25956,-78.657168,-1.65626,2026-02-05,2,Violencia contra la mujer o miembros del núcleo familiar psicológica,RIOBAMBA,SIN_ASIGNAR,,DENTRO_CANTON_FUERA_PLATAFORMAS_Y_PARROQUIAS_RURALES,
SC-2026-25991,-78.628383,-1.66947,2026-02-14,2,Violencia contra la mujer o miembros del núcleo familiar psicológica,RIOBAMBA,SIN_ASIGNAR,,DENTRO_CANTON_FUERA_PLATAFORMAS_Y_PARROQUIAS_RURALES,
SC-2026-25996,-78.666613,-1.680039,2026-02-15,2,Violencia contra la mujer o miembros del núcleo familiar psicológica,RIOBAMBA,SIN_ASIGNAR,,DENTRO_CANTON_FUERA_PLATAFORMAS_Y_PARROQUIAS_RURALES,
SC-2026-25997,-78.671743,-1.67339,2026-02-15,2,Violencia contra la mujer o miembros del núcleo familiar psicológica,RIOBAMBA,SIN_ASIGNAR,,DENTRO_CANTON_FUERA_PLATAFORMAS_Y_PARROQUIAS_RURALES,
SC-2026-25999,-78.628782,-1.657907,2026-02-15,2,Violencia contra la mujer o miembros del núcleo familiar psicológica,RIOBAMBA,SIN_ASIGNAR,,DENTRO_CANTON_FUERA_PLATAFORMAS_Y_PARROQUIAS_RURALES,
SC-2026-26000,-78.627977,-1.653215,2026-02-15,2,Violencia contra la mujer o miembros del núcleo familiar psicológica,RIOBAMBA,SIN_ASIGNAR,,DENTRO_CANTON_FUERA_PLATAFORMAS_Y_PARROQUIAS_RURALES,
SC-2026-26013,-78.628782,-1.657907,2026-02-18,2,Violencia contra la mujer o miembros del núcleo familiar psicológica,RIOBAMBA,SIN_ASIGNAR,,DENTRO_CANTON_FUERA_PLATAFORMAS_Y_PARROQUIAS_RURALES,
SC-2026-26014,-78.616382,-1.677384,2026-02-20,2,Violencia contra la mujer o miembros del núcleo familiar psicológica,RIOBAMBA,SIN_ASIGNAR,,DENTRO_CANTON_FUERA_PLATAFORMAS_Y_PARROQUIAS_RURALES,
SC-2026-26034,-78.681434,-1.625343,2026-02-28,2,Violencia contra la mujer o miembros del núcleo familiar psicológica,LICAN,SIN_ASIGNAR,,FUERA_DEL_CANTON,
SC-2026-26046,-78.660399,-1.654721,2026-03-02,2,Violencia contra la mujer o miembros del núcleo familiar psicológica,RIOBAMBA,SIN_ASIGNAR,,DENTRO_CANTON_FUERA_PLATAFORMAS_Y_PARROQUIAS_RURALES,
SC-2026-26047,-78.630887,-1.652877,2026-03-02,2,Violencia contra la mujer o miembros del núcleo familiar psicológica,RIOBAMBA,SIN_ASIGNAR,,DENTRO_CANTON_FUERA_PLATAFORMAS_Y_PARROQUIAS_RURALES,
SC-2026-26054,-78.632013,-1.663987,2026-03-04,2,Violencia contra la mujer o miembros del núcleo familiar psicológica,RIOBAMBA,SIN_ASIGNAR,,DENTRO_CANTON_FUERA_PLATAFORMAS_Y_PARROQUIAS_RURALES,
SC-2026-26074,-78.63986,-1.692231,2026-03-09,2,Violencia contra la mujer o miembros del núcleo familiar psicológica,SAN LUIS,SIN_ASIGNAR,,DENTRO_CANTON_FUERA_PLATAFORMAS_Y_PARROQUIAS_RURALES,
SC-2026-26115,-78.628782,-1.657907,2026-03-19,2,Violencia contra la mujer o miembros del núcleo familiar psicológica,RIOBAMBA,SIN_ASIGNAR,,DENTRO_CANTON_FUERA_PLATAFORMAS_Y_PARROQUIAS_RURALES,
SC-2026-26120,-78.627977,-1.653215,2026-03-21,2,Violencia contra la mujer o miembros del núcleo familiar psicológica,RIOBAMBA,SIN_ASIGNAR,,DENTRO_CANTON_FUERA_PLATAFORMAS_Y_PARROQUIAS_RURALES,
SC-2026-26157,-78.630881,-1.660763,2026-04-03,2,Violencia contra la mujer o miembros del núcleo familiar psicológica,RIOBAMBA,SIN_ASIGNAR,,DENTRO_CANTON_FUERA_PLATAFORMAS_Y_PARROQUIAS_RURALES,
SC-2026-26165,-78.684131,-1.679903,2026-04-08,2,Violencia contra la mujer o miembros del núcleo familiar psicológica,RIOBAMBA,SIN_ASIGNAR,,DENTRO_CANTON_FUERA_PLATAFORMAS_Y_PARROQUIAS_RURALES,
SC-2026-26168,-78.627977,-1.653215,2026-04-08,2,Violencia contra la mujer o miembros del núcleo familiar psicológica,RIOBAMBA,SIN_ASIGNAR,,DENTRO_CANTON_FUERA_PLATAFORMAS_Y_PARROQUIAS_RURALES,
SC-2026-26189,-78.682408,-1.682383,2026-04-12,2,Violencia contra la mujer o miembros del núcleo familiar psicológica,RIOBAMBA,SIN_ASIGNAR,,DENTRO_CANTON_FUERA_PLATAFORMAS_Y_PARROQUIAS_RURALES,
SC-2026-26198,-78.679057,-1.667231,2026-04-13,2,Violencia contra la mujer o miembros del núcleo familiar psicológica,RIOBAMBA,SIN_ASIGNAR,,DENTRO_CANTON_FUERA_PLATAFORMAS_Y_PARROQUIAS_RURALES,
SC-2026-26212,-78.628782,-1.657907,2026-04-16,2,Violencia contra la mujer o miembros del núcleo familiar psicológica,RIOBAMBA,SIN_ASIGNAR,,DENTRO_CANTON_FUERA_PLATAFORMAS_Y_PARROQUIAS_RURALES,
SC-2026-26220,-78.68063,-1.681995,2026-04-19,2,Violencia contra la mujer o miembros del núcleo familiar psicológica,RIOBAMBA,SIN_ASIGNAR,,DENTRO_CANTON_FUERA_PLATAFORMAS_Y_PARROQUIAS_RURALES,
SC-2026-26245,-78.679057,-1.667231,2026-04-24,2,Violencia contra la mujer o miembros del núcleo familiar psicológica,RIOBAMBA,SIN_ASIGNAR,,DENTRO_CANTON_FUERA_PLATAFORMAS_Y_PARROQUIAS_RURALES,
SC-2026-26248,-78.625676,-1.65112,2026-04-25,2,Violencia contra la mujer o miembros del núcleo familiar psicológica,RIOBAMBA,SIN_ASIGNAR,,DENTRO_CANTON_FUERA_PLATAFORMAS_Y_PARROQUIAS_RURALES,
SC-2026-26326,-78.659977,-1.65303,2026-05-23,2,Violencia contra la mujer o miembros del núcleo familiar psicológica,RIOBAMBA,SIN_ASIGNAR,,DENTRO_CANTON_FUERA_PLATAFORMAS_Y_PARROQUIAS_RURALES,
SC-2026-26334,-78.63696,-1.644054,2026-05-26,2,Violencia contra la mujer o miembros del núcleo familiar psicológica,RIOBAMBA,SIN_ASIGNAR,,DENTRO_CANTON_FUERA_PLATAFORMAS_Y_PARROQUIAS_RURALES,
SC-2026-26350,-78.670359,-1.68821,2026-06-04,2,Violencia contra la mujer o miembros del núcleo familiar psicológica,RIOBAMBA,SIN_ASIGNAR,,DENTRO_CANTON_FUERA_PLATAFORMAS_Y_PARROQUIAS_RURALES,
SC-2026-26393,-78.659641,-1.653544,2026-06-16,2,Violencia contra la mujer o miembros del núcleo familiar psicológica,RIOBAMBA,SIN_ASIGNAR,,DENTRO_CANTON_FUERA_PLATAFORMAS_Y_PARROQUIAS_RURALES,
SC-2026-26412,-78.628782,-1.657907,2026-06-21,2,Violencia contra la mujer o miembros del núcleo familiar psicológica,RIOBAMBA,SIN_ASIGNAR,,DENTRO_CANTON_FUERA_PLATAFORMAS_Y_PARROQUIAS_RURALES,
SC-2026-26420,-78.630887,-1.652877,2026-06-23,2,Violencia contra la mujer o miembros del núcleo familiar psicológica,RIOBAMBA,SIN_ASIGNAR,,DENTRO_CANTON_FUERA_PLATAFORMAS_Y_PARROQUIAS_RURALES,
SC-2026-26477,-78.627977,-1.653215,2026-07-08,2,Violencia contra la mujer o miembros del núcleo familiar psicológica,RIOBAMBA,SIN_ASIGNAR,,DENTRO_CANTON_FUERA_PLATAFORMAS_Y_PARROQUIAS_RURALES,
SC-2026-26481,-78.670176,-1.67137,2026-07-09,2,Violencia contra la mujer o miembros del núcleo familiar psicológica,RIOBAMBA,SIN_ASIGNAR,,DENTRO_CANTON_FUERA_PLATAFORMAS_Y_PARROQUIAS_RURALES,
SC-2026-26501,-78.671743,-1.67339,2026-07-13,2,Violencia contra la mujer o miembros del núcleo familiar psicológica,RIOBAMBA,SIN_ASIGNAR,,DENTRO_CANTON_FUERA_PLATAFORMAS_Y_PARROQUIAS_RURALES,
SC-2026-26503,-78.625676,-1.65112,2026-07-13,2,Violencia contra la mujer o miembros del núcleo familiar psicológica,RIOBAMBA,SIN_ASIGNAR,,DENTRO_CANTON_FUERA_PLATAFORMAS_Y_PARROQUIAS_RURALES,
SC-2026-26511,-78.656249,-1.685587,2026-07-17,2,Violencia contra la mujer o miembros del núcleo familiar psicológica,RIOBAMBA,SIN_ASIGNAR,,DENTRO_CANTON_FUERA_PLATAFORMAS_Y_PARROQUIAS_RURALES,
SC-2026-26520,-78.654087,-1.690528,2026-07-19,2,Violencia contra la mujer o miembros del núcleo familiar psicológica,RIOBAMBA,SIN_ASIGNAR,,DENTRO_CANTON_FUERA_PLATAFORMAS_Y_PARROQUIAS_RURALES,
SC-2026-26530,-78.671743,-1.67339,2026-07-21,2,Violencia contra la mujer o miembros del núcleo familiar psicológica,RIOBAMBA,SIN_ASIGNAR,,DENTRO_CANTON_FUERA_PLATAFORMAS_Y_PARROQUIAS_RURALES,
SC-2026-26533,-78.63696,-1.644054,2026-07-21,2,Violencia contra la mujer o miembros del núcleo familiar psicológica,RIOBAMBA,SIN_ASIGNAR,,DENTRO_CANTON_FUERA_PLATAFORMAS_Y_PARROQUIAS_RURALES,
SC-2026-26545,-78.657168,-1.65626,2026-07-25,2,Violencia contra la mujer o miembros del núcleo familiar psicológica,RIOBAMBA,SIN_ASIGNAR,,DENTRO_CANTON_FUERA_PLATAFORMAS_Y_PARROQUIAS_RURALES,
SC-2026-26580,-78.628782,-1.657907,2026-08-02,2,Violencia contra la mujer o miembros del núcleo familiar psicológica,RIOBAMBA,SIN_ASIGNAR,,DENTRO_CANTON_FUERA_PLATAFORMAS_Y_PARROQUIAS_RURALES,
SC-2026-26653,-78.630887,-1.652877,2026-08-29,2,Violencia contra la mujer o miembros del núcleo familiar psicológica,RIOBAMBA,SIN_ASIGNAR,,DENTRO_CANTON_FUERA_PLATAFORMAS_Y_PARROQUIAS_RURALES,
SC-2026-26692,-78.657168,-1.65626,2026-05-31,2,Violencia intrafamiliar,RIOBAMBA,SIN_ASIGNAR,,DENTRO_CANTON_FUERA_PLATAFORMAS_Y_PARROQUIAS_RURALES,
SC-2026-26693,-78.658655,-1.652393,2026-06-02,2,Violencia intrafamiliar,RIOBAMBA,SIN_ASIGNAR,,DENTRO_CANTON_FUERA_PLATAFORMAS_Y_PARROQUIAS_RURALES,
SC-2026-26713,-78.628782,-1.657907,2026-08-23,2,Violencia intrafamiliar,RIOBAMBA,SIN_ASIGNAR,,DENTRO_CANTON_FUERA_PLATAFORMAS_Y_PARROQUIAS_RURALES,
