{"type":"FeatureCollection","features":[{"type":"Feature","geometry":{"type":"MultiPolygon","coordinates":[[[[-78.65861099232437,-1.6647854174167902],[-78.65861602840526,-1.6647783067267317],[-78.65862172274583,-1.6647717181681372],[-78.65862802221449,-1.6647657132161777],[-78.65863486803343,-1.664760347900633],[-78.65864219632712,-1.6647556722830799],[-78.65864993871823,-1.6647517299898416],[-78.65865802296562,-1.6647485578048549],[-78.6586663736385,-1.6647461853265328],[-78.65867491282009,-1.6647446346914945],[-78.65867494995953,-1.6647446297971846],[-78.65867626369908,-1.6647428834652827],[-78.65873935471139,-1.6646497721434927],[-78.65874468763288,-1.664642678495763],[-78.65875068752985,-1.6646361466161932],[-78.65875729630888,-1.664630239749097],[-78.65876444998109,-1.664625015087148],[-78.65877207928177,-1.6646205232176687],[-78.65878011034093,-1.6646168076327212],[-78.65878846539862,-1.664613904308156],[-78.65879276519071,-1.664612872660694],[-78.65936846496527,-1.6637952492878845],[-78.65966820104191,-1.6633394166371724],[-78.66008073863897,-1.6627472520926467],[-78.66054222855401,-1.6620879781095537],[-78.66093342741581,-1.6615017425301637],[-78.6611662163518,-1.6611436968108275],[-78.66116443765655,-1.6611425922704246],[-78.66116211649319,-1.6611408160882104],[-78.6611597378141,-1.66113917252145],[-78.6611595495794,-1.6611391503745625],[-78.66115115883842,-1.6611385703809405],[-78.6611424368328,-1.6611370900403404],[-78.66113390178363,-1.6611347536812158],[-78.66112563644333,-1.6611315839559717],[-78.66111772094932,-1.661127611597028],[-78.66111023204712,-1.6611228751188092],[-78.6611032423461,-1.6611174204443406],[-78.6610968196156,-1.6611113004599778],[-78.66109102612785,-1.6611045745026407],[-78.66108591805418,-1.6610973077845572],[-78.66108154492042,-1.6610895707609314],[-78.6610779491267,-1.6610814384468413],[-78.66107516553642,-1.6610729896899827],[-78.66107322113808,-1.6610643064060888],[-78.66107213478385,-1.661055472784856],[-78.66107191700651,-1.6610465744735063],[-78.66107256991756,-1.6610376977465124],[-78.66107408718663,-1.6610289286690685],[-78.66107645410285,-1.6610203522626488],[-78.66107964771759,-1.66101205168064],[-78.66108363706677,-1.661004107402165],[-78.66108838347131,-1.660996596451782],[-78.66109384091196,-1.660989591652655],[-78.66109995647554,-1.6609831609205108],[-78.66113119467475,-1.6609533955429836],[-78.6611326614501,-1.6609518555615543],[-78.66113178823957,-1.6609476378296937],[-78.6611304420989,-1.6609391171041732],[-78.66112990931366,-1.660930506044576],[-78.66113019473723,-1.6609218830924244],[-78.66113129576955,-1.6609133267976346],[-78.6611332023809,-1.6609049151028934],[-78.66113589720314,-1.6608967246336734],[-78.6611393556881,-1.6608888300001963],[-78.66114354633106,-1.660881303117842],[-78.66114843095778,-1.6608742125519391],[-78.66115396507227,-1.660867622893277],[-78.66116009826206,-1.6608615941697096],[-78.66116677465752,-1.660856181299245],[-78.6611739334407,-1.6608514335898792],[-78.66117829295952,-1.6608491092105193],[-78.66117984078633,-1.6608481858407778],[-78.66118129133575,-1.6608466150796921],[-78.6614522657641,-1.660523495761855],[-78.66145360913387,-1.6605217213245451],[-78.66145460284322,-1.6605178336532285],[-78.66145486020446,-1.660516574523699],[-78.6614576032308,-1.6605077970818498],[-78.66146121872782,-1.6604993457141126],[-78.66146566923645,-1.6604913079826351],[-78.66147090864627,-1.660483767163975],[-78.66147688267333,-1.6604768013863176],[-78.66148352942247,-1.6604704828200325],[-78.6614907800287,-1.6604648769299357],[-78.66149115147837,-1.6604646188908203],[-78.66149233579473,-1.6604627745452225],[-78.66167963758387,-1.6601370466545724],[-78.66168061840777,-1.660135132326536],[-78.66168018605622,-1.660133022929774],[-78.66159133309199,-1.6597856599102458],[-78.66159069240852,-1.6597835856907468],[-78.66158671792522,-1.659782431426399],[-78.66158623528028,-1.6597823168980625],[-78.66157783385333,-1.6597794163888373],[-78.66156975814249,-1.6597756951280895],[-78.66156208710159,-1.6597711894974887],[-78.66155489572803,-1.659765943547248],[-78.66154825432972,-1.6597600085654338],[-78.66154222783756,-1.6597534425765832],[-78.66153687517073,-1.659746309774405],[-78.66153224866063,-1.6597386798941456],[-78.66152839353924,-1.6597306275308457],[-78.66152534749689,-1.6597222314100082],[-78.66152314031378,-1.6597135736179685],[-78.66152179356888,-1.6597047387993287],[-78.66152132042888,-1.6596958133294417],[-78.6615217255195,-1.6596868844699133],[-78.66152300488032,-1.659678039515503],[-78.66152514600338,-1.6596693649406],[-78.66152609129793,-1.6596666959507036],[-78.66152699578583,-1.6596637158153664],[-78.66152587950221,-1.6596619331302143],[-78.66096887198354,-1.658859926652019],[-78.6609675158626,-1.6588581671038878],[-78.66096465400354,-1.6588561414121272],[-78.66095735858005,-1.6588503893169613],[-78.66095069094054,-1.658843911401215],[-78.66094472206025,-1.6588367766205698],[-78.66093951547626,-1.658829060922826],[-78.66093512661122,-1.6588208464395098],[-78.66093160218342,-1.6588122206115847],[-78.66092897970941,-1.658803275258676],[-78.6609280293042,-1.6587981264546885],[-78.66092753463128,-1.6587959639195806],[-78.66092634670986,-1.658794227955846],[-78.66028169476836,-1.6579411382096945],[-78.66028030996817,-1.6579394786306234],[-78.66028026078322,-1.6579394460389827],[-78.66027382986664,-1.657934762034228],[-78.66026783501223,-1.6579295249614883],[-78.66026232304034,-1.6579237757227605],[-78.6602573369999,-1.6579175592201247],[-78.66025291583239,-1.657910924005],[-78.66025276423,-1.6579106731900952],[-78.66025111229256,-1.6579091957434775],[-78.65982111953387,-1.6575614632271534],[-78.65981944904742,-1.657560238591897],[-78.65981755522155,-1.6575610714165083],[-78.65979711404344,-1.6575712458718448],[-78.65978917289132,-1.6575747295643508],[-78.65978093520361,-1.657577427294707],[-78.65977247759236,-1.6575793139735318],[-78.65976387871493,-1.6575803720543751],[-78.65975521854253,-1.6575805916969004],[-78.65974657761639,-1.6575799708584007],[-78.65973803629875,-1.6575785153128106],[-78.65972967402546,-1.6575762385969814],[-78.65972156856719,-1.6575731618848122],[-78.65971379530627,-1.6575693137903342],[-78.65970642653546,-1.6575647301015624],[-78.65969953078569,-1.6575594534476403],[-78.6596931721887,-1.6575535329024809],[-78.65968740988063,-1.6575470235282264],[-78.65968229745198,-1.6575399858633184],[-78.65967788244933,-1.6575324853593416],[-78.65967420593294,-1.6575245917723704],[-78.65967130209515,-1.6575163785142337],[-78.65966919794211,-1.6575079219697877],[-78.65966791304287,-1.657499300786424],[-78.65966745934719,-1.6574905951427923],[-78.65966784107454,-1.6574818860029492],[-78.65966905467472,-1.6574732543635153],[-78.65967108886109,-1.6574647805003482],[-78.65967392471526,-1.657456543221932],[-78.65967673512476,-1.6574503762289143],[-78.65967706236795,-1.6574495567621486],[-78.65967535959173,-1.6574483658246675],[-78.65820591980074,-1.6565226801032287],[-78.6582039266311,-1.6565215632530164],[-78.65820169101485,-1.6565211059642833],[-78.65726958611144,-1.656380037037169],[-78.65726747707113,-1.6563798223872324],[-78.6572650894397,-1.6563826636566694],[-78.65725823032736,-1.6563899616252997],[-78.65725060892657,-1.6563964487050318],[-78.65724231934838,-1.6564020447917562],[-78.65723861069013,-1.656404258110185],[-78.6572378649501,-1.6564062676954814],[-78.65710836950846,-1.6568144929472266],[-78.65710532767244,-1.6568226896568201],[-78.6571015126113,-1.6568305520336442],[-78.65709696006707,-1.656838006417694],[-78.65709171269106,-1.6568449829712701],[-78.6570858196442,-1.656851416333337],[-78.65707933613652,-1.656857246231862],[-78.6570723229099,-1.6568624180484108],[-78.65706484566893,-1.6568668833299838],[-78.65705697446545,-1.6568706002428062],[-78.6570487830422,-1.6568735339643463],[-78.65704034814192,-1.6568756570095653],[-78.65703174878843,-1.6568769494883675],[-78.65702306554626,-1.6568773992919368],[-78.65701437976583,-1.6568770022062467],[-78.65700577282138,-1.6568757619514647],[-78.65699732534853,-1.656873690147147],[-78.65698911648887,-1.6568708062033781],[-78.65698122314849,-1.6568671371388792],[-78.6569737192775,-1.6568627173279098],[-78.65696667517717,-1.656857588178242],[-78.65696015684135,-1.6568517977431996],[-78.65695422533815,-1.6568454002714554],[-78.65694893623785,-1.6568384556988283],[-78.65694433909229,-1.6568310290867034],[-78.65694047697056,-1.656823190012595],[-78.6569373860556,-1.6568150119181693],[-78.65693509530517,-1.6568065714212745],[-78.6569336261805,-1.6567979475981678],[-78.65693299244533,-1.6567892212425552],[-78.65693320003693,-1.6567804741087886],[-78.65693424701041,-1.6567717881458575],[-78.656936123557,-1.6567632447296485],[-78.65703930692227,-1.656382066583692],[-78.65703974040552,-1.656380097451878],[-78.65703775282341,-1.6563803567734838],[-78.65608367863226,-1.6565519686089296],[-78.65608171731648,-1.6565524233761721],[-78.65608321259721,-1.6565537791461247],[-78.65608416630536,-1.6565545612732822],[-78.65608590861555,-1.6565559199037456],[-78.65609123005609,-1.6565598630256362],[-78.65609303651422,-1.6565611339887578],[-78.6560970745049,-1.656563828975487],[-78.65609894075854,-1.656565009209077],[-78.65610462064409,-1.6565684084586672],[-78.65610654219783,-1.6565694951198282],[-78.65611082324222,-1.6565717788384657],[-78.65611279546724,-1.6565727693094943],[-78.65611877909683,-1.6565755919498242],[-78.65612079724139,-1.6565764838443229],[-78.65612528011061,-1.656578334301387],[-78.65612733931337,-1.6565791254709439],[-78.65613356906134,-1.656581344318453],[-78.65613566436038,-1.656582032856628],[-78.65614030588223,-1.6565834322312953],[-78.65614243223051,-1.656584016479598],[-78.6561488481014,-1.6565856101657912],[-78.65615100037692,-1.65658608871686],[-78.65615575585079,-1.656587023532277],[-78.65615792886645,-1.6565873952327874],[-78.65616446907296,-1.656588348409649],[-78.65616665759586,-1.6565886123645421],[-78.6561714812241,-1.6565890736179705],[-78.6561736799808,-1.6565892291912057],[-78.65618028153561,-1.6565895326788498],[-78.65618248523054,-1.656589579495727],[-78.65618733055888,-1.656589562744978],[-78.65618953388055,-1.656589500692675],[-78.65619613320841,-1.6565891515683209],[-78.65619833085118,-1.6565889807962981],[-78.65620315121619,-1.6565884862027107],[-78.6562053378855,-1.6565882071223388],[-78.65621328862156,-1.6565869921908334],[-78.65621437631658,-1.6565868122145908],[-78.65621676376269,-1.6565863868308919],[-78.65621784674128,-1.6565861800468995],[-78.6562430337465,-1.6565810478297731],[-78.65625179173519,-1.656579711686851],[-78.65626063791416,-1.6565792500618606],[-78.65626948626357,-1.6565796674436288],[-78.65627825074242,-1.6565809597735568],[-78.65628684612527,-1.6565831144851064],[-78.65629518883097,-1.6565861106259852],[-78.65630319773538,-1.6565899190618183],[-78.65631079496022,-1.6565945027595745],[-78.65631790663038,-1.6565998171475615],[-78.65632446359226,-1.6566058105488912],[-78.65633040208618,-1.6566124246839873],[-78.65633566436645,-1.6566195952372411],[-78.65634019926289,-1.6566272524825205],[-78.65634396267826,-1.6566353219610375],[-78.6563469180173,-1.6566437252055117],[-78.65634903654237,-1.6566523805031161],[-78.65635029765299,-1.6566612036900916],[-78.65635068908615,-1.6566701089700777],[-78.65635020703557,-1.65667900974849],[-78.65634885618869,-1.6566878194744827],[-78.65634664968107,-1.6566964524826386],[-78.6563436089687,-1.6567048248258804],[-78.65633976361933,-1.6567128550918937],[-78.65633515102503,-1.6567204651946459],[-78.65633454584287,-1.6567213610846012],[-78.65633335179803,-1.6567232255336677],[-78.65633082772796,-1.656727387652615],[-78.65632972603164,-1.6567293088146802],[-78.65632656446314,-1.6567351485505122],[-78.65632555776943,-1.656737121797445],[-78.65632345125314,-1.6567415128384668],[-78.65632254198727,-1.6567435334164304],[-78.65631996444587,-1.6567496568764204],[-78.65631915479835,-1.6567517199176038],[-78.65631748612267,-1.6567562975926922],[-78.6563167780439,-1.6567583981273881],[-78.65631480935276,-1.6567647463391961],[-78.65631420454858,-1.6567668793070534],[-78.65631298978384,-1.656771599530395],[-78.65631248971137,-1.6567737597926577],[-78.65631114882996,-1.6567802716196758],[-78.65631075469393,-1.6567824539719387],[-78.65631000553883,-1.656787271285823],[-78.65630971828875,-1.6567894704705437],[-78.65630901813049,-1.6567960832005408],[-78.6563088384583,-1.6567982939201142],[-78.65630856212769,-1.65680316193091],[-78.65630849046627,-1.6568053788592199],[-78.6563084377741,-1.656812028807889],[-78.65630847429611,-1.6568142466043485],[-78.6563086734512,-1.6568191184303844],[-78.65630881806864,-1.656821331752094],[-78.65630941335003,-1.6568279548767044],[-78.65630966571449,-1.6568301583914984],[-78.65631033843734,-1.6568349871145496],[-78.65631069794087,-1.656837175513998],[-78.65631193546297,-1.6568437080305378],[-78.65631240123946,-1.6568458760424412],[-78.65631354105139,-1.6568506151593028],[-78.6563141119788,-1.656852757561028],[-78.65631597982357,-1.656859136557395],[-78.65631665452649,-1.6568612481876515],[-78.65631825045057,-1.6568658520581776],[-78.65631902730343,-1.656867927829444],[-78.65632150748264,-1.656874091872864],[-78.6563223846142,-1.656876126785119],[-78.65632442128069,-1.6568805510711346],[-78.65632539657766,-1.6568825402215903],[-78.65632846520573,-1.656888429948695],[-78.65632953631864,-1.6568903685455476],[-78.65633199411346,-1.6568945706390719],[-78.65633315846196,-1.656896454012144],[-78.6563367859864,-1.6569020127016556],[-78.65633804076514,-1.6569038363132182],[-78.65634089601824,-1.656907775745524],[-78.6563422382049,-1.6569095352031478],[-78.65634638969075,-1.6569147093219947],[-78.65634781605122,-1.6569164003860901],[-78.65635104126555,-1.656920039219011],[-78.656352548364,-1.6569216578161667],[-78.65635718382993,-1.656926397534422],[-78.65635876803601,-1.656927939765671],[-78.65636233215035,-1.6569312429544485],[-78.65636398964669,-1.6569327051035738],[-78.65636906445128,-1.6569369647757826],[-78.65637079124548,-1.6569383433209195],[-78.65637465993522,-1.6569412790539384],[-78.65637645186723,-1.6569425706740093],[-78.65638191713728,-1.6569463092769734],[-78.65638376988929,-1.656947510859723],[-78.65638790589809,-1.656950050865149],[-78.65638981500776,-1.656951159516614],[-78.65639687686175,-1.6569550311515175],[-78.65639785122796,-1.6569555498427337],[-78.6564000081603,-1.6569566641852862],[-78.65640099488374,-1.6569571586577994],[-78.6566387485619,-1.6570726610039415],[-78.65664672685675,-1.6570770512042448],[-78.65665422321982,-1.657082230590832],[-78.65666116083585,-1.6570881460905171],[-78.65666746861503,-1.6570947370871867],[-78.65667308192153,-1.657101936042851],[-78.65667794323572,-1.6571096691898155],[-78.65668200274371,-1.6571178572864667],[-78.65668521884767,-1.657126416429339],[-78.65668755859214,-1.6571352589128772],[-78.65668899800174,-1.6571442941280787],[-78.6566895223268,-1.6571534294910584],[-78.65668912619456,-1.6571625713916982],[-78.6566878136642,-1.657171626152882],[-78.65668559818516,-1.6571805009904288],[-78.65658479398056,-1.65751224052681],[-78.65658448460752,-1.6575133052019484],[-78.6565839341925,-1.6575152894744507],[-78.65658367614154,-1.6575164212543385],[-78.65658306968731,-1.6575185866771707],[-78.65658278932587,-1.6575196483823913],[-78.6565824127802,-1.657521112752459],[-78.65658226324936,-1.657521759303573],[-78.65658206582903,-1.6575225949209038],[-78.65658194501712,-1.6575230956948033],[-78.65658173971576,-1.65752392938728],[-78.65658157800327,-1.6575245729617907],[-78.65658093251541,-1.657527435713374],[-78.65658077379057,-1.657528182235308],[-78.65658051632197,-1.6575293248397185],[-78.65658033674325,-1.6575301581527706],[-78.65657986172533,-1.6575324673750134],[-78.65657965154546,-1.6575335562834406],[-78.65648103911875,-1.6580802076177992],[-78.65648081933327,-1.6580815341783066],[-78.65648038971527,-1.6580843842663675],[-78.65648028571141,-1.658085057127],[-78.6564797251524,-1.658088595889364],[-78.65647956815124,-1.6580896698327787],[-78.65634994928018,-1.6590568255564675],[-78.6563498155814,-1.6590579246340234],[-78.65634945530493,-1.6590612205878188],[-78.65634939726239,-1.6590617840519903],[-78.65634915518955,-1.6590642868787449],[-78.65634905749644,-1.6590654534629703],[-78.65634882416444,-1.6590687493817577],[-78.65634877661617,-1.6590693890000552],[-78.65634853500781,-1.659072491128238],[-78.65634841736629,-1.6590744728169002],[-78.6563483616875,-1.6590756830268814],[-78.65634679842785,-1.6591235368764004],[-78.6563284869536,-1.659671885950601],[-78.6563284544008,-1.6596727403568454],[-78.65632843246131,-1.6596732528734848],[-78.65632839187931,-1.6596741069286167],[-78.6563143040083,-1.6599438423347166],[-78.6563139291681,-1.659948609398127],[-78.6563136296187,-1.659951458322928],[-78.65631300479447,-1.659956198768972],[-78.65627304570054,-1.6602080566585287],[-78.65627204602032,-1.660213341998658],[-78.65627135402833,-1.660216487785588],[-78.65627004365591,-1.660221703915944],[-78.65617694799471,-1.6605507444671765],[-78.6561737919031,-1.660559974773915],[-78.65616966517408,-1.6605688088033983],[-78.6561646159284,-1.6605771435441918],[-78.6553530231758,-1.6617671231887092],[-78.65479987499701,-1.6625852340563705],[-78.65471963174632,-1.6627051180911905],[-78.65471450423559,-1.6627120405655318],[-78.65470874382751,-1.6627184391965226],[-78.65470240307191,-1.662724255612072],[-78.65469553981286,-1.6627294367514656],[-78.65468821666104,-1.6627339353493213],[-78.65468050042256,-1.6627377103667877],[-78.65467246148944,-1.6627407273659625],[-78.65466417319759,-1.6627429588240157],[-78.65465571115764,-1.6627443843843002],[-78.65464715256527,-1.6627449910420342],[-78.654638575497,-1.66274477326294],[-78.65463005819785,-1.6627437330337451],[-78.65462167836763,-1.662741879844053],[-78.65461351245203,-1.6627392305997402],[-78.65460563494531,-1.662735809468799],[-78.65459811771069,-1.6627316476607754],[-78.65459102932476,-1.6627267831421544],[-78.65416490727243,-1.662403301128609],[-78.6541579907255,-1.6623974801573802],[-78.65415168890337,-1.6623909907633032],[-78.65414606529731,-1.6623838983274637],[-78.6541411765655,-1.662376274306634],[-78.65413707196224,-1.662368195513322],[-78.65413379284162,-1.6623597433419097],[-78.65413137224101,-1.6623510029485686],[-78.65412983454809,-1.6623420623933423],[-78.65412919525521,-1.6623330117528954],[-78.65412946080326,-1.6623239422130192],[-78.65413062851682,-1.6623149451499282],[-78.6541326866311,-1.6623061112095971],[-78.65413561441045,-1.6622975293945477],[-78.65413938235729,-1.6622892861671439],[-78.65414395250933,-1.6622814645784003],[-78.65414927882196,-1.662274143431343],[-78.65443980393032,-1.661914205819474],[-78.6544404883515,-1.661913336284818],[-78.6544419703416,-1.6619114052429975],[-78.65444263335147,-1.6619105190670762],[-78.65444739115924,-1.6619039946943808],[-78.65444865121547,-1.6619021747731224],[-78.65445132273864,-1.6618981069241543],[-78.65445249253783,-1.6618962269767457],[-78.65445586123937,-1.6618905057283577],[-78.65445693796349,-1.6618885702834205],[-78.65445920040364,-1.6618842585151559],[-78.65446018145848,-1.661882272235933],[-78.65446297667476,-1.661876246262904],[-78.6544638596968,-1.6618742139346778],[-78.65446569126583,-1.6618696997708828],[-78.65446647412793,-1.6618676262894427],[-78.65446866893969,-1.6618613536247766],[-78.65446934975581,-1.6618592439854034],[-78.65447073281446,-1.6618545709004582],[-78.65447130994454,-1.6618524301853426],[-78.6544728832144,-1.6618459712385631],[-78.65447335526814,-1.6618438046044959],[-78.65447427649671,-1.6618390176032147],[-78.65447464233678,-1.6618368302703148],[-78.65447557891328,-1.6618302472446915],[-78.65447583765837,-1.6618280444823788],[-78.65447628818507,-1.6618231896656324],[-78.6544764392118,-1.661820976780529],[-78.65447673007526,-1.6618143330740314],[-78.65447677301984,-1.6618121153971956],[-78.65447674850583,-1.6618072395197576],[-78.65447668326479,-1.6618050223936225],[-78.65447632561401,-1.661798381988914],[-78.65447615234453,-1.6617961707549278],[-78.6544756530259,-1.6617913207739883],[-78.65447537214541,-1.661789120759193],[-78.65447436942479,-1.6617825476068997],[-78.65447398160993,-1.6617803641112205],[-78.65447301229541,-1.6617755867349675],[-78.65447251848047,-1.6617734250186111],[-78.6544708803468,-1.6617669824219354],[-78.65447028172142,-1.661764847692632],[-78.6544688517461,-1.6617601889299924],[-78.6544681497524,-1.6617580863304733],[-78.65446589198186,-1.6617518363352222],[-78.6544650883111,-1.6617497709311184],[-78.65446321144633,-1.6617452756480768],[-78.65446230803457,-1.661743252414957],[-78.65445945237073,-1.6617372552119782],[-78.65445845139428,-1.661735279023834],[-78.6544561457153,-1.6617309905125042],[-78.65445504958589,-1.661729066130658],[-78.65445162353028,-1.6617233794760586],[-78.65445043488826,-1.6617215115359625],[-78.65444772260025,-1.6617174710974456],[-78.6544464443093,-1.6617156640993223],[-78.65444248085662,-1.6617103427586082],[-78.65444111599636,-1.6617086010558495],[-78.65443802322014,-1.6617048476016645],[-78.65443657507835,-1.6617031753897686],[-78.65443211239912,-1.6616982706107692],[-78.6544305844646,-1.6616966719184134],[-78.6544271409851,-1.6616932415961536],[-78.6544255369392,-1.661691720275111],[-78.65442061801151,-1.6616872792934914],[-78.65441894171789,-1.6616858390081866],[-78.65441518069765,-1.6616827648536956],[-78.65441343619543,-1.661681409074536],[-78.65440810839043,-1.661677474658702],[-78.65440629988166,-1.6616762066513966],[-78.65440225754179,-1.661673518270766],[-78.65440038938301,-1.6616723410898595],[-78.65439470401192,-1.6616689511315341],[-78.65439278070419,-1.6616678676132959],[-78.65438849597457,-1.66166559089698],[-78.65438652215103,-1.6616646036515705],[-78.65438053396615,-1.6616617907971767],[-78.65437851438253,-1.6616609022032196],[-78.65437402852672,-1.661659059076882],[-78.6543719680483,-1.6616582712750139],[-78.65436573471848,-1.6616560626137034],[-78.65436363830906,-1.6616553775017622],[-78.65435899452852,-1.6616539857158878],[-78.65435686723814,-1.6616534049442342],[-78.65435044879564,-1.6616518217471745],[-78.65434829574833,-1.661651346714754],[-78.65434353876549,-1.6616504196731487],[-78.65434136515056,-1.6616500515248562],[-78.65433482340573,-1.6616491090384882],[-78.6543326344577,-1.6616488486608811],[-78.65432781008646,-1.6616483952915522],[-78.65432561107734,-1.661648243311819],[-78.6543190090338,-1.661647950613212],[-78.65431680526451,-1.6616479073977222],[-78.65431195996332,-1.661647932066595],[-78.65430975674155,-1.661647997719352],[-78.65430315797863,-1.6616483576271912],[-78.65430096061124,-1.6616485319901153],[-78.6542961410454,-1.6616490344595911],[-78.65429395482579,-1.6616493171126983],[-78.65428742289478,-1.6616503261607003],[-78.65428525309198,-1.6616507164227554],[-78.65428050567506,-1.6616516918538777],[-78.6542783575148,-1.6616521887849227],[-78.6542719553201,-1.6616538372555607],[-78.65426983397755,-1.661654439658461],[-78.65426520443,-1.6616558786572808],[-78.65426311501604,-1.661656585080685],[-78.65425690421496,-1.6616588570981443],[-78.6542548517636,-1.6616596658400256],[-78.65425038467006,-1.6616615545484152],[-78.65424837412499,-1.6616624636607495],[-78.65424241453067,-1.6616653373443258],[-78.65424045073514,-1.661666344637174],[-78.65423618911785,-1.6616686648650507],[-78.65423427680327,-1.6616697679115606],[-78.65422862580992,-1.6616732155861007],[-78.6542267695834,-1.6616744117288245],[-78.65422275448277,-1.6616771411316729],[-78.6542209588165,-1.6616784274887495],[-78.65421567084613,-1.661682415951323],[-78.65421394006486,-1.6616837894246141],[-78.6542102101489,-1.6616869017165183],[-78.65420854842324,-1.6616883589964646],[-78.65420367440183,-1.6616928498360877],[-78.65420208573508,-1.6616943874118657],[-78.65419867692411,-1.6616978526204222],[-78.65419716514302,-1.6616994667883132],[-78.65419179475671,-1.661705490453976],[-78.6541910687615,-1.6617063251464557],[-78.65418949439946,-1.6617081806852483],[-78.65418878897911,-1.6617090330552293],[-78.65388410589249,-1.662086511326806],[-78.65387803324184,-1.662093302606996],[-78.65387131041501,-1.6620994423827378],[-78.6538640060808,-1.6621048679406696],[-78.65385619484769,-1.6621095238626566],[-78.65384795650178,-1.6621133625918534],[-78.6538393751918,-1.6621163449184342],[-78.6538305385696,-1.6621184403801266],[-78.65382153689488,-1.6621196275733248],[-78.65381246211322,-1.6621198943717022],[-78.65380340691692,-1.6621192380501542],[-78.65379446379825,-1.6621176653125438],[-78.65378572410465,-1.6621151922232378],[-78.65377727710576,-1.6621118440430986],[-78.6537692090815,-1.6621076549713392],[-78.6537616024409,-1.6621026677963149],[-78.65352456984336,-1.661929483026875],[-78.65351755653734,-1.6619237974208492],[-78.65351114421456,-1.6619174337077083],[-78.65350539732846,-1.6619104558522884],[-78.65350037364384,-1.6619029339925184],[-78.65349612365621,-1.6618949437343413],[-78.6534926900843,-1.6618865653918184],[-78.65349010744066,-1.6618778831798415],[-78.65348840168467,-1.6618689843676464],[-78.65348758996174,-1.661859958401599],[-78.65348768043089,-1.6618508960061673],[-78.65348867218272,-1.661841888272],[-78.65349055524867,-1.6618330257402771],[-78.65349331070108,-1.6618243974927405],[-78.65349691084354,-1.6618160902561478],[-78.65350131948924,-1.661808187530689],[-78.65350649232465,-1.6618007687505587],[-78.65351695737296,-1.661787255211725],[-78.65351762422357,-1.6617863719610626],[-78.65351906720196,-1.6617844112284867],[-78.65351971231155,-1.6617835117753257],[-78.6535243383602,-1.661776892151711],[-78.65352556167699,-1.6617750470229922],[-78.65352815111015,-1.6617709257734743],[-78.65352928298526,-1.6617690224626616],[-78.65353253631068,-1.661763233998125],[-78.65353357401673,-1.661761277091479],[-78.65353574956121,-1.661756920276015],[-78.65353669059856,-1.6617549144873662],[-78.65353936444727,-1.6617488330021275],[-78.65354020654907,-1.6617467831631911],[-78.65354194725296,-1.6617422327407194],[-78.65354268839012,-1.6617401437906867],[-78.65354475701172,-1.6617338278522444],[-78.65354539539901,-1.6617317048229319],[-78.6535466844984,-1.6617270046164068],[-78.65354721859784,-1.661724852622536],[-78.65354866207025,-1.6617183630572543],[-78.65354909059516,-1.6617161872830635],[-78.65354991567533,-1.6617113825581336],[-78.65355023759338,-1.6617091882453146],[-78.65355104201514,-1.661702587551372],[-78.65355125655077,-1.6617003799862384],[-78.65355160966573,-1.6616955170150072],[-78.6535517163021,-1.6616933015158197],[-78.65355187392629,-1.6616866532611734],[-78.65355187240651,-1.661684435165296],[-78.65355175015557,-1.6616795607808943],[-78.65355164048331,-1.6616773454317417],[-78.65355114979191,-1.6616707136429771],[-78.65355093223137,-1.661668506377643],[-78.65355033579192,-1.6616636675231176],[-78.65355001086722,-1.6616614736591049],[-78.65354887658589,-1.6616549222038635],[-78.65354844507985,-1.6616527470265878],[-78.65354738019586,-1.6616479903022754],[-78.65354684314802,-1.6616458390517614],[-78.65354507620047,-1.661639431024151],[-78.6535444349045,-1.661637308882571],[-78.65354291183156,-1.6616326800992158],[-78.65354216783251,-1.6616305921793844],[-78.65353978523547,-1.6616243892922475],[-78.65353894032583,-1.66162234062447],[-78.65353697373176,-1.6616178843590095],[-78.65353602994668,-1.6616158798779546],[-78.65353305464593,-1.6616099418686097],[-78.65353201425935,-1.6616079864038305],[-78.65352962308371,-1.6616037455729675],[-78.65352848860188,-1.661601843835065],[-78.65352494925102,-1.661596227889466],[-78.65352372340718,-1.661594384460205],[-78.65352093067821,-1.6615903999052941],[-78.65351961642538,-1.6615886192253468],[-78.65351554711035,-1.6615833794282557],[-78.65351414761466,-1.6615816657874858],[-78.65351098022799,-1.6615779758820872],[-78.65350949886097,-1.6615763334088245],[-78.65350493877187,-1.6615715202227699],[-78.65350337910169,-1.6615699528732666],[-78.65349986756142,-1.6615665931536208],[-78.6534982333464,-1.661565104704764],[-78.65349322639932,-1.6615607644831485],[-78.65349178483665,-1.6615595756305834],[-78.65348667636985,-1.6615559673177154],[-78.65348316127755,-1.6615533537526832],[-78.6534798500354,-1.6615507641115983],[-78.65347868923153,-1.6615499847572222],[-78.6534745938257,-1.6615473789840662],[-78.65347270245059,-1.6615462399667102],[-78.6534669502852,-1.6615429661123169],[-78.65346500565015,-1.6615419218581193],[-78.65346067615586,-1.6615397325855],[-78.65345868294565,-1.6615387856101744],[-78.65345263959733,-1.661536094889154],[-78.65345060261345,-1.6615352474738054],[-78.65344608072623,-1.6615334957857026],[-78.65344400487561,-1.6615327499717591],[-78.65343772854536,-1.6615306682972424],[-78.65343561882892,-1.661530025881478],[-78.65343094809799,-1.6615287286479217],[-78.65342880959881,-1.661528191178146],[-78.65342236073012,-1.6615267385974546],[-78.6534201986011,-1.6615263073686768],[-78.65341542400573,-1.6615254770820822],[-78.6534132434547,-1.6615251531329245],[-78.65340668415362,-1.6615243436352658],[-78.65340449043255,-1.6615241277459953],[-78.65339965795712,-1.6615237724029635],[-78.65339745635141,-1.661523665093766],[-78.65339084978865,-1.6615235064751726],[-78.65338864560331,-1.6615235080046311],[-78.65338380178626,-1.6615236310271635],[-78.65338160032957,-1.6615237413915733],[-78.6533750101302,-1.661524235179466],[-78.6533728167059,-1.6615244541130187],[-78.65336800819686,-1.6615250543162001],[-78.65336582809078,-1.6615253812912971],[-78.65335931772023,-1.6615265227303808],[-78.65335715618346,-1.6615269569594218],[-78.6533524292899,-1.661528028563002],[-78.65335029152997,-1.661528568999814],[-78.65334392368803,-1.6615303470972398],[-78.6533418148543,-1.6615309924400659],[-78.65333721509842,-1.6615325251240354],[-78.65333514027252,-1.6615332738177893],[-78.653328976284,-1.661535671449747],[-78.65332694046351,-1.661536521691033],[-78.65332251214403,-1.6615385006946566],[-78.6533205202335,-1.6615394504351393],[-78.65331461946214,-1.6615424445106786],[-78.65331267625993,-1.6615434914625251],[-78.6533084620234,-1.6615458977272044],[-78.6533065722118,-1.6615470393677014],[-78.65330099148443,-1.6615506010525731],[-78.65329915961489,-1.6615518346321425],[-78.653295200048,-1.6615546449834475],[-78.65329343053416,-1.661555967530013],[-78.6532882235965,-1.6615600625230813],[-78.65328652070222,-1.6615614708498025],[-78.65328285393623,-1.6615646582235826],[-78.65328122176268,-1.6615661489386364],[-78.6532764387606,-1.661570737802622],[-78.65327488124001,-1.6615723073146704],[-78.6532715425889,-1.6615758410138997],[-78.65327006347441,-1.6615774855408634],[-78.65326481493435,-1.6615836169957043],[-78.65326410582084,-1.6615844662539145],[-78.65326256897562,-1.6615863533741806],[-78.65326188078592,-1.661587219890074],[-78.65324898187072,-1.6616038762884284],[-78.65324315623916,-1.6616106738916754],[-78.65323668938517,-1.6616168565606972],[-78.65322964507561,-1.6616223633309242],[-78.65322209277139,-1.6616271399024347],[-78.65321410694249,-1.6616311391755496],[-78.65320576633377,-1.6616343217151908],[-78.65319715318832,-1.6616366561397116],[-78.65318835243667,-1.6616381194303915],[-78.65317945085924,-1.6616386971583512],[-78.65317053623062,-1.6616383836268975],[-78.65316169645409,-1.6616371819276377],[-78.65315301869488,-1.6616351039100223],[-78.65314458852059,-1.661632170064512],[-78.6531364890575,-1.6616284093204905],[-78.65312880017093,-1.6616238587610317],[-78.65312159767763,-1.6616185632572555],[-78.65283757155723,-1.6613871237319608],[-78.65283688379348,-1.6613865670208992],[-78.65283585461798,-1.6613857426149032],[-78.65270205346671,-1.6612801976808582],[-78.65269527637322,-1.661274278676521],[-78.65268911994069,-1.6612677087768684],[-78.6526836456059,-1.661260553544809],[-78.65267890799875,-1.6612528843844374],[-78.6526749543972,-1.6612447778284982],[-78.65267182425528,-1.6612363147746285],[-78.65266954880961,-1.6612275796780471],[-78.65266815076747,-1.6612186597087466],[-78.65266764408031,-1.6612096438816644],[-78.65266803380447,-1.6612006221682638],[-78.6526693160508,-1.6611916845988006],[-78.65267147802338,-1.6611829203637964],[-78.65267449814726,-1.6611744169240554],[-78.65267834628376,-1.6611662591378131],[-78.65268298403127,-1.6611585284139117],[-78.65268836510833,-1.6611513018994435],[-78.6526944358157,-1.661144651709864],[-78.6527232152216,-1.661116126448273],[-78.65272399099912,-1.661115338415081],[-78.65272567610737,-1.6611135841423954],[-78.65272643243355,-1.6611127771874727],[-78.65273187804021,-1.661106822313178],[-78.65273333036365,-1.6611051537825954],[-78.65273643252817,-1.6611014081896827],[-78.6527378017448,-1.6610996699569207],[-78.65274177850853,-1.661094358693782],[-78.65274306132014,-1.6610925549459035],[-78.65274578371623,-1.6610885214058184],[-78.65274697703173,-1.6610866564891547],[-78.65275041731613,-1.6610809785501357],[-78.65275151826089,-1.661079056957252],[-78.65275383467149,-1.6610747743135708],[-78.65275484059339,-1.6610728006734041],[-78.65275771126659,-1.6610668107402562],[-78.65275861974197,-1.6610647898081234],[-78.6527605078583,-1.6610602993058259],[-78.65276131669899,-1.6610582359494876],[-78.65276359011476,-1.6610519917087752],[-78.652764297372,-1.6610498908992999],[-78.6527657390105,-1.6610452357843306],[-78.65276634298039,-1.6610431025830337],[-78.65276799724461,-1.661036664169973],[-78.65276849647213,-1.6610345037158125],[-78.65276947774908,-1.6610297288194633],[-78.65276987103162,-1.6610275463169675],[-78.65277089021276,-1.6610209757373369],[-78.65277117660284,-1.6610187764445752],[-78.65277168806799,-1.6610139277516296],[-78.65277186687564,-1.661011716966803],[-78.65277224115852,-1.6610050774985832],[-78.652772311953,-1.661002860547697],[-78.65277234868067,-1.6609979847538767],[-78.65277231129144,-1.660995766977795],[-78.65277203707147,-1.660989122562756],[-78.65277189158859,-1.66098690930417],[-78.6527714532251,-1.6609820533660382],[-78.65277119999905,-1.6609798499569723],[-78.65277027991719,-1.660973264584625],[-78.65276991955803,-1.6609710763333367],[-78.65276901032503,-1.66096628701606],[-78.65276854370092,-1.660964119194256],[-78.652766986618,-1.660957656285028],[-78.65276641485306,-1.6609555141152204],[-78.65276504350702,-1.660950837542722],[-78.65276436797862,-1.6609487261852744],[-78.65276218889029,-1.6609424479807984],[-78.65276141122594,-1.6609403725225071],[-78.65275959097372,-1.660935853732784],[-78.65275871304684,-1.6609338191734675],[-78.65275593293885,-1.6609277861361038],[-78.65275495686443,-1.6609257973771714],[-78.6527527052361,-1.6609214798886593],[-78.65275163336547,-1.6609195417210074],[-78.65274827901203,-1.660913811952615],[-78.65274711392769,-1.6609119290459036],[-78.65274445260756,-1.6609078544382372],[-78.65274319711614,-1.660906031328277],[-78.65273930082115,-1.6609006600090654],[-78.65273795794752,-1.66089890108831],[-78.65273491256565,-1.6608951086021815],[-78.65273348554409,-1.6608934181069575],[-78.65272908483153,-1.6608884569663465],[-78.6527275771008,-1.6608868389703442],[-78.65272417698607,-1.6608833651297077],[-78.65272259217762,-1.6608818235299458],[-78.6527215868853,-1.6608808925717466],[-78.65271999293459,-1.6608795543622785],[-78.65271863782444,-1.660881136790122],[-78.65268897297538,-1.6609193878768491],[-78.65268328865533,-1.660926027025585],[-78.65267699219896,-1.660932081079521],[-78.65267014278326,-1.660937493139905],[-78.65266280478217,-1.6609422123417197],[-78.6526550471616,-1.6609461943317692],[-78.65264694283123,-1.6609494016854929],[-78.65263856795923,-1.6609518042587277],[-78.6526300012565,-1.660953379471014],[-78.65262132323681,-1.6609541125177956],[-78.65261261546019,-1.660953996509583],[-78.65260395976625,-1.6609530325366868],[-78.6525954375052,-1.6609512296590039],[-78.65258712877309,-1.6609486048207778],[-78.65257911165921,-1.6609451826914774],[-78.652571461512,-1.6609409954338374],[-78.65256425023105,-1.6609360824016208],[-78.65255754559124,-1.6609304897697614],[-78.6525514106058,-1.660924270100356],[-78.65254590293411,-1.6609174818487138],[-78.65254107433977,-1.6609101888138909],[-78.65253697020408,-1.660902459539158],[-78.65253362909955,-1.6608943666677747],[-78.6525310824274,-1.6608859862601806],[-78.65252935412238,-1.6608773970792898],[-78.65252846042787,-1.6608686798501109],[-78.65252840974321,-1.6608599165010995],[-78.65252908314062,-1.6608525037870032],[-78.65252910444556,-1.6608519755663904],[-78.65252815497772,-1.6608519507874226],[-78.65252044304292,-1.6608514146926157],[-78.65251280546619,-1.6608502133565337],[-78.65250529880834,-1.6608483556757694],[-78.65249860937432,-1.66084638949282],[-78.65249668080656,-1.6608458691741834],[-78.65249016045824,-1.6608442654746534],[-78.65248800710044,-1.6608437918868164],[-78.65248324951374,-1.660842868036923],[-78.65248107565887,-1.66084250134682],[-78.65247453330366,-1.6608415632490892],[-78.6524723441872,-1.6608413043397954],[-78.6524675195245,-1.6608408542064326],[-78.65246532041905,-1.6608407037016517],[-78.6524587181952,-1.6608404154310128],[-78.65245651440094,-1.6608403736934787],[-78.65245166912632,-1.660840401611692],[-78.65244946595207,-1.6608404687418925],[-78.65244402608154,-1.6608407691008438],[-78.65244183789493,-1.6608409988592818],[-78.65244079641488,-1.6608412137859891],[-78.65243211920667,-1.6608425636662942],[-78.65242945074793,-1.6608427131047205],[-78.65242524632163,-1.6608431556836307],[-78.65242488348753,-1.6608432205037735],[-78.65242021738894,-1.660844182487267],[-78.65241806956273,-1.6608446808579798],[-78.65241166847258,-1.6608463336194312],[-78.65240954753305,-1.6608469374440527],[-78.65240491894697,-1.6608483795455133],[-78.65240283000612,-1.6608490873686235],[-78.65239662072112,-1.6608513635479394],[-78.65239456880904,-1.6608521736651187],[-78.6523901029755,-1.660854065366137],[-78.65238809303618,-1.6608549758254945],[-78.65238213535622,-1.6608578535014609],[-78.65238017223233,-1.66085886210934],[-78.65237591215909,-1.6608611851920227],[-78.65237400057998,-1.6608622895185596],[-78.65236835188048,-1.660865740977671],[-78.65236649644974,-1.6608669383633823],[-78.65236248316438,-1.6608696704547197],[-78.65236068835327,-1.660870958014179],[-78.65235540303475,-1.660874950016701],[-78.65235367316684,-1.660876324648255],[-78.65234994531863,-1.6608794394372384],[-78.65234793966917,-1.6608812006959448],[-78.65234096993746,-1.6608867351697234],[-78.65233349133861,-1.660891550253042],[-78.6523255769273,-1.660895598909764],[-78.65231730401547,-1.6608988415906258],[-78.65230875341699,-1.6609012466195283],[-78.6523000086584,-1.6609027905029627],[-78.65229115516283,-1.6609034581595203],[-78.65228227941564,-1.6609032430672361],[-78.65227346811953,-1.6609021473272327],[-78.6522648073476,-1.660900181643259],[-78.65225638170257,-1.6608973652171153],[-78.65224827349032,-1.660893725561073],[-78.65224056191587,-1.660889298229108],[-78.6522333223097,-1.6608841264695924],[-78.65223123050318,-1.6608824698039752],[-78.65222735052023,-1.6608795492164474],[-78.65222555362053,-1.6608782646109965],[-78.65222007397392,-1.6608745473999886],[-78.65221821660126,-1.6608733530679447],[-78.65221407082923,-1.6608708292487755],[-78.65221215745792,-1.6608697280672706],[-78.65220634213227,-1.6608665692447104],[-78.65220437737311,-1.6608655638672862],[-78.65220000573746,-1.6608634611219326],[-78.65219799432205,-1.6608625539697806],[-78.6521918993217,-1.6608599839565772],[-78.65218984609697,-1.660859177215655],[-78.65218529069962,-1.6608575157950782],[-78.65218320061078,-1.6608568114084596],[-78.6521768846346,-1.6608548549554725],[-78.65217476271775,-1.6608542546203955],[-78.65217006742964,-1.6608530505249195],[-78.65216791879605,-1.660852555687478],[-78.65216144266974,-1.660851231636148],[-78.65215927249683,-1.6608508434887035],[-78.65215448253493,-1.6608501083141878],[-78.6521522960507,-1.660849827791718],[-78.65214572214212,-1.6608491488932948],[-78.65214352461281,-1.6608489766714396],[-78.65213868610904,-1.6608487174983422],[-78.6521364828292,-1.6608486539920626],[-78.65212987444932,-1.6608486267848812],[-78.65212767072668,-1.6608486721471931],[-78.65212283027775,-1.6608488914713213],[-78.65212063142201,-1.6608490455929004],[-78.65211405221352,-1.660849670338899],[-78.65211186351995,-1.6608499328486257],[-78.65210706774275,-1.6608506285576208],[-78.65210489448563,-1.6608509988229523],[-78.65209840781007,-1.6608522695054577],[-78.65209625522556,-1.6608527466342826],[-78.65209155030459,-1.660853912028244],[-78.65208942357725,-1.6608544948713526],[-78.65208309190496,-1.660856399252814],[-78.6520809961587,-1.6608570864059975],[-78.65207642740558,-1.6608587102613945],[-78.65207436768922,-1.6608595000692616],[-78.65206825199668,-1.6608620198097044],[-78.652066233273,-1.6608629103692094],[-78.65206184468691,-1.6608649770475812],[-78.6520598718181,-1.6608659662137437],[-78.65205403100303,-1.6608690770466474],[-78.65205210874254,-1.6608701624361986],[-78.6520479425881,-1.6608726520342623],[-78.65204607556711,-1.660873831032161],[-78.65204056587923,-1.6608775029988492],[-78.65203875859498,-1.6608787727651388],[-78.65203485499462,-1.6608816613066701],[-78.65203311180096,-1.6608830187824093],[-78.65202798630209,-1.6608872165195778],[-78.65202631139896,-1.6608886584341538],[-78.65202470149016,-1.6608901147503286],[-78.65202317531887,-1.6608916353414385],[-78.6520218425062,-1.6608940836538],[-78.65201675769256,-1.6609023383131156],[-78.65201082219635,-1.6609099963752105],[-78.6520041045305,-1.6609169694437294],[-78.65199713161225,-1.6609228011967616],[-78.65199690164081,-1.660923010916126],[-78.65199601264702,-1.6609242088993146],[-78.6519955359413,-1.6609249596375173],[-78.6519930279492,-1.6609291315725234],[-78.6519919336737,-1.6609310570178828],[-78.65198879466051,-1.6609369090421493],[-78.65198779558776,-1.6609388862006031],[-78.65198570602887,-1.6609432854242436],[-78.6519848045656,-1.660945309532867],[-78.65198225066919,-1.6609514429963461],[-78.65198144898714,-1.6609535091788297],[-78.65197979798523,-1.6609580933238528],[-78.6519790980159,-1.6609601966021417],[-78.65197715383134,-1.6609665524370674],[-78.65197655726087,-1.6609686877445642],[-78.65197536071585,-1.6609734126634157],[-78.65197486898151,-1.6609755748557424],[-78.6519735532325,-1.66098209185175],[-78.65197316751882,-1.6609842757203237],[-78.65197243695414,-1.660989095909187],[-78.6519721581904,-1.6609912961926905],[-78.65197148354837,-1.660997911587299],[-78.65197131240613,-1.661000122985042],[-78.65197105485746,-1.661004992023314],[-78.65197099174902,-1.6610072092078458],[-78.65197096471115,-1.661013859291315],[-78.65197100978854,-1.6610160769213165],[-78.65197122773623,-1.661020947917305],[-78.65197138089086,-1.6610231606502384],[-78.65197200171754,-1.6610297813786201],[-78.65197210721401,-1.6610306721014167],[-78.65197227545585,-1.661031538322265],[-78.6519730118287,-1.6610358920688648],[-78.65197386396342,-1.66104179926828],[-78.65197458458067,-1.6610455245109481],[-78.65197505871684,-1.6610476906801759],[-78.65197621680134,-1.6610524252934071],[-78.65197679598876,-1.6610545654419637],[-78.65197868842621,-1.6610609370733938],[-78.65197937126943,-1.6610630460450413],[-78.65198098494045,-1.6610676436316119],[-78.65198176979456,-1.6610697163460033],[-78.65198427373188,-1.661075870634347],[-78.65198515870618,-1.6610779020983302],[-78.65198721242294,-1.6610823183803156],[-78.65198819538531,-1.6610843036995875],[-78.65199128670835,-1.661090181375909],[-78.65199236529067,-1.6610921157675027],[-78.65199483927502,-1.6610963082142784],[-78.6519960108792,-1.6610981870186043],[-78.65199951049404,-1.6611035045857563],[-78.65200416294101,-1.6611114212457534],[-78.65200799190498,-1.6611197726668678],[-78.65201095774746,-1.661128472392972],[-78.65201302976526,-1.6611374303621653],[-78.65201418650825,-1.6611465538391643],[-78.65201441600152,-1.6611557483752915],[-78.65201371586926,-1.6611649187862332],[-78.65201209335946,-1.6611739701374544],[-78.65200956526871,-1.661182808726919],[-78.65200615776853,-1.6611913430551997],[-78.65200190613423,-1.6611994847726363],[-78.65199685437989,-1.6612071495939742],[-78.6519930870508,-1.6612122785730516],[-78.65199182077151,-1.6612140941106475],[-78.65198913533843,-1.6612181526626253],[-78.65198795911012,-1.6612200285385337],[-78.65198457084135,-1.6612257380595534],[-78.6519834874973,-1.661227669755213],[-78.65198121030815,-1.6612319736437342],[-78.65198022245853,-1.661233956505016],[-78.65197740662666,-1.661239972737031],[-78.65197651665109,-1.6612420019874192],[-78.65197466963649,-1.661246509763663],[-78.6519738796792,-1.6612485805140575],[-78.65197166340198,-1.6612548455179152],[-78.6519709753659,-1.661256952780104],[-78.65196957631362,-1.6612616210317523],[-78.65196899185636,-1.6612637597288535],[-78.6519673964778,-1.661270213169077],[-78.65196691700733,-1.6612723781490304],[-78.65196597939097,-1.6612771619183528],[-78.65196560606236,-1.6612793479654377],[-78.65196464694691,-1.6612859276917347],[-78.65196438065956,-1.6612881295396296],[-78.65196391350895,-1.661292982756175],[-78.65196375490437,-1.661295195100333],[-78.65196344128877,-1.6613018377465472],[-78.65196339074906,-1.6613040552573077],[-78.6519633985631,-1.6613089311821074],[-78.65196345621,-1.6613111485172753],[-78.6519637911146,-1.6613177901109852],[-78.65196395680925,-1.661320001928896],[-78.65196443951271,-1.6613248536039908],[-78.6519647128559,-1.661327054576036],[-78.6519656930554,-1.6613336311551445],[-78.65196607338866,-1.6613358159790936],[-78.65196702633285,-1.661340596680298],[-78.65196751273994,-1.6613427600927422],[-78.65196810045657,-1.6613451051442016],[-78.65199582603907,-1.6613772857342848],[-78.65200110856814,-1.6613762726069339],[-78.65200999820273,-1.6613754749418645],[-78.65201892261858,-1.6613755689132954],[-78.65202779372036,-1.6613765535936118],[-78.65203652393902,-1.6613784192627912],[-78.65204502709621,-1.6613811475043379],[-78.65205321925491,-1.6613847113870315],[-78.65206101954813,-1.661389075730843],[-78.65206835097699,-1.6613941974541482],[-78.65207514117098,-1.6614000259990334],[-78.65208132310222,-1.6614065038303678],[-78.65208683574717,-1.6614135670037058],[-78.65209162468899,-1.6614211457965538],[-78.6520956426547,-1.6614291653965436],[-78.65209884998184,-1.661437546640048],[-78.65210121501002,-1.6614462067935085],[-78.65210271439334,-1.6614550603701643],[-78.652103333331,-1.6614640199739565],[-78.65210306571325,-1.6614729971621576],[-78.65210191418184,-1.6614819033184913],[-78.65209989010381,-1.661490650527831],[-78.65209701345941,-1.6614991524440907],[-78.65209331264477,-1.6615073251424808],[-78.65208882419164,-1.6615150879481],[-78.65208359240678,-1.6615223642321442],[-78.65207766893458,-1.6615290821683986],[-78.65207111224726,-1.661535175442301],[-78.65194244935951,-1.6616433365917818],[-78.65194086669186,-1.6616448048179473],[-78.65194043925892,-1.6616478024606829],[-78.65194014276496,-1.6616509273771924],[-78.65193838449535,-1.6616598469026742],[-78.65193574462279,-1.661668543535836],[-78.65193224986076,-1.6616769292734095],[-78.65192793557354,-1.6616849192581766],[-78.65192284541841,-1.6616924326376241],[-78.65192112648559,-1.6616944904280326],[-78.65192180836719,-1.6616950672784683],[-78.65192731468957,-1.6616994979914985],[-78.65193363280218,-1.661704330970802],[-78.65194077789675,-1.661709523144436],[-78.65194732405519,-1.661714038330964],[-78.65195323542545,-1.6617179045889807],[-78.65195599991526,-1.6617196170539497],[-78.6519503660798,-1.6617235354774458],[-78.65194395013197,-1.6617282361246297],[-78.65193695461643,-1.6617336306208386],[-78.65193077560065,-1.661738642407714],[-78.65192539668226,-1.6617432288652982],[-78.65191946948345,-1.6617485397187666],[-78.65191303309045,-1.6617545982461057],[-78.6519073719886,-1.6617601953710806],[-78.65190246570339,-1.6617652902966948],[-78.65189708433601,-1.6617711602098046],[-78.65189126905155,-1.6617778244212753],[-78.65188618038309,-1.6617839529810627],[-78.65188179398109,-1.6617895073079716],[-78.65187701027052,-1.6617958797502679],[-78.65187187209895,-1.6618030854658283],[-78.65186740487063,-1.6618096864388896],[-78.6518635805956,-1.6618156466754896],[-78.65185944061139,-1.6618224602771594],[-78.65185502903579,-1.6618301381022416],[-78.65185122626937,-1.6618371479177692],[-78.65184800095099,-1.6618434566639648],[-78.65184454456363,-1.6618506458059812],[-78.65184090207005,-1.6618587217987024],[-78.65183780038825,-1.6618660729483494],[-78.65183520508802,-1.6618726694476031],[-78.65183246558422,-1.6618801648948784],[-78.65182962725189,-1.6618885612789538],[-78.65182725652562,-1.6618961829670669],[-78.65182531623773,-1.6619030036914966],[-78.6518233200004,-1.6619107332589451],[-78.65182131316391,-1.6619193691728742],[-78.65181969622459,-1.6619271879984716],[-78.65181842963511,-1.661934167260741],[-78.65181719588914,-1.6619420565083811],[-78.65181603987546,-1.6619508487835957],[-78.65181519229508,-1.6619587894472123],[-78.65181461160195,-1.661965860033238],[-78.65181415222904,-1.661973832983282],[-78.65181409104775,-1.6619756772075782],[-78.65181383416488,-1.661977504262391],[-78.6518129155428,-1.6619854369212985],[-78.6518122715852,-1.6619925019569972],[-78.65181174086587,-1.6620004704197129],[-78.6518113674796,-1.6620093313568987],[-78.65181122594157,-1.6620173164267327],[-78.65181127323675,-1.6620244109595093],[-78.65181152122099,-1.6620323933997074],[-78.65181201270993,-1.6620412484982074],[-78.65181264961905,-1.6620492090784846],[-78.65181338771158,-1.6620562647842305],[-78.65181441201122,-1.6620641843267554],[-78.65181576364209,-1.6620729483072205],[-78.65181717286461,-1.6620808077331641],[-78.65181859464631,-1.6620877566615602],[-78.65182038539682,-1.662095537036925],[-78.65182258415273,-1.662104125497525],[-78.65182475211715,-1.6621118080787467],[-78.65182684389555,-1.66211858330784],[-78.6518293838511,-1.6621261495868596],[-78.65183240855691,-1.6621344798160798],[-78.65183531438453,-1.6621419115649092],[-78.65183805601468,-1.6621484478455886],[-78.65184132071417,-1.6621557271608802],[-78.65184514224039,-1.6621637189340808],[-78.65184875794672,-1.6621708282791605],[-78.65185212302535,-1.662177062663534],[-78.65185608102784,-1.6621839849110673],[-78.6518606625711,-1.6621915612630376],[-78.65186495333492,-1.662198279737274],[-78.65186890945448,-1.662204152184785],[-78.65187352264259,-1.6622106506999839],[-78.65187882008023,-1.6622177386663712],[-78.65188374457908,-1.6622240015670495],[-78.65188825364002,-1.6622294555227999],[-78.65189347758601,-1.66223546772103],[-78.65189943990077,-1.6622419990407553],[-78.6519049507092,-1.662247746052852],[-78.65190996928705,-1.6622527289924505],[-78.6519157536818,-1.6622581969732586],[-78.65192232345366,-1.6622641087464094],[-78.65192836749972,-1.6622692845231464],[-78.65193384726243,-1.6622737484576966],[-78.65194013639884,-1.6622786195611488],[-78.65194725035721,-1.6622838548539256],[-78.65195376943294,-1.6622884095492771],[-78.6519596576079,-1.6622923114890709],[-78.65196639091887,-1.6622965388042494],[-78.65197398055213,-1.6623010471976427],[-78.65197669838173,-1.662302572400991],[-78.65210583474278,-1.6624555920538182],[-78.65195415936329,-1.662579216834952],[-78.6519511064485,-1.6625817682122392],[-78.65194842101127,-1.6625840690972462],[-78.65194543123663,-1.6625866951016615],[-78.65193820553858,-1.66259320055941],[-78.65193242257696,-1.6625986700761561],[-78.65192740530533,-1.6626036543480727],[-78.65192189600309,-1.6626094028234348],[-78.65191593539971,-1.6626159357266057],[-78.65191071302901,-1.6626219493122567],[-78.65190620539747,-1.6626274044650877],[-78.65190128254002,-1.6626336686730847],[-78.65189598695972,-1.6626407580461529],[-78.65189137547462,-1.662647257786074],[-78.65188742089416,-1.6626531312836024],[-78.65188313189117,-1.6626598508966115],[-78.65187855233323,-1.6626674284650018],[-78.6518745961446,-1.6626743517634668],[-78.65187123269978,-1.6626805870410177],[-78.65186761885644,-1.662687697345911],[-78.65186379942449,-1.6626956901335657],[-78.65186053663265,-1.6627029703152547],[-78.6518577967154,-1.6627095073235452],[-78.65185733309661,-1.6627106939620997],[-78.65200503485484,-1.662889014587479],[-78.6520089693765,-1.6628933271019777],[-78.65201455625073,-1.662900082455487],[-78.65201946481548,-1.662907351849016],[-78.65202364867092,-1.6629150665662953],[-78.65202706826777,-1.6629231536814437],[-78.65202969128117,-1.66293153674834],[-78.65203149291621,-1.6629401365233407],[-78.65203245614232,-1.6629488717142404],[-78.65203257185429,-1.6629576597487996],[-78.6520318389583,-1.6629664175552363],[-78.65203026438229,-1.6629750623475426],[-78.65202786301043,-1.6629835124079666],[-78.65202465754247,-1.6629916878595732],[-78.65202067827916,-1.6629995114212028],[-78.65201596283576,-1.6630069091380975],[-78.65201055578656,-1.6630138110809094],[-78.65200450824346,-1.66302015200678],[-78.65199787737284,-1.6630258719760425],[-78.65199747542971,-1.6630261859189126],[-78.65192228491858,-1.6630911284656682],[-78.651921536958,-1.6630925356960882],[-78.65191836536583,-1.6630988719669182],[-78.65191497019431,-1.6631060905900261],[-78.65191139645964,-1.6631141976327986],[-78.6519083573578,-1.6631215752049886],[-78.65190581820646,-1.6631281937967828],[-78.65190314249568,-1.6631357125450725],[-78.65190037561597,-1.6631441330475245],[-78.65189806974243,-1.6631517748581186],[-78.65189618748535,-1.663158612030281],[-78.65189425700402,-1.663166358493726],[-78.6518923236258,-1.6631750113619015],[-78.6518907731873,-1.6631828438163807],[-78.65188956595169,-1.663189833723151],[-78.65188839929127,-1.6631977332994514],[-78.65188731803408,-1.6632065352014493],[-78.6518865379623,-1.6632144828688482],[-78.65188601737447,-1.663221558193768],[-78.65188562577059,-1.6632295348056503],[-78.65188540704753,-1.6632384009745442],[-78.65188540485497,-1.663246387314592],[-78.65188557592852,-1.6632534799183254],[-78.65188596315258,-1.6632614567467205],[-78.6518866090701,-1.6632703017964825],[-78.65188738477794,-1.663278249896361],[-78.65188824586536,-1.6632852914734206],[-78.65188940818824,-1.6632931916972429],[-78.65189091252586,-1.6633019304452323],[-78.65189245866361,-1.663309763760509],[-78.65189400147223,-1.6633166864966276],[-78.65189592770017,-1.6633244340324058],[-78.65189827597035,-1.6633329823198004],[-78.65190057764794,-1.6633406254112904],[-78.65190278731968,-1.663347362636777],[-78.65190545890209,-1.6633548828714853],[-78.65190862848978,-1.6633631583736002],[-78.65191166354089,-1.6633705376344157],[-78.65191451879544,-1.6633770244660064],[-78.65191791000352,-1.663384244975584],[-78.65192187038403,-1.6633921679951316],[-78.65192560957959,-1.6633992123590549],[-78.65192908291938,-1.6634053863251341],[-78.65193316109396,-1.6634122375721416],[-78.65193787412653,-1.6634197318056563],[-78.651942281456,-1.6634263734313695],[-78.65194633943102,-1.663432175073488],[-78.65195106529734,-1.6634385910770149],[-78.65195702816152,-1.6634462843738262],[-78.65195950701772,-1.6634494029151785],[-78.65196174374671,-1.6634521471200692],[-78.65196429790892,-1.6634552035037071],[-78.6520413095257,-1.6635450948943922],[-78.65195086775964,-1.66362127277802],[-78.65194785611449,-1.663623873352829],[-78.65194520788658,-1.6636262175059002],[-78.65194226056956,-1.6636288916732904],[-78.65193514002823,-1.6636355135117296],[-78.65192944544044,-1.6636410761373188],[-78.65192546148432,-1.6636451635913867],[-78.65211132664005,-1.6638739628530486],[-78.6521113039967,-1.6638739814802184],[-78.65211527828134,-1.6638788790843413],[-78.6521202853064,-1.6638865099641116],[-78.65212450060929,-1.6638946108451782],[-78.65212788105494,-1.663903098831543],[-78.65213039205135,-1.663911887065925],[-78.65213200790355,-1.663920885618588],[-78.65213271207656,-1.663930002407662],[-78.65213249736462,-1.663939144141355],[-78.65213136596482,-1.663948217272584],[-78.65212932945474,-1.6639571289563002],[-78.65212640867391,-1.6639657879995573],[-78.65212263351059,-1.6639741057946322],[-78.65211804259589,-1.6639819972257839],[-78.6521126829085,-1.6639893815402937],[-78.65210660929391,-1.6639961831747003],[-78.65209988390323,-1.6640023325281135],[-78.65185934771428,-1.6642008719500174],[-78.65186243168813,-1.6642051295513542],[-78.6518667231098,-1.6642107585160713],[-78.65187170694244,-1.664216973709271],[-78.651877978879,-1.6642244139734683],[-78.65188058296793,-1.664227427392292],[-78.65188292985064,-1.6642300768017677],[-78.65188560664454,-1.6642330250021555],[-78.65202048499671,-1.664377966397576],[-78.65201425996453,-1.664379301875714],[-78.65200654106688,-1.6643811582370645],[-78.65199802201964,-1.6643834308139618],[-78.65199040293577,-1.6643856660771321],[-78.65198368496121,-1.6643878183364842],[-78.65197618404635,-1.664390427116477],[-78.65196792737576,-1.6643935290308272],[-78.65196056270058,-1.6643965050427159],[-78.65195408671082,-1.6643993095690885],[-78.6519468760171,-1.66440264564354],[-78.65193896123962,-1.6644065470219886],[-78.65193192189813,-1.664410235122335],[-78.65192575025975,-1.6644136649069494],[-78.65191889923004,-1.6644176961475965],[-78.65191140256901,-1.6644223594177834],[-78.6519047563548,-1.6644267240876904],[-78.65189894850448,-1.6644307460995942],[-78.65189252311745,-1.6644354336836409],[-78.65188551676924,-1.6644408139360685],[-78.65187932768896,-1.664445813141229],[-78.65187393955996,-1.6644503886457975],[-78.65186800169568,-1.6644556874291714],[-78.65186155313538,-1.664461732848965],[-78.65185588079223,-1.6644673184451253],[-78.65185096427436,-1.6644724033784397],[-78.6518455711182,-1.6644782623304784],[-78.65183974244933,-1.664484914696548],[-78.65183464147171,-1.6644910328907976],[-78.65183024391393,-1.6644965782818888],[-78.65182544740433,-1.6645029409781857],[-78.65182029475963,-1.6645101362251844],[-78.65181581427267,-1.6645167280959903],[-78.65181197802586,-1.664522680539712],[-78.6518078243558,-1.6645294857041288],[-78.65180339735835,-1.6645371545374372],[-78.65179958051166,-1.664544156601266],[-78.6517963425208,-1.6645504587726143],[-78.65179287169231,-1.6645576408679241],[-78.65178921297634,-1.6645657094327744],[-78.65178609652801,-1.6645730542563097],[-78.65178348797687,-1.6645796454616106],[-78.6517807334162,-1.6645871353197754],[-78.65177787821709,-1.6645955259116347],[-78.65177549218011,-1.6646031427605443],[-78.6517735381904,-1.6646099595231054],[-78.65177152642539,-1.6646176850128132],[-78.6517695022403,-1.6646263168256619],[-78.65176786959366,-1.6646341323452236],[-78.65176658898336,-1.6646411090158941],[-78.65176533938833,-1.6646489957368342],[-78.6517641657113,-1.6646577856416642],[-78.65176330217828,-1.6646657245641834],[-78.65176270728038,-1.6646727939539212],[-78.65176223188969,-1.664680765952562],[-78.65176192002387,-1.6646896292977755],[-78.65176183392077,-1.66469761516724],[-78.65176193046447,-1.664704709194021],[-78.65176223385642,-1.6647126896957296],[-78.6517627868053,-1.664721541122602],[-78.65176347896137,-1.6647294970307567],[-78.65176426601695,-1.6647365473751587],[-78.65176534526974,-1.6647444595234013],[-78.65176675770819,-1.6647532137879182],[-78.65176822145766,-1.6647610631151557],[-78.65176969144541,-1.6647680018787843],[-78.65177153616526,-1.6647757694751864],[-78.65177379449075,-1.6647843422688993],[-78.65177601573698,-1.664792009421972],[-78.65177815450011,-1.6647987697804736],[-78.6517807469214,-1.6648063180188517],[-78.65178382938515,-1.664814626781345],[-78.65178678673627,-1.6648220379210772],[-78.65178696024036,-1.6648224436346148],[-78.65178671738384,-1.6648228115507853],[-78.6517824897532,-1.6648295704364495],[-78.6517779793933,-1.6648371899206702],[-78.65177408641868,-1.6648441494133108],[-78.65177077989753,-1.6648504154476735],[-78.65176723095716,-1.6648575587818866],[-78.65176348447349,-1.6648655864577366],[-78.65176028811732,-1.664872896424027],[-78.6517576078461,-1.6648794584260012],[-78.65175477177429,-1.6648869174143675],[-78.65175182524759,-1.664895275970906],[-78.65174935629254,-1.6649028660118879],[-78.65174732808366,-1.6649096607859775],[-78.65174523219328,-1.6649173635946608],[-78.6517431140002,-1.6649259725344168],[-78.65174247058346,-1.6649288930149881],[-78.65186771773402,-1.6650856070177467],[-78.6518728123837,-1.6650926516031195],[-78.65187720943102,-1.6651001570293642],[-78.65188086802866,-1.6651080535732774],[-78.6518837541893,-1.6651162678783176],[-78.65188584110136,-1.665124723635975],[-78.65188710937801,-1.665133342294751],[-78.65188754723735,-1.6651420437898596],[-78.65188715061173,-1.6651507472869416],[-78.65188592318573,-1.6651593719330664],[-78.65188387636172,-1.6651678376077979],[-78.65188102915414,-1.6651760656675068],[-78.65187740801267,-1.6651839796759142],[-78.65187304657665,-1.6651915061142384],[-78.65186798536259,-1.6651985750640224],[-78.65186227138763,-1.6652051208568526],[-78.65185595773295,-1.6652110826842081],[-78.65173237293253,-1.6653169858377161],[-78.65173163492156,-1.6653245338730864],[-78.6517309874397,-1.6653333788059275],[-78.65173059880505,-1.6653413555638594],[-78.65173042647741,-1.6653484481359586],[-78.65173042725804,-1.6653564344751681],[-78.65173064441385,-1.6653653006819238],[-78.65173103460788,-1.6653732773628054],[-78.65173155394534,-1.6653803527798152],[-78.65173233261281,-1.6653883005856478],[-78.65173341231497,-1.665397102679999],[-78.65173457757999,-1.6654050024640281],[-78.65173578358107,-1.6654119925859299],[-78.65173733263642,-1.6654198253167114],[-78.65173926448686,-1.665428478529605],[-78.65174119360078,-1.665436225337663],[-78.65174307465114,-1.6654430628458348],[-78.65174537917612,-1.6654507050680585],[-78.65174814457018,-1.6654591260645457],[-78.65175081895457,-1.6654666452905065],[-78.6517533569386,-1.6654732643358514],[-78.65175639473956,-1.6654806424509885],[-78.65175996704501,-1.6654887501322118],[-78.65176336094422,-1.6654959693619857],[-78.65176653141992,-1.6655023061997285],[-78.6517702732412,-1.6655093491524207],[-78.65177461805489,-1.6655170654370608],[-78.65177869878383,-1.6655239151454602],[-78.65178247121763,-1.6655299087480473],[-78.65178688102336,-1.6655365487105855],[-78.65179246455524,-1.6655445250654808],[-78.65179478957258,-1.6655477613727847],[-78.65179689086277,-1.6655506119227677],[-78.65179929410462,-1.6655537898362531],[-78.6518882691742,-1.6656684968490092],[-78.65178173351603,-1.665766888730586],[-78.65177884292102,-1.6657696248794172],[-78.65177630373793,-1.665772088187288],[-78.65177348074033,-1.6657748948989402],[-78.6517666678579,-1.6657818367875137],[-78.65176123141755,-1.6657876550927961],[-78.65175652944318,-1.6657929415163337],[-78.65175138325225,-1.6657990212492986],[-78.6517458347373,-1.6658059119474256],[-78.65174099119359,-1.6658122384612386],[-78.65173682677238,-1.6658179632102028],[-78.65173229754407,-1.665824521264128],[-78.65172744691922,-1.6658319260615149],[-78.65172324291763,-1.6658386998566632],[-78.65171965615485,-1.665844807799131],[-78.65171578750787,-1.6658517810166789],[-78.65171168148711,-1.6658596286013352],[-78.65170815751468,-1.665866784442106],[-78.65170518295297,-1.6658732167551094],[-78.65170201214453,-1.6658805379803305],[-78.65169869027105,-1.665888752775724],[-78.65169588026538,-1.6658962217478483],[-78.65169354655146,-1.6659029164845527],[-78.6516911041182,-1.6659105152100215],[-78.65168859838336,-1.665919018103503],[-78.65168652940648,-1.6659267282764558],[-78.65168514691824,-1.6659324329627514],[-78.65168473565612,-1.6659333312514075],[-78.65168152523422,-1.6659408335097128],[-78.65167891516471,-1.6659473805174596],[-78.65167614186124,-1.665954863368049],[-78.65167326566464,-1.6659632466944414],[-78.65167086056601,-1.6659708574695598],[-78.65166888951639,-1.6659776692564312],[-78.65166685841666,-1.6659853896212964],[-78.65166481262813,-1.6659940162744802],[-78.65166316042051,-1.6660018276296094],[-78.65166186234826,-1.666008801031178],[-78.65166059301303,-1.6660166845585815],[-78.65165939733458,-1.666025471459413],[-78.65165851392969,-1.6660334081669292],[-78.65165790133597,-1.6660404760254897],[-78.65165740598961,-1.6660484467929924],[-78.65165707193633,-1.6660573093186863],[-78.65165696584182,-1.666065294943852],[-78.65165704462629,-1.6660723891922788],[-78.65165732803928,-1.6660803704370748],[-78.65165785882833,-1.666089223236768],[-78.65165853106602,-1.6660971808736882],[-78.65165930046996,-1.6661042331904452],[-78.65166035991288,-1.6661121480487773],[-78.65166175043254,-1.6661209058653264],[-78.65166319452844,-1.6661287588775673],[-78.65166464714208,-1.6661357013449822],[-78.65166647241206,-1.6661434735927187],[-78.65166870927088,-1.6661520520834732],[-78.65167091131764,-1.6661597248423787],[-78.6516730331516,-1.6661664906007447],[-78.65167560667022,-1.6661740453865388],[-78.65167866832617,-1.666182361936191],[-78.65168160711684,-1.666189780548775],[-78.65168437773676,-1.6661963044402657],[-78.6516876747198,-1.6662035690077814],[-78.65169153168742,-1.666211543523211],[-78.65169517892014,-1.6662186365446174],[-78.65169857164345,-1.6662248557405137],[-78.65170256033912,-1.6662317601277106],[-78.6517071754739,-1.666239315810176],[-78.65171149602357,-1.6662460149301828],[-78.65171444819228,-1.6662503552418357],[-78.65302413273918,-1.6651090324910192],[-78.65304323669511,-1.6650923845381989],[-78.65401277361778,-1.6642265088198989],[-78.65551499450737,-1.6659733333366917],[-78.65606913828717,-1.6654709696725005],[-78.65654270520751,-1.6660154195899908],[-78.65830933913398,-1.6644715162702768],[-78.65860994916919,-1.6647872399321406],[-78.65861099232437,-1.6647854174167902]]],[[[-78.66244428536699,-1.6580273309383158],[-78.66243932699041,-1.6580317273172551],[-78.6624377094271,-1.658033234091592],[-78.66243423546324,-1.6580366331788021],[-78.66243269331859,-1.658038218009109],[-78.66242818703506,-1.6580430822922176],[-78.66242672402447,-1.6580447413602284],[-78.66242359786733,-1.6580484667375495],[-78.6624222175147,-1.658050196047123],[-78.66241820672238,-1.6580554813885044],[-78.66241691235354,-1.6580572767730446],[-78.66241416410998,-1.6580612925627534],[-78.66241295884313,-1.6580631496970322],[-78.66240948216804,-1.6580688051961936],[-78.66240836890637,-1.658070719606853],[-78.66240602504372,-1.658074987134271],[-78.66240500646938,-1.65807695420902],[-78.66240209739416,-1.658082925399837],[-78.6624011759613,-1.658084940399204],[-78.66239925905165,-1.6580894185668114],[-78.66239843697986,-1.65809147663689],[-78.66239612352021,-1.6580977060140396],[-78.66239540278976,-1.658099802197218],[-78.66239393129442,-1.6581044478769178],[-78.66239331364176,-1.6581065771229107],[-78.66239161807768,-1.658113004693841],[-78.66239110499083,-1.6581151618729935],[-78.66239009308097,-1.6581199303247534],[-78.66238968579592,-1.6581221102404884],[-78.66238862445661,-1.6581286741041972],[-78.66238832395457,-1.6581308715049246],[-78.6623877813755,-1.6581357168057569],[-78.66238758838043,-1.6581379263975575],[-78.66238717148714,-1.6581445633405238],[-78.66238708646398,-1.6581467798003275],[-78.66238701844098,-1.6581516552875262],[-78.66238704159454,-1.658153873275737],[-78.66238727316221,-1.658160519380739],[-78.66238740443673,-1.6581627335539666],[-78.66238781162494,-1.6581675922739296],[-78.66238805070415,-1.658169797298105],[-78.66238892850266,-1.6581763885594565],[-78.66238927481062,-1.6581785791223773],[-78.6623901532886,-1.658183374282854],[-78.66239060599105,-1.658185545107605],[-78.66239212156671,-1.6581920180477252],[-78.66239267957303,-1.6581941639043518],[-78.66239402088057,-1.658198849325385],[-78.66239468284648,-1.6582009650444118],[-78.6623968216035,-1.6582072573253661],[-78.66239758593429,-1.6582093378098122],[-78.66239937715379,-1.65821386836808],[-78.66240024200802,-1.6582159086056654],[-78.66240298334915,-1.658221959629798],[-78.6624039466433,-1.6582239547053794],[-78.66240617052465,-1.658228286769768],[-78.66240722993811,-1.658230231877228],[-78.66241054746257,-1.658235983369357],[-78.66241170044349,-1.65823787382332],[-78.66241433556907,-1.658241965672826],[-78.66241557933922,-1.6582437969180501],[-78.6624194410977,-1.6582491934886054],[-78.66242077266092,-1.6582509611137741],[-78.66242379365376,-1.6582547733426998],[-78.66242520980191,-1.6582564730891292],[-78.66242957860364,-1.658261462766149],[-78.662431075926,-1.6582630905400935],[-78.66243445369165,-1.6582665864336972],[-78.66243602858016,-1.6582681383126991],[-78.66244086235098,-1.6582726730425552],[-78.66244251101186,-1.6582741452882779],[-78.662446213021,-1.658277291179616],[-78.66244793148282,-1.6582786802455767],[-78.66245318367042,-1.6582827163560396],[-78.66245496779348,-1.6582840188960115],[-78.66245895839315,-1.658286784487923],[-78.6624608038783,-1.6582879973631943],[-78.66246642390247,-1.6582914959851953],[-78.66246832630442,-1.6582926162742953],[-78.66247256706347,-1.658294974933026],[-78.66247452179921,-1.6582959999371105],[-78.66248174262299,-1.6582995623677466],[-78.66248273826146,-1.65830003841084],[-78.66248494083624,-1.6583010583754811],[-78.66248594778311,-1.658301509686273],[-78.66265561635245,-1.6583750572580325],[-78.6626635488483,-1.6583789718727804],[-78.66267106084253,-1.658383651711377],[-78.66267807966969,-1.6583890515045754],[-78.66268453743481,-1.6583951190187467],[-78.66269037167024,-1.65840179556127],[-78.6626955259399,-1.6584090165482377],[-78.66269995038515,-1.6584167121291509],[-78.66270360220722,-1.6584248078626607],[-78.66270644608099,-1.6584332254366236],[-78.662708454497,-1.6584418834256656],[-78.66270960802721,-1.658450698078778],[-78.66270989551329,-1.6584595841295373],[-78.66270931417425,-1.6584684556208436],[-78.66270786963354,-1.6584772267364314],[-78.66270557586458,-1.658485812631024],[-78.66270245505558,-1.6584941302509937],[-78.66269853739493,-1.6585020991378572],[-78.66269386077919,-1.658509642206469],[-78.66252692085108,-1.6587515437959652],[-78.66251822260662,-1.6587641393165273],[-78.66251294296126,-1.6587710482708582],[-78.66250702667732,-1.6587774134593292],[-78.6625005287515,-1.6587831757122993],[-78.66249350958736,-1.6587882814648784],[-78.66248603443385,-1.6587926832549376],[-78.66247817277863,-1.6587963401641972],[-78.66246999770226,-1.6587992181986955],[-78.66246158519883,-1.6588012906047807],[-78.66245301346942,-1.6588025381177074],[-78.66244436219534,-1.6588029491408822],[-78.66243571179729,-1.6588025198534841],[-78.6624271426878,-1.658801254246115],[-78.66241873452381,-1.6587991640836555],[-78.66241056546608,-1.658796268795901],[-78.6624027114527,-1.658792595296937],[-78.66239524549317,-1.6587881777349474],[-78.6623882369897,-1.6587830571748436],[-78.66238175109207,-1.6587772812164088],[-78.662375848092,-1.658770903551924],[-78.66237058286269,-1.6587639834670374],[-78.66236600434875,-1.6587565852895994],[-78.66236215511123,-1.658748777791736],[-78.66235907093191,-1.658740633550542],[-78.66235678048075,-1.6587322282733985],[-78.66235530504935,-1.6587236400942662],[-78.66235465835304,-1.65871494884727],[-78.66235484640339,-1.6587062353247006],[-78.66235586745229,-1.6586975805258477],[-78.66235685800751,-1.658691645216973],[-78.662357169623,-1.6586894493843882],[-78.66235773670887,-1.658684606926175],[-78.66235794088038,-1.6586823983518992],[-78.66235839134636,-1.6586757636309675],[-78.66235848758205,-1.658673547635566],[-78.66235858027046,-1.6586686725601945],[-78.66235856833852,-1.6586664544821075],[-78.66235837039798,-1.6586598072770873],[-78.66235825032715,-1.6586575924600635],[-78.66235786772545,-1.658652731717047],[-78.66235763980495,-1.6586505254965238],[-78.66235679536425,-1.658643929823822],[-78.66235646014319,-1.65864173751487],[-78.66235560593607,-1.6586369379159243],[-78.66235516422206,-1.6586347648001947],[-78.66235368141356,-1.6586282841793791],[-78.66235313427073,-1.6586261354920697],[-78.66235181668462,-1.6586214432596706],[-78.66235116543108,-1.6586193241770957],[-78.66234905853504,-1.6586130210202015],[-78.66234830473977,-1.6586109366475676],[-78.66234653646374,-1.6586063969706413],[-78.66234568194264,-1.6586043523291223],[-78.66234297124971,-1.6585982873391778],[-78.66234201806114,-1.658596287354011],[-78.66233981612514,-1.6585919439530898],[-78.66233876656563,-1.658589993442906],[-78.66233547818133,-1.658584225029146],[-78.66233433477952,-1.6585823286931733],[-78.66233172038908,-1.6585782233967508],[-78.66233048589922,-1.6585763858029792],[-78.66232665149246,-1.6585709695182356],[-78.66232532888895,-1.6585691950941406],[-78.66232232722164,-1.65856536743784],[-78.66232091969071,-1.6585636604580238],[-78.66231657618889,-1.6585586484640813],[-78.66231508712121,-1.6585570130406204],[-78.66231172708522,-1.6585534998876066],[-78.66231016006786,-1.6585519399601052],[-78.66230534930142,-1.6585473805252844],[-78.66230370811009,-1.6585458998523661],[-78.66230002206436,-1.6585427350361373],[-78.66229831065185,-1.6585413371840083],[-78.66229307895172,-1.6585372742186204],[-78.66229130144116,-1.658535962555061],[-78.66228732488472,-1.6585331765547684],[-78.6622854855593,-1.65853195424042],[-78.66227988330884,-1.6585284268723643],[-78.66227798659858,-1.6585272968511615],[-78.66227375782755,-1.6585249164972502],[-78.66227180830269,-1.6585238814920604],[-78.66226588945482,-1.658520923691896],[-78.66226389181135,-1.658519986195786],[-78.66225945155118,-1.6585180344123447],[-78.66225741060126,-1.658517196683716],[-78.66225123215769,-1.6585148369366531],[-78.66224915281941,-1.6585141009941624],[-78.66224454383179,-1.6585125965777494],[-78.66224243111353,-1.6585119641940138],[-78.66223605257626,-1.6585102252257664],[-78.66223391156777,-1.6585096979242304],[-78.66222917823997,-1.6585086553632884],[-78.66222701409963,-1.6585082344144109],[-78.66222049689678,-1.6585071329719963],[-78.6622183148378,-1.6585068193897758],[-78.66221350275438,-1.658506248724775],[-78.66221130803389,-1.6585060432646732],[-78.66220471492979,-1.6585055899557033],[-78.66220251283403,-1.6585054931126473],[-78.66219766833902,-1.6585053998393904],[-78.6621954641739,-1.6585054118467124],[-78.662188858664,-1.6585056110368412],[-78.66218665773967,-1.6585057318656105],[-78.66218182748658,-1.6585061168823307],[-78.6621796351054,-1.6585063462414134],[-78.66217308080454,-1.6585071960122728],[-78.66217090224784,-1.6585075333491197],[-78.66216613275441,-1.6585083929480235],[-78.66216397327041,-1.658508837449974],[-78.66215753329998,-1.6585103296178427],[-78.66215539809048,-1.6585108802141897],[-78.66215073529125,-1.6585122061165698],[-78.66214862949982,-1.6585128614810634],[-78.66214236588206,-1.6585149816748848],[-78.66214029458249,-1.6585157402285036],[-78.66213578338221,-1.658517519665216],[-78.66213375156605,-1.6585183795798697],[-78.66212772461937,-1.658521107382251],[-78.66212573717957,-1.6585220665870577],[-78.6621214210225,-1.6585242824215969],[-78.66211948274795,-1.6585253386052876],[-78.66211250713687,-1.6585293655320217],[-78.66211155779354,-1.6585299292683713],[-78.66210948492983,-1.6585311949359198],[-78.6621085496191,-1.658531781948427],[-78.6620477353978,-1.6585710009329402],[-78.66204019111181,-1.6585753626016635],[-78.66203226289399,-1.6585789693367057],[-78.66202402512273,-1.6585817873015667],[-78.66201555508053,-1.6585837900595943],[-78.66200693222886,-1.6585849588219574],[-78.66199823746284,-1.6585852826239846],[-78.66198955235222,-1.658584758427937],[-78.66198095837616,-1.6585833911515602],[-78.66197253615886,-1.658581193621932],[-78.66196436471311,-1.6585781864551494],[-78.66195652069916,-1.658574397862892],[-78.66194907770544,-1.6585698633877668],[-78.6619421055582,-1.6585646255698432],[-78.66193566966643,-1.6585587335476117],[-78.66192983040833,-1.65855224259691],[-78.66192464256471,-1.6585452136124725],[-78.661772164079,-1.6583162334140695],[-78.66177175516343,-1.6583156138402355],[-78.66118574736717,-1.6574197411255183],[-78.66118513009995,-1.6574188222175321],[-78.66118366424303,-1.6574166967247896],[-78.6611831034441,-1.6574159020003654],[-78.66117906782665,-1.6574103116965258],[-78.6611777288256,-1.6574085494935626],[-78.66117383685884,-1.6574036799462322],[-78.66117241383071,-1.6574019863213403],[-78.66116893078474,-1.6573980415096183],[-78.66116742658812,-1.6573964198650162],[-78.6611630790575,-1.657391957653785],[-78.66116149791898,-1.6573904125460266],[-78.66115764741072,-1.6573868302825103],[-78.66115599250625,-1.6573853648151355],[-78.66115123128029,-1.6573813529128658],[-78.66114950725827,-1.6573799712021873],[-78.66114532637098,-1.657376785986782],[-78.6611435366949,-1.6573754908085832],[-78.66113739888398,-1.6573712749862515],[-78.66113648044693,-1.6573706606442544],[-78.66113396722096,-1.6573690239592942],[-78.6611330003892,-1.657368411743263],[-78.66106486634321,-1.6573264755904256],[-78.66106411248161,-1.657326016706513],[-78.66106310900783,-1.6573254282257466],[-78.6610606873851,-1.6573240536528757],[-78.66105957772791,-1.6573234443375868],[-78.66105734745871,-1.6573222603720537],[-78.6610567759984,-1.6573219543516562],[-78.6610564337916,-1.6573217695026305],[-78.66105586453419,-1.6573214593442631],[-78.66105365145316,-1.6573202431559289],[-78.66105253358526,-1.6573196492342963],[-78.66105071375661,-1.6573187150780186],[-78.66104843075689,-1.6573176235246667],[-78.66104656158048,-1.6573167938849214],[-78.66104539791954,-1.6573162969563742],[-78.66104306306724,-1.6573153386759123],[-78.66104246454968,-1.65731509049477],[-78.6610421059877,-1.6573149402904273],[-78.66104150926392,-1.657314687775883],[-78.66103918837875,-1.6573136957325183],[-78.66103801804425,-1.6573132149326513],[-78.6610361159895,-1.657312464774949],[-78.66103373766403,-1.6573116036636892],[-78.66103179667861,-1.6573109623864986],[-78.66103059021853,-1.6573105826293872],[-78.66102817327229,-1.6573098592640825],[-78.66102755346303,-1.6573096713132303],[-78.66102718199276,-1.6573095571978274],[-78.66102656354705,-1.6573093647576334],[-78.66102415721355,-1.6573086064148246],[-78.66102294568435,-1.6573082433673634],[-78.66102097972112,-1.657307684432644],[-78.66101852897357,-1.6573070620560948],[-78.66101653487442,-1.6573066153180516],[-78.66101529723335,-1.6573063563895885],[-78.66101282146865,-1.6573058749052707],[-78.66101218633963,-1.6573057489953904],[-78.66101180554523,-1.6573056720702466],[-78.66101117133029,-1.6573055415570208],[-78.6610087027179,-1.6573050242163165],[-78.66100746166144,-1.6573047824173959],[-78.66100545072217,-1.657304420088435],[-78.66100295115389,-1.6573040424403371],[-78.66100092314505,-1.6573037945433915],[-78.66099966624289,-1.6573036589374954],[-78.66099715550132,-1.657303423970837],[-78.66099651116694,-1.6573033613137966],[-78.66099612471564,-1.6573033223192792],[-78.66099548084246,-1.6573032549908688],[-78.66099297372558,-1.6573029836349262],[-78.66099171509174,-1.6573028654128854],[-78.66098967854616,-1.6573027031795984],[-78.66098715423067,-1.657302573897111],[-78.6609851118384,-1.6573025272282447],[-78.66098384778287,-1.6573025162510242],[-78.66098132624398,-1.657302530065037],[-78.66098067890763,-1.6573025312641951],[-78.66098029051588,-1.657302530575402],[-78.66097964318676,-1.6573025270802064],[-78.66097712171529,-1.657302504322664],[-78.66097585762736,-1.6573025108163466],[-78.6609738150857,-1.6573025502407501],[-78.66097129033304,-1.6573026705689002],[-78.6609692532306,-1.657302825577857],[-78.66096799419215,-1.657302939334783],[-78.66096548614202,-1.6573032017963527],[-78.66096484204029,-1.6573032668402632],[-78.66096445544909,-1.6573033044644017],[-78.66096381089673,-1.657303364835909],[-78.6609612993494,-1.6573035908956],[-78.66096004198253,-1.6573037220422928],[-78.66095728080325,-1.6573040496255698],[-78.66095605368912,-1.6573042128597448],[-78.66095601096575,-1.6573042191854856],[-78.66092660984812,-1.6573087702392082],[-78.66091789697522,-1.6573096840336141],[-78.66090913708392,-1.6573097394671479],[-78.6609004134801,-1.6573089360126874],[-78.66089180912452,-1.6573072813110288],[-78.66088340584395,-1.6573047910982568],[-78.66087528355287,-1.6573014890561233],[-78.66086751949362,-1.6572974065867974],[-78.66086018750177,-1.6572925825142342],[-78.66084504985089,-1.6572815261786997],[-78.66083843233078,-1.6572761955384132],[-78.66083234357431,-1.6572702609418826],[-78.66082683779773,-1.6572637752326411],[-78.66082196402614,-1.6572567961615023],[-78.66081776565717,-1.6572493858723218],[-78.66081428007438,-1.6572416103486396],[-78.66081153831449,-1.657233538826188],[-78.66080956479101,-1.6572252431763568],[-78.66080837707675,-1.6572167972661838],[-78.66080825831992,-1.6572155212200321],[-78.66080807429367,-1.657213879574837],[-78.66080806014041,-1.6572137947123189],[-78.66080778206448,-1.657211421105892],[-78.660807532651,-1.6572096641633765],[-78.66080736873224,-1.6572084508266958],[-78.66080728244083,-1.6572077779830594],[-78.660807173749,-1.6572070172429862],[-78.66080679873168,-1.6572049814551024],[-78.66080651854514,-1.6572033802411807],[-78.6608061407854,-1.6572011016216988],[-78.66080587915332,-1.6571997440275235],[-78.66080553611323,-1.6571981284388264],[-78.66080551376231,-1.6571980453809243],[-78.66080500583077,-1.6571957106324882],[-78.66080458648808,-1.657193986751239],[-78.66080430517682,-1.6571927954250738],[-78.66080415376447,-1.6571921343329987],[-78.66080397149818,-1.657191387976808],[-78.66080339999635,-1.6571893989820634],[-78.66080296519723,-1.6571878331153673],[-78.66080236731372,-1.6571856027284617],[-78.66080197470868,-1.6571842774777041],[-78.66080147595846,-1.6571827035047255],[-78.6608014456252,-1.6571826230514852],[-78.66080071272962,-1.657180349645602],[-78.6608001274963,-1.657178675427713],[-78.66079978732367,-1.6571776839324213],[-78.66079880934599,-1.6571747789102036],[-78.66079817986444,-1.6571730129776436],[-78.66079779497417,-1.6571719735315005],[-78.6607910286688,-1.6571543637936625],[-78.66079061854514,-1.6571533341657385],[-78.66078968890322,-1.657151080745724],[-78.66078925379325,-1.6571500615564205],[-78.66078918995723,-1.657149916947978],[-78.6607886009722,-1.6571485525652931],[-78.66078829950187,-1.657147838182418],[-78.66078824267022,-1.6571477223169142],[-78.66078728923233,-1.6571455128304018],[-78.66078635075371,-1.6571434763217225],[-78.66078592140725,-1.6571425304174296],[-78.66078579838504,-1.657142255206182],[-78.66078575321946,-1.6571421678550475],[-78.66078533146612,-1.657141244734478],[-78.66078424171818,-1.6571390909240704],[-78.66078392895457,-1.6571384668127929],[-78.66078264663423,-1.657135883180691],[-78.66078197894785,-1.6571346082869927],[-78.66078126527987,-1.6571333028057744],[-78.66078115715217,-1.6571331280037347],[-78.66078013176893,-1.6571312739424806],[-78.66077899944851,-1.6571293398073363],[-78.66077848003636,-1.657128440807003],[-78.66077833080054,-1.657128179055753],[-78.66077827734432,-1.6571280965803001],[-78.6607777677081,-1.657127219505324],[-78.66077647342065,-1.6571251835528675],[-78.66077610137347,-1.6571245932969234],[-78.66077457357656,-1.6571221485890493],[-78.66077378492743,-1.6571209456916935],[-78.66077294753914,-1.6571197168900045],[-78.66077282290586,-1.6571195535947976],[-78.66077162187072,-1.657117809601465],[-78.66077030661422,-1.657115996468022],[-78.66076970213827,-1.6571151530289465],[-78.66076952812568,-1.657114907257831],[-78.66076946689357,-1.6571148304521977],[-78.66076887428207,-1.657114007868705],[-78.66076738792113,-1.6571121093838523],[-78.66076696017254,-1.6571115586665124],[-78.66076520161246,-1.6571092764263684],[-78.66076429959651,-1.6571081571110642],[-78.66076334655234,-1.6571070168228876],[-78.66076320661408,-1.6571068666075022],[-78.66076184149276,-1.6571052494764573],[-78.66076035596598,-1.6571035748049034],[-78.66075967224836,-1.6571027950508297],[-78.66075947513494,-1.657102567626928],[-78.66075940671689,-1.6571024972311086],[-78.66075873683756,-1.6571017370614456],[-78.66075707271622,-1.6570999943258333],[-78.66075659338746,-1.6570994884530037],[-78.66075462099985,-1.657097390659497],[-78.66075361430323,-1.6570963657048718],[-78.66075255478133,-1.6570953249116063],[-78.6607524008856,-1.657095189222502],[-78.66075088482594,-1.657093714528803],[-78.66074924333482,-1.657092194446823],[-78.66074848695922,-1.657091485886123],[-78.66074826864416,-1.6570912790005574],[-78.66074819369884,-1.6570912156921755],[-78.66074745300301,-1.6570905252571704],[-78.66074562714951,-1.6570889550563233],[-78.66074510085542,-1.6570884988981973],[-78.66074293363496,-1.6570866057538636],[-78.66074183195256,-1.6570856850307616],[-78.66074086047566,-1.6570849022696887],[-78.66074017144655,-1.657084341453849],[-78.66073853999725,-1.6570830001319148],[-78.66073672814765,-1.6570815548886433],[-78.66073585596867,-1.6570808765548526],[-78.66030524499014,-1.656754385308308],[-78.66013096940038,-1.6566442254741325],[-78.66012526713172,-1.65664294082558],[-78.66012310501414,-1.6566425095105233],[-78.66011833043974,-1.656641679034035],[-78.66011614989479,-1.6566413549981962],[-78.66010959061032,-1.6566405452413193],[-78.66010739689212,-1.6566403292655418],[-78.66010256441898,-1.6566399737326223],[-78.6601003628128,-1.6566398663372253],[-78.66009375624012,-1.6566397074605952],[-78.66009155204894,-1.6566397089042093],[-78.660086708216,-1.656639831738727],[-78.66008450675,-1.6566399420179325],[-78.66007791651603,-1.6566404355516358],[-78.66007572307859,-1.656640654400788],[-78.66007091453463,-1.6566412544197036],[-78.66006873441103,-1.6566415813114836],[-78.6600622239815,-1.656642722502593],[-78.66006006242273,-1.6566431566495954],[-78.66005533547639,-1.6566442280744176],[-78.66005319769086,-1.6566447684305643],[-78.66004682976532,-1.6566465462887237],[-78.66004472090229,-1.6566471915524352],[-78.6600401210764,-1.6566487240648082],[-78.66003804621691,-1.6566494726813759],[-78.6600318821219,-1.6566518700848953],[-78.66002984626377,-1.656652720251098],[-78.66002541785805,-1.6566546990917799],[-78.66002342590558,-1.6566556487596593],[-78.66001752500541,-1.656658642619862],[-78.66001558175842,-1.6566596895011059],[-78.66001136741974,-1.6566620956131979],[-78.66000947755927,-1.6566632371859558],[-78.6600038966821,-1.6566667986706358],[-78.66000206476099,-1.6566680321847462],[-78.65999810507621,-1.656670842395884],[-78.659996335508,-1.6566721648794962],[-78.65999112840022,-1.6566762596900282],[-78.65998942544735,-1.656677667957619],[-78.65998907480888,-1.6566779727306207],[-78.6599823514909,-1.6566832764438335],[-78.65997515791918,-1.65668791347004],[-78.65996755915387,-1.656691841871081],[-78.65995962391975,-1.6566950261176667],[-78.65995142398467,-1.656697437410881],[-78.65994303351053,-1.6566990539424897],[-78.65993452838245,-1.656699861092275],[-78.65992598552256,-1.6566998515602194],[-78.6599174821942,-1.6566990254325393],[-78.65990909530319,-1.6566973901809543],[-78.65990090070225,-1.6566949605949817],[-78.65989297250502,-1.6566917586483187],[-78.6598853824157,-1.6566878133000391],[-78.65987819908055,-1.6566831602326466],[-78.65987455672294,-1.6566805462787864],[-78.65981271169825,-1.6566406336824397],[-78.65980968506524,-1.656646018332894],[-78.659805948482,-1.6566530641448487],[-78.6598027827193,-1.656659403407341],[-78.65979939418943,-1.65666662523544],[-78.65979582791437,-1.6566747356542602],[-78.65979279560139,-1.6566821160999328],[-78.6597902625408,-1.6566887370950891],[-78.65978759374963,-1.6566962583786358],[-78.65978483461986,-1.6567046815062],[-78.65978253577995,-1.6567123255079375],[-78.65978065981625,-1.6567191644719539],[-78.65977873646564,-1.6567269127771025],[-78.65977681105304,-1.6567355674942077],[-78.6597752678253,-1.656743401436221],[-78.65977406702508,-1.6567503925060625],[-78.659772907638,-1.6567582932122331],[-78.65977183448537,-1.6567670961693612],[-78.65977106173196,-1.6567750446064544],[-78.65977054765959,-1.6567821204543602],[-78.65977016340155,-1.6567900974737455],[-78.65976995284394,-1.6567989638935872],[-78.65976995800696,-1.6568069502779497],[-78.65977013561327,-1.6568140427596993],[-78.6597705301849,-1.6568220192692062],[-78.65977118425018,-1.6568308637633986],[-78.6597719672799,-1.6568388111819565],[-78.65977283485446,-1.6568458519931608],[-78.6597740044559,-1.6568537511746466],[-78.65977551684506,-1.6568624885658496],[-78.65977707020055,-1.6568703204805655],[-78.65977861938822,-1.6568772418144966],[-78.65978055275563,-1.656884987594812],[-78.65978290890362,-1.65689353373719],[-78.65978521762518,-1.6569011747223696],[-78.6597874335065,-1.656907909922666],[-78.65979011202052,-1.656915427705543],[-78.65979328923643,-1.6569237002953137],[-78.65979633109005,-1.6569310767645353],[-78.65979919232487,-1.6569375609675778],[-78.65980259018998,-1.6569447783525948],[-78.65980655787556,-1.6569526977200892],[-78.65981030356642,-1.6569597386335595],[-78.65981378259951,-1.656965909392918],[-78.65981786709246,-1.6569727568727357],[-78.65982258703673,-1.65698024675013],[-78.65982692989857,-1.6569867781323995],[-78.65964227160038,-1.6568502634445328],[-78.6596419698252,-1.656850046034404],[-78.65965356009644,-1.6568308797542761],[-78.65965558133243,-1.6568274430622556],[-78.65965734033412,-1.6568243667311515],[-78.6596592771495,-1.6568208811578637],[-78.65966390488936,-1.6568123075641608],[-78.65966752064423,-1.6568051981985767],[-78.65967057772399,-1.6567988051457878],[-78.65967384247192,-1.656791525806732],[-78.65967726976974,-1.656783354935416],[-78.65968017564543,-1.6567759231598862],[-78.6596825953067,-1.6567692593532601],[-78.65968513530977,-1.6567616930447784],[-78.65968775024285,-1.6567532234635391],[-78.65968991825417,-1.6567455408500964],[-78.65969167719422,-1.6567386704659455],[-78.65969346799085,-1.656730890055729],[-78.65969524537587,-1.656722203331529],[-78.65969665464367,-1.656714343868059],[-78.65969773592295,-1.6567073330719089],[-78.65969876026685,-1.656699413489534],[-78.65969968298668,-1.6566905932801679],[-78.65970031993895,-1.6566826326577055],[-78.65970071314418,-1.656675548967448],[-78.65970096117034,-1.6566675664828758],[-78.65970102033872,-1.6566586977318827],[-78.65970087884126,-1.6566507126156442],[-78.6597005801857,-1.6566436242510802],[-78.65970004950555,-1.6566356557400381],[-78.65969924455266,-1.6566268238584074],[-78.65969832596825,-1.6566188911494062],[-78.65969733832813,-1.6566118663755534],[-78.65969603405244,-1.656603988579292],[-78.65969437273048,-1.656595278622894],[-78.65969268590564,-1.6565874747176241],[-78.65969101879254,-1.6565805811868808],[-78.65968895348225,-1.6565728699728048],[-78.6596864517907,-1.656564365823268],[-78.65968434086443,-1.6565577876732491],[-78.65954566414281,-1.6564682906023722],[-78.65954376552394,-1.6564671935744533],[-78.65954356397647,-1.6564671252127494],[-78.65953573211057,-1.6564649019249862],[-78.65952771203355,-1.6564617643609683],[-78.65952002707319,-1.6564578689805347],[-78.65951274774551,-1.6564532515271353],[-78.65950594084454,-1.6564479543698258],[-78.65949966882938,-1.6564420261145631],[-78.65949695092868,-1.6564391986894946],[-78.65949512411434,-1.6564379322169545],[-78.65933519981768,-1.6563384722222974],[-78.65932898977464,-1.6563393563750957],[-78.65932116140259,-1.6563406688844786],[-78.6593125060915,-1.6563423406940032],[-78.65930475114685,-1.656344038167384],[-78.65929790086534,-1.6563457158045125],[-78.65929023803068,-1.6563477941524474],[-78.65928178723503,-1.6563503116364071],[-78.65927423497082,-1.6563527658518875],[-78.65926758108108,-1.6563551110944519],[-78.65926015758066,-1.6563579352653182],[-78.65925199268673,-1.6563612741787381],[-78.6592447158342,-1.6563644615012585],[-78.65923832241666,-1.6563674517633276],[-78.65923120974337,-1.6563709945585585],[-78.65922340938288,-1.6563751227461179],[-78.65921647802277,-1.6563790124796869],[-78.65921040664934,-1.6563826189634199],[-78.65920367330146,-1.6563868462642064],[-78.65919631259698,-1.6563917239686852],[-78.65918979348179,-1.6563962786532136],[-78.65918410262292,-1.6564004666263143],[-78.65917781344635,-1.6564053377213803],[-78.65917096328447,-1.6564109179684259],[-78.6591649191971,-1.6564160937395285],[-78.65915966365927,-1.6564208228692252],[-78.65915387922217,-1.6564262908472238],[-78.65914760557422,-1.6564325198955265],[-78.65914209472223,-1.6564382669079236],[-78.65913732511888,-1.6564434916502473],[-78.65913210112839,-1.6564495038517002],[-78.65912646441255,-1.6564563217125838],[-78.65912153986856,-1.6564625846192256],[-78.65911730213348,-1.6564682546571396],[-78.65911268889947,-1.6564747531813164],[-78.65910724835885,-1.6564828290262754],[-78.65910506198644,-1.656486161773289],[-78.65910315510352,-1.65648914754181],[-78.6591010506658,-1.6564925332806462],[-78.65909590398861,-1.656501044096691],[-78.65908758999961,-1.6564956348600932],[-78.65908423123454,-1.6564935079415526],[-78.65908122328828,-1.6564916546374908],[-78.65907781366475,-1.656489611307953],[-78.65906942317271,-1.6564847223814143],[-78.65906245959698,-1.6564808913626963],[-78.65905619234658,-1.6564776418623823],[-78.65904905035843,-1.6564741593016206],[-78.65904102719152,-1.6564704889235387],[-78.65903372399747,-1.6564673632109326],[-78.65902717041733,-1.656464747534045],[-78.65901972361078,-1.6564619861994425],[-78.65901138157467,-1.6564591248677785],[-78.65900380909676,-1.6564567345638612],[-78.65899703230137,-1.6564547779006797],[-78.65898935239301,-1.6564527643852973],[-78.65898077182636,-1.6564507396562864],[-78.65897300299096,-1.6564491077807029],[-78.65896606824433,-1.6564478289749003],[-78.65895822919684,-1.6564465826701888],[-78.65894949273537,-1.6564454140429963],[-78.65894160236068,-1.6564445563115933],[-78.65893457644853,-1.65644396767877],[-78.65892665375517,-1.6564435005870604],[-78.65891784553529,-1.656443199316106],[-78.6589099096106,-1.6564431239893331],[-78.6589028601959,-1.656443231198274],[-78.65889493015692,-1.656443547817894],[-78.65888613500701,-1.6564441168045039],[-78.65887822995889,-1.6564448246077064],[-78.65887122493157,-1.656445626625915],[-78.65886336391789,-1.6564467239075475],[-78.65885466653997,-1.6564481576719607],[-78.65884686849795,-1.6564496417886851],[-78.65883997532002,-1.6564511308922962],[-78.65883225903747,-1.6564529982683998],[-78.65882374319148,-1.6564552830027297],[-78.65882169522457,-1.656455887001351],[-78.65858118004655,-1.65631236023991],[-78.65857774206708,-1.6563103656101337],[-78.65857466515807,-1.6563086307391277],[-78.65857117957034,-1.6563067216148877],[-78.65856260749757,-1.6563021628396186],[-78.65855550192332,-1.6562986056556872],[-78.65854911449883,-1.6562956024596747],[-78.65854184403595,-1.6562924004157398],[-78.65853368583714,-1.6562890449838472],[-78.65852626800118,-1.6562862057939705],[-78.65851961881636,-1.6562838470889116],[-78.65851207147723,-1.656281377592824],[-78.65850362573576,-1.6562788430097863],[-78.6584959670754,-1.6562767491565922],[-78.65848912016521,-1.6562750576579328],[-78.65848136863403,-1.6562733444919648],[-78.65847271668765,-1.656271655167371],[-78.65846489096036,-1.6562703268158772],[-78.65845791226431,-1.6562693188136537],[-78.65845003119283,-1.656268378476578],[-78.65844125636417,-1.6562675506793854],[-78.65843333893594,-1.6562670006222193],[-78.65842629566295,-1.6562666858240176],[-78.65841836095014,-1.6562665273717607],[-78.65840954774539,-1.6562665690740512],[-78.65840161486489,-1.6562668026084835],[-78.65839800485318,-1.6562669982036216],[-78.6583939440582,-1.6562614825275919],[-78.65838906453958,-1.656255184039316],[-78.65838459465445,-1.656249697492339],[-78.65837941390035,-1.6562436475293063],[-78.65837349851392,-1.6562370731000322],[-78.65836949550362,-1.6562328378252784],[-78.65836944447773,-1.6562325824475979],[-78.65836788551826,-1.6562256633434664],[-78.65836594121556,-1.6562179203442373],[-78.6583635730027,-1.6562093775888944],[-78.6583612534945,-1.6562017399210314],[-78.65835902810576,-1.6561950079038623],[-78.65835633898007,-1.6561874939674641],[-78.65835315008745,-1.6561792259387762],[-78.65835009782262,-1.6561718538356038],[-78.65834722743638,-1.656165373738442],[-78.65834381938545,-1.656158161228114],[-78.65833984052395,-1.6561502475518708],[-78.65833608489733,-1.6561432120103134],[-78.658332597157,-1.656137046239987],[-78.65832850300244,-1.6561302046165343],[-78.6583237724907,-1.6561227215056948],[-78.65831934967147,-1.656116090282524],[-78.65831527816594,-1.6561102982187081],[-78.65831053733649,-1.6561038933702388],[-78.65830510073205,-1.656096912891349],[-78.65830005331394,-1.6560907498481112],[-78.65829543725403,-1.6560853872715613],[-78.65829009540684,-1.6560794808807493],[-78.65828400506742,-1.6560730702597894],[-78.65827838166037,-1.6560674347505997],[-78.6582732655014,-1.6560625533059141],[-78.65826737408118,-1.656057202254176],[-78.65826068865961,-1.6560514232284071],[-78.65825454341994,-1.6560463695259782],[-78.6582489764336,-1.6560420162243132],[-78.65824259217811,-1.6560372720453327],[-78.65823537605905,-1.6560321802702394],[-78.65822876816861,-1.6560277570443256],[-78.65822280396766,-1.656023973810017],[-78.65821598836098,-1.6560198821929035],[-78.6582083110398,-1.6560155267051127],[-78.65820130413623,-1.6560117765538167],[-78.65819500015928,-1.6560085998215146],[-78.65818781883962,-1.6560052001707737],[-78.65817894699212,-1.6560012648345002],[-78.65817529631735,-1.6559996990397146],[-78.6581720350358,-1.6559983476034652],[-78.6581683472735,-1.6559968724372967],[-78.65816711323419,-1.6559963963638704],[-78.65816642055584,-1.6559961309700197],[-78.65816570489525,-1.6559958586589547],[-78.65816144076149,-1.6559943045685517],[-78.658157769549,-1.655993024887766],[-78.65815358851022,-1.6559916313797018],[-78.65815060124346,-1.6559906809803284],[-78.65814688679012,-1.655989458401795],[-78.65814281994894,-1.6559881792776494],[-78.65813906883342,-1.6559870538325658],[-78.6581348313037,-1.655985845439516],[-78.65813465364063,-1.6559857973969585],[-78.65813381166492,-1.6559855721607568],[-78.65781759021152,-1.655901897237462],[-78.65781373939564,-1.655900928969994],[-78.65781030756084,-1.6559001109532692],[-78.65780643504313,-1.6558992382570048],[-78.6578024420792,-1.655898390061424],[-78.65779807142529,-1.6558974342742203],[-78.65779398081318,-1.6558965952267282],[-78.65779083306421,-1.6558959920578686],[-78.65778250390377,-1.6558946216665578],[-78.65777932916941,-1.6558941846013255],[-78.65777514077335,-1.6558936639241801],[-78.65777114030844,-1.655893219866349],[-78.65776664225939,-1.6558926932917888],[-78.65776273990038,-1.6558922846770883],[-78.65775922770469,-1.6558919602093223],[-78.65775527173449,-1.6558916439565758],[-78.65764455195637,-1.6558841673373512],[-78.65773538898159,-1.6556053248043188],[-78.65777653678367,-1.655510602384693],[-78.65777808158644,-1.6555069238931814],[-78.65777941456709,-1.6555036379065529],[-78.6577808691965,-1.6554999223715778],[-78.65778431211758,-1.6554908015371326],[-78.65778694740527,-1.6554832683126468],[-78.65778912456342,-1.6554765203470192],[-78.65779138935798,-1.655468866072847],[-78.65779369637946,-1.655460306382015],[-78.65779558522483,-1.6554525494978536],[-78.65779709463263,-1.6554456192794118],[-78.65779860297845,-1.6554377784721463],[-78.65780006515828,-1.6554290324430823],[-78.65780118937076,-1.6554211266021237],[-78.65780201649183,-1.655414080872534],[-78.65780275386265,-1.6554061290438131],[-78.65780335711923,-1.6553972809056732],[-78.65780370587204,-1.6553893022456687],[-78.65780384274076,-1.6553822088593297],[-78.65780380203539,-1.6553742225894845],[-78.65780354055906,-1.6553653575547278],[-78.65780311049355,-1.6553573829146204],[-78.65780255579183,-1.6553503101846958],[-78.6578017374023,-1.6553423663859077],[-78.65780061371125,-1.6553335698297302],[-78.65779940896924,-1.655325676009693],[-78.6577981680392,-1.6553186920504437],[-78.65779657984706,-1.6553108672259373],[-78.65779460476314,-1.655302223864103],[-78.65779263694702,-1.655294486886015],[-78.65779072173954,-1.6552876589568615],[-78.65778837904003,-1.655280028463993],[-78.6577855715844,-1.655271621536725],[-78.65778285964538,-1.6552641159119499],[-78.6577802886051,-1.6552575097698248],[-78.6577772139597,-1.6552501470943877],[-78.65777360116972,-1.655242057564912],[-78.6577701712253,-1.6552348555766792],[-78.65776696911273,-1.6552285348421947],[-78.65776319213222,-1.6552215108911512],[-78.65775880880118,-1.6552138166663233],[-78.6577546938835,-1.6552069876734599],[-78.65775373369954,-1.6552054789800081],[-78.65769006327186,-1.6551649882063473],[-78.65764942276834,-1.6552978801951266],[-78.65737295383393,-1.656046342658697],[-78.65735138279526,-1.6561047392730772],[-78.65734122811239,-1.6561404783400484],[-78.65829859274375,-1.6563392517809932],[-78.65830071240251,-1.6563395857662762],[-78.6583013255781,-1.6563395028381898],[-78.65831037396563,-1.6563387450227927],[-78.65831945215145,-1.6563389102599837],[-78.65832846738775,-1.6563399968616213],[-78.65833732756988,-1.6563419937263828],[-78.65834594217735,-1.656344880453225],[-78.6583542231985,-1.6563486275497683],[-78.65836208602985,-1.6563531967336171],[-78.65836945034036,-1.6563585413234476],[-78.65837624089211,-1.6563646067159827],[-78.65838238830904,-1.6563713309438295],[-78.65838782978574,-1.6563786453085387],[-78.65839250972901,-1.6563864750825266],[-78.65839308147956,-1.6563875513074273],[-78.65839485186603,-1.6563887623705138],[-78.65920664131534,-1.6568882025949654],[-78.65920853534948,-1.6568892448441073],[-78.65920979924786,-1.656889648141833],[-78.6592186559155,-1.656893000348251],[-78.65922711303487,-1.656897271483912],[-78.65923507676564,-1.6569024141562096],[-78.65924245874196,-1.6569083713019355],[-78.65924917705325,-1.6569150768204501],[-78.6592517833561,-1.6569182930172281],[-78.65925371878517,-1.6569204794648762],[-78.65925542972184,-1.6569217897952642],[-78.66008945414343,-1.6574989356538852],[-78.66009131759806,-1.6575000933788653],[-78.66009316301498,-1.6575003906912285],[-78.66009802629594,-1.6575009251952477],[-78.66010657366206,-1.6575027228396106],[-78.66011490720334,-1.657505347110768],[-78.66012294817459,-1.657508773211501],[-78.6601306205952,-1.6575129687679657],[-78.66013785196701,-1.6575178941355881],[-78.66014457395946,-1.6575235027736608],[-78.66015072305517,-1.6575297416851356],[-78.66015624115015,-1.6575365519173821],[-78.66016107610292,-1.6575438691192415],[-78.66016518222706,-1.6575516241491326],[-78.66016852072305,-1.6575597437283094],[-78.66017106004479,-1.6575681511333804],[-78.66017277619774,-1.657576766921183],[-78.66017315212326,-1.6575792835890302],[-78.66017474377453,-1.6575807410569148],[-78.66040434391687,-1.657771231911641],[-78.66040615495871,-1.657772586165437],[-78.6604064917614,-1.6577727885133773],[-78.6604137786688,-1.657777666071277],[-78.66042055933603,-1.6577832340454746],[-78.66042676940276,-1.6577894395861779],[-78.66042920522706,-1.6577921231451738],[-78.66058897881089,-1.657951645615738],[-78.66059062270443,-1.6579531319260126],[-78.66059111747674,-1.6579534263199058],[-78.66059790149473,-1.657957890398104],[-78.66060425801815,-1.6579629516873478],[-78.66061013529126,-1.6579685689779304],[-78.66061548546053,-1.6579746965330764],[-78.66114449006199,-1.6586387406421508],[-78.66114598015908,-1.6586404296420476],[-78.66114621503363,-1.6586406069630157],[-78.66115300952845,-1.6586462825377044],[-78.66115921745168,-1.6586526019984504],[-78.66116477881587,-1.6586595042800065],[-78.66116963988128,-1.658666922685363],[-78.6611737536752,-1.6586747855300987],[-78.66117708044584,-1.6586830168352087],[-78.66117958804644,-1.6586915370612443],[-78.66118125224594,-1.6587002638768338],[-78.6611820569631,-1.6587091129543747],[-78.66118199442185,-1.6587179987848437],[-78.66118106522656,-1.6587268355040103],[-78.66117927835603,-1.6587355377222925],[-78.66117665107691,-1.6587440213497369],[-78.66117577886868,-1.6587464163791774],[-78.66117684583628,-1.6587482741885373],[-78.66140807594833,-1.6591091780722227],[-78.6614094062718,-1.6591110391502606],[-78.66141071042951,-1.659112519297689],[-78.6614141848416,-1.6591160732529926],[-78.66141981034694,-1.659123113227677],[-78.66142470951176,-1.6591306830720915],[-78.6614288334086,-1.6591387071870145],[-78.66143214085254,-1.6591471054364564],[-78.66143459881245,-1.6591557939480137],[-78.66143618274096,-1.6591646859504412],[-78.66143675239479,-1.6591691618184778],[-78.66143805777028,-1.6591709633646228],[-78.66191887354178,-1.6597690320314475],[-78.66192030516866,-1.6597706413586588],[-78.6619221264801,-1.6597694984397018],[-78.66205257399409,-1.6596782343055],[-78.66205425283569,-1.6596769348242597],[-78.66205431323195,-1.6596765181861015],[-78.66205606556767,-1.6596675979940227],[-78.6620586995471,-1.6596589000810384],[-78.66206218851977,-1.659650512452231],[-78.66206649718441,-1.65964251997329],[-78.66207158194612,-1.6596350035117442],[-78.66207739135754,-1.6596280391188398],[-78.66208386663928,-1.6596216972599855],[-78.66209094227474,-1.6596160421018302],[-78.66209854667295,-1.6596111308630475],[-78.66209886281554,-1.659610948596346],[-78.6621002121548,-1.6596091532480122],[-78.66225193849924,-1.6593846091075204],[-78.66225307949367,-1.6593827266758223],[-78.66225308244945,-1.6593826708040809],[-78.66225311646855,-1.659373882728931],[-78.66225403362262,-1.659364964381611],[-78.66225582420061,-1.6593561813312943],[-78.66225847058749,-1.6593476199824146],[-78.66226194674904,-1.6593393645583725],[-78.66226621848807,-1.6593314962730226],[-78.66227124378078,-1.6593240925316508],[-78.66227697319017,-1.6593172261695663],[-78.66228335035245,-1.659310964735508],[-78.66229031253141,-1.6593053698272013],[-78.66229779123569,-1.6593004964852778],[-78.66230170948896,-1.6592982124579008],[-78.66230297049067,-1.659296525125521],[-78.66297642126234,-1.65829651449495],[-78.6629169483923,-1.6582764863151451],[-78.66287779885805,-1.6582190378555632],[-78.66283861232841,-1.6581938781648697],[-78.66244588022184,-1.658025985352404],[-78.66244428536699,-1.6580273309383158]]]]},"properties":{"target_platform":"PLATAFORMA I","source_id":95,"selected_rank":1,"nombre":"Parque con dos canchas","elemento":"Canchas deportivas múltiples.","tipologia":"Zonal","origin_platform":"PLATAFORMA G","distance_m":1000,"pair_distance_m":6467.43,"pair_selection_mode":"full_pair_threshold","effective_parks":2,"covered_manzanas_individual":85,"covered_population_individual":8127,"covered_manzanas_pair":102,"covered_population_pair":9060,"covered_manzanas_pair_percent":100.0,"covered_population_pair_percent":100.0,"total_platform_manzanas":102,"total_platform_population":9060,"source_lon":-78.66907487143628,"source_lat":-1.6465746996338542,"snap_m":11.97,"categoria":"BARRIAL","pair_label":"PLATAFORMA I | Parque 1","covered_manzanas":["060150022004001","060150022004002","060150022004003","060150022004004","060150022005001","060150022005003","060150022006001","060150022006002","060150022006003","060150022006004","060150029001001","060150029001002","060150029001003","060150029001004","060150029002001","060150029003001","060150029003002","060150029003003","060150029004001","060150029004002","060150029004003","060150029005001","060150029005002","060150029005004","060150030001001","060150030001002","060150030001003","060150030001004","060150030001005","060150030002001","060150030002002","060150030002003","060150030003001","060150030003002","060150030003003","060150030003004","060150030003005","060150030004002","060150030007001","060150030007002","060150030007003","060150030008001","060150030009001","060150030009002","060150031001001","060150031001002","060150031001003","060150031001004","060150031002001","060150031002002","060150031003001","060150031003002","060150031003003","060150031003004","060150031004001","060150031004002","060150031005001","060150031005002","060150031006001","060150031006002","060150031007001","060150031007002","060150031007003","060150031008001","060150031008002","060150031008003","060150031008004","060150031008006","060150031008008","060150031008010","060150031008011","060150031009001","060150031009002","060150031010001","060150032001002","060150032001003","060150032001004","060150032001005","060150032002001","060150032002002","060150033001001","060150033001002","060150033001003","060150033001004","060150033003001"]}},{"type":"Feature","geometry":{"type":"MultiPolygon","coordinates":[[[[-78.65788175249357,-1.6609911388240166],[-78.6578808566957,-1.6609903873916414],[-78.65787440005327,-1.660984410019319],[-78.65786855363754,-1.6609778273381615],[-78.6578633732153,-1.6609707021380438],[-78.65785890820081,-1.6609631023837155],[-78.65785520118423,-1.6609551005665626],[-78.65785228752543,-1.660946773013056],[-78.65785019501679,-1.6609381991567786],[-78.65784894361796,-1.660929460780717],[-78.6578485452656,-1.6609206412370998],[-78.65784900375942,-1.6609118246524401],[-78.65785031472603,-1.6609030951249963],[-78.65785246566054,-1.660894535922624],[-78.65785543604596,-1.6608862286885036],[-78.65785919754885,-1.6608782526623822],[-78.65786371428955,-1.6608706839247502],[-78.65786894318448,-1.6608635946710928],[-78.65787483435707,-1.6608570525232687],[-78.65788133161357,-1.660851119884538],[-78.65790686204808,-1.6608300010497379],[-78.65790100778001,-1.6608247142090362],[-78.65789564665546,-1.6608201066577917],[-78.65788948708482,-1.6608150706389273],[-78.65788251250108,-1.6608096487082535],[-78.65787611479413,-1.6608049228988513],[-78.6578703306981,-1.6608008663325358],[-78.65786371026675,-1.6607964621169828],[-78.65785624115838,-1.6607917542375046],[-78.65784941395296,-1.6607876822266605],[-78.65784326258968,-1.6607842157123727],[-78.65783624505643,-1.6607804857154176],[-78.65782835335536,-1.6607765372267091],[-78.65782116240104,-1.6607731582299976],[-78.65781470301155,-1.6607703151521336],[-78.6578073559594,-1.660767295295765],[-78.65779911766651,-1.6607641442236134],[-78.65779163221623,-1.660761490782617],[-78.65778492700791,-1.6607592985214676],[-78.65777732119209,-1.6607570178881323],[-78.65776881564719,-1.6607546945792835],[-78.65776110779032,-1.6607527922482102],[-78.6577542213384,-1.660751271916515],[-78.65774643000827,-1.66074975247025],[-78.65773773912373,-1.660748279299164],[-78.65772988309008,-1.660747146398172],[-78.65772288171428,-1.6607463126373676],[-78.65771497990404,-1.6607455690110549],[-78.6577061873785,-1.6607449601652844],[-78.65769825882727,-1.6607446076049979],[-78.65769120995482,-1.660744468444622],[-78.65768327376281,-1.660744507799701],[-78.65767446427289,-1.6607447691426458],[-78.65766653955917,-1.6607452003183163],[-78.65766362616984,-1.6607454311102607],[-78.65766102278181,-1.6607440950236918],[-78.65765386647517,-1.6607406423429742],[-78.65764582822223,-1.6607370055296826],[-78.65763851218357,-1.6607339103674326],[-78.65763194785754,-1.6607313221031255],[-78.6576244897115,-1.6607285919156374],[-78.65761613592993,-1.6607257654732346],[-78.65760855364401,-1.6607234068378345],[-78.65760176882462,-1.660721478513947],[-78.65759408066529,-1.6607194971127568],[-78.6575854918075,-1.660717508261708],[-78.65757771629525,-1.6607159088678836],[-78.65757077632307,-1.6607146590548771],[-78.65756293219087,-1.6607134455217394],[-78.65755419097191,-1.660712313415682],[-78.65754629711667,-1.660711488666629],[-78.6575392688281,-1.660710929400951],[-78.65753134426677,-1.6607104954228726],[-78.6575225348693,-1.6607102309645476],[-78.65751459869298,-1.6607101888028846],[-78.65750754977343,-1.6607103254704374],[-78.65749962110063,-1.6607106752267746],[-78.657490828365,-1.6607112809629523],[-78.65748292629654,-1.6607120217947036],[-78.657475924631,-1.6607128530793591],[-78.65746806820428,-1.6607139832017455],[-78.657459376808,-1.6607154532988653],[-78.65745158494954,-1.6607169699892874],[-78.65744469796844,-1.6607184878851895],[-78.65743698944924,-1.6607203874898642],[-78.65742848309561,-1.6607227077899784],[-78.65742087648593,-1.6607249857326967],[-78.65741417051424,-1.6607271756217505],[-78.65740668414007,-1.6607298264143977],[-78.65739844475003,-1.6607329745716572],[-78.6573910966462,-1.6607359918283684],[-78.65738463626609,-1.660738832620665],[-78.65737744413413,-1.6607422090729131],[-78.65736955105723,-1.660746154768838],[-78.6573625322243,-1.66074988228212],[-78.65735637965287,-1.6607533466192308],[-78.65734955102779,-1.6607574162137433],[-78.6573420802783,-1.660762121449324],[-78.65733545831213,-1.6607665233208089],[-78.65732967280194,-1.6607705778392257],[-78.65732327344699,-1.6607753013835447],[-78.65731629697257,-1.6607807208445702],[-78.65731013564555,-1.6607857546823037],[-78.65730477291415,-1.660790360334789],[-78.6572988644586,-1.6607956923386076],[-78.65729244944644,-1.660801773832719],[-78.65728680809586,-1.6608073911578123],[-78.6572819197892,-1.6608125035894223],[-78.65727655913446,-1.6608183927027957],[-78.6572707673643,-1.6608250776622242],[-78.65726756161322,-1.6608289664844538],[-78.6572660269183,-1.6608258598523673],[-78.65726160472232,-1.6608171771117208],[-78.65725781268966,-1.6608101613759607],[-78.65725429304644,-1.6608040139935014],[-78.65725016349458,-1.660797193949163],[-78.65724539426961,-1.660789735765344],[-78.65724093714694,-1.6607831278423342],[-78.6572368356815,-1.66077735722352],[-78.65723206172557,-1.6607709773408725],[-78.65722658902068,-1.6607640254865543],[-78.65722150973244,-1.6607578890140244],[-78.65721686594432,-1.6607525507333447],[-78.65721149356038,-1.6607466724544204],[-78.65720537008066,-1.6607402938795561],[-78.65719971754332,-1.660734687955217],[-78.65719457615502,-1.6607298334234255],[-78.65718865708214,-1.6607245133591955],[-78.65718194179992,-1.6607187694927166],[-78.65717577045011,-1.6607137481043175],[-78.65717018097591,-1.6607094240730729],[-78.65716377221793,-1.6607047134585455],[-78.65716341254098,-1.6607044624717133],[-78.65716357390113,-1.660702861616457],[-78.65716418077452,-1.6606948986295087],[-78.65716454721553,-1.66068781349932],[-78.65716476508297,-1.6606798301383625],[-78.65716479074568,-1.6606709612416126],[-78.65716461908231,-1.6606629767392598],[-78.65716429364973,-1.660655889581713],[-78.65716373286911,-1.6606479231733307],[-78.65716289455594,-1.6606390944514438],[-78.65716194600907,-1.6606311653288648],[-78.65716093183701,-1.6606241443972325],[-78.65715959780898,-1.6606162716622237],[-78.6571579035934,-1.6606075681407693],[-78.6571561872981,-1.6605997707597748],[-78.65715449415367,-1.6605928836695985],[-78.65715239972577,-1.6605851804270275],[-78.65714986592403,-1.6605766859255726],[-78.65714739840917,-1.6605690953790813],[-78.65714504259827,-1.6605624084566597],[-78.65714220794098,-1.6605549488927522],[-78.65713852372352,-1.6605459240351315],[-78.6571369708164,-1.6605422490010464],[-78.65713555093618,-1.6605390000851346],[-78.65713390887252,-1.660535364508639],[-78.6569346406803,-1.6601081746053856],[-78.6569391618917,-1.6601084184177588],[-78.6569470948379,-1.660108649935932],[-78.65695590806028,-1.6601086893983448],[-78.65696384273974,-1.6601085289296496],[-78.65697088593977,-1.6601082123416866],[-78.65697880323697,-1.660107660272756],[-78.65698757786552,-1.6601068302461095],[-78.65699545870712,-1.6601058879069235],[-78.65700243715594,-1.6601048781319343],[-78.65701026255695,-1.6601035477925397],[-78.65701891408648,-1.6601018562704515],[-78.65702666519415,-1.6601001411358103],[-78.6570335116855,-1.6600984478983773],[-78.65704116982612,-1.6600963521005996],[-78.6570496149381,-1.660093815373239],[-78.65705716166393,-1.6600913439608842],[-78.65706381026227,-1.660088983567801],[-78.65707122739158,-1.6600861424949813],[-78.65707938475465,-1.6600827849924267],[-78.65708665441934,-1.6600795811034046],[-78.65709304109491,-1.6600765762865293],[-78.65710014578137,-1.660073017299893],[-78.65710793683569,-1.6600688713566847],[-78.65711485942877,-1.6600649658459472],[-78.65712092267454,-1.6600613455431588],[-78.65712764649585,-1.6600571029177826],[-78.65713499620911,-1.6600522084616907],[-78.65714150506118,-1.6600476389420642],[-78.65714718648438,-1.6600434380191058],[-78.65715346468743,-1.6600385526131045],[-78.65716030227797,-1.6600329567802945],[-78.65716633470609,-1.660027767258112],[-78.6571715795917,-1.6600230261719195],[-78.65717735171259,-1.6600175450353745],[-78.65718361133054,-1.6600113017168874],[-78.6571891092387,-1.6600055421704492],[-78.6571938670755,-1.6600003065803577],[-78.65719907752629,-1.659994282498944],[-78.65720469888814,-1.6599874518212365],[-78.65720960932867,-1.659981177717853],[-78.65721383429582,-1.6599754980457404],[-78.65721843289661,-1.6599689890350497],[-78.65722336186559,-1.6599616367811867],[-78.65722763754809,-1.6599549085440983],[-78.65723128895704,-1.65994883948808],[-78.65723523142078,-1.6599419082334907],[-78.65723942052797,-1.6599341052100631],[-78.6572430202753,-1.6599269876357945],[-78.65724606296094,-1.6599205876442473],[-78.65724931131962,-1.6599133008974618],[-78.65725272022172,-1.6599051222516916],[-78.65725560936627,-1.6598976838864845],[-78.65725801402579,-1.659891014594992],[-78.65726053699592,-1.6598834425313937],[-78.65726313286329,-1.6598749670281976],[-78.657265283581,-1.6598672795078169],[-78.65726702705624,-1.659860405145306],[-78.6572676217945,-1.6598577943314112],[-78.65727121689267,-1.6598510650266693],[-78.65727440193653,-1.6598447355641277],[-78.65727781243277,-1.6598375242286536],[-78.65728140337815,-1.659829424855837],[-78.65728445814203,-1.6598220538052033],[-78.65728701134408,-1.6598154406612842],[-78.65728970301627,-1.6598079276533213],[-78.6572924877717,-1.6597995130855996],[-78.65729480986784,-1.6597918762195578],[-78.65729670663931,-1.6597850430824943],[-78.65729865356526,-1.6597773007563388],[-78.65730060531206,-1.659768652030365],[-78.65730217237746,-1.659760822896127],[-78.65730339445136,-1.6597538355730337],[-78.65730457788104,-1.6597459384917426],[-78.65730567782285,-1.6597371388995634],[-78.65730647476583,-1.6597291928959612],[-78.65730701037296,-1.6597221186785467],[-78.65730741890934,-1.659714142895325],[-78.65730765645313,-1.6597052771819565],[-78.65730767559869,-1.6596972908334546],[-78.65730751958091,-1.6596901978502459],[-78.65730714928957,-1.6596822201762844],[-78.6573065221477,-1.6596733737234761],[-78.65730647355878,-1.659672864692319],[-78.65721966854262,-1.6595553441085065],[-78.65721828278464,-1.6595536482105753],[-78.6572172375044,-1.6595529458567817],[-78.65721195390036,-1.6595497632140632],[-78.6572049336805,-1.6595445405609932],[-78.65719845041444,-1.659538656797913],[-78.6571925653397,-1.659532167499794],[-78.65718733404363,-1.6595251339611825],[-78.65718280593829,-1.6595176226172115],[-78.65717902379382,-1.65950970441613],[-78.65717602333434,-1.6595014541491417],[-78.65717383290063,-1.6594929497439797],[-78.65717247318237,-1.659484271528819],[-78.65717211856801,-1.6594782462851707],[-78.65717197549678,-1.6594769183059714],[-78.65717059978351,-1.659475250112219],[-78.65709564808425,-1.6593928814524608],[-78.6570948494905,-1.659392469548034],[-78.65708770016982,-1.659389002260636],[-78.65707966927607,-1.65938534903948],[-78.6570723595028,-1.6593822389433783],[-78.65706580041811,-1.6593796372794347],[-78.65705834780208,-1.659376891867042],[-78.65704999974693,-1.6593740483706185],[-78.6570424222412,-1.6593716742555806],[-78.6570356413317,-1.6593697320797],[-78.65702795719233,-1.6593677349818292],[-78.65701937237294,-1.6593657285947716],[-78.65701160011126,-1.6593641133250823],[-78.65700466268147,-1.6593628493416595],[-78.65699682102125,-1.6593616197914327],[-78.65698808211287,-1.6593604698359812],[-78.65698018994588,-1.659359628967374],[-78.65697316280705,-1.6593590553491933],[-78.65696523914596,-1.6593586051878684],[-78.65695643031027,-1.6593583227388071],[-78.6569484942434,-1.659358264369236],[-78.65694144507009,-1.659358386640495],[-78.6569335157169,-1.659358720203296],[-78.65692472178678,-1.6593593079806728],[-78.65691681824966,-1.6593600326721947],[-78.6569098149302,-1.6593608496552623],[-78.6569019562487,-1.6593619637297647],[-78.65689326191462,-1.6593634160729334],[-78.6568854670215,-1.6593649168464362],[-78.65687857700138,-1.6593664206732648],[-78.65687086467574,-1.6593683045301368],[-78.65686235366891,-1.659370607452203],[-78.65685474248954,-1.6593728698542547],[-78.65684803212264,-1.6593750460422876],[-78.65684054042562,-1.6593776815391896],[-78.65683229471239,-1.6593808128614744],[-78.65682494054651,-1.6593838151038058],[-78.65682343684007,-1.6593844726677933],[-78.6568302881124,-1.6591793052877333],[-78.65683037271222,-1.6591753127100601],[-78.65683040462356,-1.6591717636252692],[-78.65683039182969,-1.6591677701608192],[-78.6568302415963,-1.6591580146243963],[-78.65682992391692,-1.659150034656165],[-78.65682946890794,-1.6591429547288397],[-78.65682876250858,-1.6591350000591025],[-78.65682776285132,-1.6591261883627657],[-78.65682666943377,-1.6591182781548404],[-78.65682552701405,-1.659111277199481],[-78.65682404921249,-1.6591034305099814],[-78.65682219608873,-1.6590947598464287],[-78.65682033746326,-1.6590869955784744],[-78.65681851863496,-1.6590801410182183],[-78.65681628366329,-1.6590724778769084],[-78.65681359491965,-1.6590640317493657],[-78.656810988986,-1.6590564881957834],[-78.6568085112655,-1.6590498460437473],[-78.6568055406477,-1.6590424402507586],[-78.65680204217838,-1.6590343000002172],[-78.65679871403299,-1.6590270498091693],[-78.65679560128221,-1.6590206840331654],[-78.65679192362714,-1.6590136069106027],[-78.6567876491242,-1.6590058509317955],[-78.65678363081919,-1.658998963926997],[-78.65677991301565,-1.6589929358327806],[-78.65677556374126,-1.6589862555372648],[-78.65677055437088,-1.6589789585250638],[-78.65676588460461,-1.6589725010318221],[-78.65676159755253,-1.6589668686728252],[-78.65675661854446,-1.6589606495388538],[-78.65675092254979,-1.6589538817675007],[-78.65674564629481,-1.6589479159752027],[-78.65674083128111,-1.6589427335944762],[-78.65673717234324,-1.6589389843229088],[-78.65660835014735,-1.6594113187567472],[-78.65660559194444,-1.65941977607198],[-78.65660202056547,-1.6594279194090287],[-78.65659767063833,-1.659435669810623],[-78.65659258433965,-1.6594429521293366],[-78.65658681098587,-1.6594496957562592],[-78.65658040655505,-1.659455835305597],[-78.65657343314419,-1.6594613112486873],[-78.65656595836704,-1.6594660704911144],[-78.65655805469858,-1.65947006688758],[-78.6565497987723,-1.6594732616892833],[-78.65654127063716,-1.6594756239196253],[-78.65653255298143,-1.6594771306746083],[-78.65652373033097,-1.6594777673448258],[-78.65651488822964,-1.6594775277571834],[-78.65650611240989,-1.6594764142347447],[-78.65649748796153,-1.6594744375741348],[-78.65648909850667,-1.6594716169409542],[-78.65648102538891,-1.6594679796839173],[-78.65647334688471,-1.659463561069659],[-78.65646613744433,-1.6594584039407534],[-78.65645946697003,-1.6594525583004405],[-78.65645340013828,-1.659446080827686],[-78.65644799577271,-1.6594390343276286],[-78.65644330627364,-1.659431487122707],[-78.65643937711019,-1.6594235123901326],[-78.65643624637922,-1.6594151874523981],[-78.65643394443607,-1.659406593027549],[-78.65643249360024,-1.659397812446587],[-78.6564319079389,-1.6593889308454455],[-78.65643219313061,-1.659380034339549],[-78.65646193925461,-1.65901356782019],[-78.65646200509164,-1.6590114418369888],[-78.65646099372508,-1.6590116593846027],[-78.65646095597899,-1.6590116705107056],[-78.65645468540701,-1.659013691964743],[-78.65645260343288,-1.6590144202938324],[-78.65644806715011,-1.6590161338903915],[-78.65644602319712,-1.6590169641445849],[-78.65643995770533,-1.6590196039461786],[-78.65643795669739,-1.6590205341253739],[-78.65643360916637,-1.6590226869103688],[-78.65643165592427,-1.6590237147735893],[-78.65642587676231,-1.6590269401384155],[-78.6564239759914,-1.659028063209552],[-78.65641985908164,-1.659030634450217],[-78.65641801536096,-1.6590318500237573],[-78.65641257818558,-1.6590356298896272],[-78.65641079595649,-1.6590369350373946],[-78.65640694931616,-1.6590398999710796],[-78.65640523287276,-1.6590412915485184],[-78.65640019004697,-1.6590455895131075],[-78.65639854352453,-1.6590470641675539],[-78.65639500419772,-1.6590503942412365],[-78.65639343156273,-1.6590519484202215],[-78.6563888316512,-1.6590567230921727],[-78.65638733669206,-1.659058353051736],[-78.65638413876508,-1.659062016194439],[-78.65638272508373,-1.6590637180073604],[-78.65637861238571,-1.6590689234045568],[-78.65637728338736,-1.6590706929715482],[-78.65637445765799,-1.659074653905186],[-78.65637321654418,-1.6590764869633816],[-78.6563696306682,-1.659082072953723],[-78.65636848042905,-1.6590839650869442],[-78.65636605411056,-1.6590881856656174],[-78.6563649975172,-1.6590901323153715],[-78.65636197299665,-1.6590960451035115],[-78.65636101259457,-1.6590980415800005],[-78.6563590090536,-1.6591024811575057],[-78.65635814715627,-1.6591045226515688],[-78.6563557131191,-1.6591107052936829],[-78.65635495180294,-1.6591127868870827],[-78.65635339033496,-1.6591174027071556],[-78.6563527314342,-1.6591195193848085],[-78.65635091132131,-1.6591259123392348],[-78.65635035642325,-1.6591280590018895],[-78.6563492520658,-1.6591328066123872],[-78.65634880250717,-1.6591349780888869],[-78.65634761384739,-1.6591415197877313],[-78.65634727071127,-1.6591437108465537],[-78.65634663409999,-1.659148544525076],[-78.65634639821303,-1.6591507498877216],[-78.65634573407294,-1.6591588148917173],[-78.65634565652685,-1.6591599214027324],[-78.65634551565176,-1.6591623571668503],[-78.65634546511384,-1.6591634652596894],[-78.65632848695356,-1.6596718859521329],[-78.65632845440088,-1.6596727403553975],[-78.6563284324613,-1.6596732528736702],[-78.65632839187931,-1.6596741069286167],[-78.6563143040083,-1.6599438423347166],[-78.6563139291681,-1.659948609398127],[-78.6563136296187,-1.659951458322928],[-78.65631300479447,-1.659956198768972],[-78.65627304570054,-1.6602080566585287],[-78.65627204602032,-1.660213341998658],[-78.65627135402833,-1.660216487785588],[-78.65627004365591,-1.660221703915944],[-78.65617694799471,-1.6605507444671765],[-78.6561737919031,-1.660559974773915],[-78.65616966517408,-1.6605688088033983],[-78.6561646159284,-1.6605771435441918],[-78.6553530231758,-1.6617671231887092],[-78.65479987499701,-1.6625852340563705],[-78.65471963174632,-1.6627051180911905],[-78.65471450423559,-1.6627120405655318],[-78.65470874382751,-1.6627184391965226],[-78.65470240307191,-1.662724255612072],[-78.65469553981286,-1.6627294367514656],[-78.65468821666104,-1.6627339353493213],[-78.65468050042256,-1.6627377103667877],[-78.65467246148944,-1.6627407273659625],[-78.65466417319759,-1.6627429588240157],[-78.65465571115764,-1.6627443843843002],[-78.65464715256527,-1.6627449910420342],[-78.654638575497,-1.66274477326294],[-78.65463005819785,-1.6627437330337451],[-78.65462167836763,-1.662741879844053],[-78.65461351245203,-1.6627392305997402],[-78.65460563494531,-1.662735809468799],[-78.65459811771069,-1.6627316476607754],[-78.65459102932476,-1.6627267831421544],[-78.65416490727243,-1.662403301128609],[-78.65415799072548,-1.6623974801573802],[-78.65415168890337,-1.6623909907633032],[-78.65414606529731,-1.6623838983274637],[-78.6541411765655,-1.662376274306634],[-78.65413707196224,-1.662368195513322],[-78.65413379284162,-1.6623597433419097],[-78.65413137224101,-1.6623510029485686],[-78.65412983454809,-1.6623420623933423],[-78.65412919525521,-1.6623330117528954],[-78.65412946080326,-1.6623239422130192],[-78.65413062851682,-1.6623149451499282],[-78.6541326866311,-1.6623061112095971],[-78.65413561441044,-1.6622975293945477],[-78.65413938235729,-1.6622892861671439],[-78.65414395250933,-1.6622814645784003],[-78.65414927882196,-1.662274143431343],[-78.65443980393032,-1.661914205819474],[-78.6544404883515,-1.661913336284818],[-78.6544419703416,-1.6619114052429975],[-78.65444263335147,-1.6619105190670762],[-78.65444739115924,-1.6619039946943808],[-78.65444865121547,-1.6619021747731224],[-78.65445132273864,-1.6618981069241543],[-78.65445249253783,-1.6618962269767457],[-78.65445586123937,-1.6618905057283577],[-78.65445693796349,-1.6618885702834205],[-78.65445920040364,-1.6618842585151559],[-78.65446018145848,-1.661882272235933],[-78.65446297667476,-1.661876246262904],[-78.6544638596968,-1.6618742139346778],[-78.65446569126583,-1.6618696997708828],[-78.65446647412793,-1.6618676262894427],[-78.65446866893969,-1.6618613536247766],[-78.65446934975581,-1.6618592439854034],[-78.65447073281446,-1.6618545709004582],[-78.65447130994454,-1.6618524301853426],[-78.6544728832144,-1.6618459712385631],[-78.65447335526814,-1.6618438046044959],[-78.65447427649671,-1.6618390176032147],[-78.65447464233678,-1.6618368302703148],[-78.65447557891328,-1.6618302472446915],[-78.65447583765837,-1.6618280444823788],[-78.65447628818507,-1.6618231896656324],[-78.6544764392118,-1.661820976780529],[-78.65447673007526,-1.6618143330740314],[-78.65447677301984,-1.6618121153971956],[-78.65447674850583,-1.6618072395197576],[-78.65447668326479,-1.6618050223936225],[-78.65447632561401,-1.661798381988914],[-78.65447615234453,-1.6617961707549278],[-78.6544756530259,-1.6617913207739883],[-78.65447537214541,-1.661789120759193],[-78.65447436942479,-1.6617825476068997],[-78.65447398160993,-1.6617803641112205],[-78.65447301229541,-1.6617755867349675],[-78.65447251848047,-1.6617734250186111],[-78.6544708803468,-1.6617669824219354],[-78.65447028172142,-1.661764847692632],[-78.6544688517461,-1.6617601889299924],[-78.6544681497524,-1.6617580863304733],[-78.65446589198186,-1.6617518363352222],[-78.6544650883111,-1.6617497709311184],[-78.65446321144633,-1.6617452756480768],[-78.65446230803457,-1.661743252414957],[-78.65445945237073,-1.6617372552119782],[-78.65445845139428,-1.661735279023834],[-78.6544561457153,-1.6617309905125042],[-78.65445504958589,-1.661729066130658],[-78.65445162353028,-1.6617233794760586],[-78.65445043488826,-1.6617215115359625],[-78.65444772260025,-1.6617174710974456],[-78.6544464443093,-1.6617156640993223],[-78.65444248085662,-1.6617103427586082],[-78.65444111599636,-1.6617086010558495],[-78.65443802322014,-1.6617048476016645],[-78.65443657507835,-1.6617031753897686],[-78.65443211239912,-1.6616982706107692],[-78.6544305844646,-1.6616966719184134],[-78.6544271409851,-1.6616932415961536],[-78.6544255369392,-1.661691720275111],[-78.65442061801151,-1.6616872792934914],[-78.65441894171789,-1.6616858390081866],[-78.65441518069765,-1.6616827648536956],[-78.65441343619543,-1.661681409074536],[-78.65440810839043,-1.661677474658702],[-78.65440629988166,-1.6616762066513966],[-78.65440225754179,-1.661673518270766],[-78.65440038938301,-1.6616723410898595],[-78.65439470401192,-1.6616689511315341],[-78.65439278070419,-1.6616678676132959],[-78.65438849597457,-1.66166559089698],[-78.65438652215103,-1.6616646036515705],[-78.65438053396615,-1.6616617907971767],[-78.65437851438253,-1.6616609022032196],[-78.65437402852672,-1.661659059076882],[-78.6543719680483,-1.6616582712750139],[-78.65436573471848,-1.6616560626137034],[-78.65436363830906,-1.6616553775017622],[-78.65435899452852,-1.6616539857158878],[-78.65435686723814,-1.6616534049442342],[-78.65435044879564,-1.6616518217471745],[-78.65434829574833,-1.661651346714754],[-78.65434353876549,-1.6616504196731487],[-78.65434136515056,-1.6616500515248562],[-78.65433482340573,-1.6616491090384882],[-78.6543326344577,-1.6616488486608811],[-78.65432781008646,-1.6616483952915522],[-78.65432561107734,-1.661648243311819],[-78.6543190090338,-1.661647950613212],[-78.65431680526451,-1.6616479073977222],[-78.65431195996332,-1.661647932066595],[-78.65430975674155,-1.661647997719352],[-78.65430315797863,-1.6616483576271912],[-78.65430096061124,-1.6616485319901153],[-78.6542961410454,-1.6616490344595911],[-78.65429395482579,-1.6616493171126983],[-78.65428742289478,-1.6616503261607003],[-78.65428525309198,-1.6616507164227554],[-78.65428050567506,-1.6616516918538777],[-78.6542783575148,-1.6616521887849227],[-78.6542719553201,-1.6616538372555607],[-78.65426983397755,-1.661654439658461],[-78.65426520443,-1.6616558786572808],[-78.65426311501604,-1.661656585080685],[-78.65425690421496,-1.6616588570981443],[-78.6542548517636,-1.6616596658400256],[-78.65425038467006,-1.6616615545484152],[-78.65424837412499,-1.6616624636607495],[-78.65424241453067,-1.6616653373443258],[-78.65424045073514,-1.661666344637174],[-78.65423618911785,-1.6616686648650507],[-78.65423427680327,-1.6616697679115606],[-78.65422862580992,-1.6616732155861007],[-78.6542267695834,-1.6616744117288245],[-78.65422275448277,-1.6616771411316729],[-78.6542209588165,-1.6616784274887495],[-78.65421567084613,-1.661682415951323],[-78.65421394006486,-1.6616837894246141],[-78.6542102101489,-1.6616869017165183],[-78.65420854842324,-1.6616883589964646],[-78.65420367440183,-1.6616928498360877],[-78.65420208573508,-1.6616943874118657],[-78.65419867692411,-1.6616978526204222],[-78.65419716514302,-1.6616994667883132],[-78.65419179475671,-1.661705490453976],[-78.6541910687615,-1.6617063251464557],[-78.65418949439946,-1.6617081806852483],[-78.65418878897911,-1.6617090330552293],[-78.65388410589249,-1.662086511326806],[-78.65387803324184,-1.662093302606996],[-78.65387131041501,-1.6620994423827378],[-78.6538640060808,-1.6621048679406696],[-78.65385619484769,-1.6621095238626566],[-78.65384795650178,-1.6621133625918534],[-78.6538393751918,-1.6621163449184342],[-78.6538305385696,-1.6621184403801266],[-78.65382153689488,-1.6621196275733248],[-78.65381246211322,-1.6621198943717022],[-78.65380340691692,-1.6621192380501542],[-78.65379446379825,-1.6621176653125438],[-78.65378572410465,-1.6621151922232378],[-78.65377727710576,-1.6621118440430986],[-78.6537692090815,-1.6621076549713392],[-78.6537616024409,-1.6621026677963149],[-78.65352456984336,-1.661929483026875],[-78.65351755653734,-1.6619237974208492],[-78.65351114421456,-1.6619174337077083],[-78.65350539732846,-1.6619104558522884],[-78.65350037364384,-1.6619029339925184],[-78.65349612365621,-1.6618949437343413],[-78.6534926900843,-1.6618865653918184],[-78.65349010744066,-1.6618778831798415],[-78.65348840168467,-1.6618689843676464],[-78.65348758996174,-1.661859958401599],[-78.65348768043089,-1.6618508960061673],[-78.65348867218272,-1.661841888272],[-78.65349055524867,-1.6618330257402771],[-78.65349331070108,-1.6618243974927405],[-78.65349691084354,-1.6618160902561478],[-78.65350131948924,-1.661808187530689],[-78.65350649232465,-1.6618007687505587],[-78.65351695737296,-1.661787255211725],[-78.65351762422357,-1.6617863719610626],[-78.65351906720196,-1.6617844112284867],[-78.65351971231155,-1.6617835117753257],[-78.6535243383602,-1.661776892151711],[-78.65352556167699,-1.6617750470229922],[-78.65352815111015,-1.6617709257734743],[-78.65352928298526,-1.6617690224626616],[-78.65353253631068,-1.661763233998125],[-78.65353357401673,-1.661761277091479],[-78.65353574956121,-1.661756920276015],[-78.65353669059856,-1.6617549144873662],[-78.65353936444727,-1.6617488330021275],[-78.65354020654907,-1.6617467831631911],[-78.65354194725296,-1.6617422327407194],[-78.65354268839012,-1.6617401437906867],[-78.65354475701172,-1.6617338278522444],[-78.65354539539901,-1.6617317048229319],[-78.6535466844984,-1.6617270046164068],[-78.65354721859784,-1.661724852622536],[-78.65354866207025,-1.6617183630572543],[-78.65354909059516,-1.6617161872830635],[-78.65354991567533,-1.6617113825581336],[-78.65355023759338,-1.6617091882453146],[-78.65355104201514,-1.661702587551372],[-78.65355125655077,-1.6617003799862384],[-78.65355160966573,-1.6616955170150072],[-78.6535517163021,-1.6616933015158197],[-78.65355187392629,-1.6616866532611734],[-78.65355187240651,-1.661684435165296],[-78.65355175015557,-1.6616795607808943],[-78.65355164048331,-1.6616773454317417],[-78.65355114979191,-1.6616707136429771],[-78.65355093223137,-1.661668506377643],[-78.65355033579192,-1.6616636675231176],[-78.65355001086722,-1.6616614736591049],[-78.65354887658589,-1.6616549222038635],[-78.65354844507985,-1.6616527470265878],[-78.65354738019586,-1.6616479903022754],[-78.65354684314802,-1.6616458390517614],[-78.65354507620047,-1.661639431024151],[-78.6535444349045,-1.661637308882571],[-78.65354291183156,-1.6616326800992158],[-78.65354216783251,-1.6616305921793844],[-78.65353978523547,-1.6616243892922475],[-78.65353894032583,-1.66162234062447],[-78.65353697373176,-1.6616178843590095],[-78.65353602994668,-1.6616158798779546],[-78.65353305464593,-1.6616099418686097],[-78.65353201425935,-1.6616079864038305],[-78.65352962308371,-1.6616037455729675],[-78.65352848860188,-1.661601843835065],[-78.65352494925102,-1.661596227889466],[-78.65352372340718,-1.661594384460205],[-78.65352093067821,-1.6615903999052941],[-78.65351961642538,-1.6615886192253468],[-78.65351554711035,-1.6615833794282557],[-78.65351414761466,-1.6615816657874858],[-78.65351098022799,-1.6615779758820872],[-78.65350949886097,-1.6615763334088245],[-78.65350493877187,-1.6615715202227699],[-78.65350337910169,-1.6615699528732666],[-78.65349986756142,-1.6615665931536208],[-78.6534982333464,-1.661565104704764],[-78.65349322639932,-1.6615607644831485],[-78.65349178483665,-1.6615595756305834],[-78.65348667636985,-1.6615559673177154],[-78.65348316127755,-1.6615533537526832],[-78.6534798500354,-1.6615507641115983],[-78.65347868923153,-1.6615499847572222],[-78.6534745938257,-1.6615473789840662],[-78.65347270245059,-1.6615462399667102],[-78.6534669502852,-1.6615429661123169],[-78.65346500565015,-1.6615419218581193],[-78.65346067615586,-1.6615397325855],[-78.65345868294565,-1.6615387856101744],[-78.65345263959733,-1.661536094889154],[-78.65345060261345,-1.6615352474738054],[-78.65344608072623,-1.6615334957857026],[-78.65344400487561,-1.6615327499717591],[-78.65343772854536,-1.6615306682972424],[-78.65343561882892,-1.661530025881478],[-78.65343094809799,-1.6615287286479217],[-78.65342880959881,-1.661528191178146],[-78.65342236073012,-1.6615267385974546],[-78.6534201986011,-1.6615263073686768],[-78.65341542400573,-1.6615254770820822],[-78.6534132434547,-1.6615251531329245],[-78.65340668415362,-1.6615243436352658],[-78.65340449043255,-1.6615241277459953],[-78.65339965795712,-1.6615237724029635],[-78.65339745635141,-1.661523665093766],[-78.65339084978865,-1.6615235064751726],[-78.65338864560331,-1.6615235080046311],[-78.65338380178626,-1.6615236310271635],[-78.65338160032957,-1.6615237413915733],[-78.6533750101302,-1.661524235179466],[-78.6533728167059,-1.6615244541130187],[-78.65336800819686,-1.6615250543162001],[-78.65336582809078,-1.6615253812912971],[-78.65335931772023,-1.6615265227303808],[-78.65335715618346,-1.6615269569594218],[-78.6533524292899,-1.661528028563002],[-78.65335029152997,-1.661528568999814],[-78.65334392368803,-1.6615303470972398],[-78.6533418148543,-1.6615309924400659],[-78.65333721509842,-1.6615325251240354],[-78.65333514027252,-1.6615332738177893],[-78.653328976284,-1.661535671449747],[-78.65332694046351,-1.661536521691033],[-78.65332251214403,-1.6615385006946566],[-78.6533205202335,-1.6615394504351393],[-78.65331461946214,-1.6615424445106786],[-78.65331267625993,-1.6615434914625251],[-78.6533084620234,-1.6615458977272044],[-78.6533065722118,-1.6615470393677014],[-78.65330099148443,-1.6615506010525731],[-78.65329915961489,-1.6615518346321425],[-78.653295200048,-1.6615546449834475],[-78.65329343053416,-1.661555967530013],[-78.6532882235965,-1.6615600625230813],[-78.65328652070222,-1.6615614708498025],[-78.65328285393623,-1.6615646582235826],[-78.65328122176268,-1.6615661489386364],[-78.6532764387606,-1.661570737802622],[-78.65327488124001,-1.6615723073146704],[-78.65327154258925,-1.6615758410135295],[-78.65327006347398,-1.6615774855413512],[-78.65326481493473,-1.6615836169952667],[-78.65326410582041,-1.6615844662544528],[-78.65326256897569,-1.6615863533740796],[-78.6532618807858,-1.6615872198902257],[-78.6532489818707,-1.6616038762884284],[-78.65324315623914,-1.6616106738916754],[-78.65323668938517,-1.6616168565607141],[-78.65322964507561,-1.6616223633309242],[-78.65322209277139,-1.6616271399024347],[-78.65321410694249,-1.6616311391755496],[-78.65320576633376,-1.6616343217151908],[-78.65319715318832,-1.6616366561397116],[-78.65318835243667,-1.6616381194303915],[-78.65317945085923,-1.6616386971583512],[-78.65317053623062,-1.6616383836268975],[-78.65316169645409,-1.6616371819276377],[-78.65315301869488,-1.6616351039100223],[-78.65314458852059,-1.661632170064512],[-78.6531364890575,-1.6616284093204905],[-78.65312880017093,-1.6616238587610317],[-78.65312159767763,-1.6616185632572555],[-78.65283757155723,-1.6613871237319608],[-78.65283688379348,-1.6613865670208992],[-78.65283585461792,-1.661385742614836],[-78.6527020534667,-1.6612801976808582],[-78.65269527637322,-1.661274278676521],[-78.65268911994069,-1.6612677087768684],[-78.6526836456059,-1.661260553544809],[-78.65267890799875,-1.6612528843844374],[-78.65267495439718,-1.6612447778284982],[-78.65267182425528,-1.6612363147746285],[-78.65266954880961,-1.6612275796780471],[-78.65266815076747,-1.6612186597087466],[-78.65266764408031,-1.6612096438816644],[-78.65266803380447,-1.6612006221682638],[-78.6526693160508,-1.6611916845988006],[-78.65267147802338,-1.6611829203637964],[-78.65267449814726,-1.6611744169240554],[-78.65267834628376,-1.6611662591378131],[-78.65268298403126,-1.6611585284139117],[-78.65268836510833,-1.6611513018994435],[-78.6526944358157,-1.661144651709864],[-78.6527274428298,-1.661111936172934],[-78.6527282186083,-1.6611111481386929],[-78.65272923274632,-1.6611100923758766],[-78.65272969001235,-1.6611095576061492],[-78.65273143249777,-1.661107710282379],[-78.65273206749464,-1.661107043928424],[-78.65273306536243,-1.661106007431911],[-78.65273450984714,-1.6611044237107828],[-78.65273464681168,-1.661104266897881],[-78.65273769388281,-1.6611007994065947],[-78.65273802677498,-1.6611003974683334],[-78.65273907632519,-1.6610991532399133],[-78.65274006782896,-1.661097999106459],[-78.65274019670325,-1.6610978330840123],[-78.65274096840845,-1.6610969336136283],[-78.65274203771746,-1.6610956390794094],[-78.65274273188564,-1.6610947774059202],[-78.65301795437321,-1.6607444400682674],[-78.65301862731717,-1.660743561511811],[-78.65302017704704,-1.6607414860913656],[-78.65302213962227,-1.6607388089557804],[-78.65302277737572,-1.6607379135930127],[-78.65302470677024,-1.6607351309519673],[-78.65302734298844,-1.660731215953874],[-78.6530297059176,-1.6607274918775838],[-78.65303015127789,-1.6607267649227495],[-78.65303084922917,-1.6607255956204072],[-78.65303117229601,-1.6607250586083424],[-78.65303194704835,-1.6607237808259832],[-78.6530331844058,-1.660721682594339],[-78.6530337352779,-1.6607207217876172],[-78.65322033346634,-1.66038583759427],[-78.65322086074035,-1.6603848634728444],[-78.65322199429683,-1.660382706670674],[-78.65322249765589,-1.6603817198208675],[-78.65322336360516,-1.6603799695601793],[-78.65322376966145,-1.6603791590619357],[-78.6532240157058,-1.6603786740247188],[-78.65322442982978,-1.6603778676683285],[-78.65322466601914,-1.6603774133816243],[-78.6532256679294,-1.6603753654667424],[-78.65322706788508,-1.6603723521193017],[-78.65322723221233,-1.6603719797049459],[-78.6532274543091,-1.6603714831048064],[-78.65322770327826,-1.6603709338045842],[-78.65322819615739,-1.660369753790848],[-78.65322894589708,-1.6603680103359577],[-78.65322906271143,-1.6603677463400766],[-78.65322979420836,-1.6603659469406535],[-78.6532299754871,-1.6603654677840203],[-78.6532303006438,-1.6603646211364196],[-78.6532304982592,-1.6603641141669259],[-78.65323083184775,-1.660363270846607],[-78.65323155947112,-1.6603614579378778],[-78.6532319597064,-1.6603604243843306],[-78.65323281226063,-1.660358140316515],[-78.65323318716983,-1.6603570971897974],[-78.65337224546366,-1.6599548213715178],[-78.65337259482045,-1.6599537692999093],[-78.65337351916769,-1.6599508676912273],[-78.65337367655064,-1.6599503635321484],[-78.65337379602336,-1.659949972840818],[-78.6533741426484,-1.6599488647129497],[-78.65337528570454,-1.6599452908189147],[-78.65337564193793,-1.6599441231409795],[-78.65354509327626,-1.6593607007028486],[-78.65354526499421,-1.659360116787009],[-78.65358808008311,-1.6592163086847205],[-78.65358859657233,-1.6592142136769388],[-78.65358896983547,-1.6592116830619479],[-78.65359065290892,-1.6592031338637792],[-78.6535931462913,-1.6591947875044342],[-78.65359642680549,-1.6591867215671545],[-78.65359741075274,-1.6591846002323603],[-78.65359813454528,-1.6591825388062744],[-78.65368675862887,-1.6588848780185328],[-78.65368730256291,-1.6588831166739297],[-78.6536876395442,-1.6588820635103971],[-78.653688219076,-1.658880313700614],[-78.65380555188558,-1.6585377361236493],[-78.65380696543801,-1.6585338938997665],[-78.6538078642656,-1.6585316110426596],[-78.65380944937314,-1.6585278372206613],[-78.65395130265006,-1.658210373875774],[-78.65395287536715,-1.6582070380479275],[-78.6539538585302,-1.658205058152826],[-78.65395556530409,-1.6582017897372572],[-78.65411412849298,-1.6579126451001205],[-78.65411611884217,-1.657909197623897],[-78.65411735678613,-1.657907158295246],[-78.65411949626547,-1.6579038024927744],[-78.65426039577021,-1.657693169380087],[-78.65426364183976,-1.6576886268514834],[-78.65426566815226,-1.6576859688247085],[-78.65426918726712,-1.6576816370848408],[-78.65431554242066,-1.6576280514949358],[-78.6543749573004,-1.657559334306979],[-78.6544609126944,-1.657459968756514],[-78.65446299896226,-1.657457639827073],[-78.65446427378505,-1.657456265423639],[-78.65446643906104,-1.657454010707071],[-78.65450642201083,-1.6574137959234025],[-78.65450719203153,-1.657413002192052],[-78.65450886432471,-1.6574112355440223],[-78.65450961475675,-1.6574104230349855],[-78.6545150168712,-1.65740442817467],[-78.65451645701052,-1.657402748981745],[-78.65451953182708,-1.6573989806198064],[-78.65452088835491,-1.6573972323385924],[-78.65452482635109,-1.657391891899651],[-78.65452609599868,-1.6573900787428393],[-78.65452878896227,-1.6573860252389667],[-78.6545299686711,-1.6573841515744117],[-78.6545333675338,-1.6573784484232852],[-78.65453445446225,-1.6573765187641505],[-78.65453673963778,-1.6573722191563867],[-78.6545377311669,-1.6573702381521715],[-78.65454055816325,-1.6573642272132334],[-78.65454145190455,-1.657362199635931],[-78.65454330728468,-1.65735769533166],[-78.65454410108505,-1.6573556260659574],[-78.65454632898947,-1.6573493652279274],[-78.65454702093645,-1.6573472592591456],[-78.65454842865293,-1.657342593637085],[-78.65454901707967,-1.657340456038448],[-78.65455062443625,-1.6573340055965058],[-78.65455110792516,-1.6573318415176876],[-78.65455205442089,-1.657327059510451],[-78.65455243180718,-1.6573248741649433],[-78.65455340313612,-1.657318296240746],[-78.65455367351069,-1.65731609489314],[-78.65455414967036,-1.6573112425540109],[-78.65455431238183,-1.6573090305076974],[-78.65455463832873,-1.657302388450124],[-78.6545546929851,-1.6573001710339412],[-78.65455469422305,-1.6572952950937783],[-78.65455464069267,-1.6572930776498913],[-78.6545543181185,-1.6572864354254744],[-78.65455415653031,-1.6572842232957177],[-78.65455368283465,-1.657279370712446],[-78.65455341357793,-1.6572771692261177],[-78.65455279825711,-1.657272987523651],[-78.65455240951628,-1.6572710069874568],[-78.65455069331335,-1.6572720524062154],[-78.65441548556635,-1.6573636125811002],[-78.65441379036444,-1.6573648814171822],[-78.65441189250235,-1.6573666039956152],[-78.65440938215919,-1.6573686662205642],[-78.6544065521119,-1.6573745409551262],[-78.6544018635343,-1.657382217348173],[-78.65382098887409,-1.6582348624306507],[-78.65381560656432,-1.6582419803460717],[-78.65380955158811,-1.658248528155485],[-78.65380288322542,-1.6582544417539595],[-78.65379566676144,-1.6582596632457094],[-78.65378797284745,-1.658264141510793],[-78.65377987680907,-1.658267832705762],[-78.65377145790885,-1.6582707006927293],[-78.65376279857023,-1.6582727173933263],[-78.65375398357064,-1.6582738630634937],[-78.65374509921145,-1.6582741264867742],[-78.65373623247311,-1.6582735050842343],[-78.6537274701635,-1.6582720049395763],[-78.65371889806813,-1.6582696407396649],[-78.6537106001103,-1.6582664356307062],[-78.65370265752935,-1.6582624209916625],[-78.65369514808543,-1.6582576361269887],[-78.6536881452981,-1.6582521278819145],[-78.65368171772667,-1.6582459501837337],[-78.65367592829885,-1.6582391635138707],[-78.65367083369479,-1.6582318343157734],[-78.6536664837921,-1.6582240343443724],[-78.65366292117754,-1.6582158399636204],[-78.65366018073011,-1.6582073313988293],[-78.65365828927955,-1.6581985919512587],[-78.65365726534367,-1.6581897071826135],[-78.65365718838848,-1.6581850061276566],[-78.6536438588764,-1.6582159685667706],[-78.6536037499868,-1.6583091363023064],[-78.65358906156008,-1.6583484112637383],[-78.65351076411318,-1.658557765666076],[-78.65344157422717,-1.658782506390213],[-78.65343054638342,-1.6588179167562485],[-78.65339639972954,-1.6589275662667202],[-78.65336791306764,-1.6590190402527416],[-78.65325035229887,-1.6593965441231855],[-78.6532196978941,-1.6594949787110382],[-78.65302409473892,-1.6600974619822007],[-78.6528787530002,-1.660403430941794],[-78.6527668117917,-1.6606018105633717],[-78.65261560011315,-1.6604684399280585],[-78.65261565795815,-1.6604685328913502],[-78.65261958452365,-1.6604764848817568],[-78.6526227168568,-1.6604847861796046],[-78.6526250247333,-1.6604933566845617],[-78.6526264858841,-1.6605021136986895],[-78.65262708621036,-1.660510972724379],[-78.65262681991943,-1.660519848279705],[-78.6526256895808,-1.660528654723251],[-78.65262370610121,-1.6605373070804321],[-78.65262088861955,-1.6605457218635327],[-78.65261726432207,-1.6605538178771433],[-78.65261286818009,-1.6605615170017591],[-78.65260774261257,-1.6605687449474948],[-78.65254404871999,-1.6606498253680095],[-78.65254303475143,-1.6606512598040204],[-78.65253754007252,-1.6606582720291085],[-78.65253618339744,-1.6606598376871442],[-78.65242622557255,-1.6607998106627677],[-78.65242303470517,-1.6608036491625702],[-78.65242106084997,-1.6608058943153954],[-78.65241766378077,-1.6608095492348123],[-78.6524141057372,-1.6608131709715444],[-78.65241145584223,-1.660816139111973],[-78.65240524388508,-1.6608224446266528],[-78.65240265923893,-1.6608248223753383],[-78.6523527334024,-1.6608756419372384],[-78.65234640507316,-1.6608814949607995],[-78.65233954982286,-1.6608867125485567],[-78.65233223041403,-1.6608912469314814],[-78.65232451385877,-1.6608950565954872],[-78.65231647080519,-1.6608981066616118],[-78.65230817489062,-1.6609003692053095],[-78.65229970206747,-1.6609018235121122],[-78.65229112990774,-1.6609024562672843],[-78.65228253689298,-1.6609022616777165],[-78.65227400169562,-1.6609012415249804],[-78.65226560245874,-1.6608994051489596],[-78.65225741608069,-1.6608967693624348],[-78.65224951751095,-1.6608933582971024],[-78.65224197906407,-1.6608892031825864],[-78.65223486975746,-1.6608843420606367],[-78.65222825467963,-1.6608788194367259],[-78.65187553307284,-1.6605544587551757],[-78.65187471029482,-1.6605537205732903],[-78.65187288087859,-1.6605521193662618],[-78.65187204034541,-1.6605514017255254],[-78.65186584482055,-1.6605462422708526],[-78.65186411272298,-1.6605448704868648],[-78.65186023274167,-1.660541949900384],[-78.65185843584224,-1.6605406652950483],[-78.65185295619798,-1.660536948085435],[-78.65185109882601,-1.6605357537537901],[-78.6518469530557,-1.6605332299355278],[-78.65184503968517,-1.6605321287544175],[-78.65183922436185,-1.6605289699330072],[-78.6518372596035,-1.6605279645559554],[-78.65183288796932,-1.66052586181126],[-78.65183087655527,-1.6605249546596765],[-78.65182478155776,-1.6605223846476365],[-78.65182272833293,-1.6605215779066678],[-78.65181817293741,-1.6605199164867455],[-78.65181608285027,-1.6605192121007153],[-78.65180976687599,-1.6605172556483718],[-78.65180764496047,-1.660516655313689],[-78.65180294967402,-1.6605154512187048],[-78.65180080104211,-1.660514956381698],[-78.65179432491777,-1.6605136323309069],[-78.65179215474589,-1.660513244183719],[-78.65178736478684,-1.6605125090097812],[-78.65178517830225,-1.660512228487354],[-78.65177860439701,-1.6605115495895264],[-78.65177640686873,-1.6605113773678555],[-78.65177156836701,-1.6605111181950791],[-78.65176936508814,-1.6605110546889394],[-78.65176407830053,-1.6605110329231407],[-78.65160634885349,-1.660644983499881],[-78.65160604985616,-1.6606466763908696],[-78.65160531929206,-1.6606514965785655],[-78.65160504052855,-1.660653696861544],[-78.6516043658872,-1.6606603122544115],[-78.65160419474515,-1.6606625236515862],[-78.65160393719685,-1.6606673926885682],[-78.65160387408855,-1.660669609872557],[-78.65160384705106,-1.660676259954292],[-78.65160389212856,-1.660678477583695],[-78.65160411007643,-1.660683348578365],[-78.65160426323112,-1.6606855613107967],[-78.65160488405789,-1.6606921820373806],[-78.65160514492081,-1.6606943845421152],[-78.65160583626589,-1.6606992105841485],[-78.65160620420858,-1.6607013975549854],[-78.65160746692077,-1.6607079251654866],[-78.65160794105688,-1.6607100913341724],[-78.65160909914117,-1.6607148259462037],[-78.65160967832838,-1.660716966093899],[-78.65161157076535,-1.6607233377235768],[-78.65161225360842,-1.660725446694686],[-78.651613867279,-1.6607300442799824],[-78.65161465213289,-1.660732116993873],[-78.6516171560694,-1.660738271280335],[-78.65161804104335,-1.6607403027435363],[-78.65162009475974,-1.6607447190248432],[-78.65162107772156,-1.6607467043430368],[-78.6516241690437,-1.660752582017869],[-78.65162524762572,-1.6607545164090158],[-78.65162772160929,-1.660758708854643],[-78.65162889321273,-1.6607605876579237],[-78.65163254214923,-1.660766132115471],[-78.65163380395185,-1.6607679508050768],[-78.65163667437682,-1.6607718790396242],[-78.65163802333905,-1.6607736332344523],[-78.65164219474836,-1.6607787910782024],[-78.65164362762009,-1.660780476551758],[-78.65164686684291,-1.6607841027444983],[-78.65164838017238,-1.6607857154365309],[-78.65165404331977,-1.660791461148752],[-78.65165482911196,-1.6607922390673935],[-78.65165657825001,-1.6607939286783293],[-78.65165738277756,-1.6607946869572767],[-78.65194473272958,-1.6610589323745502],[-78.65194472514013,-1.6610589407320793],[-78.65194771836505,-1.6610616924330368],[-78.6519477255329,-1.6610616845397714],[-78.65197461599762,-1.6610864128608673],[-78.65198097690939,-1.661092883001197],[-78.65198665904562,-1.6610999640141302],[-78.65199160480478,-1.6611075841173772],[-78.65199576405021,-1.661115666063644],[-78.65199909461843,-1.661124127923885],[-78.65200156274643,-1.6611328839177049],[-78.65200314341405,-1.6611418452829894],[-78.65200382059759,-1.6611509211757094],[-78.6520035874322,-1.661160019590842],[-78.65200244628157,-1.661169048295055],[-78.65200040871385,-1.6611779157616717],[-78.65199749538448,-1.6611865320985644],[-78.65199373582671,-1.661194809959325],[-78.65198916815234,-1.6612026654288339],[-78.65198383866519,-1.6612100188738692],[-78.65197780139192,-1.6612167957503623],[-78.65197111753413,-1.6612229273591048],[-78.6519079384155,-1.6612752761340575],[-78.65200346956037,-1.6613861574334006],[-78.65179001505693,-1.6615699691479064],[-78.65135058057544,-1.6619380202838387],[-78.65112147718125,-1.6621299070745594],[-78.65109167200349,-1.6621548712987977],[-78.65081656642705,-1.6623852875044192],[-78.65033030946564,-1.6627925543122544],[-78.65025669611666,-1.6628542101365058],[-78.65020199673039,-1.6628828452944888],[-78.64935694773763,-1.663548153013418],[-78.64931239231157,-1.6653011346297713],[-78.64997131367763,-1.6647135440850764],[-78.6514264844814,-1.6665013008114515],[-78.65302413273918,-1.6651090324910192],[-78.65304323669511,-1.6650923845381989],[-78.65401277361778,-1.6642265088198989],[-78.65551499450737,-1.6659733333366917],[-78.65606913828717,-1.6654709696725005],[-78.65654270520751,-1.6660154195899908],[-78.65779090554037,-1.664924587692853],[-78.65778723208356,-1.6649201276682861],[-78.6577826011901,-1.6649147780441609],[-78.65777724300527,-1.664908886641244],[-78.6577711349332,-1.6649024931066372],[-78.65776549593717,-1.6648968733722795],[-78.65776036627562,-1.6648920062790062],[-78.65775446005394,-1.664886671752343],[-78.65774775864669,-1.6648809114771475],[-78.65774159942727,-1.6648758750088268],[-78.65773602039876,-1.6648715373187744],[-78.65772962302017,-1.6648668110424756],[-78.65772239281607,-1.6648617395013339],[-78.65771577269018,-1.6648573348030815],[-78.65770979802403,-1.664853568290648],[-78.65770297109853,-1.6648494957812174],[-78.65769528172875,-1.6648451618160225],[-78.65768826445127,-1.6648414313070241],[-78.65768195168617,-1.664838272245466],[-78.65767476096167,-1.6648348927238525],[-78.65766668647909,-1.6648313380729565],[-78.65765933963061,-1.6648283176802119],[-78.65765274956277,-1.664825796493354],[-78.6576452642892,-1.664823142505802],[-78.65763688245544,-1.6648204014023122],[-78.65762927678995,-1.6648181202137438],[-78.65762247288458,-1.6648162611816977],[-78.65761476514955,-1.6648143582876254],[-78.65760615668621,-1.6648124571297758],[-78.65759836545075,-1.6648109371145154],[-78.65759141323372,-1.6648097581408967],[-78.65758355726678,-1.66480862466612],[-78.65757480507769,-1.6648075817629682],[-78.65756690330566,-1.6648068375594074],[-78.65755986973086,-1.6648063499983332],[-78.65755194118954,-1.6648059968588178],[-78.6575431295631,-1.664805822254084],[-78.6575351933525,-1.6648058610293268],[-78.65752814615674,-1.6648060695761782],[-78.65752022139723,-1.6648065001727423],[-78.6575114351946,-1.664807195547931],[-78.65750354097631,-1.6648080169285109],[-78.6574965480275,-1.6648089195748401],[-78.6574887033689,-1.6648101297606037],[-78.65748002720599,-1.6648116884187778],[-78.65747225100564,-1.6648132844942056],[-78.6574653796502,-1.6648148725469425],[-78.65745769064128,-1.6648168506670522],[-78.65744920807388,-1.6648192575974574],[-78.65744162477984,-1.6648216129967506],[-78.65743494119218,-1.6648238711621717],[-78.65742748188207,-1.664826598166244],[-78.6574192746023,-1.6648298301886595],[-78.65741195724613,-1.6648329222279414],[-78.65740552579324,-1.6648358287585094],[-78.65739836801912,-1.6648392783839892],[-78.65739051506668,-1.664843304372586],[-78.65738353411808,-1.6648471032739418],[-78.65737741673814,-1.664850630178238],[-78.65737062943354,-1.6648547692031754],[-78.65736320643755,-1.6648595503849848],[-78.65735662912763,-1.6648640195624484],[-78.65735088473421,-1.664868132874449],[-78.65734453326375,-1.6648729214382236],[-78.65733691886713,-1.664878961347432],[-78.65733383262582,-1.6648814718232938],[-78.65733111712878,-1.66488373672518],[-78.65732809304112,-1.6648863226626909],[-78.65656486043746,-1.6655553753914623],[-78.65651598004716,-1.66549875364781],[-78.65699462384573,-1.6650761755503412],[-78.65784382764907,-1.664351993977245],[-78.65784782415388,-1.6643530891114564],[-78.65785467011226,-1.6643547846084161],[-78.6578624206818,-1.6643565023009363],[-78.65787107168346,-1.6643581966780099],[-78.65787889667213,-1.664359529599697],[-78.65788587481137,-1.6643605416775142],[-78.65789375536745,-1.664361486617159],[-78.65790252974935,-1.6643623195390602],[-78.65791044688888,-1.6643628742203151],[-78.65791749000545,-1.6643631931320775],[-78.65792542465488,-1.6643633562185616],[-78.65793423791487,-1.664363319663667],[-78.65794217095865,-1.6643630907625009],[-78.65794921122338,-1.6643627134368943],[-78.65795712355008,-1.6643620930995426],[-78.65796589081147,-1.6643611874198516],[-78.65797376336013,-1.6643601771406975],[-78.65798073297186,-1.6643591072115316],[-78.65798854677601,-1.664357709424529],[-78.65799718360537,-1.6643559433421504],[-78.65800491984194,-1.6643541614144637],[-78.65801175167937,-1.6643524091856943],[-78.65801939171031,-1.664350247410299],[-78.65802781492982,-1.6643476379335784],[-78.65803534034974,-1.6643451015183424],[-78.65804196861822,-1.6643426838649253],[-78.65804936129778,-1.664339778920268],[-78.65805748978741,-1.664336351179809],[-78.65806473191677,-1.6643330847040863],[-78.65807109278268,-1.6643300249092314],[-78.65807816691536,-1.664326404771449],[-78.65808592239313,-1.6643221917782973],[-78.6580928114867,-1.6643182266997338],[-78.65809884369149,-1.6643145542307891],[-78.65810553114892,-1.6643102537640888],[-78.65811179103554,-1.664306006991101],[-78.65783053427674,-1.6640255611082213],[-78.65782886557419,-1.664024056091921],[-78.65782623324034,-1.6640221222576153],[-78.65782460557189,-1.664021051709199],[-78.65781781928212,-1.6640155769800935],[-78.65781159095627,-1.6640094674576251],[-78.65780597898608,-1.6640027804197388],[-78.65780103598479,-1.6639955785586682],[-78.65779680829397,-1.6639879293932363],[-78.657793335549,-1.663979904635826],[-78.65779065030753,-1.663971579520034],[-78.65778877774414,-1.6639630320953958],[-78.65778773541449,-1.6639543424956442],[-78.65778753309058,-1.6639455921873707],[-78.65778817266923,-1.663936863206393],[-78.65778964815428,-1.6639282373885262],[-78.65779194571275,-1.6639197956024452],[-78.65779504380458,-1.6639116169914683],[-78.65779891338461,-1.6639037782316008],[-78.65780351817477,-1.6638963528127058],[-78.6578088150043,-1.6638894103494788],[-78.65781475421444,-1.6638830159288147],[-78.65782128012397,-1.6638772294996147],[-78.65782833155127,-1.6638721053107468],[-78.6578358423879,-1.6638676914024415],[-78.65784374221835,-1.6638640291559388],[-78.6578476030712,-1.6638624626146055],[-78.65784931962345,-1.6638610631645103],[-78.65814750406693,-1.6635922535755685],[-78.65814200499997,-1.6635877049660042],[-78.6581364503242,-1.6635833357426815],[-78.65813007948519,-1.6635785733039248],[-78.65812287776546,-1.6635734608884565],[-78.65811628238382,-1.663569018760886],[-78.65811032888172,-1.663565218465175],[-78.65810352484625,-1.6635611073502368],[-78.65809585984267,-1.6635567298984006],[-78.65808886354472,-1.6635529597000267],[-78.65808256855212,-1.663549764931067],[-78.65807539684727,-1.6635463447324463],[-78.65806734237786,-1.6635427444013324],[-78.65806001254255,-1.6635396824415851],[-78.65805343668342,-1.663537123966526],[-78.65804596637616,-1.6635344276223123],[-78.65803760001003,-1.663531639085059],[-78.65803000722747,-1.663529314852077],[-78.65802321383104,-1.6635274173104373],[-78.65801551686434,-1.6635254707878298],[-78.65800691917397,-1.663523520899484],[-78.65799913656625,-1.6635219567767177],[-78.65799219105652,-1.6635207384428228],[-78.65798434155738,-1.6635195604880917],[-78.65797559534352,-1.6635184680271184],[-78.65796769786256,-1.6635176790780493],[-78.65796066712885,-1.6635171516850515],[-78.65795274069046,-1.663516753642234],[-78.65794393018362,-1.6635165291295393],[-78.65793599388535,-1.6635165229520124],[-78.65792894563712,-1.663516691578982],[-78.65792101859728,-1.6635170772815504],[-78.65791222864725,-1.6635177228792617],[-78.65790432996252,-1.6635184995327543],[-78.6578974788413,-1.6635193444559497],[-78.65780369256339,-1.6634149150210173],[-78.65809293658545,-1.66319287679051],[-78.65809606202265,-1.6631904159097834],[-78.65809881289013,-1.663188194652313],[-78.65809995274256,-1.6631872656657964],[-78.6581022033101,-1.6631854143665756],[-78.65810339335282,-1.663184457792656],[-78.65810612188743,-1.663182208812534],[-78.65810916086154,-1.6631796406074222],[-78.65824304529919,-1.6630636473338847],[-78.65824602072608,-1.6630610048507397],[-78.65824863631329,-1.6630586238514917],[-78.65825154640052,-1.663055908683159],[-78.6582585747688,-1.6630491878037248],[-78.65826419195427,-1.663043545995027],[-78.65826905826997,-1.663038412349695],[-78.65827439359472,-1.6630324999751855],[-78.65828015661366,-1.6630257898868885],[-78.65828519722412,-1.6630196211903072],[-78.65828954007675,-1.6630140322728324],[-78.65829427382991,-1.6630076221148327],[-78.65829935551837,-1.6630003758983953],[-78.6583037710099,-1.6629937397219616],[-78.65830754857551,-1.6629877493565843],[-78.6583116351684,-1.6629809031484217],[-78.65831598658697,-1.662973190588863],[-78.65831973443602,-1.66296615084252],[-78.65832291033462,-1.6629598167196353],[-78.65832631041117,-1.6629526003939745],[-78.6583298896533,-1.662944495767377],[-78.65833293376599,-1.6629371202477459],[-78.65833547741181,-1.662930503368728],[-78.65833815822725,-1.662922986423142],[-78.65834093082279,-1.6629145677817838],[-78.65834324188266,-1.6629069275191741],[-78.65834512877912,-1.6629000916078471],[-78.65834706451587,-1.6628923464343122],[-78.65834900376325,-1.6628836948543007],[-78.65835055951347,-1.6628758634287646],[-78.65835177148864,-1.6628688743190772],[-78.65835294350444,-1.6628609755081145],[-78.65835403072768,-1.6628521743087927],[-78.65835481618555,-1.6628442271412942],[-78.65835534156749,-1.662837152142124],[-78.65835573857524,-1.6628291757635032],[-78.65835596330379,-1.6628203097054173],[-78.65835597090498,-1.6628123233315566],[-78.65835580463398,-1.6628052305790983],[-78.6583554228103,-1.6627972534498499],[-78.65835478287995,-1.6627884079180182],[-78.65835401255127,-1.662780459251001],[-78.65835315622866,-1.66277341705237],[-78.65835199925078,-1.6627655159966421],[-78.65835050082445,-1.662756776178448],[-78.65834895998462,-1.6627489417683237],[-78.6583474218573,-1.6627420179437444],[-78.6583455008676,-1.662734269053095],[-78.658343158376,-1.6627257191177984],[-78.65834086186418,-1.662718074414172],[-78.65833865674526,-1.6627113356440133],[-78.65833599024398,-1.6627038135445926],[-78.65833282624664,-1.6626955358326803],[-78.65832979617957,-1.6626881544583672],[-78.6583269453056,-1.662681665640698],[-78.65832355897274,-1.6626744427745037],[-78.65831960394074,-1.6626665170049642],[-78.65831586949969,-1.6626594700465802],[-78.65831240032617,-1.6626532936721665],[-78.65830832677383,-1.6626464395990082],[-78.6583036187964,-1.6626389421014207],[-78.65829921594609,-1.662632297425067],[-78.6582951618831,-1.662626492975814],[-78.65829044034213,-1.6626200737045718],[-78.65828502475965,-1.6626130766838523],[-78.65827999590229,-1.6626068982817543],[-78.65827539599275,-1.6626015216576573],[-78.65827007193374,-1.6625955990088073],[-78.65826400090148,-1.6625891698503057],[-78.65825839446778,-1.6625835172237657],[-78.65825329301148,-1.6625786202047148],[-78.65824741770855,-1.662573251217158],[-78.6582407496936,-1.6625674518368134],[-78.65823461967592,-1.662562379423001],[-78.65822906580257,-1.6625580091698655],[-78.65822269583836,-1.6625532455500145],[-78.65821549505797,-1.6625481317994846],[-78.65820890049255,-1.6625436884491591],[-78.65820294768874,-1.6625398870496286],[-78.65819614440873,-1.6625357746731062],[-78.65818848021026,-1.6625313958004082],[-78.65818148460625,-1.6625276243052944],[-78.65817519020088,-1.6625244283690495],[-78.65816801912511,-1.6625210068407235],[-78.65815996531862,-1.6625174050164884],[-78.658152636047,-1.6625143416978443],[-78.65814606065943,-1.6625117820038202],[-78.65813859084919,-1.6625090842747534],[-78.65813022499718,-1.6625062941865014],[-78.65812263264381,-1.6625039685460625],[-78.65811583959811,-1.662502069745157],[-78.65810814299157,-1.6625001217957904],[-78.65809954566197,-1.6624981703136215],[-78.65809176334423,-1.6624966047481797],[-78.65808481806104,-1.6624953851268383],[-78.65807696878065,-1.6624942057169854],[-78.65806822277044,-1.6624931116347201],[-78.65806032543743,-1.662492321221739],[-78.65805329480354,-1.6624917925255185],[-78.65804536844243,-1.6624913930134704],[-78.65804485174608,-1.6624913797509657],[-78.65763711073738,-1.6616390786118092],[-78.65763896594665,-1.6616391392002081],[-78.6576469019908,-1.6616392022810413],[-78.65765571409108,-1.6616390546638806],[-78.6576636436517,-1.6616387258081062],[-78.6576706786573,-1.6616382597904147],[-78.65767858263125,-1.6616375397902845],[-78.65768733792105,-1.6616365236962622],[-78.65769519726727,-1.6616354142863057],[-78.65770215300645,-1.661634256609902],[-78.65770994879166,-1.6616327604626187],[-78.65771856295217,-1.6616308856772455],[-78.65772627639427,-1.6616290063972599],[-78.65773308587953,-1.6616271682110544],[-78.65774069839702,-1.6616249103255192],[-78.65774908846899,-1.6616221949040768],[-78.65775658172232,-1.6616195638525397],[-78.65776317937443,-1.6616170628592322],[-78.65777053531245,-1.6616140649797815],[-78.65777862049512,-1.6616105350731531],[-78.65778582139517,-1.6616071775886079],[-78.65779214367471,-1.6616040378742194],[-78.6577991721908,-1.6616003288723054],[-78.65780687461955,-1.6615960184753404],[-78.65781371381821,-1.6615919668919408],[-78.6578196998381,-1.6615882186936815],[-78.65782633324388,-1.6615838342889686],[-78.65783357874011,-1.6615787849130275],[-78.65783999037188,-1.6615740782498],[-78.65784558248367,-1.6615697576647044],[-78.65785175689597,-1.661564740081214],[-78.65785847568125,-1.6615590003547227],[-78.65786439799851,-1.6615536839394354],[-78.6578695423469,-1.6615488325771928],[-78.65787519830224,-1.6615432301374227],[-78.65788132567101,-1.6615368553370573],[-78.65788670163882,-1.6615309803694178],[-78.65789134868085,-1.661525644951379],[-78.65789643170939,-1.6615195116098143],[-78.65790190865174,-1.6615125631283334],[-78.65790668649602,-1.661506186188058],[-78.65791079147833,-1.6615004180969766],[-78.6579152526282,-1.6614938129204613],[-78.65792002639789,-1.661486357675858],[-78.6579241601056,-1.661479540176145],[-78.6579276834948,-1.6614733949619844],[-78.657931479802,-1.6614663815629223],[-78.65793550442523,-1.661458491353088],[-78.65793895418658,-1.6614512989499735],[-78.65794186205042,-1.661444835794753],[-78.65794495695481,-1.6614374817153945],[-78.65794819367224,-1.6614292325272564],[-78.65795092626392,-1.6614217344879019],[-78.65795319059808,-1.6614150156353742],[-78.65795555429389,-1.661407391699898],[-78.65795797193404,-1.6613988629779808],[-78.6579599610398,-1.661391131512547],[-78.65796156003753,-1.6613842216687447],[-78.65796316976116,-1.6613764012996364],[-78.6579647450409,-1.6613676751801376],[-78.65796597150447,-1.6613597847470767],[-78.65796688976657,-1.6613527504578347],[-78.65796773001547,-1.661344808969624],[-78.657968447764,-1.6613359694899468],[-78.65796889977396,-1.6613279960783134],[-78.65796912845708,-1.6613209050876112],[-78.6579691911392,-1.6613129189613076],[-78.65796904444424,-1.6613040512504953],[-78.65796871764752,-1.6612960716487375],[-78.65796825454933,-1.6612889922468277],[-78.65796753906106,-1.6612810383932313],[-78.65796652933541,-1.6612722278522505],[-78.65796542687927,-1.6612643189083423],[-78.6579642764597,-1.661257319273657],[-78.65796278969161,-1.661249474292675],[-78.65796154695713,-1.6612436919608744],[-78.65796466765332,-1.6612386782540123],[-78.65796871413033,-1.6612318079627184],[-78.65797215890738,-1.6612256177790976],[-78.6579758655149,-1.6612185559592514],[-78.65797978924448,-1.661210614453998],[-78.65798314705303,-1.6612033781179751],[-78.65798597230325,-1.6611968779636186],[-78.6579889732237,-1.6611894845441244],[-78.65799210453704,-1.6611811942593875],[-78.65799474133972,-1.6611736615682429],[-78.65799691985436,-1.6611669140432361],[-78.65799918618703,-1.6611592602272156],[-78.65800149492789,-1.6611507010031115],[-78.65800338533076,-1.6611429445009438],[-78.65800489612954,-1.6611360145877092],[-78.6580060372965,-1.661130088890822],[-78.6578832597812,-1.6609926715262426],[-78.65788175249357,-1.6609911388240166]]],[[[-78.65213538876561,-1.6601606779533051],[-78.65213234100167,-1.6601665786207727],[-78.6521313727506,-1.660168571247541],[-78.65212935175502,-1.6601730027895605],[-78.65212848183056,-1.6601750408258698],[-78.6521260234816,-1.6601812136983745],[-78.65212525397955,-1.6601832922342155],[-78.65212367435832,-1.660187901779816],[-78.65212300713243,-1.660190015807911],[-78.65212116187367,-1.6601964014373494],[-78.6521205985314,-1.66019854586462],[-78.65211947549724,-1.6602032890212328],[-78.65211901739565,-1.6602054586819373],[-78.65211780299786,-1.6602119955715258],[-78.6521174512406,-1.66021418523848],[-78.65211679560898,-1.6602190163268062],[-78.65211655104343,-1.6602212207250726],[-78.65211597920204,-1.6602278459207322],[-78.65211584241739,-1.6602300597397381],[-78.6521156605024,-1.6602349322337264],[-78.6521156318282,-1.660237150140162],[-78.6521157080503,-1.6602437998376283],[-78.65211578755562,-1.6602460164884099],[-78.65211608110921,-1.6602508834633118],[-78.65211626860248,-1.6602530935182265],[-78.65211699215409,-1.6602597036774376],[-78.65211728718366,-1.6602619018122755],[-78.65211805337879,-1.660266716396581],[-78.65211845523388,-1.6602688973158681],[-78.65211981914678,-1.6602754042772132],[-78.65212032685936,-1.6602775627272124],[-78.6521215583171,-1.660282278553624],[-78.65212217066399,-1.66028440933402],[-78.65212416180303,-1.6602907504322122],[-78.65212487730896,-1.660292848409706],[-78.65212656216974,-1.660297420062363],[-78.65212737911129,-1.6602994801835893],[-78.65212997830058,-1.6603055943499132],[-78.6521308947093,-1.6603076116508066],[-78.65213301674709,-1.6603119951024063],[-78.65213403041541,-1.6603139647235117],[-78.6521372126237,-1.6603197930759819],[-78.65213832110945,-1.6603217102720627],[-78.6521408598878,-1.660325863307309],[-78.65214206052116,-1.660327723460666],[-78.6521457951015,-1.6603332098680177],[-78.65214708498937,-1.660335008496316],[-78.65215001605871,-1.6603388911196237],[-78.65215139209366,-1.660340623889885],[-78.6521556430807,-1.6603457155160863],[-78.65215710194815,-1.6603473782544582],[-78.65216039708031,-1.6603509530734595],[-78.65216193526534,-1.6603525417737983],[-78.65216666171938,-1.6603571895831166],[-78.65216827551683,-1.6603587004185458],[-78.65217190297827,-1.6603619330062191],[-78.65217358849988,-1.660363362336585],[-78.65217874490224,-1.6603675215678206],[-78.65218049808814,-1.660368865950307],[-78.65218442294419,-1.6603717251747871],[-78.65218623956955,-1.6603729813697088],[-78.65219177626237,-1.660376611968012],[-78.6521936519522,-1.6603777769500667],[-78.65219783640433,-1.660380235275496],[-78.65219976663843,-1.660381306237218],[-78.65220563029966,-1.660384373237396],[-78.65220761042944,-1.660385347599588],[-78.65221201417883,-1.6603873813507863],[-78.65221403943357,-1.6603882567658879],[-78.65222017359228,-1.6603907306307821],[-78.65222223909302,-1.6603915049897946],[-78.65222681972931,-1.660393094580805],[-78.65222892049943,-1.6603937660180164],[-78.65223526608187,-1.6603956229235421],[-78.65223739706019,-1.6603961898213584],[-78.65224211046989,-1.660397319943658],[-78.65224426652348,-1.6603977809366264],[-78.65225076241708,-1.6603990029993194],[-78.65225293835181,-1.6603993569768187],[-78.65225408991738,-1.66039951523581],[-78.65225408808391,-1.660399528745874],[-78.65225719867183,-1.6603999560252427],[-78.65225992971517,-1.6604002628558183],[-78.65226651336185,-1.660400838306699],[-78.65226871329679,-1.6604009759547211],[-78.65227355523325,-1.6604011590180434],[-78.65227575922981,-1.660401187873298],[-78.65228236722477,-1.660401111170328],[-78.65228456997333,-1.660401031163323],[-78.65228940642535,-1.6604007357571116],[-78.65229160262025,-1.6604005470805414],[-78.65229817132396,-1.6603998189624747],[-78.6523003556741,-1.660399522070787],[-78.65230514006407,-1.6603987510399378],[-78.65230730730563,-1.6603983466486514],[-78.65231377345943,-1.6603969741275224],[-78.65231591837176,-1.6603964632108272],[-78.65232060462432,-1.6603952239805577],[-78.65232272204089,-1.6603946077691336],[-78.65232902337199,-1.6603926040629573],[-78.65233110819206,-1.6603918840412155],[-78.6523356511735,-1.6603901885467065],[-78.65233769837505,-1.6603893664489777],[-78.65234377419682,-1.660386750855024],[-78.65234577884713,-1.6603858286620898],[-78.65235013480705,-1.660383693231688],[-78.65235209207637,-1.6603826731653553],[-78.65235788387606,-1.6603794708730135],[-78.65235978904944,-1.660378355390575],[-78.65236391603871,-1.6603758005891154],[-78.65236576452583,-1.660374592378258],[-78.652371216526,-1.6603708342268262],[-78.65237152504024,-1.6603706101740172],[-78.65235190657965,-1.6603519073264206],[-78.65213622213362,-1.6601591569239347],[-78.65213538876561,-1.6601606779533051]]],[[[-78.65425633201794,-1.6572763047009487],[-78.65426210811589,-1.6572694197677884],[-78.65426853663884,-1.6572631476982578],[-78.65427012949635,-1.657261877219506],[-78.65427100752291,-1.657259815903491],[-78.65427527626518,-1.657252017412215],[-78.65428028665059,-1.6572446793263316],[-78.65429672145832,-1.6572229817675508],[-78.65424242390839,-1.6572759784481177],[-78.65418399693426,-1.65734339586342],[-78.65414554184726,-1.657387767981425],[-78.6540951921132,-1.6574530544345027],[-78.65405984878417,-1.6574988820179892],[-78.6539455834075,-1.6576530122293742],[-78.65385864431805,-1.6578013392485935],[-78.65425633201794,-1.6572763047009487]]]]},"properties":{"target_platform":"PLATAFORMA I","source_id":83,"selected_rank":2,"nombre":"Sin nombre","elemento":"Parques infantiles con jardines sin canchas","tipologia":"Barrial","origin_platform":"PLATAFORMA Q","distance_m":1000,"pair_distance_m":6467.43,"pair_selection_mode":"full_pair_threshold","effective_parks":2,"covered_manzanas_individual":60,"covered_population_individual":5128,"covered_manzanas_pair":102,"covered_population_pair":9060,"covered_manzanas_pair_percent":100.0,"covered_population_pair_percent":100.0,"total_platform_manzanas":102,"total_platform_population":9060,"source_lon":-78.6279644,"source_lat":-1.6877365,"snap_m":3.86,"categoria":"ZONAL","pair_label":"PLATAFORMA I | Parque 2","covered_manzanas":["060150029001001","060150029001002","060150029001003","060150029001004","060150029001005","060150029001006","060150029002001","060150029002002","060150029002003","060150029002004","060150029002005","060150029002006","060150029002007","060150029003001","060150029003002","060150029003003","060150029004001","060150029004002","060150029004003","060150029005001","060150029005002","060150029005003","060150029005004","060150029005005","060150029006001","060150029006002","060150029006003","060150029006004","060150029006005","060150029006006","060150029007002","060150030001001","060150030001002","060150030001003","060150030001004","060150030001005","060150030002001","060150030002002","060150030002003","060150030003001","060150030003002","060150030003003","060150030003004","060150030003005","060150030004002","060150030007001","060150030007002","060150030007003","060150030008001","060150030009001","060150030009002","060150031006002","060150031008006","060150031008008","060150031008010","060150031008011","060150031010001","060150033001002","060150033001003","060150033001004"]}},{"type":"Feature","geometry":{"type":"Polygon","coordinates":[[[-78.67871306702718,-1.6551466413947544],[-78.67871234754715,-1.655141819423272],[-78.67871196685482,-1.6551396346196325],[-78.67871066608804,-1.6551331144494679],[-78.6787101793236,-1.655130951074894],[-78.67870899363763,-1.6551262232893815],[-78.67870840197388,-1.6551240865563137],[-78.67870647239195,-1.6551177260849064],[-78.67870577725411,-1.6551156211402667],[-78.67870413678101,-1.6551110330716523],[-78.67870333984375,-1.655108964986613],[-78.67870080002966,-1.6551028254690008],[-78.67869990321293,-1.6551007992258704],[-78.6786978237514,-1.6550963950599065],[-78.67869682921572,-1.6550944155400602],[-78.67869370362934,-1.6550885561032052],[-78.67869261377041,-1.655086628075131],[-78.67869011534682,-1.6550824502262695],[-78.67868893279056,-1.6550805783353524],[-78.67868525153274,-1.6550750554083387],[-78.6786839791283,-1.6550732441644311],[-78.67868108580348,-1.6550693328671382],[-78.6786797266154,-1.6550675866325906],[-78.67867552513907,-1.6550624534048795],[-78.67867408244231,-1.655060776387234],[-78.678670822081,-1.6550571693100657],[-78.67866929935073,-1.6550555655489536],[-78.67866461811816,-1.6550508714559327],[-78.6786630190234,-1.655049344815596],[-78.67865942302436,-1.6550460766963557],[-78.67865775141738,-1.6550446308544506],[-78.67865263551107,-1.6550404211025354],[-78.67865089541823,-1.6550390595416398],[-78.67864699841354,-1.6550361618546283],[-78.67864519402691,-1.6550348878549532],[-78.67863969271666,-1.6550312029870133],[-78.67863782838393,-1.6550300196182275],[-78.67863366790326,-1.6550275202692664],[-78.67863174811569,-1.6550264303821625],[-78.67862591438143,-1.6550233058850252],[-78.67862394376311,-1.655022312104741],[-78.67861955987452,-1.6550202351641212],[-78.6786175431734,-1.6550193398850572],[-78.67861143319786,-1.6550168058496766],[-78.6786093752725,-1.655016011228715],[-78.67860481019547,-1.6550143766985315],[-78.67860271600277,-1.655013684649698],[-78.6785963886281,-1.6550117654800272],[-78.67859426321458,-1.6550111776709644],[-78.67858956091246,-1.6550100012923632],[-78.67858740939727,-1.6550095191388363],[-78.67858092555973,-1.6550082333175058],[-78.67857875312576,-1.6550078579810352],[-78.67857395888598,-1.65500715108351],[-78.67857177076745,-1.6550068834684633],[-78.67856519290942,-1.6550062433785473],[-78.67856299437865,-1.6550060841296919],[-78.67855815437062,-1.6550058535207133],[-78.6785559507225,-1.6550058030215749],[-78.6785493421933,-1.6550058148274847],[-78.6785471387368,-1.6550058731997896],[-78.67854229957287,-1.6550061211003035],[-78.67854010161808,-1.6550062882033127],[-78.67853352605911,-1.6550069517914594],[-78.67853133890047,-1.6550072272225498],[-78.67852654718314,-1.655007951245349],[-78.67852437608863,-1.655008334341119],[-78.67851789682861,-1.6550096433205495],[-78.67851574702858,-1.6550101331581264],[-78.67851104890664,-1.655011326330243],[-78.67850892557976,-1.6550119217297032],[-78.67850260501778,-1.6550138634939777],[-78.67850051327977,-1.6550145630208952],[-78.67849595399842,-1.6550162138514002],[-78.67849389888995,-1.6550170158199982],[-78.67848779789419,-1.6550195716695002],[-78.6784857843647,-1.6550204741483039],[-78.67848140783192,-1.6550225667389087],[-78.67847944073272,-1.655023567553535],[-78.67847361806,-1.6550267128737914],[-78.67847170212974,-1.655027809613312],[-78.67846755049416,-1.655030323811065],[-78.67846569034786,-1.6550315138337521],[-78.67846020207479,-1.6550352183329018],[-78.67845840219408,-1.6550364987716895],[-78.67845451543839,-1.6550394103633104],[-78.6784527801605,-1.6550407781326497],[-78.67844657267672,-1.655045923232727],[-78.67844573048072,-1.6550466389260676],[-78.67844389735448,-1.6550482358956444],[-78.67844307286602,-1.655048972172347],[-78.67803194074429,-1.6554252930377298],[-78.67802496317957,-1.6554310622960344],[-78.67801744525241,-1.6554360974028917],[-78.6780094629426,-1.6554403474711323],[-78.67800109692321,-1.6554437695475095],[-78.67799243174521,-1.6554463290469008],[-78.6779835549831,-1.6554480001017957],[-78.67797455634968,-1.655448765823738],[-78.67796552678945,-1.6554486184739845],[-78.67795655755948,-1.6554475595417306],[-78.6779477393071,-1.6554455997290753],[-78.67793916115379,-1.6554427588428395],[-78.67793090979447,-1.6554390655944098],[-78.67792306862131,-1.6554345573095133],[-78.67791571688097,-1.6554292795510663],[-78.67790892887362,-1.655423285658622],[-78.67772614961122,-1.655244747491635],[-78.6777253492796,-1.6552439847011893],[-78.67772384141843,-1.6552425824897732],[-78.67772304384552,-1.655241908998037],[-78.67772124199567,-1.6552402290026285],[-78.67772061026523,-1.655239658992697],[-78.67771937606474,-1.655238554537805],[-78.67771888506837,-1.6552381364146052],[-78.67771823212432,-1.655237574967494],[-78.67771784198058,-1.6552372362340515],[-78.677717194398,-1.6552366685284399],[-78.6777167114357,-1.6552362410341417],[-78.67771492902718,-1.6552347397827265],[-78.67771260675364,-1.6552328603436648],[-78.67771212427837,-1.6552324850823028],[-78.67771171808938,-1.65523216602229],[-78.67771112052125,-1.6552316919911227],[-78.67771018392928,-1.655230993519658],[-78.67770865755462,-1.6552298296444232],[-78.67770855325209,-1.6552297483371263],[-78.67770698367433,-1.6552285999117682],[-78.67770645431496,-1.655228232231036],[-78.67770574982823,-1.6552277378908011],[-78.67770532857098,-1.655227439271527],[-78.67770462881144,-1.6552269381748888],[-78.67770410653615,-1.6552265603767604],[-78.67770218648434,-1.6552252421632823],[-78.67769969233319,-1.655223600834941],[-78.67769917563054,-1.6552232749704054],[-78.6776987403196,-1.6552229975111505],[-78.67769809945622,-1.6552225847036575],[-78.67769709934187,-1.6552219819773684],[-78.67769546695433,-1.655220974262736],[-78.67769535523405,-1.6552209036346266],[-78.67769368135518,-1.6552199155561529],[-78.67769311873234,-1.655219601860022],[-78.67769236948675,-1.6552191793871511],[-78.67769192117194,-1.655218923757011],[-78.67769117597577,-1.655218494095753],[-78.67769061941578,-1.6552181696312651],[-78.67768808728452,-1.6552167758191625],[-78.67768737644154,-1.655216395978223],[-78.67768634028833,-1.6552158259618805],[-78.6776855926477,-1.6552154238394343],[-78.67768352720061,-1.6552143380209672],[-78.67768254398081,-1.6552138364942794],[-78.67741495214598,-1.6550814697899596],[-78.67741395699225,-1.6550809926963936],[-78.67741175545696,-1.655079970408937],[-78.67741074896836,-1.6550795180357438],[-78.67740336639552,-1.6550763086539204],[-78.67740132207466,-1.6550754792365325],[-78.67739678503055,-1.6550737674999383],[-78.67739470272991,-1.6550730400250342],[-78.67738840840947,-1.655071013795197],[-78.67738629314496,-1.6550703900151467],[-78.6773816112216,-1.6550691340370594],[-78.67737946808982,-1.6550686154548748],[-78.67737300671912,-1.655067219828491],[-78.67737084088279,-1.6550668076933799],[-78.67736605916946,-1.6550660195694047],[-78.67736387584722,-1.655065714874403],[-78.67735730965201,-1.6550649632920433],[-78.67735511410238,-1.6550647667709453],[-78.67735027864883,-1.6550644540910613],[-78.67734807616137,-1.6550643662174036],[-78.67734146837945,-1.6550642659173893],[-78.67733926426006,-1.6550642869028291],[-78.67733442163518,-1.6550644526783802],[-78.67733222119443,-1.6550645824723835],[-78.67732563546085,-1.655065134420569],[-78.67732344399916,-1.655065372710454],[-78.67731864083986,-1.6550660153448944],[-78.67731646363727,-1.6550663615565535],[-78.67730996337694,-1.6550675604373108],[-78.67730780567737,-1.6550680137368623],[-78.6773030882407,-1.6550691270412254],[-78.67730095524372,-1.6550696863363137],[-78.67729460305686,-1.655071520603975],[-78.67729249990082,-1.6550721845472085],[-78.67728791361745,-1.655073757799993],[-78.67728584536773,-1.6550745247923087],[-78.67727970243031,-1.6550769767816393],[-78.67727767407085,-1.655077844974771],[-78.67727326311042,-1.6550798630242942],[-78.67727127952625,-1.6550808303273516],[-78.67726540499814,-1.6550838764242468],[-78.67726347096958,-1.6550849405060828],[-78.6772592778105,-1.655087383918181],[-78.67725739799671,-1.655088542215304],[-78.67725184845128,-1.6550921530850418],[-78.67725002737986,-1.6550934028075965],[-78.6772460924058,-1.655096248050247],[-78.67724433446422,-1.6550975861872907],[-78.67723916334823,-1.6551017270543],[-78.67723747277108,-1.6551031503825466],[-78.67723383387788,-1.6551063700545163],[-78.67723221473852,-1.655107875144552],[-78.67722747185219,-1.655112506130291],[-78.67722592805066,-1.6551140893567835],[-78.6772226202832,-1.655117652450397],[-78.67722115553916,-1.6551193099987207],[-78.67721688655914,-1.6551243865041403],[-78.6772155044012,-1.6551261143812075],[-78.67721255961422,-1.6551299865828377],[-78.677211263372,-1.6551317806261805],[-78.67720750941102,-1.6551372537616178],[-78.67720630220755,-1.6551391096488612],[-78.67720374876116,-1.655143253666876],[-78.67720263350427,-1.6551451669277466],[-78.67719943071488,-1.6551509839838985],[-78.67719841009178,-1.6551529500083717],[-78.67719627257704,-1.6551573259337615],[-78.67719534904646,-1.6551593399854683],[-78.67719272827289,-1.6551654449417204],[-78.67719190405934,-1.655167502169427],[-78.67719020306195,-1.655172067859128],[-78.67718948015126,-1.6551741633063075],[-78.67718746663328,-1.6551804973680355],[-78.67718684676693,-1.6551826259867748],[-78.6771855986683,-1.6551873374708943],[-78.6771850833397,-1.6551894941328782],[-78.67718369646852,-1.6551959962998726],[-78.67718328691906,-1.6551981758097225],[-78.67718250373906,-1.6552029877140313],[-78.67718220095536,-1.6552051848212643],[-78.6771814540874,-1.655211792473825],[-78.67718125879897,-1.655214001885086],[-78.67718094808,-1.655218867868668],[-78.67718086075726,-1.655221084261455],[-78.67718076108524,-1.65522773376448],[-78.67718078193857,-1.6552299517992475],[-78.67718094667308,-1.6552348249998576],[-78.67718107565226,-1.6552370393332998],[-78.67718162413607,-1.655243666648327],[-78.67718186093036,-1.6552458719458398],[-78.67718249953185,-1.6552507054319683],[-78.6771828435708,-1.6552528963807494],[-78.6771840349283,-1.6552594376832892],[-78.6771844853831,-1.655261609005204],[-78.67718559170147,-1.6552663562274479],[-78.67718614748696,-1.6552685026918446],[-78.6771879702447,-1.6552748949854315],[-78.6771886300219,-1.655277011420866],[-78.6771901934028,-1.6552816266613346],[-78.67719095558228,-1.6552837079693252],[-78.67719339218614,-1.6552898896927712],[-78.6771942549317,-1.6552919308592262],[-78.67719626031881,-1.655296369670237],[-78.67719722155206,-1.6552983657778142],[-78.67720024853635,-1.6553042773979312],[-78.67720130594165,-1.6553062236379836],[-78.67720373402214,-1.6553104432716854],[-78.67720488505189,-1.6553123349550931],[-78.67720847326522,-1.655317919539851],[-78.67720971514652,-1.6553197521095413],[-78.67721254253664,-1.6553237119284852],[-78.67721387227799,-1.6553254809700622],[-78.67721798716384,-1.655330684736675],[-78.67721940156127,-1.6553323859876765],[-78.67722260103203,-1.6553360478569856],[-78.67722409667874,-1.655337677219717],[-78.67722869860837,-1.6553424500528118],[-78.67723027190077,-1.6553440036014662],[-78.67723381263885,-1.6553473322545427],[-78.67723545978757,-1.6553488062472803],[-78.6772405044416,-1.6553531021816748],[-78.67724222147719,-1.6553544930663284],[-78.67724606938434,-1.655357456447317],[-78.67724785217105,-1.6553587608737579],[-78.677253290967,-1.6553625385375754],[-78.6772551352102,-1.6553637533634908],[-78.67725925322817,-1.655366322932698],[-78.67726115448482,-1.6553674452313563],[-78.67726818890677,-1.655371367348054],[-78.67726915959871,-1.655371893005336],[-78.67727130863565,-1.6553730227682946],[-78.67727229185364,-1.6553735242944265],[-78.677505477365,-1.6554888716671077],[-78.67751367406646,-1.6554934762423201],[-78.6775213485014,-1.6554989164698146],[-78.67752841686145,-1.655505132939787],[-78.67761786720405,-1.6555925077712583],[-78.67762389009361,-1.6555989988587985],[-78.67762925098882,-1.655606053338131],[-78.67763389814932,-1.655613603123458],[-78.67763778672334,-1.655621575348506],[-78.67764087918056,-1.6556298930698838],[-78.67764314567428,-1.6556384760096599],[-78.67764456432961,-1.6556472413301568],[-78.67764512145446,-1.655656104433447],[-78.67764481167177,-1.6556649797778926],[-78.67764363797137,-1.6556737817036673],[-78.67764161168115,-1.6556824252595843],[-78.67763875235771,-1.6556908270229018],[-78.67763508759761,-1.6556989059045437],[-78.67763065277103,-1.6557065839317457],[-78.67762549068044,-1.6557137870005296],[-78.67761965114742,-1.6557204455909245],[-78.67761319053182,-1.6557264954379955],[-78.67760617118785,-1.6557318781520527],[-78.67759866086227,-1.6557365417821925],[-78.67759073204051,-1.6557404413177021],[-78.67758246124708,-1.6557435391224913],[-78.67757392830697,-1.6557458052982919],[-78.67756521557533,-1.655747217973293],[-78.6775564071425,-1.6557477635131737],[-78.67754758802252,-1.655747436652693],[-78.67753884333251,-1.6557462405465349],[-78.67753025747126,-1.6557441867388853],[-78.6775268133761,-1.6557431806711806],[-78.67752468209835,-1.6557426147783656],[-78.67751825279078,-1.6557410764718667],[-78.67751609648637,-1.6557406164975577],[-78.67751133315348,-1.6557397227247637],[-78.67750915701876,-1.655739369777447],[-78.67750260883636,-1.6557384730393898],[-78.67750041811277,-1.6557382279691752],[-78.67749559066165,-1.6557378083361036],[-78.67749339062676,-1.6557376717334222],[-78.67748678663226,-1.655737425199743],[-78.67748458258708,-1.6557373973937406],[-78.67747973750737,-1.6557374559416536],[-78.67747753476084,-1.6557375369993101],[-78.67747093855405,-1.6557379430441173],[-78.677468742414,-1.6557381327700875],[-78.67746392636747,-1.6557386689352036],[-78.6774617421239,-1.6557389668724494],[-78.67745521722729,-1.655740021585596],[-78.67745305014242,-1.6557404270163074],[-78.67744830951038,-1.655741435634964],[-78.67744616480473,-1.655741947582421],[-78.6774397740589,-1.6557436408062225],[-78.67743765689887,-1.6557442580372121],[-78.67743303733621,-1.6557457293958198],[-78.67743095282192,-1.6557464504234944],[-78.67742475777307,-1.6557487658513024],[-78.67742271092774,-1.6557495889381209],[-78.67741825692251,-1.6557515088669859],[-78.67741625267543,-1.6557524320307662],[-78.67741031298623,-1.6557553473632],[-78.67740835616644,-1.6557563683797416],[-78.67740411061467,-1.6557587183881788],[-78.67740220593649,-1.6557598347976596],[-78.67739657880745,-1.6557633219594399],[-78.6773947308605,-1.6557645310716407],[-78.6773907346472,-1.6557672885288564],[-78.67738894788201,-1.6557685874317671],[-78.67738254647664,-1.6557734859914215],[-78.67738167729007,-1.6557741682219362],[-78.67737978390304,-1.6557756923268783],[-78.67737893161593,-1.655776395817547],[-78.67736436246146,-1.6557887254600703],[-78.67735741643678,-1.6557940460782947],[-78.67734999002172,-1.6557986631269994],[-78.6773421533455,-1.6558025330064206],[-78.67733398041159,-1.6558056191724657],[-78.67732554839871,-1.6558078924818216],[-78.67731693693223,-1.655809331467137],[-78.67730822733206,-1.6558099225398037],[-78.67729950184483,-1.6558096601181829],[-78.6772908428672,-1.6558085466804153],[-78.67728233216774,-1.6558065927409398],[-78.67727405011482,-1.6558038167512363],[-78.67726607491764,-1.6558002449255949],[-78.67725848188768,-1.655795910993538],[-78.67713812427394,-1.6557192052909797],[-78.67713718584123,-1.6557186233266195],[-78.6771350082373,-1.6557173097244322],[-78.67713415571129,-1.6557168081900044],[-78.67712803165924,-1.655713295786272],[-78.67712609036117,-1.655712245030223],[-78.67712073177347,-1.655709513071031],[-78.67711874171941,-1.6557085595042649],[-78.67711376787831,-1.6557063251910336],[-78.67711173358227,-1.6557054709765104],[-78.67710613469976,-1.6557032807223167],[-78.67710406134778,-1.6557025280377504],[-78.6770988938305,-1.6557007950831364],[-78.67709678612809,-1.6557001456367537],[-78.67709100087058,-1.6556985181805315],[-78.67708886418887,-1.6556979736273467],[-78.67708355276139,-1.6556967587205635],[-78.67708139195038,-1.6556963202966555],[-78.67707547603247,-1.6556952713115454],[-78.67707329659908,-1.6556949401342524],[-78.67706789241318,-1.6556942549754006],[-78.67706569930357,-1.6556940317963045],[-78.67705970969868,-1.6556935713846384],[-78.6770575085032,-1.6556934567726145],[-78.67705206360355,-1.6556933079600948],[-78.677049859316,-1.6556933021751663],[-78.67704385370835,-1.6556934347709704],[-78.67704165194775,-1.655693537827945],[-78.6770362187732,-1.6556939267948838],[-78.67703402453587,-1.6556941384598987],[-78.67702806076225,-1.6556948627861097],[-78.67702587964213,-1.6556951825195572],[-78.67702051051545,-1.6556961055200343],[-78.6770183474616,-1.6556965325963475],[-78.67701248295477,-1.6556978416776238],[-78.67701034348116,-1.6556983750080838],[-78.67700509011061,-1.6556998231530538],[-78.6770029790695,-1.6557004615281439],[-78.67699727031092,-1.6557023427565658],[-78.67699519308627,-1.655703084548198],[-78.67699010606435,-1.6557050438913086],[-78.67698806736796,-1.655705887416859],[-78.67698256933397,-1.6557083226757383],[-78.6769805743639,-1.6557092657844719],[-78.67697570268153,-1.6557117174562126],[-78.67697375596384,-1.6557127580084243],[-78.6769685216035,-1.6557157238449702],[-78.67696662810057,-1.655716859188181],[-78.67696201867535,-1.6557197795771759],[-78.67696018268362,-1.655721007135259],[-78.67695434874871,-1.655725118940579],[-78.67695345242925,-1.6557257673403432],[-78.67695081378915,-1.655727726077515],[-78.6769498879545,-1.6557284321366272],[-78.67657927585206,-1.6560187367075638],[-78.67657177446593,-1.6560240177279508],[-78.67656377790452,-1.6560285030115671],[-78.6765553692214,-1.6560321459735903],[-78.67654663575046,-1.6560349087776383],[-78.67653766819888,-1.6560367627288384],[-78.67652855970505,-1.656037688571773],[-78.6765194048712,-1.6560376766905118],[-78.67642460182184,-1.6560326856938448],[-78.67641567326308,-1.6560317638016],[-78.67640688069059,-1.6560299499000861],[-78.67639831188121,-1.6560272620976169],[-78.67639005237795,-1.6560237272267333],[-78.67638218463601,-1.6560193805763184],[-78.67637478719956,-1.656014265539282],[-78.67636793391775,-1.6560084331794074],[-78.6763616932073,-1.6560019417215588],[-78.67635612736969,-1.6559948559704196],[-78.67635129196901,-1.6559872466635241],[-78.67634723527738,-1.655979189765094],[-78.67634399779301,-1.6559707657077145],[-78.67634161183591,-1.6559620585893196],[-78.67634010122525,-1.6559531553336715],[-78.67633948104152,-1.6559441448225503],[-78.67633975747606,-1.6559351170084864],[-78.67634092776919,-1.6559261620167791],[-78.67634298023778,-1.6559173692457112],[-78.67634589439189,-1.6559088264740802],[-78.67634964113934,-1.6559006189849617],[-78.67635317012945,-1.6558938077787821],[-78.67635414091036,-1.6558918163567624],[-78.67635616753017,-1.655887387325006],[-78.67635704004009,-1.6558853503675468],[-78.67635950621806,-1.6558791805353972],[-78.67636027835528,-1.6558771029492318],[-78.67636186381893,-1.655872495346641],[-78.67636253372342,-1.655870382136521],[-78.67636438707069,-1.6558639987601766],[-78.67636495312846,-1.6558618550173663],[-78.67636608216696,-1.6558571132179498],[-78.67636654301432,-1.655854944106953],[-78.67636776568226,-1.6558484086616454],[-78.67636812020902,-1.6558462194078294],[-78.67636878194917,-1.6558413890776362],[-78.67636902930124,-1.6558391849552327],[-78.67636960951491,-1.6558325603808632],[-78.67636974909637,-1.6558303466998332],[-78.67636993716526,-1.6558254743576035],[-78.67636996863986,-1.655823256450948],[-78.6763699008115,-1.6558166065456534],[-78.67636982410343,-1.6558143897564614],[-78.67636953668983,-1.655809522325391],[-78.67636935198391,-1.6558073119941472],[-78.67636863676672,-1.655800700800235],[-78.6763683445079,-1.655798502251801],[-78.67636758437976,-1.6557936866079401],[-78.67636718527211,-1.6557915051386571],[-78.67636582955409,-1.6557849963256914],[-78.67636532455914,-1.6557828371911893],[-78.67636409903689,-1.6557781197118124],[-78.67636348937118,-1.6557759881134129],[-78.67636150620861,-1.6557696443646641],[-78.67636079334089,-1.655767545437616],[-78.67635911422713,-1.6557629715551057],[-78.67635829987462,-1.6557609103555215],[-78.67635570836669,-1.6557547927653573],[-78.6763547944913,-1.6557527742591398],[-78.67635267795684,-1.6557483880223276],[-78.67635166676043,-1.6557464170727103],[-78.67634849186439,-1.6557405845559099],[-78.6763473857828,-1.6557386659106463],[-78.6763448522109,-1.6557345095611051],[-78.67634365390892,-1.6557326478425718],[-78.67633992620118,-1.6557271565702398],[-78.67633863856528,-1.6557253562630068],[-78.67633571235581,-1.6557214698289575],[-78.67633433848837,-1.6557197352706152],[-78.67632917316692,-1.6557135325032901],[-78.67632845484118,-1.6557126910966906],[-78.67632685238935,-1.6557108600214296],[-78.67632611376152,-1.6557100366094164],[-78.67618586627438,-1.6555574965477766],[-78.67618036126647,-1.6555509052486508],[-78.67617550438626,-1.6555438167988477],[-78.6761713396956,-1.6555362955051605],[-78.67616790497677,-1.6555284096011527],[-78.67616523138967,-1.6555202306281347],[-78.67616334318924,-1.655511832786149],[-78.67616225750527,-1.6555032922608524],[-78.67616198418716,-1.6554946865322926],[-78.67616252571445,-1.65548609367209],[-78.67616387717436,-1.6554775916350946],[-78.67616602630638,-1.6554692575521812],[-78.67616895361346,-1.655461167030583],[-78.67617263253891,-1.6554533934678897],[-78.67617702970738,-1.655446007386279],[-78.6761821052275,-1.655439075792611],[-78.67618781305393,-1.6554326615706776],[-78.67620987960163,-1.6554101228232165],[-78.67621064158142,-1.6554093252427307],[-78.67621243971395,-1.6554073963916849],[-78.67621322063081,-1.6554065367709474],[-78.67621619965497,-1.655403171444302],[-78.67621626860488,-1.655403093643745],[-78.67621934364928,-1.6553996279006187],[-78.67622007584822,-1.6553987817626687],[-78.67622164208764,-1.6553969257760568],[-78.6762223698063,-1.655396040884949],[-78.67626906979756,-1.655337762546741],[-78.67626975119964,-1.6553368905163532],[-78.67627142646353,-1.655334691570485],[-78.67627258496441,-1.6553331552377668],[-78.67627324071175,-1.6553322617017425],[-78.67627640928188,-1.6553278289475157],[-78.67627788838706,-1.655325678965727],[-78.67628106721293,-1.6553208011645222],[-78.67628148471562,-1.6553201408825435],[-78.67628224888236,-1.6553188658859803],[-78.67628486261806,-1.6553143290851895],[-78.67628612518858,-1.6553120435621187],[-78.67628881359907,-1.6553068757020981],[-78.67628937176411,-1.655305765849551],[-78.67628993257232,-1.6553046115868297],[-78.67629141765514,-1.655301544655623],[-78.67629185512044,-1.6553006083360977],[-78.67630099825082,-1.6552803985934827],[-78.67630540830959,-1.6552718818794037],[-78.67631069133006,-1.6552638840331622],[-78.67631678768585,-1.6552564953217725],[-78.67632362857098,-1.6552497991373165],[-78.67632538763934,-1.6552482515167897],[-78.67632585359482,-1.6552478444042311],[-78.6763261339918,-1.6552476011117279],[-78.67632660271491,-1.6552471972301346],[-78.6763286026613,-1.6552454858949002],[-78.67632954844466,-1.6552446533781762],[-78.67633103060035,-1.655243311436583],[-78.6763328506382,-1.6552415684329276],[-78.67633425589308,-1.6552401451753722],[-78.67633512898901,-1.6552392357980037],[-78.67633692650107,-1.6552373104045726],[-78.67633735055901,-1.6552368592926041],[-78.67633760590911,-1.6552365895138006],[-78.67633803303647,-1.6552361413437937],[-78.67633985666563,-1.6552342409814835],[-78.67634071680625,-1.655233319184805],[-78.6763420611166,-1.6552318375114434],[-78.67634370261774,-1.655229923379999],[-78.67634496247742,-1.655228368367247],[-78.6763457427947,-1.655227377248948],[-78.67634734411457,-1.6552252838262693],[-78.67634772219021,-1.6552247930605066],[-78.67634795003345,-1.6552244993943563],[-78.67634833145217,-1.6552240112511947],[-78.67634996119996,-1.6552219401649708],[-78.67635072741355,-1.6552209379664373],[-78.67635192093245,-1.6552193308303262],[-78.67635336808875,-1.6552172640047835],[-78.67635447042085,-1.6552155922113785],[-78.676355150443,-1.6552145288991291],[-78.67635654014745,-1.6552122876101938],[-78.67635686860093,-1.6552117619156461],[-78.67635706674446,-1.6552114471882078],[-78.6763573987804,-1.6552109237738604],[-78.67635881895185,-1.6552087019092008],[-78.67635948385953,-1.6552076289603994],[-78.6763605150928,-1.6552059118390263],[-78.67636175396737,-1.655203712224018],[-78.6763626881548,-1.6552019397517024],[-78.67636326133369,-1.6552008144846335],[-78.67636442603961,-1.6551984469137666],[-78.6763647017081,-1.6551978913524803],[-78.67636486824264,-1.655197558595938],[-78.67636514769755,-1.655197004952253],[-78.67636634461594,-1.6551946537065394],[-78.6763669018145,-1.6551935203401407],[-78.67636776083094,-1.6551917097700526],[-78.67636877949263,-1.6551893985492758],[-78.67636953653907,-1.6551875424672708],[-78.67636999735456,-1.655186366082413],[-78.67637092584627,-1.6551838950281679],[-78.6763711460743,-1.6551833149516222],[-78.67637127939493,-1.6551829673731462],[-78.67637150357824,-1.6551823888307162],[-78.676372465717,-1.6551799308468913],[-78.67637290983977,-1.6551787479790063],[-78.67637358836632,-1.6551768613974285],[-78.676374377005,-1.655174460828933],[-78.67637494961964,-1.6551725390123644],[-78.67637529363364,-1.6551713228394016],[-78.67637597696809,-1.6551687721022226],[-78.67637613963522,-1.6551681730954468],[-78.67637623845914,-1.6551678140398836],[-78.6763764052114,-1.6551672161716362],[-78.67637712330419,-1.6551646751222835],[-78.67637745007467,-1.6551634541431184],[-78.6763779415768,-1.6551615097186427],[-78.67637849259738,-1.6551590429213678],[-78.6763788752656,-1.6551570738784542],[-78.67637909916522,-1.6551558296294402],[-78.67637953076189,-1.6551532237732778],[-78.67637963430123,-1.6551526116058242],[-78.67637969767648,-1.6551522445316271],[-78.67637980539206,-1.6551516330947265],[-78.67638027252332,-1.655149033451331],[-78.67638047879427,-1.6551477861202806],[-78.6763807785385,-1.6551458025790549],[-78.67638108663435,-1.6551432933095958],[-78.67638127567086,-1.6551412960033838],[-78.67638137729978,-1.6551400356611596],[-78.67638155300214,-1.6551373997819514],[-78.67638159641646,-1.6551367803496546],[-78.67638162373274,-1.655136408791738],[-78.67638167137437,-1.655135789674277],[-78.67638188304534,-1.6551331564730878],[-78.67638196683029,-1.6551318948024574],[-78.67638207192995,-1.6551298912470804],[-78.67638213413393,-1.6551273636711208],[-78.67638212771823,-1.655125357336567],[-78.6763821060977,-1.6551240930389561],[-78.67638202421367,-1.6551214525216575],[-78.67638200708487,-1.6551208317900534],[-78.67638199807907,-1.6551204593271984],[-78.67638198518793,-1.6551198384915837],[-78.67638193585876,-1.655116995281389],[-78.67638190309238,-1.6551158864964077],[-78.67638180128549,-1.6551134487271153],[-78.67638174148877,-1.6551123410853028],[-78.67637793208029,-1.6550548190941827],[-78.67637784528918,-1.6550537132626346],[-78.67637758373884,-1.6550508317486665],[-78.67637747148605,-1.6550496248582522],[-78.67637734705774,-1.6550484541428887],[-78.67637662609258,-1.655042419033575],[-78.6763763493523,-1.6550404639649623],[-78.6763752726524,-1.6550338897608812],[-78.67637515552181,-1.6550332319551537],[-78.67637503575172,-1.65503265054615],[-78.67637373352767,-1.6550267297152712],[-78.67637326769206,-1.6550248113574677],[-78.67637155583468,-1.6550183750097935],[-78.67637137519783,-1.6550177319298438],[-78.67637119937231,-1.6550171651287],[-78.67636932671746,-1.6550114012555064],[-78.67636867627274,-1.6550095380831804],[-78.67636634574463,-1.6550033015801469],[-78.67636610334021,-1.6550026794141244],[-78.67636587315378,-1.6550021326852462],[-78.67636344810276,-1.654996581278225],[-78.67636261931318,-1.6549947912349858],[-78.67635969255896,-1.654988814637631],[-78.67635939071909,-1.654988219372651],[-78.6763591083909,-1.6549876979855416],[-78.67635615429676,-1.654982412504975],[-78.67635515514368,-1.654980712829333],[-78.67635166034991,-1.6549750536956445],[-78.67635130198362,-1.6549744910696609],[-78.67635097023033,-1.654974000040393],[-78.67634751554495,-1.6549690313926093],[-78.67634635565125,-1.6549674384541724],[-78.67634232647772,-1.6549621512880008],[-78.67634191502111,-1.6549616267001375],[-78.6763415370538,-1.654961170777342],[-78.6763376150417,-1.6549565668055066],[-78.67633630557786,-1.654955095945109],[-78.67633178081817,-1.6549502316527647],[-78.67633091101209,-1.654949322364477],[-78.67633032911827,-1.6549487308153632],[-78.67633030541634,-1.6549487090319106],[-78.6763280846125,-1.6549464573460089],[-78.67632731986507,-1.6549457017945246],[-78.67629721730162,-1.6549166826202044],[-78.67629476122477,-1.6549142217625312],[-78.67629331732364,-1.654912718128463],[-78.67629095740804,-1.6549101637602759],[-78.67622397894101,-1.6548348018533596],[-78.67622323406347,-1.6548339841618351],[-78.67622249054783,-1.654833187808962],[-78.67622178511512,-1.654832423455329],[-78.67622136452327,-1.6548319624274384],[-78.67622066790233,-1.6548311899328862],[-78.67621994284728,-1.654830376525529],[-78.67621919678052,-1.6548295599322027],[-78.67602536245742,-1.6546225591761663],[-78.67602459670152,-1.6546217612544283],[-78.67602289109671,-1.6546200271063176],[-78.67602210611123,-1.6546192483350624],[-78.67602153414663,-1.6546186946608992],[-78.67602156443924,-1.6546186629711401],[-78.67602064760642,-1.6546178370005444],[-78.67601831229965,-1.6546155135981624],[-78.67601723747191,-1.6546144790983421],[-78.67601629516571,-1.6546136017472624],[-78.67601603945916,-1.6546133882722123],[-78.67601468480034,-1.6546121398782745],[-78.67601260566566,-1.6546103161995043],[-78.67601242823386,-1.6546101601555436],[-78.67601017511534,-1.6546081733793419],[-78.67600930403806,-1.654607454910925],[-78.6760061756154,-1.654604945465691],[-78.67600530422291,-1.6546042639330811],[-78.67600412804963,-1.6546033671327827],[-78.67600385278115,-1.6546031799073404],[-78.67600238304915,-1.6546020711429077],[-78.67600013629698,-1.654600461324042],[-78.67599994452004,-1.6546003235322815],[-78.67599750873465,-1.654598568561579],[-78.67599657187098,-1.654597939472059],[-78.67599321408723,-1.6545957506856928],[-78.67599228050886,-1.654595158386065],[-78.6759910226484,-1.6545943819168554],[-78.67599073047005,-1.6545942227447716],[-78.67598915981773,-1.6545932642870023],[-78.67598676708437,-1.6545918838304925],[-78.67598656281005,-1.6545917656185707],[-78.67598396781545,-1.6545902593545803],[-78.67598297419,-1.654589725703701],[-78.67597941938091,-1.6545878786545811],[-78.67597843260718,-1.6545873812917362],[-78.67597710517302,-1.6545867326313812],[-78.67597679889681,-1.6545866030446132],[-78.67597514245347,-1.6545858041257795],[-78.67597262678281,-1.654584666326456],[-78.67597241197817,-1.654584568832607],[-78.67596965949885,-1.6545833151844302],[-78.67596866272056,-1.6545829010201325],[-78.67596492434988,-1.6545814051856393],[-78.67596389388059,-1.6545810075480147],[-78.67596250965906,-1.654580492944561],[-78.67596219223572,-1.6545803941916792],[-78.67596046595204,-1.6545797625047953],[-78.67595785157133,-1.6545788783201707],[-78.67595762830456,-1.654578802483153],[-78.67595479115843,-1.6545778346165165],[-78.67595371316719,-1.6545775062898955],[-78.67594986858482,-1.6545763926197632],[-78.67594880434704,-1.6545760985383606],[-78.67594737666784,-1.6545757229470597],[-78.6759470511546,-1.6545756559791696],[-78.67594527165562,-1.6545751976077536],[-78.67594258374042,-1.6545745755523922],[-78.67594235416234,-1.65457452210276],[-78.67593943640675,-1.6545738387417677],[-78.67593833162651,-1.6545736183248765],[-78.6759343970821,-1.6545728892315354],[-78.67593330932627,-1.6545727015386797],[-78.67593185193779,-1.6545724685764827],[-78.67593152146806,-1.6545724340382615],[-78.67592970589193,-1.6545721533967794],[-78.67592697033288,-1.6545717994624123],[-78.675926736654,-1.6545717689148107],[-78.6759237410664,-1.6545713732961362],[-78.67592266773288,-1.654571268141485],[-78.67591865884317,-1.6545709287609365],[-78.67591755804288,-1.654570849263739],[-78.6759160849814,-1.654570761174354],[-78.67591575273998,-1.6545707593986694],[-78.67591391857107,-1.6545706591897849],[-78.67591116170824,-1.6545705767842964],[-78.67591092618004,-1.6545705694329627],[-78.67590790648296,-1.6545704711921865],[-78.67590682807675,-1.6545704724132424],[-78.67590280543416,-1.6545705300878522],[-78.67590170219158,-1.654570559552003],[-78.6759002276428,-1.6545706171837418],[-78.67589989682743,-1.654570648187665],[-78.67589806173079,-1.6545707293763874],[-78.6758953101182,-1.6545709192936024],[-78.67589507500779,-1.6545709352092486],[-78.67589208576265,-1.6545711336013589],[-78.67589096497173,-1.6545712454012487],[-78.67588698953193,-1.6545716970517643],[-78.67588589447266,-1.654571835193377],[-78.67588443263628,-1.6545720379914186],[-78.67588410643354,-1.6545721014763999],[-78.67588228808141,-1.654572363280801],[-78.67587956821521,-1.6545728236919286],[-78.67587891810628,-1.654572931275024],[-78.67587588815721,-1.6545734212083651],[-78.67587392969587,-1.6545737747675018],[-78.67587284717132,-1.6545739840244509],[-78.67583005516805,-1.654582805188066],[-78.67582897807434,-1.6545830411158184],[-78.67582661544358,-1.6545835892716643],[-78.67582554442824,-1.654583851728368],[-78.6758249771934,-1.6545839981745913],[-78.67582496472212,-1.6545839492572803],[-78.67582349802974,-1.654584379686632],[-78.67582098697049,-1.6545849823923053],[-78.6758193945266,-1.6545853957621282],[-78.67581790826996,-1.6545858109171037],[-78.67581775610537,-1.6545858624469598],[-78.6758156337395,-1.6545864666254118],[-78.67581366982878,-1.6545870784606769],[-78.67581261506822,-1.6545873999383562],[-78.67581229699053,-1.6545874947447547],[-78.67581214626591,-1.654587549221671],[-78.67580960324366,-1.6545883295798056],[-78.67580106617368,-1.6545904953803805],[-78.6757923594236,-1.6545918097976156],[-78.67578356662847,-1.6545922602055345],[-78.67577477224981,-1.6545918422776262],[-78.67576606076436,-1.6545905600284383],[-78.67575751585262,-1.6545884257749683],[-78.67574921959499,-1.654585460018372],[-78.67574125168336,-1.6545816912470257],[-78.67573368865565,-1.6545771556628774],[-78.67572660316047,-1.6545718968336922],[-78.67572006325942,-1.654565965274543],[-78.67571413177325,-1.6545594179626186],[-78.67570886567837,-1.6545523177898491],[-78.67570431555967,-1.6545447329588456],[-78.67570052512448,-1.6545367363276695],[-78.67569753078283,-1.6545284047100934],[-78.6756953612976,-1.6545198181376608],[-78.67569403750836,-1.6545110590909782],[-78.67569357213111,-1.6545022117073274],[-78.67569396963613,-1.654493360972624],[-78.67569522620508,-1.6544845919049012],[-78.67569732976763,-1.6544759887377483],[-78.67570026011747,-1.6544676341111406],[-78.67570398910634,-1.6544596082776426],[-78.67570848091445,-1.6544519883315232],[-78.67638199075174,-1.6534274320927669],[-78.67638219517406,-1.6534271225062096],[-78.67693267476047,-1.652597156842138],[-78.67693358457038,-1.652595742660721],[-78.67693488437527,-1.6525936477332794],[-78.67693550112934,-1.652592623747055],[-78.67693721637929,-1.6525896889350984],[-78.67693755323,-1.652589117397323],[-78.67693958275339,-1.652585702554446],[-78.67694017002556,-1.6525846845566974],[-78.67694094073197,-1.6525833075980558],[-78.67694205303698,-1.6525811910934025],[-78.67694274571595,-1.6525797840833134],[-78.67694325976156,-1.6525787041942288],[-78.67694468089515,-1.652575614329084],[-78.67694496045495,-1.6525750123176641],[-78.6769466475933,-1.6525714137330547],[-78.67694713288263,-1.6525703427107428],[-78.67694776575915,-1.6525688963632843],[-78.67694866655634,-1.6525666803364338],[-78.67694921885405,-1.65256521177877],[-78.676949625241,-1.652564086386049],[-78.67695073857236,-1.652560871224007],[-78.67695095814886,-1.6525602445366911],[-78.67695228665374,-1.6525564968672857],[-78.67695266528634,-1.6525553831356703],[-78.67695315423819,-1.6525538813282603],[-78.67695383485214,-1.652551587121401],[-78.67695424145012,-1.6525500711577952],[-78.67695453626457,-1.652548911100005],[-78.67695533107164,-1.6525456016049571],[-78.67695548855015,-1.652544956277303],[-78.67695644562725,-1.6525410956152415],[-78.67695671395691,-1.6525399498996327],[-78.67695705427518,-1.6525384070957037],[-78.67695750815139,-1.6525360568027234],[-78.6769577651335,-1.652534508033811],[-78.67695794553636,-1.652533324482523],[-78.67695841416467,-1.6525299525266044],[-78.67695850802866,-1.6525292947732053],[-78.67695908446073,-1.6525253582993833],[-78.67695923990328,-1.6525241916335998],[-78.67695942831058,-1.6525226226909957],[-78.67695965107792,-1.652520238946661],[-78.6769597559693,-1.652518672288143],[-78.67695982022319,-1.6525174766414334],[-78.6769599581595,-1.652514074699334],[-78.676959987505,-1.652513410854849],[-78.67696017774084,-1.6525094364787267],[-78.67696021879925,-1.6525082600985062],[-78.6769602534811,-1.6525066801267871],[-78.67696024299421,-1.6525042858880485],[-78.67696019478477,-1.6525027164272967],[-78.67696014227083,-1.6525015202003177],[-78.67695994818686,-1.6524981210341612],[-78.67695991273125,-1.652497457491769],[-78.6769597149387,-1.6524934834889633],[-78.67695964121758,-1.6524923087234442],[-78.67695952183998,-1.6524907329389456],[-78.67695927819983,-1.652488351263532],[-78.67695907735384,-1.6524867941151271],[-78.67695890857789,-1.6524856088284474],[-78.67695838434274,-1.652482245173628],[-78.67695828442746,-1.652481588323555],[-78.6769577005114,-1.6524776529662333],[-78.67695751272072,-1.652476491129169],[-78.6769572404333,-1.6524749347072891],[-78.67695676598633,-1.6524725885320315],[-78.67695641443805,-1.6524710586924332],[-78.67695613102543,-1.65246989576053],[-78.67695528168784,-1.652466600011292],[-78.67695511827522,-1.6524659561796358],[-78.67695415385906,-1.652462097367427],[-78.67695385380726,-1.6524609596475617],[-78.67695343123235,-1.6524594375777075],[-78.67695273054775,-1.652457149497565],[-78.67695223168282,-1.6524556617000652],[-78.67695183636297,-1.652454532322701],[-78.67695067010261,-1.6524513362191018],[-78.67695044476628,-1.6524507116058895],[-78.67694910913764,-1.6524469665004538],[-78.67694869971471,-1.652445863855661],[-78.67694813092196,-1.6524443907962418],[-78.67694721074763,-1.6524421828465217],[-78.67694656937039,-1.6524407514192774],[-78.6769460659502,-1.6524396664724443],[-78.67694459399814,-1.6524366007931528],[-78.67694430890842,-1.652436001414217],[-78.67694261493098,-1.6524324060851567],[-78.67694210007978,-1.6524313491339861],[-78.676941390547,-1.6524299392713684],[-78.67694025974458,-1.6524278327155923],[-78.67693948203203,-1.6524264714444274],[-78.67693887535987,-1.6524254413771908],[-78.67693711189354,-1.6524225356497342],[-78.67693676979579,-1.6524219672769969],[-78.6769347337823,-1.6524185563467002],[-78.67693411846031,-1.6524175552667326],[-78.67693276211742,-1.6524154115157295],[-78.67693201167457,-1.6524142642710105],[-78.67681213021311,-1.652236922053186],[-78.67680763060726,-1.6522295262050102],[-78.67680385592877,-1.6522217305122047],[-78.67680084091474,-1.652213606715846],[-78.67679861331126,-1.652205229576432],[-78.6767971936182,-1.652196676185903],[-78.67679659490048,-1.6521880252581433],[-78.6767968226679,-1.652179356404676],[-78.67679787482435,-1.6521707494019537],[-78.67679974168722,-1.652162283457238],[-78.67680240607639,-1.6521540364797196],[-78.67680584347244,-1.652146084363485],[-78.67681002224214,-1.6521385002890918],[-78.67681377507884,-1.6521330065603321],[-78.67671696841772,-1.6521917990965809],[-78.67665527703116,-1.6522385180979875],[-78.67682569513508,-1.6524664023519253],[-78.67547805540197,-1.6545294412660303],[-78.67449913469007,-1.6531441168054128],[-78.67449539996812,-1.6531454097520981],[-78.67448699845689,-1.6531474351454012],[-78.6744784424577,-1.6531486390123036],[-78.67447071313356,-1.6531489714248278],[-78.67447031664342,-1.6531490094578476],[-78.67446847757768,-1.6531502679343117],[-78.67357601884271,-1.6538293207087371],[-78.67357599502814,-1.6538292890134034],[-78.67357564547257,-1.6538295592069245],[-78.67357566908984,-1.65382958968044],[-78.67352923813644,-1.653866029958861],[-78.67355788498816,-1.6539023105701278],[-78.67312914086259,-1.6547753093090247],[-78.67220954411354,-1.6561298941098574],[-78.67350706720701,-1.6575239069303815],[-78.6745828492838,-1.6586892472713233],[-78.67472723377263,-1.6587946561158116],[-78.67478579351194,-1.6588691378997489],[-78.67471657761314,-1.658938090788747],[-78.67399709585335,-1.6596596101214536],[-78.67451164555126,-1.6601862892031383],[-78.67476712347369,-1.6599943234024939],[-78.67498029556876,-1.659581818841947],[-78.67500090467614,-1.6595555239903932],[-78.67532829620502,-1.659735808792361],[-78.67534115323998,-1.6597807551997772],[-78.67515132784273,-1.6602126551799579],[-78.67517877015541,-1.6603525525313347],[-78.67515882845724,-1.661566462891742],[-78.67512468098631,-1.6615843825029994],[-78.67525396370134,-1.6617649305957154],[-78.6752552515201,-1.6617665598067701],[-78.67525725973132,-1.6617660599746333],[-78.67597053661244,-1.661551848560951],[-78.67597151991038,-1.6615515593907777],[-78.67833179545406,-1.660872118315814],[-78.67833372210991,-1.6608714595873335],[-78.6783323914291,-1.6608699104603843],[-78.67833145367193,-1.6608689209670766],[-78.67832989372955,-1.6608673538373981],[-78.67832510364234,-1.6608627722925737],[-78.67832346916539,-1.6608612840759747],[-78.67831979747243,-1.660858102318758],[-78.67831809239976,-1.6608566966016323],[-78.67831287912398,-1.6608526095914868],[-78.6783111075621,-1.660851289759268],[-78.67830714363849,-1.6608484854832237],[-78.67830530985562,-1.6608472547158237],[-78.67829972359849,-1.6608437016009832],[-78.67829783201233,-1.6608425628634425],[-78.67829361403321,-1.6608401630754068],[-78.6782916692004,-1.6608391191108156],[-78.67828576376095,-1.6608361341098345],[-78.67828377036702,-1.6608351874333371],[-78.67827933895352,-1.660833215244391],[-78.67827730180163,-1.6608323681370187],[-78.67827113405164,-1.6608299799967188],[-78.67826905804827,-1.6608292344987103],[-78.67826445587693,-1.6608277089019132],[-78.67826234602371,-1.6608270668093859],[-78.67825597536289,-1.6608252985291674],[-78.67825383674295,-1.6608247613890659],[-78.6782491081358,-1.6608236970769705],[-78.6782469459004,-1.6608232661831133],[-78.67824043368148,-1.6608221347923526],[-78.67823825304043,-1.660821811182976],[-78.67823344353675,-1.6608212184054314],[-78.67823124974244,-1.6608210028600083],[-78.67822465868176,-1.6608205192545902],[-78.67822245702146,-1.6608204122925896],[-78.67821761293784,-1.6608202967582093],[-78.67821540871374,-1.6608202986371718],[-78.67820880228628,-1.6608204674743805],[-78.67820660080908,-1.6608205781897736],[-78.6782017687973,-1.6608209410113794],[-78.67819957537105,-1.6608211602964145],[-78.67819301719956,-1.6608219799504174],[-78.67819083710704,-1.660822307276937],[-78.67818606370365,-1.66082314496017],[-78.67818390219672,-1.6608235795397381],[-78.67817605707482,-1.6608253593644315],[-78.67817498479948,-1.6608256165859736],[-78.678172633339,-1.6608262114439687],[-78.6781715676599,-1.6608264950689882],[-78.67811773966777,-1.660841534696992],[-78.6781092028864,-1.6608434746494531],[-78.67810051902768,-1.6608445694458196],[-78.67809177051525,-1.6608448086947893],[-78.67808304038641,-1.6608441901254865],[-78.678074411504,-1.6608427196091637],[-78.67806596576987,-1.6608404111033586],[-78.67805778334748,-1.660837286519489],[-78.67804994190104,-1.660833375514861],[-78.67804251585835,-1.6608287152111283],[-78.67803557570437,-1.6608233498420297],[-78.67803544605106,-1.6608232276752601],[-78.67803242829945,-1.660831107529052],[-78.67802846988158,-1.6608390283972265],[-78.67802375943411,-1.660846520951164],[-78.67801834226894,-1.6608535131165754],[-78.67801227049628,-1.6608599376326805],[-78.67800560252326,-1.6608657326990992],[-78.67799840249214,-1.6608708425704906],[-78.67799073966329,-1.6608752180927002],[-78.67798268774898,-1.6608788171755888],[-78.67797432420419,-1.6608816051979505],[-78.67785931907876,-1.660913737794814],[-78.67785875291463,-1.660913897958533],[-78.67785710105082,-1.6609143731737128],[-78.67785656563024,-1.6609145292838208],[-78.67769105573889,-1.660963644344233],[-78.67768269072775,-1.660965693821406],[-78.6776741691685,-1.66096692805135],[-78.67766556933412,-1.6609673356972992],[-78.67765697021667,-1.6609669130149678],[-78.67764845080153,-1.6609656638867838],[-78.67764008934202,-1.660963599786391],[-78.67763196264059,-1.6609607396731725],[-78.67762414534334,-1.6609571098181128],[-78.67761670925447,-1.6609527435625153],[-78.67760972267655,-1.6609476810116923],[-78.67760324978339,-1.660941968666687],[-78.67759735003035,-1.660935658997057],[-78.67759207760837,-1.6609288099589465],[-78.67758748094619,-1.6609214844627964],[-78.67758360226543,-1.6609137497953914],[-78.67758047719293,-1.6609056770019426],[-78.67757813443335,-1.6608973402333664],[-78.67757659550561,-1.6608888160653172],[-78.6775758745452,-1.6608801827947561],[-78.67757597817432,-1.6608715197207684],[-78.67757690544111,-1.6608629064162201],[-78.67758501300328,-1.6608109817554586],[-78.67758517073123,-1.6608098838937535],[-78.67758564075487,-1.6608063024873168],[-78.6775856918546,-1.6608059194363924],[-78.67758622055064,-1.6608020194952215],[-78.67758635538156,-1.660800925441965],[-78.67759322698666,-1.6607389921343454],[-78.67759476828597,-1.660729609047873],[-78.67759728066771,-1.6607204408413465],[-78.67760073632384,-1.660711588992121],[-78.6776050970058,-1.6607031514760213],[-78.67761031444779,-1.6606952216828366],[-78.67761633090109,-1.6606878873826774],[-78.6776174054208,-1.6606867096138027],[-78.67761783013792,-1.6606862473279864],[-78.67762055319906,-1.6606833040248374],[-78.67762133730615,-1.6606824341048059],[-78.67762235531882,-1.6606812747609379],[-78.6776238768836,-1.660679446959425],[-78.67762482715492,-1.6606782422436512],[-78.67762555156553,-1.6606772985629785],[-78.67762762935627,-1.6606745167566206],[-78.67762800700031,-1.66067401480476],[-78.6776304302647,-1.6606708170826356],[-78.67763112586344,-1.6606698740109325],[-78.67763202605076,-1.6606686198377538],[-78.67763336225637,-1.6606666507570347],[-78.67763419060961,-1.6606653581115358],[-78.67763481961595,-1.6606643475209544],[-78.6776366164463,-1.6606613741661485],[-78.67763694338039,-1.6606608373824112],[-78.67763904351033,-1.6606574160373453],[-78.67763964390198,-1.660656408896081],[-78.67764041759507,-1.6606550719714774],[-78.67764155557346,-1.660652980574332],[-78.67764225403091,-1.6606516124483945],[-78.67764278157419,-1.6606505446820463],[-78.6776442801403,-1.6606474084130083],[-78.67764455321607,-1.6606468419666403],[-78.67764630998578,-1.660643229948699],[-78.67764680938892,-1.660642168435805],[-78.67764744913656,-1.6606407616354493],[-78.67764837792792,-1.6606385680639513],[-78.67764893976327,-1.6606371376331477],[-78.67764936076352,-1.6606360229729724],[-78.67765054663315,-1.6606327539943018],[-78.67765076322078,-1.660632163340227],[-78.67765184549121,-1.660629243240818],[-78.67765539047663,-1.660620964632227],[-78.67765973718645,-1.6606130824824652],[-78.6776648423961,-1.6606056751732907],[-78.6776706553383,-1.6605988163645014],[-78.677677118208,-1.6605925742615335],[-78.67768416673704,-1.6605870109371488],[-78.67769173083342,-1.660582181714211],[-78.67769973527821,-1.6605781346155057],[-78.67770810047354,-1.6605749098862619],[-78.6777167432342,-1.660572539593854],[-78.67772557761478,-1.6605710473089668],[-78.67773451576437,-1.6605704478712233],[-78.67774346880016,-1.6605707472415605],[-78.6777523476913,-1.6605719424430059],[-78.67776106414425,-1.6605740215902514],[-78.67776953148079,-1.66057696400783],[-78.67777766549995,-1.6605807404357302],[-78.67778538531533,-1.6605853133204047],[-78.67779261415947,-1.660590637188137],[-78.67779928014723,-1.660596659097285],[-78.6778053169906,-1.6606033191647198],[-78.67781066465797,-1.6606105511613716],[-78.67781526997095,-1.66061828317072],[-78.67781633758018,-1.6606202969801533],[-78.67781742251397,-1.660622227818925],[-78.67782081548484,-1.6606279346539177],[-78.67782199325922,-1.6606298095955143],[-78.67782468203988,-1.6606338660103954],[-78.67782594981773,-1.6606356805383338],[-78.67782988231042,-1.6606410252255994],[-78.67783123703725,-1.6606427749681019],[-78.67783430797563,-1.6606465466407063],[-78.67783574638828,-1.6606482273830934],[-78.6778401805301,-1.6606531584495228],[-78.67784169916321,-1.6606547661425644],[-78.6778451226842,-1.6606582167492598],[-78.67784671787865,-1.6606597475192972],[-78.6778516109671,-1.6606642174768118],[-78.67785327888019,-1.6606656676363851],[-78.67785702201392,-1.6606687639463114],[-78.67785875862792,-1.6606701300021938],[-78.67786406353953,-1.6606740958022952],[-78.67786586467068,-1.660675374463441],[-78.67786989136798,-1.660678086656865],[-78.67787175267686,-1.6606792748425996],[-78.67787741832247,-1.6606826982924525],[-78.67787933532587,-1.6606837931408922],[-78.67788360680737,-1.6606860950979057],[-78.67788557488542,-1.6606870939704932],[-78.67789154670248,-1.6606899421007921],[-78.67789356111552,-1.6606908425920348],[-78.67789803624508,-1.6606927121438784],[-78.67790009213937,-1.6606935120839952],[-78.67790631261543,-1.6606957574652599],[-78.67790840503788,-1.6606964549270546],[-78.67791304071777,-1.6606978740689462],[-78.67791516462853,-1.6606984673725182],[-78.67792157385705,-1.6607000883804963],[-78.67792372413841,-1.6607005760961981],[-78.67792847572441,-1.660701531160919],[-78.67793064719723,-1.6607019121140925],[-78.67793718345251,-1.6607028931373429],[-78.6779393708855,-1.6607031664101455],[-78.67794419261699,-1.6607036481998154],[-78.67794639073865,-1.6607038131337286],[-78.67795409214845,-1.6607042000411092],[-78.67795408976498,-1.660704248085046],[-78.67796135392429,-1.6607047929360537],[-78.67797003363255,-1.6607063148996613],[-78.67797852343611,-1.6607086851802628],[-78.67798674166768,-1.6607118809770571],[-78.67799460927242,-1.6607158715482864],[-78.67800205056822,-1.6607206185068117],[-78.67800858997343,-1.660725758635504],[-78.6780109689248,-1.660719226752689],[-78.67801476589737,-1.6607112918152112],[-78.6780193121498,-1.6607037663472133],[-78.6780245645309,-1.660696721777329],[-78.67803047318723,-1.6606902249697495],[-78.67803698203628,-1.6606843375895102],[-78.67804402929869,-1.660679115517213],[-78.67804949884695,-1.6606754621779471],[-78.67805121852172,-1.6606742454587897],[-78.67805652969076,-1.6606702881469333],[-78.67805826846002,-1.6606689248700324],[-78.67806201647915,-1.6606658345501113],[-78.67806368668066,-1.6606643870595064],[-78.67806858682326,-1.6606599249319542],[-78.67807018443374,-1.660658396714439],[-78.67807361339987,-1.660654951587101],[-78.67807513457014,-1.6606533463246491],[-78.67807957649488,-1.6606484223544358],[-78.67808101755993,-1.6606467439146504],[-78.67808409445158,-1.6606429771569864],[-78.67808545193999,-1.66064122958319],[-78.67808939286901,-1.6606358911905108],[-78.67809066351109,-1.6606340786919271],[-78.6780933586948,-1.6606300265814093],[-78.67809453942876,-1.6606281535254537],[-78.67809794140858,-1.6606224521221944],[-78.67809902939038,-1.6606205230205315],[-78.67810131691058,-1.6606162245805274],[-78.678102309519,-1.66061424408077],[-78.67810513978657,-1.6606082345748476],[-78.67810603463008,-1.6606062074487353],[-78.67810789245684,-1.6606017040752041],[-78.67810868737985,-1.6605996352059589],[-78.67811091867843,-1.6605933754716171],[-78.67811161176603,-1.6605912698429408],[-78.67811302200715,-1.6605866049066005],[-78.6781136115896,-1.6605844675912602],[-78.67811522243036,-1.6605780179136644],[-78.67811579860155,-1.660575445475785],[-78.67811842730278,-1.6605660878595192],[-78.6781220396582,-1.6605570685353424],[-78.678126593866,-1.6605484918739672],[-78.6781320372253,-1.6605404571236657],[-78.67813830674612,-1.6605330572617858],[-78.6781398621117,-1.6605314098621984],[-78.67814134067333,-1.6605297647796307],[-78.67814450175558,-1.660526069291615],[-78.67814589832238,-1.660524353182752],[-78.678149958678,-1.6605191062055165],[-78.67815126988513,-1.660517323205079],[-78.6781540557963,-1.6605133337162157],[-78.6781552784853,-1.6605114881190863],[-78.67815880822077,-1.6605058659113159],[-78.67815993944551,-1.660503962164566],[-78.67816232335583,-1.6604997170956428],[-78.67816336039132,-1.6604977597852217],[-78.67816632551344,-1.6604918164917044],[-78.67816726586152,-1.6604898103326327],[-78.6781692248126,-1.6604853505660537],[-78.6781700662077,-1.6604833003917856],[-78.67817243816062,-1.6604770932498412],[-78.6781731785759,-1.6604750039989566],[-78.67817469370188,-1.6604703724850116],[-78.67817533135354,-1.6604682491909106],[-78.67817708729405,-1.6604618379788691],[-78.67817762064593,-1.6604596857567868],[-78.67817867735538,-1.6604549270993356],[-78.67817910512257,-1.6604527511342126],[-78.67818022814008,-1.66044619759528],[-78.678180549292,-1.6604440031294705],[-78.67818113740832,-1.6604391631565876],[-78.67818135117136,-1.6604369554763605],[-78.67818183045057,-1.6604303227248516],[-78.67818193630976,-1.6604281071488565],[-78.67818205016899,-1.6604232324725543],[-78.67818204786929,-1.660421014338187],[-78.6781818787945,-1.660414366251127],[-78.67818176834146,-1.6604121509022038],[-78.6781814068471,-1.6604072884682317],[-78.67818118850678,-1.6604050812416333],[-78.67818037270631,-1.6603984818438415],[-78.67818004700474,-1.6603962880569418],[-78.67817921363822,-1.6603914846933256],[-78.67817878136002,-1.6603893096311184],[-78.6781770111577,-1.6603814153482168],[-78.67817675533891,-1.660380336356484],[-78.67817616375034,-1.6603779701741042],[-78.67817588169481,-1.6603768978248326],[-78.67813519379165,-1.6602295410236496],[-78.67803777821595,-1.6598767908335168],[-78.6780358438273,-1.6598681742669457],[-78.67803475441023,-1.6598594088460867],[-78.6780345203679,-1.6598505782746924],[-78.67803514393526,-1.6598417668786158],[-78.67803661915764,-1.6598330588006498],[-78.67803893194768,-1.6598245371968887],[-78.67804206021984,-1.6598162834428145],[-78.67806222607561,-1.6597700053823148],[-78.67806437025264,-1.659765436411581],[-78.67806573008565,-1.6597627368597119],[-78.67806812459811,-1.6597582955860397],[-78.67825842865668,-1.6594277145805356],[-78.67826298696725,-1.6594205887211808],[-78.67826818836383,-1.6594139237333445],[-78.6782731694522,-1.6594086447722598],[-78.67827314914585,-1.6594086244817123],[-78.67827547903154,-1.659406263253647],[-78.6782800189476,-1.6594014306370704],[-78.67828149343036,-1.6593997818507271],[-78.67828464534908,-1.6593960784463393],[-78.67828603766095,-1.6593943588400728],[-78.67829008500765,-1.6593891016956839],[-78.6782913917947,-1.659387315411827],[-78.67829416781561,-1.6593833189483609],[-78.67829538592957,-1.6593814702903464],[-78.67829890172865,-1.659375839247385],[-78.67830002823486,-1.659373932668953],[-78.67830240162334,-1.6593696816345718],[-78.678303433808,-1.6593677217287923],[-78.67830638420051,-1.6593617710172215],[-78.67830731957696,-1.6593597625057335],[-78.67830926747624,-1.6593552978396784],[-78.67831010379109,-1.6593532455611204],[-78.67831246036314,-1.6593470324895494],[-78.67831319560175,-1.6593449413878225],[-78.67831469925214,-1.6593403060880638],[-78.6783153316431,-1.6593381812011145],[-78.67831707169974,-1.6593317656043975],[-78.67831759971956,-1.6593296120515024],[-78.67831864464031,-1.6593248507578449],[-78.67831906701706,-1.6593226737266722],[-78.67832017380044,-1.6593161173909339],[-78.67832048951654,-1.6593139221262119],[-78.67832106564437,-1.6593090806929605],[-78.67832127393923,-1.6593068724832145],[-78.67832173679047,-1.6593002385495754],[-78.6783218371623,-1.6592980227146497],[-78.6783219389488,-1.6592931477674837],[-78.67832193115579,-1.6592909296455485],[-78.67832174561735,-1.6592842820024132],[-78.6783216296783,-1.6592820669371318],[-78.67832125614322,-1.6592772054243017],[-78.67832103233741,-1.6592749987519657],[-78.67832020019617,-1.6592684014197654],[-78.67831986906276,-1.6592662084563832],[-78.67831902380345,-1.6592614071969614],[-78.67831858614021,-1.6592592332256233],[-78.67831711541015,-1.6592527497403247],[-78.67831657227143,-1.659250599998307],[-78.67831526342825,-1.6592459052310908],[-78.67831461612249,-1.6592437848972537],[-78.6783125209676,-1.6592374776984815],[-78.67831177105427,-1.6592353918809613],[-78.67831001123217,-1.659230848819375],[-78.67830916051776,-1.659228802542881],[-78.67830646111558,-1.6592227323724038],[-78.67830551164957,-1.6592207305666473],[-78.67830331779658,-1.6592163829626942],[-78.67830227186644,-1.6592144304505092],[-78.67829899421365,-1.6592086557672336],[-78.67829785433915,-1.6592067572523672],[-78.67829524758332,-1.6592026469758796],[-78.6782940165102,-1.6592008070315283],[-78.67829019217257,-1.6591953834490845],[-78.67828887286694,-1.659193606508383],[-78.67828587831274,-1.659189773143479],[-78.67828447395269,-1.659188063486919],[-78.67828013976042,-1.659183043236929],[-78.67827865372968,-1.6591814049837907],[-78.67827530021614,-1.6591778854476829],[-78.67827373609398,-1.6591763225438587],[-78.67826893378796,-1.6591717539743907],[-78.67826729534272,-1.6591702701853284],[-78.67826361516649,-1.6591670983735236],[-78.67826190634578,-1.6591656972741895],[-78.67825668217439,-1.6591616243826697],[-78.6782549070948,-1.6591603093483018],[-78.67825093569728,-1.6591575158064837],[-78.67824909863435,-1.6591562900045538],[-78.67824350291008,-1.6591527520157738],[-78.67824160829021,-1.6591516183998432],[-78.67823738391846,-1.6591492300316548],[-78.67823543630618,-1.6591481913328305],[-78.67822952291797,-1.6591452223189465],[-78.67822752700442,-1.6591442810390702],[-78.6782230903417,-1.6591423208458858],[-78.67822105093632,-1.659141479253094],[-78.67821487683325,-1.6591391078074411],[-78.67821279884824,-1.659138367928789],[-78.67820819262163,-1.659136854788185],[-78.67820608106271,-1.6591362184060663],[-78.67819970570682,-1.6591344673675663],[-78.67819756566084,-1.6591339360150827],[-78.67819283423204,-1.6591328844997202],[-78.67819067085495,-1.6591324594570853],[-78.67818415564292,-1.6591313456886512],[-78.67818197414704,-1.659131027979937],[-78.67817716308117,-1.65913044821617],[-78.67817496872209,-1.6591302386067537],[-78.67816837639766,-1.6591297728344534],[-78.6781661744622,-1.6591296718292317],[-78.67816133009129,-1.6591295694004653],[-78.67815912588267,-1.6591295772427301],[-78.6781525199353,-1.6591297639523965],[-78.6781503187637,-1.6591298806232617],[-78.678145487744,-1.6591302565160346],[-78.67814329491304,-1.6591304817344101],[-78.67813673896056,-1.6591313191279633],[-78.6781345597525,-1.6591316523513049],[-78.6781297886089,-1.6591325029453932],[-78.67812762827272,-1.659132943371112],[-78.67811978794042,-1.6591347444136855],[-78.67811871635693,-1.659135004535266],[-78.67811636649817,-1.6591356057522646],[-78.67811530158156,-1.6591358922593467],[-78.67810592526527,-1.6591385393624396],[-78.67810524643441,-1.6591387281232142],[-78.67810483871,-1.6591388397687972],[-78.6781041584273,-1.6591390231687604],[-78.67795601462048,-1.6591783361251293],[-78.67794757346837,-1.6591801447012589],[-78.6779389988055,-1.6591811297818495],[-78.67793036977727,-1.65918128227445],[-78.67792176603086,-1.659180600771559],[-78.67791326698011,-1.6591790915635665],[-78.6779049510725,-1.659176768580683],[-78.67789689506509,-1.6591736532644248],[-78.67788917331596,-1.6591697743696],[-78.67788185709799,-1.6591651676989743],[-78.6778750139409,-1.6591598757728432],[-78.67786870700806,-1.6591539474364243],[-78.67786299451332,-1.659147437409145],[-78.67785792918383,-1.6591404057794896],[-78.67785355777332,-1.6591329174504457],[-78.67784992063049,-1.6591250415403682],[-78.67784705132671,-1.659116850745046],[-78.67784497634604,-1.6591084206666802],[-78.67784371484083,-1.6590998291161365],[-78.67784327845496,-1.659091155394652],[-78.6778436712163,-1.6590824795619186],[-78.67785156478769,-1.6589978442822921],[-78.67785200985985,-1.6589939717434075],[-78.67785232630803,-1.6589916568894216],[-78.67785293688152,-1.6589878072616444],[-78.67789401615988,-1.6587604223114139],[-78.67789501401234,-1.6587556379370247],[-78.67789512451529,-1.6587551712640949],[-78.67789788322854,-1.658745800168761],[-78.67789804315174,-1.6587453482288261],[-78.6778997959449,-1.658740788912763],[-78.67794469419843,-1.658632775150774],[-78.67799271788789,-1.6585164427572257],[-78.67799311198455,-1.658515503096731],[-78.67799335162863,-1.658514940583099],[-78.67799375631343,-1.6585140052791818],[-78.67800232789837,-1.6584944961966086],[-78.6780046106106,-1.658489688972822],[-78.67800484748972,-1.6584892257312678],[-78.67801023641428,-1.6584800585192114],[-78.67801052579395,-1.6584796265309298],[-78.67801361328615,-1.658475298387611],[-78.67804409653858,-1.6584351204634218],[-78.67804627289489,-1.658432364881691],[-78.67804649366492,-1.6584320962623782],[-78.6780511577818,-1.6584268511948335],[-78.67805139865061,-1.6584266006747241],[-78.67805387933772,-1.658424119143378],[-78.67813196044642,-1.658348995676463],[-78.6781327477941,-1.6583482193196417],[-78.67813445865795,-1.6583464904187684],[-78.67813522683471,-1.6583456948518596],[-78.67814075989911,-1.6583398219911154],[-78.67814223673497,-1.6583381753404043],[-78.67814539393993,-1.65833447650081],[-78.6781467887067,-1.6583327589107761],[-78.67815084355823,-1.6583275076284305],[-78.67815215289511,-1.6583257232377961],[-78.67815493462184,-1.6583217307952307],[-78.67815615537499,-1.6583198839020878],[-78.67815967921428,-1.6583142579521513],[-78.67816080844257,-1.6583123530061918],[-78.6781631879012,-1.6583081054104776],[-78.67816422288439,-1.6583061470006066],[-78.67816718177465,-1.658300200564477],[-78.67816812001935,-1.6582981934086551],[-78.67817007429456,-1.6582937315662443],[-78.67817091354034,-1.658291680500141],[-78.67817327898605,-1.658285470844872],[-78.67817401721109,-1.6582833808097874],[-78.67817552748211,-1.6582787476906526],[-78.6781761629081,-1.6582766237211581],[-78.67817791212858,-1.6582702106495713],[-78.67817844322465,-1.658268057862763],[-78.67817949494668,-1.6582632980866185],[-78.67817992043335,-1.6582611216689271],[-78.67818103658276,-1.65825456694203],[-78.67818135543499,-1.6582523721365754],[-78.67818193847943,-1.658247531542364],[-78.67818214992911,-1.6582453236364159],[-78.6781826222583,-1.658238690380035],[-78.67818272579602,-1.658236474692858],[-78.67818283454781,-1.6582315998983668],[-78.67818282992414,-1.6582293817676317],[-78.67818265388435,-1.658222733863562],[-78.67818254111042,-1.6582205186329737],[-78.67818217452225,-1.6582156565852084],[-78.67818195386974,-1.6582134495913359],[-78.67818113115634,-1.658206851062604],[-78.67818080315686,-1.6582046576225902],[-78.67817996475915,-1.6581998551455217],[-78.67817953020284,-1.6581976805432885],[-78.67817806873906,-1.6581911949373782],[-78.67817725855836,-1.6581879688251195],[-78.67817729179636,-1.6581879603722747],[-78.6781755629262,-1.658180234816223],[-78.67817447245481,-1.6581711611103809],[-78.67817429805035,-1.6581620229747431],[-78.67817504149566,-1.6581529138247195],[-78.67817669519083,-1.658143926779375],[-78.67817924223074,-1.658135153709587],[-78.67818265657812,-1.6581266842988225],[-78.67818690332943,-1.6581186051264025],[-78.67819193907192,-1.6581109987823597],[-78.67819771232726,-1.6581039430232176],[-78.67820416407784,-1.6580975099771096],[-78.67837416128451,-1.6579443467064565],[-78.67837497345334,-1.6579435966910299],[-78.67837673961806,-1.6579419250484149],[-78.67837753325131,-1.657941155201562],[-78.6783832543106,-1.6579354676730722],[-78.67838478389722,-1.6579338705316837],[-78.67838805968096,-1.6579302776295506],[-78.67838950954891,-1.6579286068846981],[-78.6783937329761,-1.657923491928549],[-78.67839509963224,-1.6579217516054814],[-78.67839800968518,-1.6579178528943592],[-78.67839928983719,-1.657916047185618],[-78.67840299471898,-1.657910540277746],[-78.67840418528273,-1.6579086735335806],[-78.6784067015795,-1.6579045065601816],[-78.6784077996869,-1.6579025832776928],[-78.67841095034343,-1.6578967374522142],[-78.67841195334897,-1.6578947622648772],[-78.67841405165626,-1.6578903671593674],[-78.67841495714373,-1.6578883448253843],[-78.678417523232,-1.65788221638154],[-78.67841832902006,-1.6578801517727522],[-78.67841998912994,-1.6578755708626158],[-78.6784206932773,-1.6578734689529733],[-78.67842265008461,-1.6578671169107868],[-78.67842325089488,-1.657864982764101],[-78.67842445681967,-1.6578602601658465],[-78.67842495284549,-1.657858098923412],[-78.67842628152665,-1.6578515844566335],[-78.67842667157306,-1.6578494013249332],[-78.67842741169903,-1.6578445825198087],[-78.67842769482635,-1.657842382758281],[-78.67842838258547,-1.6578357686049685],[-78.67842855811162,-1.657833557513025],[-78.67842882531095,-1.657828688908791],[-78.6784288928131,-1.6578264718131739],[-78.67842893302668,-1.6578198216711058],[-78.6784288923422,-1.6578176039130081],[-78.67842868404162,-1.657812732396991],[-78.67842853526852,-1.6578105193191761],[-78.67842792754931,-1.6578038972328266],[-78.678427671046,-1.657801694166865],[-78.67842698925156,-1.6577968666543914],[-78.67842662563598,-1.6577946789075944],[-78.67842537583665,-1.6577881486512431],[-78.67842490598478,-1.6577859814940645],[-78.67842375726258,-1.6577812444768092],[-78.67842318230637,-1.6577791031302314],[-78.6784213024632,-1.657772727593938],[-78.67842062378767,-1.6577706172163527],[-78.67841901920065,-1.6577660163147179],[-78.67841823844081,-1.6577639419902868],[-78.6784157466578,-1.6577577825740606],[-78.6784148656946,-1.657755749300135],[-78.67841261439922,-1.6577508828916199],[-78.67841124782537,-1.6577477777544407],[-78.67841111816587,-1.6577474675301735],[-78.67840873737772,-1.6577411133212157],[-78.67840863122625,-1.6577407941773592],[-78.67840762037125,-1.657737554071327],[-78.67840571020167,-1.6577310032607968],[-78.6784050378575,-1.6577288908322048],[-78.67840344707406,-1.6577242850789766],[-78.67840267253789,-1.6577222083932095],[-78.67840019923595,-1.6577160414386682],[-78.67839932437384,-1.657714005499104],[-78.67839729263949,-1.6577095788320713],[-78.67839631955894,-1.65770758854311],[-78.6783932574912,-1.6577016952405732],[-78.67839218853663,-1.6576997553974533],[-78.67838973541816,-1.6576955504479656],[-78.67838857316477,-1.657693665723764],[-78.67838495182063,-1.6576881028289534],[-78.67838369906794,-1.6576862777635246],[-78.67838084819033,-1.6576823350277072],[-78.67837950795696,-1.6576805740187466],[-78.67837536221153,-1.6576753951047578],[-78.67837393772635,-1.6576737023947647],[-78.67837071654498,-1.657670059843061],[-78.67836921123882,-1.657668439508848],[-78.67836458101864,-1.6576636944524166],[-78.6783629985183,-1.6576621503979885],[-78.67835943805524,-1.6576588431104977],[-78.67835778217288,-1.6576573790554634],[-78.67835271206987,-1.657653113554207],[-78.67835098679483,-1.6576517330257787],[-78.67834712133921,-1.6576487928533088],[-78.67834533082902,-1.6576474991781869],[-78.67833986966943,-1.6576437543098859],[-78.67833801823565,-1.6576425506032355],[-78.67833388501423,-1.6576400058614063],[-78.67833197711771,-1.6576388950235124],[-78.67832617749718,-1.6576357068544683],[-78.67832421773488,-1.657634691561834],[-78.67831985655187,-1.6576325667573069],[-78.67831784964558,-1.6576316494560541],[-78.67831176741588,-1.6576290486891452],[-78.67830971819946,-1.657628231588654],[-78.67830517105534,-1.6576265471845004],[-78.6783030844657,-1.6576258322533035],[-78.67829677820339,-1.6576238439359618],[-78.67829465926702,-1.6576232328962925],[-78.67828996995361,-1.6576220051144832],[-78.6782878237757,-1.6576214994385088],[-78.67828135421269,-1.6576201427190775],[-78.67827918596356,-1.657619743624988],[-78.67827439964238,-1.657618984289906],[-78.67827221454405,-1.6576186927389096],[-78.67826564398719,-1.6576179806835583],[-78.6782634473048,-1.657617797378247],[-78.67825861007,-1.6576175138025522],[-78.67825640709708,-1.657617439184585],[-78.67824979882221,-1.6576173786505735],[-78.67824759486399,-1.6576174128996042],[-78.67824275330142,-1.6576176078142564],[-78.67824055366769,-1.6576177508478],[-78.67823397131757,-1.6576183424182032],[-78.67823178130827,-1.6576185938916086],[-78.67822698204394,-1.657619265419475],[-78.67822480693349,-1.6576196247271133],[-78.67821879271027,-1.6576207714135591],[-78.67820994878166,-1.6576220031873092],[-78.67820102702731,-1.6576223454261332],[-78.67819211557908,-1.65762179474933],[-78.67818330246696,-1.6576203565966432],[-78.67817467474963,-1.6576180451746128],[-78.67816631765426,-1.6576148833161926],[-78.67815831373485,-1.6576109022552075],[-78.67815074205653,-1.65760614131781],[-78.67814367741467,-1.6576006475340022],[-78.67813718959592,-1.657594475173096],[-78.67813134268896,-1.6575876852075406],[-78.67812619445128,-1.6575803447107236],[-78.67812179573878,-1.6575725261943162],[-78.67811819000319,-1.6575643068920038],[-78.67811541286312,-1.6575557679965585],[-78.67811349175194,-1.6575469938578253],[-78.6781132480801,-1.6575455405685477],[-78.67811232490338,-1.6575407538634468],[-78.6781118519671,-1.657538587386075],[-78.67811027606393,-1.6575321289743552],[-78.67810969806018,-1.6575299884590982],[-78.67810831309271,-1.6575253158613694],[-78.67810763141406,-1.65752320646511],[-78.67810543403519,-1.657516934592874],[-78.67810465032365,-1.6575148613967685],[-78.67810281690348,-1.6575103479063338],[-78.67810193304729,-1.6575083159053978],[-78.67809913535474,-1.6575022909743946],[-78.67809815348292,-1.6575003050633081],[-78.67809588926693,-1.6574959941475964],[-78.67809481174518,-1.6574940591112104],[-78.67809144068238,-1.657488339144954],[-78.6780902701063,-1.6574864596444017],[-78.6780875969003,-1.657482392820201],[-78.67808633609003,-1.6574805733836375],[-78.678082424122,-1.6574752134682338],[-78.67808107611525,-1.6574734584792188],[-78.67807801966333,-1.657469674911668],[-78.67807658770673,-1.6574679885970742],[-78.6780721725082,-1.6574630403518749],[-78.67807066005224,-1.6574614267751386],[-78.67806724979052,-1.6574579629029937],[-78.67806566047831,-1.6574564259507747],[-78.67806078456965,-1.6574519370295788],[-78.6780591222308,-1.6574504804053098],[-78.67805539100107,-1.6574473695865763],[-78.67805365963905,-1.6574459967983064],[-78.67805169089817,-1.6574445131262432],[-78.67804486076128,-1.6574388150222472],[-78.67803862249191,-1.657432466706277],[-78.67803303694033,-1.6574255301020615],[-78.67802815858995,-1.657418072871691],[-78.67802403502593,-1.657410167755617],[-78.67802070647092,-1.6574018918631275],[-78.6780182053928,-1.6573933259201934],[-78.67801655618797,-1.6573845534820384],[-78.67801577494332,-1.6573756601180758],[-78.67801586927938,-1.6573667325773374],[-78.67801683827595,-1.6573578579421833],[-78.67801867248109,-1.6573491227789088],[-78.6780213540033,-1.6573406122933494],[-78.6780248566861,-1.6573324094997839],[-78.67802914636304,-1.6573245944111512],[-78.67803418119114,-1.65731724325855],[-78.6780399120589,-1.6573104277477082],[-78.67804628306546,-1.6573042143595125],[-78.67805323206576,-1.657298663701536],[-78.67806069127684,-1.6572938299168836],[-78.67806858793892,-1.6572897601559604],[-78.67807684502522,-1.657286494116676],[-78.6780853819932,-1.6572840636571324],[-78.67808610880134,-1.657283895253729],[-78.67808824403443,-1.6572833446543769],[-78.67809460356024,-1.6572815362841273],[-78.67809670937437,-1.6572808809156185],[-78.67810130195821,-1.657279326362555],[-78.67810337328021,-1.657278567803738],[-78.67810952604363,-1.6572761408637358],[-78.6781115578837,-1.6572752809419422],[-78.67811597693616,-1.6572732808807078],[-78.67811796439871,-1.6572723216678582],[-78.6781238511457,-1.657269299530649],[-78.67812578944317,-1.6572682433374277],[-78.67812999240587,-1.6572658170299597],[-78.67813187686944,-1.657264666400385],[-78.67813744090638,-1.6572610781713766],[-78.67813926699553,-1.657259835877783],[-78.67814321339164,-1.657257006690777],[-78.67814497670675,-1.6572556757262484],[-78.6781501644506,-1.6572515559609227],[-78.6781518607434,-1.6572501395321693],[-78.67815551256786,-1.6572469347115606],[-78.67815713775285,-1.6572454362300708],[-78.67816189924157,-1.6572408246048695],[-78.6781634494033,-1.657239247680779],[-78.67816677148612,-1.6572356980915013],[-78.67816824289001,-1.6572340465238669],[-78.67817253226839,-1.657228987450705],[-78.67817392136948,-1.6572272652185285],[-78.67817688171755,-1.6572234050447012],[-78.67817818516977,-1.6572216162965485],[-78.67818196112813,-1.6572161584977538],[-78.67818317579093,-1.6572143075434307],[-78.67818574589451,-1.6572101739605791],[-78.67818686884216,-1.6572082652584426],[-78.67819009501636,-1.6572024612950593],[-78.67819112354309,-1.6572004994441478],[-78.67819327865038,-1.6571961322613877],[-78.67819421027886,-1.65719412198708],[-78.67819685559877,-1.6571880277550022],[-78.67819768808413,-1.65718597390125],[-78.67819940744054,-1.657181415176402],[-78.67820013877765,-1.657179322690173],[-78.67820217776753,-1.6571729968800162],[-78.67820280619436,-1.6571708708026331],[-78.67820407324133,-1.6571661644394244],[-78.67820459724388,-1.6571640098931597],[-78.67820601026723,-1.6571575134255905],[-78.67820642858321,-1.657155335600582],[-78.67820723111856,-1.657150526923309],[-78.67820754274021,-1.657148331066152],[-78.6782083374329,-1.6571415450998437],[-78.67820833804497,-1.6571415451724298],[-78.67820834092045,-1.657141503100784],[-78.67820850256525,-1.657140128309971],[-78.67820861493065,-1.6571390503966654],[-78.67820882422632,-1.6571367702352484],[-78.6782089101425,-1.6571356940190427],[-78.67820892124018,-1.6571355305690671],[-78.67820898287967,-1.657134423028171],[-78.67820910659901,-1.657131574257756],[-78.67820916428245,-1.6571301420883635],[-78.67820919563202,-1.6571289915292442],[-78.67820928587543,-1.6571227538967424],[-78.67820927048604,-1.6571207424107557],[-78.67820908556817,-1.6571145322529448],[-78.6782090564524,-1.657113857119639],[-78.6782089936973,-1.6571129388339083],[-78.67820848382348,-1.6571068169117413],[-78.67820827258488,-1.6571048166295712],[-78.67820748367404,-1.6570986546150135],[-78.67820738893899,-1.6570979856047874],[-78.67820723704287,-1.6570970779302892],[-78.67820613333517,-1.6570910357788151],[-78.6782057282818,-1.6570890659645037],[-78.67820434297555,-1.6570830114364619],[-78.6782040568676,-1.6570818334908348],[-78.67820380331126,-1.6570808471287313],[-78.67820379699869,-1.6570808268456194],[-78.6782029835741,-1.6570776797916449],[-78.67820270338096,-1.6570766517755597],[-78.67814189538028,-1.6568638238567006],[-78.67814157780629,-1.656862761611385],[-78.67814083415114,-1.6568603804933255],[-78.67814051360561,-1.6568593938888372],[-78.67813811694164,-1.656852294278083],[-78.67813735695688,-1.6568502122123279],[-78.6781353168238,-1.6568450204003582],[-78.67813445619214,-1.6568429782710532],[-78.67813201751636,-1.6568375652961869],[-78.67813105839348,-1.6568355682183975],[-78.67812808943245,-1.6568297548910504],[-78.67812756375353,-1.6568287564904967],[-78.67812572485037,-1.6568253670357904],[-78.67812514227096,-1.656824326174923],[-78.67803424343899,-1.656666827264698],[-78.6780336781722,-1.65666587494071],[-78.6780324093816,-1.6566637957552508],[-78.67803182106101,-1.6566628576788767],[-78.67803114212441,-1.6566618039899053],[-78.67803053529911,-1.6566608491554158],[-78.67803017481074,-1.656660274017999],[-78.67802971153256,-1.6566595245134097],[-78.67802847871079,-1.6566576089777745],[-78.6780281584203,-1.6566571371141632],[-78.67802786484805,-1.6566567018995242],[-78.67802624864214,-1.6566542908425572],[-78.67802459128353,-1.6566520136658707],[-78.67802380476962,-1.6566509158665794],[-78.67802317447669,-1.656650022089017],[-78.67802199862497,-1.6566484619688158],[-78.67802145589329,-1.6566477685635674],[-78.67802104112032,-1.6566472317516923],[-78.6780205070699,-1.6566465315525638],[-78.67801909360747,-1.6566447468417935],[-78.67801872889832,-1.6566443088420066],[-78.67801839434875,-1.6566439046797383],[-78.67801655108343,-1.6566416646491886],[-78.67801467990378,-1.656639561913331],[-78.67801379024846,-1.656638546978106],[-78.67801307593477,-1.656637719673996],[-78.67801175378557,-1.6566362830470884],[-78.67801114612722,-1.6566356465127234],[-78.67801068106537,-1.6566351531978434],[-78.67801008138656,-1.6566345090479393],[-78.67800850089496,-1.6566328723486432],[-78.67800809527961,-1.656632472431162],[-78.67800772297493,-1.6566321032138929],[-78.6780056704015,-1.6566300557819325],[-78.67800360342166,-1.6566281477375842],[-78.67800261919295,-1.6566272254411765],[-78.67800182773718,-1.6566264725773625],[-78.67800037202387,-1.6566251732796595],[-78.67799970529332,-1.65662459974874],[-78.67799919442088,-1.656624154681087],[-78.67799853488623,-1.6566235727812186],[-78.67799680258788,-1.6566220998571166],[-78.6779963599726,-1.656621741873416],[-78.67799595349857,-1.656621411157057],[-78.6779937113836,-1.6566195760408966],[-78.67799146850741,-1.6566178810614796],[-78.67799039918512,-1.6566170602871035],[-78.67798953821087,-1.6566163891153274],[-78.67798796295386,-1.6566152396605627],[-78.67798724356899,-1.6566147346537863],[-78.67798669180598,-1.65661434211964],[-78.6779857762173,-1.656613682051773],[-78.67798476632689,-1.6566129443153208],[-78.67798386639251,-1.65661230372412],[-78.6779818698989,-1.656610919255321],[-78.67798095461542,-1.6566103010834081],[-78.6779733729739,-1.6566053152297777],[-78.67796609014502,-1.6565999831284575],[-78.67795937449422,-1.6565939439648079],[-78.67795329352752,-1.6565872584447967],[-78.67794790837111,-1.6565799937716403],[-78.67794327315683,-1.6565722229701978],[-78.67793943447803,-1.6565640241529742],[-78.67793643092136,-1.6565554797348554],[-78.67793429267866,-1.6565466756047793],[-78.67793304124362,-1.6565377002623056],[-78.67793268919576,-1.6565286439280165],[-78.67793324007383,-1.6565195976366316],[-78.67793468834039,-1.6565106523218944],[-78.67793701943735,-1.656501897902578],[-78.67794020993243,-1.6564934223785148],[-78.67794422775461,-1.6564853109460953],[-78.67794903251655,-1.6564776451418342],[-78.67795457592054,-1.6564705020227801],[-78.677960802244,-1.6564639533919239],[-78.6782019990936,-1.6562344912861662],[-78.67820279076626,-1.656233719397124],[-78.67820451126424,-1.6562320002033504],[-78.67820528387314,-1.6562312089966116],[-78.67821084966171,-1.6562253675398844],[-78.6782123356748,-1.6562237292717832],[-78.67821551349633,-1.6562200483562453],[-78.6782169178375,-1.6562183386862348],[-78.67822100196517,-1.6562131104326572],[-78.67822232125148,-1.6562113334792505],[-78.67822512524147,-1.6562073568409432],[-78.67822635629497,-1.6562055168844942],[-78.67822991151277,-1.6561999109647048],[-78.67823105136706,-1.6561980124388687],[-78.6782334545218,-1.6561937783746186],[-78.6782345004312,-1.6561918258526158],[-78.67823749250094,-1.656185896253806],[-78.67823844194604,-1.6561838944389042],[-78.67824042112143,-1.6561794437258193],[-78.67824127181458,-1.6561773974412335],[-78.67824367192051,-1.6561712012694945],[-78.67824442181245,-1.6561691154447096],[-78.67824595794825,-1.6561644909450015],[-78.6782466052325,-1.6561623706046578],[-78.67824839026026,-1.6561559675326707],[-78.67824893337736,-1.6561538177850774],[-78.6782500116797,-1.6561490640354681],[-78.6782504493212,-1.6561468900596836],[-78.67825160208015,-1.656140341752186],[-78.67825193319179,-1.656138148785454],[-78.67825254327602,-1.6561333115668988],[-78.6782527670601,-1.6561311048923484],[-78.6782532764485,-1.6561244744131798],[-78.67825339236592,-1.6561222593467737],[-78.67825352835659,-1.6561173852444524],[-78.6782535361281,-1.6561151671224985],[-78.67825339724028,-1.6561085183268105],[-78.67825329684715,-1.6561063024930285],[-78.67825295743462,-1.656101438447177],[-78.67825274911868,-1.656099230239565],[-78.67825196329223,-1.6560926271590741],[-78.67825164755537,-1.6560904318974004],[-78.67825083600837,-1.6560856247515305],[-78.67825041361125,-1.6560834477245647],[-78.67824898841408,-1.6560769539503253],[-78.67824846037429,-1.6560748004026888],[-78.67824718450846,-1.6560700964522272],[-78.67824655209802,-1.6560679715716602],[-78.67824450125566,-1.6560616496427127],[-78.67824376599812,-1.656059558548351],[-78.6782420381009,-1.656055003095322],[-78.67824120176752,-1.6560529508247752],[-78.67823854503078,-1.6560468616246387],[-78.67823760963655,-1.6560448531224767],[-78.67823544634827,-1.656040490037645],[-78.67823441414662,-1.6560385301423823],[-78.67823117710108,-1.656032732312833],[-78.67823005057862,-1.6560308257458853],[-78.678227472733,-1.656026697048394],[-78.67822625460347,-1.6560248484026316],[-78.67822246842393,-1.65601939778051],[-78.67822116162218,-1.656017611509869],[-78.67821819404573,-1.6560137569619506],[-78.6782168017197,-1.6560120373693419],[-78.67821250286885,-1.6560069864466906],[-78.6782110283726,-1.6560053376746051],[-78.6782076996448,-1.6560017943975975],[-78.6782061465306,-1.6560002204181878],[-78.67820137640958,-1.6559956178390458],[-78.67819974841974,-1.6559941224448975],[-78.67819609059707,-1.6559909245614488],[-78.67819439165298,-1.6559895113545304],[-78.67818919619934,-1.6559854014429807],[-78.67818743039436,-1.6559840738281606],[-78.67818347870457,-1.6559812521364783],[-78.67818165029212,-1.6559800133116545],[-78.67817860669805,-1.6559780586463488],[-78.67817147171718,-1.6559729681014939],[-78.67816486249907,-1.6559672034362212],[-78.67815884169777,-1.65596081929837],[-78.67815346638925,-1.655953876208332],[-78.67814878753032,-1.6559464399852026],[-78.67814484947564,-1.6559385811228386],[-78.67814168955712,-1.6559303741217235],[-78.67813933773016,-1.6559218967825533],[-78.67813781628956,-1.6559132294687733],[-78.6781371396583,-1.6559044543447718],[-78.67813731425065,-1.655895654596962],[-78.67813833841153,-1.6558869136451462],[-78.67814020243208,-1.6558783143517914],[-78.67814288864174,-1.6558699382364521],[-78.67814637157582,-1.6558618647030046],[-78.67815061821679,-1.6558541702868954],[-78.67815558830733,-1.6558469279296273],[-78.67816123473203,-1.6558402062873074],[-78.67816750396392,-1.6558340690797344],[-78.67865757693669,-1.6553989824717923],[-78.67865839453562,-1.6553982384543915],[-78.67866017280225,-1.6553965798581445],[-78.67866097200965,-1.6553958158739568],[-78.67866673425438,-1.6553901706110423],[-78.67866827540847,-1.655388584771954],[-78.678671577219,-1.6553850160793746],[-78.67867303919138,-1.6553833560523095],[-78.67867729968356,-1.6553782723217672],[-78.67867867895276,-1.6553765421051416],[-78.67868161726561,-1.655372664919523],[-78.67868291050806,-1.655370868682597],[-78.67868665531833,-1.655365389193661],[-78.67868785941872,-1.6553635312634838],[-78.67869040593666,-1.6553593829237199],[-78.67869151799417,-1.6553574677762974],[-78.67869471105817,-1.6553516452990635],[-78.67869572839416,-1.655349677547414],[-78.6786978585924,-1.655345298004986],[-78.6786987787556,-1.6553432823903855],[-78.67870138932206,-1.6553371729989845],[-78.678702210096,-1.6553351143765873],[-78.67870390345972,-1.6553305458087764],[-78.67870462286687,-1.655328449138502],[-78.67870662579467,-1.655322111669687],[-78.67870724210202,-1.6553199820023268],[-78.67870848232327,-1.65531526840663],[-78.67870899404605,-1.6553131108728811],[-78.67871037004588,-1.6553066063600228],[-78.6787107759513,-1.65530442615747],[-78.67871155108605,-1.655299612928519],[-78.67871185019625,-1.6552974153095872],[-78.67871258601654,-1.65529080639454],[-78.67871277761094,-1.6552885966534618],[-78.67871308019421,-1.6552837301453536],[-78.67871316381125,-1.6552815136054617],[-78.67871325236564,-1.6552748639357802],[-78.67871322780387,-1.6552726459370273],[-78.67871305492164,-1.6552677730169498],[-78.67871292224022,-1.6552655589026943],[-78.67871236267591,-1.655258932518345],[-78.67871212219451,-1.655256727622454],[-78.67871147551176,-1.6552518952193473],[-78.67871112780968,-1.655249704853664],[-78.67870975029938,-1.6552422125685193],[-78.67870967124817,-1.6552417899421428],[-78.67870844346061,-1.655232721032214],[-78.6787081332543,-1.655223573669857],[-78.67870874380927,-1.6552144416281493],[-78.6787102688665,-1.6552054185231597],[-78.67871078948839,-1.6552030659222583],[-78.67871206724283,-1.6551965411456442],[-78.67871244022443,-1.6551943549955572],[-78.67871314268724,-1.6551895304840096],[-78.67871340862328,-1.6551873285503993],[-78.67871404469756,-1.655180709159769],[-78.67871420294738,-1.6551784967472496],[-78.67871443210973,-1.655173626178822],[-78.6787144822921,-1.6551714086172689],[-78.67871447056046,-1.6551647583609914],[-78.67871441255448,-1.6551625409927098],[-78.67871416620942,-1.6551576712737965],[-78.67871400015484,-1.6551554594405387],[-78.67871334073031,-1.6551488423642302],[-78.67871306702718,-1.6551466413947544]]]},"properties":{"target_platform":"PLATAFORMA E","source_id":176,"selected_rank":1,"nombre":"PARQUE LOS ALTARES","elemento":"Canchas deportivas múltiples.","tipologia":"Zonal","origin_platform":"PLATAFORMA Q","distance_m":1000,"pair_distance_m":4417.54,"pair_selection_mode":"full_pair_threshold","effective_parks":2,"covered_manzanas_individual":3,"covered_population_individual":115,"covered_manzanas_pair":3,"covered_population_pair":115,"covered_manzanas_pair_percent":100.0,"covered_population_pair_percent":100.0,"total_platform_manzanas":3,"total_platform_population":115,"source_lon":-78.631924545,"source_lat":-1.68464915,"snap_m":18.96,"categoria":"ZONAL","pair_label":"PLATAFORMA E | Parque 1","covered_manzanas":["060150009006001","060150009006003","060150009010002"]}},{"type":"Feature","geometry":{"type":"MultiPolygon","coordinates":[[[[-78.68008036805954,-1.6501513616790793],[-78.68008857057586,-1.6501545971675329],[-78.6800964186927,-1.650158625667194],[-78.68009909481395,-1.6501601702414692],[-78.68010103320056,-1.6501612262643073],[-78.68010534959235,-1.6501634417374316],[-78.68010733713467,-1.6501644007749938],[-78.68011336437654,-1.6501671280680112],[-78.68011539628698,-1.6501679878102051],[-78.68011990768595,-1.6501697668626614],[-78.68012197906941,-1.6501705252383165],[-78.68012824293233,-1.65017264489418],[-78.68013034879952,-1.6501733000765508],[-78.68013501175768,-1.6501746255747807],[-78.68013714703426,-1.6501751759851633],[-78.68014358719381,-1.6501766675903553],[-78.68014574673641,-1.6501771119029365],[-78.68015051634728,-1.6501779710817819],[-78.68015269495358,-1.6501783082261794],[-78.68015924938648,-1.6501791574155225],[-78.6801614418081,-1.6501793865795065],[-78.68016627213667,-1.6501797711645012],[-78.68016847309131,-1.650179891795901],[-78.6801750786757,-1.6501800903914154],[-78.6801772828609,-1.6501801021996445],[-78.6801821273906,-1.650180008487167],[-78.68018432949587,-1.6501799114437798],[-78.68019092261596,-1.650179457532852],[-78.68019311733777,-1.6501792518716107],[-78.68019792941205,-1.650178680764074],[-78.6802001114616,-1.6501783669805234],[-78.680206628623,-1.6501772649344237],[-78.68020879274414,-1.6501768437844395],[-78.68021352601943,-1.6501758007820486],[-78.68021566699899,-1.6501752732801591],[-78.68022204543719,-1.6501735337122105],[-78.68022415811636,-1.65017290112946],[-78.68022876701012,-1.650171396276507],[-78.68023084630067,-1.6501706601364128],[-78.68023702458696,-1.650168299799924],[-78.68023906547921,-1.650167461876032],[-78.68024350560357,-1.650165509665594],[-78.68024550318016,-1.6501645719768259],[-78.68025142181519,-1.6501616136027797],[-78.68025337126456,-1.6501605784077444],[-78.68025759985952,-1.6501581976403703],[-78.68025949648467,-1.6501570674332475],[-78.68026509846885,-1.6501535395122973],[-78.68026693770047,-1.6501523170159988],[-78.68027091404304,-1.6501495306193148],[-78.68027269145034,-1.6501482187789651],[-78.68027792283331,-1.650144155286952],[-78.68027963413539,-1.6501427572620742],[-78.68028331993023,-1.6501395920711561],[-78.68028496100344,-1.6501381112304905],[-78.68028977140348,-1.6501335513016169],[-78.68029133829495,-1.6501319912120447],[-78.68029469804561,-1.6501284777097216],[-78.6802961869804,-1.6501268421297857],[-78.6803005300711,-1.6501218296783728],[-78.68030193746196,-1.650120122548562],[-78.68030493881261,-1.6501162945714267],[-78.68030626126877,-1.650114520004754],[-78.68031009522419,-1.6501091033029776],[-78.68031132956027,-1.650107265573794],[-78.68031394360638,-1.6501031599871572],[-78.68031508684824,-1.6501012635235308],[-78.68031837474506,-1.65009549473732],[-78.6803194241388,-1.650093544107577],[-78.68032162570564,-1.6500892004504608],[-78.68032257872346,-1.650087200353341],[-78.68032528889711,-1.650081135039878],[-78.68032614324288,-1.6500790902941547],[-78.68032791112789,-1.6500745503988736],[-78.68032866474339,-1.6500724659305415],[-78.68033077109358,-1.6500661625019644],[-78.68033142216329,-1.6500640433326366],[-78.6803327393409,-1.6500593509207586],[-78.68033328629633,-1.650057202155773],[-78.68033476853786,-1.6500507213171813],[-78.68033521006129,-1.650048548133341],[-78.68033606384643,-1.6500437483950976],[-78.68033639887425,-1.6500415560276316],[-78.6803372427323,-1.6500349601930078],[-78.68033747045739,-1.650032753923494],[-78.6803378526276,-1.6500278930830694],[-78.68033797250139,-1.650025678226514],[-78.6803381698491,-1.6500190309177503],[-78.68033818158275,-1.6500168128099688],[-78.68033808845756,-1.650011937680093],[-78.68033799202283,-1.650009721664668],[-78.68033754095966,-1.6500030868989284],[-78.68033733658888,-1.6500008783145452],[-78.68033703594868,-1.6499983130634919],[-78.68033643800663,-1.64998964930495],[-78.68033666898263,-1.6499809677871244],[-78.6803374440029,-1.6499746525532768],[-78.68021328116193,-1.6500684215171457],[-78.68007787912268,-1.6501506537644806],[-78.68008036805954,-1.6501513616790793]]],[[[-78.68075046716564,-1.6496692705376064],[-78.68075899563124,-1.6496709326697967],[-78.68076732468086,-1.649673416003352],[-78.68077537642445,-1.6496766973151142],[-78.68077999362353,-1.649678845999677],[-78.68078201637515,-1.6496797273434671],[-78.68078650880379,-1.6496815543641974],[-78.68078857209282,-1.6496823347676783],[-78.68079481330467,-1.6496845210450144],[-78.68079691216074,-1.649685198628191],[-78.6808015609128,-1.6496865737349615],[-78.68080369027942,-1.6496871468654406],[-78.68081011438503,-1.6496887070051598],[-78.6808122691325,-1.6496891743022388],[-78.68081702943802,-1.6496900842519622],[-78.68081920437464,-1.6496904445897587],[-78.68082574950823,-1.6496913635672272],[-78.68082793939502,-1.6496916160777928],[-78.68083276540851,-1.6496920521069451],[-78.68083496497078,-1.6496921961820004],[-78.68084156809739,-1.6496924651466378],[-78.680843772035,-1.6496925004390095],[-78.68084861728,-1.649692458348489],[-78.68085082028355,-1.6496923847731464],[-78.68085741781204,-1.649692001134751],[-78.68085961457395,-1.6496918188690128],[-78.68086443238931,-1.6496912990640682],[-78.68086661761777,-1.6496910085470058],[-78.68087314601077,-1.6496899760001271],[-78.68087531444183,-1.6496895779315564],[-78.68088005842706,-1.6496885854184047],[-78.6808822048372,-1.6496880807571803],[-78.68088860122117,-1.6496864092461074],[-78.68089072043854,-1.6496857992082028],[-78.68089534490804,-1.6496843435450055],[-78.68089743182776,-1.64968362959989],[-78.68090363460246,-1.6496813352221957],[-78.68090568419704,-1.6496805190897854],[-78.6809101446136,-1.6496786142956636],[-78.68091215194383,-1.64967769794273],[-78.68091810137531,-1.6496748027936419],[-78.68092006160701,-1.6496737884270618],[-78.68092431501468,-1.6496714528462157],[-78.68092622342573,-1.6496703429094777],[-78.68093186221516,-1.649666874871974],[-78.68093371420686,-1.649665672039669],[-78.68093771964324,-1.649662928164845],[-78.68093951075377,-1.649661635334921],[-78.68094478459808,-1.6496576278071746],[-78.68094651051376,-1.6496562480932528],[-78.68095022940466,-1.6496531223492001],[-78.68095188596638,-1.649651659076121],[-78.68095674407468,-1.6496471506534323],[-78.680958327293,-1.6496456073451164],[-78.68096172382276,-1.6496421298350061],[-78.68096322988254,-1.6496405102103875],[-78.68096762546881,-1.6496355443110993],[-78.680969050742,-1.6496338522718617],[-78.68097209220028,-1.6496300564859716],[-78.68097343325383,-1.6496282961076512],[-78.68097732398589,-1.649622920556469],[-78.68097857758832,-1.6496210960809208],[-78.68098123468457,-1.6496170185743446],[-78.68098239781605,-1.6496151343966854],[-78.6809857462243,-1.6496094009628508],[-78.68098681608292,-1.6496074616219052],[-78.68098906322774,-1.64960314166327],[-78.68099003723593,-1.6496011518314901],[-78.68099281107332,-1.649595115731071],[-78.68099368688489,-1.6495930802014802],[-78.68099550243679,-1.6495885593949031],[-78.68099627794153,-1.6495864830719373],[-78.68099845049451,-1.649580202435928],[-78.68099912382436,-1.649578090321172],[-78.68100049029871,-1.6495734122042485],[-78.68100105983142,-1.6495712693863789],[-78.68100261017712,-1.6495648047006686],[-78.68100307454066,-1.6495626363418803],[-78.68100397877767,-1.649557845967087],[-78.68100433685335,-1.6495556572910965],[-78.68100525006109,-1.6495490708140952],[-78.68100550098634,-1.6495468670933788],[-78.68100593427762,-1.6495420105950822],[-78.68100607744789,-1.6495397971388222],[-78.68100634472297,-1.649533152302098],[-78.68100637979337,-1.6495309344426135],[-78.68100637239371,-1.649530071855506],[-78.68100670751026,-1.6495214516594932],[-78.68100785764292,-1.6495129028621516],[-78.68100981231724,-1.64950450331856],[-78.68101255373172,-1.6494963295245995],[-78.68101605691989,-1.6494884559201546],[-78.68101646644222,-1.6494877301759256],[-78.68086151803914,-1.649578866833661],[-78.68074278243313,-1.6496685370978228],[-78.68075046716564,-1.6496692705376064]]],[[[-78.68121529358267,-1.6493709114830037],[-78.68121744177462,-1.6493704145589319],[-78.68122384406617,-1.649368766105518],[-78.6812259654401,-1.6493681637075313],[-78.68123059505928,-1.6493667247163932],[-78.6812326845063,-1.6493660182952339],[-78.68123889540608,-1.6493637462813775],[-78.68124094789101,-1.6493629375393268],[-78.68124541505695,-1.6493610488287431],[-78.68124742563595,-1.6493601397138618],[-78.68125338532998,-1.649357266020193],[-78.68125534915839,-1.6493562587230488],[-78.68125961084942,-1.6493539384825076],[-78.68126152319748,-1.6493528354291391],[-78.6812671742911,-1.6493493877306717],[-78.68126903055104,-1.6493481915788242],[-78.68127304572486,-1.6493454621535326],[-78.68127484142487,-1.649344175784761],[-78.68128127653186,-1.6493393221377846],[-78.68128215041195,-1.6493386460064376],[-78.68128405428776,-1.649337135186688],[-78.68128491141704,-1.6493364376763262],[-78.68131171509759,-1.6493140725252646],[-78.68121496355302,-1.6493709792905362],[-78.68121529358267,-1.6493709114830037]]],[[[-78.6814614799708,-1.649231523997646],[-78.68146981129203,-1.6492330296310382],[-78.68147796479957,-1.6492353177110972],[-78.68148586809811,-1.6492383679219031],[-78.68149345101395,-1.6492421531805015],[-78.68149662215677,-1.6492439282068523],[-78.68150239645168,-1.6492469603540536],[-78.68150437505275,-1.6492479379382707],[-78.6815087756162,-1.6492499788530712],[-78.68151079950073,-1.649250857561156],[-78.68151692979437,-1.6492533413970596],[-78.681518994087,-1.6492541191122378],[-78.68152357224908,-1.6492557161440102],[-78.68152567197657,-1.6492563909926168],[-78.68153201468158,-1.6492582581986703],[-78.6815341447845,-1.6492588285546237],[-78.68153885645629,-1.6492599663234795],[-78.6815410118037,-1.6492604308129502],[-78.68154750583639,-1.6492616634069281],[-78.68154968123639,-1.6492620209110405],[-78.68155448104054,-1.6492626884592545],[-78.6815566712514,-1.6492629381165433],[-78.68156325407121,-1.6492635242279097],[-78.68156545381692,-1.649263665437066],[-78.68157029552937,-1.6492638563359152],[-78.68157249951179,-1.649263888756746],[-78.68157910772142,-1.6492638227407959],[-78.68158131062967,-1.6492637462951547],[-78.68158614762086,-1.649263458706166],[-78.68158834414807,-1.649263273578217],[-78.68159491410779,-1.6492625560706795],[-78.68159709896173,-1.6492622627064957],[-78.68160188465133,-1.6492614993991257],[-78.68160405256953,-1.6492610985053549],[-78.68161052100561,-1.649259736416389],[-78.68161266676566,-1.649259228958671],[-78.68161735506283,-1.6492579972841983],[-78.68161947349418,-1.6492573844853364],[-78.68162577811303,-1.6492553909325132],[-78.68162786411354,-1.6492546742684109],[-78.68163240986705,-1.6492529860887208],[-78.68163445841073,-1.6492521672860427],[-78.68164053849536,-1.6492495614683393],[-78.68164254464637,-1.649248642499952],[-78.68164690407991,-1.6492465140724875],[-78.68164886300498,-1.6492454971525043],[-78.68165466000207,-1.6492423041646664],[-78.68165656698336,-1.6492411917421859],[-78.68166069811156,-1.6492386435656268],[-78.68166254855454,-1.6492374383208308],[-78.68166800663434,-1.649233688913783],[-78.68166979608085,-1.649232393750394],[-78.68167365911947,-1.649229450364618],[-78.68167538325916,-1.6492280684023364],[-78.68168044985714,-1.6492237986851341],[-78.6816821045358,-1.649222333253752],[-78.68168566228194,-1.649219023004885],[-78.68168724351328,-1.6492174776347908],[-78.68169186983614,-1.6492127287263936],[-78.68169337381107,-1.6492111071402769],[-78.68169659200103,-1.6492074619083885],[-78.68169801509644,-1.6492057680127503],[-78.68170215658961,-1.6492005856482808],[-78.68170349537718,-1.649198823523712],[-78.68170634301822,-1.64919487841421],[-78.68170759427244,-1.6491930523061875],[-78.6817112110511,-1.6491874863946456],[-78.6817123717577,-1.6491856007022812],[-78.68171482142556,-1.6491813937086113],[-78.68171588878847,-1.6491794529743502],[-78.68171894602088,-1.6491735571189305],[-78.68171991746854,-1.649171566018479],[-78.68172194557154,-1.649167137656327],[-78.68172281876356,-1.6491651009866988],[-78.68172528700721,-1.6491589319671476],[-78.6817260598401,-1.649156854634554],[-78.68172764684645,-1.64915224755152],[-78.68172831745837,-1.6491501345605417],[-78.68173017294272,-1.649143751787854],[-78.68173073971809,-1.6491416082289259],[-78.68173187034402,-1.6491368667938489],[-78.68173233191753,-1.6491346978306118],[-78.68173355677315,-1.6491281627747256],[-78.68173391203271,-1.6491259736328254],[-78.68173457538971,-1.6491211435083568],[-78.68173482347952,-1.649118939461443],[-78.68173540591046,-1.6491123150582743],[-78.68173554623283,-1.6491101014161633],[-78.68173560358878,-1.6491086282698708],[-78.6817363347686,-1.6491001294641605],[-78.68173785877923,-1.6490917378580132],[-78.68174016204908,-1.6490835281801126],[-78.68174322406716,-1.6490755735390261],[-78.68174701756566,-1.6490679447721486],[-78.68175150876283,-1.649060709814964],[-78.68175665766383,-1.6490539330959826],[-78.68175979783153,-1.6490505218080587],[-78.68145324092215,-1.6492308306823162],[-78.6814614799708,-1.649231523997646]]],[[[-78.68218749088108,-1.648795199333374],[-78.68219525057931,-1.648798927609938],[-78.68220262049496,-1.6488033854176467],[-78.6822031782846,-1.648803760504065],[-78.6822087614047,-1.6488073185900525],[-78.6822106519848,-1.6488084590105705],[-78.68221486784387,-1.6488108625516065],[-78.68221681175369,-1.6488119082463135],[-78.6822227145533,-1.648814898500498],[-78.68222470710913,-1.6488158469498662],[-78.68222913677718,-1.6488178230804045],[-78.68223117317918,-1.6488186719996891],[-78.68223733881166,-1.6488210656245685],[-78.68223941415386,-1.6488218129686254],[-78.68224401496992,-1.6488233426571275],[-78.68224612425226,-1.6488239866253893],[-78.68225249333982,-1.6488257605691667],[-78.6822546314813,-1.6488262996104086],[-78.68225935913755,-1.648827368125414],[-78.6822615209873,-1.6488278009410329],[-78.68226803219049,-1.6488289381192336],[-78.68227021254002,-1.6488292636664448],[-78.6822750215075,-1.6488298607176848],[-78.6822772151039,-1.6488300782122],[-78.6822838057174,-1.6488305676734147],[-78.68228600727726,-1.6488306765913727],[-78.68229085124169,-1.6488307964287485],[-78.68229305545925,-1.6488307965076743],[-78.68229966201233,-1.6488306335380378],[-78.68230186357907,-1.6488305247777684],[-78.6823066958914,-1.6488301662471938],[-78.68230888950386,-1.6488299489096918],[-78.68231544837045,-1.6488291350787068],[-78.68231762874203,-1.6488288096877637],[-78.68232240286473,-1.6488279762418934],[-78.68232456474404,-1.648827543581274],[-78.68233101275959,-1.6488260867265045],[-78.6823331509396,-1.6488255478382476],[-78.68233782089328,-1.6488242475039967],[-78.68233993022187,-1.648823603686535],[-78.68234620528762,-1.6488215178384469],[-78.68234828068256,-1.648820770643009],[-78.68235280149429,-1.6488190159430611],[-78.68235483795658,-1.648818167169425],[-78.68236087964164,-1.648815472415364],[-78.68236287226438,-1.6488145241086867],[-78.68236720039641,-1.6488123319416368],[-78.68236914438027,-1.6488112863860203],[-78.68237489449854,-1.648808008678452],[-78.68237678515942,-1.648806868393134],[-78.68238087892972,-1.6488042598705381],[-78.68238271171339,-1.6488030276022796],[-78.68238811488827,-1.6487991985073012],[-78.68238988537985,-1.6487978772244203],[-78.68239370536183,-1.6487948774686356],[-78.68239540929557,-1.6487934703545026],[-78.68240041349186,-1.6487891267481032],[-78.6824020467624,-1.648787637192954],[-78.68240555616849,-1.6487842750926287],[-78.68240711484145,-1.648782706684687],[-78.68241167186581,-1.6487778903983754],[-78.68241315218637,-1.6487762469158809],[-78.68241631721901,-1.6487725548498713],[-78.6824177156205,-1.6487708402526537],[-78.68242178158658,-1.648765597669521],[-78.68242309470072,-1.6487638160874807],[-78.68242588487865,-1.64875982961267],[-78.68242710954144,-1.6487579853386056],[-78.68243064529165,-1.6487523669476323],[-78.68243177855317,-1.64875046442396],[-78.68243416700568,-1.6487462219319913],[-78.68243520613585,-1.648744265742002],[-78.68243817761851,-1.6487383256520314],[-78.68243912011384,-1.6487363205085086],[-78.68244108383874,-1.648731862857033],[-78.68244192742863,-1.648729813590752],[-78.68244430602698,-1.648723609007806],[-78.68244504867927,-1.6487215205552397],[-78.68244656876469,-1.648716890674132],[-78.68244720869019,-1.6487147680667893],[-78.68244897149711,-1.648708358744227],[-78.68244950715409,-1.6487062070959195],[-78.68245056896095,-1.6487014495730452],[-78.68245099905913,-1.648699274066819],[-78.68245212909771,-1.648692721730224],[-78.6824524526009,-1.6486905276070714],[-78.6824530459033,-1.6486856882604282],[-78.6824532620321,-1.6486834808065363],[-78.68245374841953,-1.648676848558232],[-78.6824538566533,-1.6486746330914408],[-78.68245397573747,-1.6486697585262664],[-78.68245397581546,-1.6486675403836981],[-78.68245381386758,-1.6486608920961303],[-78.6824537057896,-1.6486586766215592],[-78.6824533495087,-1.6486538137827773],[-78.68245313353512,-1.6486516063133967],[-78.68245232481159,-1.6486450060132554],[-78.68245200146272,-1.6486428118671166],[-78.68245117324793,-1.64863800758639],[-78.68245074330278,-1.6486358320495658],[-78.68244958878186,-1.6486306573999954],[-78.68244810607521,-1.6486221117301565],[-78.6824474441858,-1.648613462388854],[-78.68244760920899,-1.6486047890286302],[-78.6824485996251,-1.6485961715232622],[-78.68245040631327,-1.6485876892321445],[-78.68245301263552,-1.6485794202694357],[-78.6824535898316,-1.6485780584157448],[-78.68218231659725,-1.648793300487507],[-78.68218749088108,-1.648795199333374]]],[[[-78.68337217181896,-1.6479364596697645],[-78.68338138594751,-1.6479377482009534],[-78.68347947368719,-1.6479567196110432],[-78.68348055866227,-1.6479569155972267],[-78.68348295021418,-1.6479573171786361],[-78.6834840396433,-1.64795748631114],[-78.68349200206487,-1.6479586219810214],[-78.68349419140651,-1.6479588792639492],[-78.68349901647518,-1.6479593258100307],[-78.68350121572473,-1.6479594746784685],[-78.6835078182631,-1.647959758032922],[-78.68351002212157,-1.6479597981282275],[-78.68351486745162,-1.6479597665967727],[-78.68351707061049,-1.6479596978223956],[-78.68352366895567,-1.6479593285619223],[-78.68352586610773,-1.6479591510835105],[-78.68353068503366,-1.647958641778252],[-78.68353287088594,-1.647958356023322],[-78.68353940149127,-1.647957337704139],[-78.68354157077697,-1.6479569443611704],[-78.68354631689111,-1.6479559621869948],[-78.68354846438524,-1.6479554622033883],[-78.68355486435733,-1.6479538046325797],[-78.68355698488541,-1.6479531992130745],[-78.68356161248047,-1.6479517536287105],[-78.68356370093369,-1.647951044231908],[-78.68356990863879,-1.6479487633722911],[-78.68357195998642,-1.6479479517070428],[-78.68357642449566,-1.6479460566344277],[-78.68357843379664,-1.6479451446557487],[-78.68358438944927,-1.6479422624739268],[-78.68358635186206,-1.6479412523792556],[-78.68359061029044,-1.6479389260686161],[-78.68359252108681,-1.6479378202917194],[-78.68359816733198,-1.647934364544134],[-78.68360002190985,-1.6479331657482494],[-78.68360403324566,-1.647930430603587],[-78.68360582713667,-1.6479291416770234],[-78.68361110959802,-1.6479251456442687],[-78.68361283848016,-1.6479237696924725],[-78.6836165640928,-1.64792065205416],[-78.68361822380156,-1.6479191923915417],[-78.68362309160568,-1.6479146945577772],[-78.68362467814256,-1.6479131547008905],[-78.68362808215134,-1.6479096845942802],[-78.6836295916947,-1.647908068252318],[-78.68363399796175,-1.6479031119343641],[-78.68363542687463,-1.6479014230014897],[-78.68363847649711,-1.6478976338457323],[-78.68363982133721,-1.6478958763906857],[-78.6836437236322,-1.6478905093208869],[-78.68364498115942,-1.6478886875778345],[-78.68364764702685,-1.6478846158636058],[-78.6836488142117,-1.6478827342212534],[-78.6836521749537,-1.6478770080871172],[-78.68365324898438,-1.6478750710785028],[-78.68365550542256,-1.6478707560192254],[-78.68365648371172,-1.6478687683106246],[-78.68365927053514,-1.647862738257617],[-78.6836601507258,-1.647860704637981],[-78.68366197600416,-1.647856187789596],[-78.68366275597606,-1.6478541131576896],[-78.68366494204213,-1.6478478372586802],[-78.68366561991625,-1.647845726612487],[-78.68366699645605,-1.6478410514755306],[-78.68366757059933,-1.6478389098997865],[-78.68366913485494,-1.6478324485953706],[-78.68366960388414,-1.6478302812495274],[-78.68367051842878,-1.6478254928473706],[-78.68367088121403,-1.6478233049525353],[-78.68367180859458,-1.6478167204686254],[-78.68367206426188,-1.6478145172956893],[-78.6836725080037,-1.647809661743834],[-78.68367265593712,-1.6478074486004464],[-78.68367293751146,-1.6478008043490795],[-78.68367297735463,-1.647798586567052],[-78.68367294602018,-1.64779371062674],[-78.68367287767713,-1.6477914935487288],[-78.68367251073352,-1.6477848535177888],[-78.68367233436886,-1.6477826424849387],[-78.68367182825995,-1.647777793114416],[-78.68367154429855,-1.6477755934532559],[-78.6836705323709,-1.6477690215898613],[-78.6836701414969,-1.6477668385997795],[-78.6836691654876,-1.6477620625009801],[-78.68366866864267,-1.6477599014409832],[-78.68366702147641,-1.6477534610357707],[-78.68366669502531,-1.647752303123807],[-78.68336977102012,-1.6479363763430028],[-78.68337217181896,-1.6479364596697645]]]]},"properties":{"target_platform":"PLATAFORMA E","source_id":133,"selected_rank":2,"nombre":"Parque de la Georgina 2, a oado de los condominio faroles.","elemento":"Canchas deportivas múltiples.","tipologia":"Zonal","origin_platform":"PLATAFORMA I","distance_m":1000,"pair_distance_m":4417.54,"pair_selection_mode":"full_pair_threshold","effective_parks":2,"covered_manzanas_individual":1,"covered_population_individual":6,"covered_manzanas_pair":3,"covered_population_pair":115,"covered_manzanas_pair_percent":100.0,"covered_population_pair_percent":100.0,"total_platform_manzanas":3,"total_platform_population":115,"source_lon":-78.66153166666666,"source_lat":-1.6581449999999998,"snap_m":11.3,"categoria":"ZONAL","pair_label":"PLATAFORMA E | Parque 2","covered_manzanas":["060150009006001"]}}]}