{"type": "FeatureCollection", "features": [{"type": "Feature", "properties": {"categoria": "Administración Pública", "distance_m": 1250, "mode": "walking", "equipamientos_origen": 40, "nodos_alcanzables": 6611, "target_platform": "PLATAFORMA Ñ"}, "geometry": {"type": "Polygon", "coordinates": [[[-78.6757523832462, -1.6616135706023325], [-78.67107934287989, -1.6577501119720923], [-78.65718701210875, -1.6560346038038076], [-78.63307480199813, -1.6582328161773712], [-78.61747532327236, -1.6827860617935182], [-78.62500973272242, -1.6822537597979086], [-78.6215279673994, -1.687496164659898], [-78.62984955871413, -1.6924089044409116], [-78.64347588738548, -1.690305100261487], [-78.64346331362842, -1.6947566666766785], [-78.66553456145547, -1.6891167302815122], [-78.6757523832462, -1.6616135706023325]], [[-78.6206903505731, -1.6794060599797385], [-78.62515190377466, -1.6816581826904358], [-78.62066643828565, -1.6818759787676831], [-78.6206903505731, -1.6794060599797385]], [[-78.62305204858957, -1.6757688882486024], [-78.62465388732052, -1.6760579867082686], [-78.62322874447958, -1.6764290611550567], [-78.62305204858957, -1.6757688882486024]], [[-78.62432998441507, -1.6786564766110283], [-78.62342316250053, -1.6780182781034931], [-78.62446231497665, -1.678191801944948], [-78.62432998441507, -1.6786564766110283]], [[-78.62421756866273, -1.6863000769115368], [-78.62581912695418, -1.6871967761981905], [-78.62475604143097, -1.687727557902073], [-78.62421756866273, -1.6863000769115368]], [[-78.62595498988509, -1.6786700096864], [-78.62429789388425, -1.677211122757646], [-78.62494252672545, -1.6765439156692152], [-78.62595498988509, -1.6786700096864]], [[-78.62456517590802, -1.6886429195516313], [-78.62456655949944, -1.6891880207904502], [-78.62430855854555, -1.6888448732330916], [-78.62456517590802, -1.6886429195516313]], [[-78.62674562942564, -1.6872529874002848], [-78.62589902977885, -1.6886405333579795], [-78.62549756569547, -1.6881567327601117], [-78.62674562942564, -1.6872529874002848]], [[-78.62570003096468, -1.6820664335209157], [-78.6263549385293, -1.684644695743379], [-78.62599102809577, -1.6848857813336648], [-78.62570003096468, -1.6820664335209157]], [[-78.62703949664608, -1.6764087122249998], [-78.62598685875184, -1.6775658088380527], [-78.6267891668198, -1.6761611027680818], [-78.62703949664608, -1.6764087122249998]], [[-78.62762990781415, -1.6794023601252357], [-78.62696887870976, -1.6794022592703104], [-78.62720388815795, -1.6790365149716342], [-78.62762990781415, -1.6794023601252357]], [[-78.62714190837625, -1.6844124408208345], [-78.62733928371898, -1.6839632559043936], [-78.62741112626877, -1.6843721633406818], [-78.62714190837625, -1.6844124408208345]], [[-78.62783903358961, -1.6831331167172778], [-78.62771225529973, -1.6825758121745347], [-78.62833525151952, -1.6826965808062129], [-78.62783903358961, -1.6831331167172778]], [[-78.62810796414179, -1.6880662577765153], [-78.62810477651037, -1.6888993776289951], [-78.62774439294701, -1.6882528325109416], [-78.62810796414179, -1.6880662577765153]], [[-78.62857429495847, -1.6765187301519922], [-78.62789396704207, -1.6774094746578323], [-78.62815823629971, -1.6764214279012317], [-78.62857429495847, -1.6765187301519922]], [[-78.62861399811356, -1.6833129673644023], [-78.62806606228203, -1.6840258526740828], [-78.62785872545741, -1.6838256784218992], [-78.62861399811356, -1.6833129673644023]], [[-78.62851455070256, -1.6862431311400374], [-78.62846134366922, -1.6871358540664156], [-78.6280165880799, -1.6865745877746678], [-78.62851455070256, -1.6862431311400374]], [[-78.62846551299499, -1.6818528122571177], [-78.62979890583453, -1.6833181235213948], [-78.62957846612932, -1.683518946311621], [-78.62846551299499, -1.6818528122571177]], [[-78.62884581629709, -1.6752565673451871], [-78.62931168303228, -1.6765682129725787], [-78.6285962604604, -1.675278394283079], [-78.62884581629709, -1.6752565673451871]], [[-78.6290572014583, -1.6801622733348454], [-78.62925830772826, -1.6806812813438474], [-78.62882321414048, -1.6805083930748637], [-78.6290572014583, -1.6801622733348454]], [[-78.62894774720738, -1.6789680532312912], [-78.62959996207913, -1.6788758098491097], [-78.6290931360119, -1.6792424294257027], [-78.62894774720738, -1.6789680532312912]], [[-78.62966055360894, -1.6736660630786042], [-78.62970864877056, -1.6743895814463605], [-78.62937898016297, -1.6742205191572075], [-78.62966055360894, -1.6736660630786042]], [[-78.62958517503708, -1.6871338569737302], [-78.6303086924917, -1.6872301185539706], [-78.62972329597793, -1.6875034412773706], [-78.62958517503708, -1.6871338569737302]], [[-78.63043901116653, -1.6878474036609337], [-78.63042337692578, -1.6884135250063506], [-78.6301653987325, -1.687969966243234], [-78.63043901116653, -1.6878474036609337]], [[-78.63077597529457, -1.6789286794624145], [-78.63022994225427, -1.6788172697378323], [-78.63037185458747, -1.6779612706037925], [-78.63077597529457, -1.6789286794624145]], [[-78.63206524011466, -1.6792902778447583], [-78.63064843870211, -1.6804238056263072], [-78.63027712465602, -1.6801415556589308], [-78.63206524011466, -1.6792902778447583]], [[-78.63033007323477, -1.6812781466472342], [-78.63079492419807, -1.6814029504149135], [-78.63048199747581, -1.6816614318059353], [-78.63033007323477, -1.6812781466472342]], [[-78.6304942188791, -1.6822758485700502], [-78.63197125653234, -1.6829242723766762], [-78.6304108054622, -1.6831454325988249], [-78.6304942188791, -1.6822758485700502]], [[-78.63052272835135, -1.6838150696766243], [-78.63126359497626, -1.6843986080173816], [-78.63046989387122, -1.6844767542633665], [-78.63052272835135, -1.6838150696766243]], [[-78.63095371415977, -1.6774424692810317], [-78.6320468657207, -1.6786878873754505], [-78.63137381959487, -1.678911872981026], [-78.63095371415977, -1.6774424692810317]], [[-78.63107355611359, -1.6744184516114327], [-78.63136264930604, -1.674193880880825], [-78.631336119383, -1.6744649899451045], [-78.63107355611359, -1.6744184516114327]], [[-78.63239926716284, -1.6806284431231684], [-78.63153778412637, -1.6814972630308116], [-78.63127552823757, -1.6810250021406858], [-78.63239926716284, -1.6806284431231684]], [[-78.63187228465671, -1.662645884503246], [-78.63166565518108, -1.663172983555009], [-78.6314637332179, -1.6628835602470018], [-78.63187228465671, -1.662645884503246]], [[-78.63256154923442, -1.6657351447140099], [-78.63261245606483, -1.6673381204035866], [-78.63156101787155, -1.6671372287757906], [-78.63256154923442, -1.6657351447140099]], [[-78.63276677746089, -1.683251835845777], [-78.63255067166193, -1.6840224104788692], [-78.63217122642257, -1.683541446555177], [-78.63276677746089, -1.683251835845777]], [[-78.63232422286154, -1.6696244154442708], [-78.63253385111591, -1.6692037901425927], [-78.63263494707127, -1.6694907481137944], [-78.63232422286154, -1.6696244154442708]], [[-78.63236579311972, -1.6615476852341498], [-78.63322480861615, -1.660857349221832], [-78.63282159014427, -1.661845160260281], [-78.63236579311972, -1.6615476852341498]], [[-78.63333064721661, -1.6754882853627555], [-78.63589846620913, -1.6777681725900242], [-78.63256987844788, -1.6785241246369336], [-78.63333064721661, -1.6754882853627555]], [[-78.63258001100816, -1.66429826836839], [-78.63280616575152, -1.6646981704075443], [-78.63253795582231, -1.6647352884260516], [-78.63258001100816, -1.66429826836839]], [[-78.63278185709827, -1.662574106000131], [-78.63286604755405, -1.6632833034388441], [-78.63255676256532, -1.6627017477715524], [-78.63278185709827, -1.662574106000131]], [[-78.63280677826344, -1.6791215659964835], [-78.63413259247771, -1.6794843105880937], [-78.63288558467717, -1.6797439109837495], [-78.63280677826344, -1.6791215659964835]], [[-78.6329676370159, -1.673122802794548], [-78.63301915882155, -1.6727247372096377], [-78.63319278840217, -1.672948036454579], [-78.6329676370159, -1.673122802794548]], [[-78.6333017185509, -1.6684923845670985], [-78.63315464098224, -1.669034767241838], [-78.63295277217235, -1.6688352672027746], [-78.6333017185509, -1.6684923845670985]], [[-78.63343874920359, -1.6649821431207463], [-78.63330500109141, -1.6655652564532506], [-78.63306187398209, -1.6651722364175774], [-78.63343874920359, -1.6649821431207463]], [[-78.6334500985415, -1.6679852632538812], [-78.63319397884048, -1.6682896874339743], [-78.63314943287006, -1.6680098439759437], [-78.6334500985415, -1.6679852632538812]], [[-78.63397690113334, -1.6872073436886375], [-78.63404761581528, -1.6881309700878906], [-78.63353300664339, -1.6878188204654632], [-78.63397690113334, -1.6872073436886375]], [[-78.63434455777971, -1.6850320858482122], [-78.63407687357073, -1.6857394418931222], [-78.63379437882271, -1.6853679129258574], [-78.63434455777971, -1.6850320858482122]], [[-78.63420814722637, -1.6599716612611657], [-78.63452884922344, -1.6610457711027502], [-78.63388696812724, -1.6606441801821987], [-78.63420814722637, -1.6599716612611657]], [[-78.63408328284876, -1.6636818242111984], [-78.63488573865477, -1.66357937719527], [-78.6342987141226, -1.664142218017849], [-78.63408328284876, -1.6636818242111984]], [[-78.63454238035155, -1.6750237042082492], [-78.63423929311638, -1.674769077685662], [-78.63468818844748, -1.6746444910051521], [-78.63454238035155, -1.6750237042082492]], [[-78.63451263884173, -1.6849403783237153], [-78.63480478466417, -1.6846449766658949], [-78.63478211026663, -1.6849380021781235], [-78.63451263884173, -1.6849403783237153]], [[-78.63471320118846, -1.6621822809391191], [-78.63494643423067, -1.6624649291654992], [-78.63468983282434, -1.6624515536102915], [-78.63471320118846, -1.6621822809391191]], [[-78.63464631463253, -1.678759013935255], [-78.63514792370769, -1.6787397868508984], [-78.63491833800029, -1.6790014268658209], [-78.63464631463253, -1.678759013935255]], [[-78.63538015990356, -1.6610898546110922], [-78.6350608965998, -1.6616003098870236], [-78.6351249118258, -1.661113080955043], [-78.63538015990356, -1.6610898546110922]], [[-78.63551563485713, -1.6596038553354868], [-78.63567227523251, -1.659046146220038], [-78.63606977324636, -1.659502625508461], [-78.63551563485713, -1.6596038553354868]], [[-78.63584647054276, -1.6783594630964709], [-78.6357226515233, -1.6790584419236303], [-78.63537029065851, -1.6785090553050375], [-78.63584647054276, -1.6783594630964709]], [[-78.63591313443902, -1.660451328071482], [-78.63626151708436, -1.661308840788175], [-78.63571607841679, -1.6606108499995413], [-78.63591313443902, -1.660451328071482]], [[-78.63678654881214, -1.6595044391203675], [-78.6369434641585, -1.6601858068704374], [-78.6364872410987, -1.6598989940162976], [-78.63678654881214, -1.6595044391203675]], [[-78.63730694100015, -1.670902014767575], [-78.63721974509215, -1.672042560940175], [-78.63666535283994, -1.6713377417853126], [-78.63730694100015, -1.670902014767575]], [[-78.63743590501844, -1.6677959431498945], [-78.63732276698762, -1.668517784703464], [-78.63672979617247, -1.6679443723216865], [-78.63743590501844, -1.6677959431498945]], [[-78.63729880197488, -1.6799165383655457], [-78.63701576503544, -1.6802246489309571], [-78.63698579442779, -1.67992802206542], [-78.63729880197488, -1.6799165383655457]], [[-78.63724035240013, -1.6591243303778676], [-78.63781134104892, -1.658794422949585], [-78.63758602464587, -1.6593062092273254], [-78.63724035240013, -1.6591243303778676]], [[-78.6378893327019, -1.678552786307333], [-78.63799460115543, -1.6780501110371795], [-78.63825912772461, -1.6784116675656444], [-78.6378893327019, -1.678552786307333]], [[-78.63867278870605, -1.679703189263828], [-78.6387108516421, -1.680253150470314], [-78.6384251859239, -1.679850982810409], [-78.63867278870605, -1.679703189263828]], [[-78.63960771268042, -1.6874866525415202], [-78.63909761423938, -1.6875707913261166], [-78.63940276546576, -1.687279386253314], [-78.63960771268042, -1.6874866525415202]], [[-78.63941420488565, -1.6631465954502513], [-78.63939055428202, -1.6635912577934453], [-78.63918601899441, -1.6632957618493116], [-78.63941420488565, -1.6631465954502513]], [[-78.63957952731012, -1.6789153112926818], [-78.639311653434, -1.6791893932718793], [-78.63930896080456, -1.6789154372736992], [-78.63957952731012, -1.6789153112926818]], [[-78.63986256235947, -1.681019209219075], [-78.64165779441471, -1.6805856401711763], [-78.63983339971126, -1.6818631630985137], [-78.63986256235947, -1.681019209219075]], [[-78.64027945624358, -1.6879286721712097], [-78.64095692010302, -1.689817578696879], [-78.63989865193096, -1.6882125457263464], [-78.64027945624358, -1.6879286721712097]], [[-78.64117152181437, -1.6836839540478485], [-78.64118875825066, -1.6848753883115288], [-78.64056812823227, -1.6841298782819427], [-78.64117152181437, -1.6836839540478485]], [[-78.64184666921791, -1.6868863699596823], [-78.64148279935786, -1.6879390335238158], [-78.64096900701084, -1.6875281474125903], [-78.64184666921791, -1.6868863699596823]], [[-78.6442476467957, -1.6616003483863926], [-78.64287508539046, -1.6617024788787436], [-78.6432544569553, -1.6609882578783906], [-78.6442476467957, -1.6616003483863926]], [[-78.6445732994213, -1.6800888710494273], [-78.64449293288811, -1.6822035828011161], [-78.64349519074278, -1.6822108710629449], [-78.6445732994213, -1.6800888710494273]], [[-78.64433077249709, -1.686720370277713], [-78.6441731269825, -1.6887802774837182], [-78.643939122211, -1.68674532417121], [-78.64433077249709, -1.686720370277713]], [[-78.64437931287851, -1.6918844802190378], [-78.64475147801234, -1.691789307828675], [-78.64462484189603, -1.6920142736348598], [-78.64437931287851, -1.6918844802190378]], [[-78.64499035474246, -1.6652981383132106], [-78.64564542451862, -1.6665406087260977], [-78.64451307128024, -1.665734529536229], [-78.64499035474246, -1.6652981383132106]], [[-78.64489911429884, -1.6905320178443166], [-78.64601540583206, -1.6913665655941086], [-78.64573705305932, -1.691622262975305], [-78.64489911429884, -1.6905320178443166]], [[-78.64562751314108, -1.6827632274446995], [-78.64724824481983, -1.685363775888647], [-78.6450972942846, -1.6833773626991473], [-78.64562751314108, -1.6827632274446995]], [[-78.64538702083865, -1.6922119563090883], [-78.6456598045615, -1.6926303467692234], [-78.64533542751865, -1.692587715346923], [-78.64538702083865, -1.6922119563090883]], [[-78.64744225610178, -1.6673759144598388], [-78.64781711275398, -1.667456272020461], [-78.64759433051506, -1.6676027743292028], [-78.64744225610178, -1.6673759144598388]], [[-78.64915785394686, -1.6677538360446391], [-78.6491624758701, -1.6682187835957973], [-78.64893359681167, -1.667958696818352], [-78.64915785394686, -1.6677538360446391]], [[-78.65287885736778, -1.6857981238951887], [-78.65048037686535, -1.6881406168007307], [-78.64992703553288, -1.6859867301498277], [-78.65287885736778, -1.6857981238951887]], [[-78.65092301186293, -1.6792652209549777], [-78.65137206318313, -1.681207533873517], [-78.65021677215992, -1.679778551937356], [-78.65092301186293, -1.6792652209549777]], [[-78.65052909104469, -1.683417728542235], [-78.65065672811603, -1.6839690023753113], [-78.65026685801786, -1.6836039276112227], [-78.65052909104469, -1.683417728542235]], [[-78.65227850599949, -1.6679660228693787], [-78.65247700172283, -1.668310355293643], [-78.65218731569884, -1.6682330370685399], [-78.65227850599949, -1.6679660228693787]], [[-78.65280692344682, -1.6788488563542432], [-78.6526736220272, -1.679284505773042], [-78.65244920530218, -1.6789613998540216], [-78.65280692344682, -1.6788488563542432]], [[-78.65396454397793, -1.6839994839489727], [-78.65346494514003, -1.6840975747329534], [-78.65374835521578, -1.6837849456460752], [-78.65396454397793, -1.6839994839489727]], [[-78.65380908110964, -1.6627760394166875], [-78.65392975606251, -1.6635032129475793], [-78.65350587357571, -1.6632120911783328], [-78.65380908110964, -1.6627760394166875]], [[-78.65475139929882, -1.6713375449498937], [-78.65485128149152, -1.6709072923475015], [-78.65500961769816, -1.6711761205075066], [-78.65475139929882, -1.6713375449498937]], [[-78.65572854286944, -1.6818540925714867], [-78.65491089024492, -1.6823730920301627], [-78.65550173347413, -1.6816639974254186], [-78.65572854286944, -1.6818540925714867]], [[-78.65576779235627, -1.6853473975659663], [-78.65625269730324, -1.6855782810838496], [-78.65565687353957, -1.6857869932700351], [-78.65576779235627, -1.6853473975659663]], [[-78.65663429561141, -1.6838981783747058], [-78.65684147305613, -1.6845918003516582], [-78.65627368551165, -1.6844716720696749], [-78.65663429561141, -1.6838981783747058]], [[-78.65686236978209, -1.6758231658458629], [-78.65787052996373, -1.6775626259388532], [-78.65661351163118, -1.675854770466723], [-78.65686236978209, -1.6758231658458629]], [[-78.65727729595926, -1.6672613499490028], [-78.65687176185142, -1.6674051652527295], [-78.65697323301546, -1.6671275586923187], [-78.65727729595926, -1.6672613499490028]], [[-78.65787714496143, -1.6812621143511466], [-78.65732116075439, -1.6816207818624882], [-78.65704824793588, -1.6807892329368912], [-78.65787714496143, -1.6812621143511466]], [[-78.65703484213817, -1.6851190140522265], [-78.65859507061953, -1.6845791884671988], [-78.65719563155804, -1.6856154117914963], [-78.65703484213817, -1.6851190140522265]], [[-78.65844838971299, -1.679791456075365], [-78.65832736888211, -1.6810904203183055], [-78.65753719839998, -1.6802356464497543], [-78.65844838971299, -1.679791456075365]], [[-78.65811330359186, -1.6831436836285079], [-78.65850699446628, -1.6834658778949305], [-78.65777065495057, -1.6837250888506898], [-78.65811330359186, -1.6831436836285079]], [[-78.65913386982571, -1.6771858998760991], [-78.65893921330277, -1.6793972594139328], [-78.65792975996, -1.678625337773073], [-78.65913386982571, -1.6771858998760991]], [[-78.65844984569, -1.6874450642151497], [-78.65881748638424, -1.6875847581149745], [-78.65856622740564, -1.687704085188412], [-78.65844984569, -1.6874450642151497]], [[-78.65924089751894, -1.6634828865108435], [-78.65865480368218, -1.6636121470739136], [-78.65908076392303, -1.6632827209220933], [-78.65924089751894, -1.6634828865108435]], [[-78.66020849509675, -1.6856148677554579], [-78.66113890837802, -1.687464605918245], [-78.65913298147736, -1.6868552589383456], [-78.66020849509675, -1.6856148677554579]], [[-78.65983958586675, -1.6685354301895858], [-78.65981129903311, -1.6690427499670548], [-78.6595304230051, -1.6688079766857447], [-78.65983958586675, -1.6685354301895858]], [[-78.66060149291528, -1.6649863534480223], [-78.66009202641237, -1.6670199976037592], [-78.6595844413062, -1.6657329395640144], [-78.66060149291528, -1.6649863534480223]], [[-78.65999085603639, -1.6690558947009206], [-78.66027247590458, -1.6696124966642671], [-78.65984354369878, -1.669632661733736], [-78.65999085603639, -1.6690558947009206]], [[-78.66042078838758, -1.684402361952168], [-78.6617388105537, -1.6853476101576612], [-78.6600345494669, -1.6848827277174823], [-78.66042078838758, -1.684402361952168]], [[-78.66111091054535, -1.6724220232616183], [-78.66209942743514, -1.6726025895673116], [-78.66146434736244, -1.6733260175918585], [-78.66111091054535, -1.6724220232616183]], [[-78.66212060650567, -1.6830608355971108], [-78.66216587097749, -1.6836804329082877], [-78.66170942990684, -1.6834365816264822], [-78.66212060650567, -1.6830608355971108]], [[-78.662069368521, -1.6794401087486528], [-78.66183721411777, -1.6798365302772982], [-78.6617725696432, -1.6794525086623946], [-78.662069368521, -1.6794401087486528]], [[-78.66481452372531, -1.6865402585642078], [-78.66183095852125, -1.6875312570089325], [-78.66209599645032, -1.6861236894982607], [-78.66481452372531, -1.6865402585642078]], [[-78.66202175038717, -1.6752363371544137], [-78.66265472264611, -1.6749362037905837], [-78.66248285450641, -1.675301871685798], [-78.66202175038717, -1.6752363371544137]], [[-78.66209364837775, -1.6773184503412468], [-78.66248930595692, -1.6775348070711522], [-78.6621486094716, -1.677633365434348], [-78.66209364837775, -1.6773184503412468]], [[-78.66260289941195, -1.6847878534334646], [-78.6641919929448, -1.6859810965853463], [-78.66231622466302, -1.685385633931388], [-78.66260289941195, -1.6847878534334646]], [[-78.66668235982962, -1.6661731429810234], [-78.66378376543234, -1.668353090563353], [-78.66275813538611, -1.6676406380448254], [-78.66668235982962, -1.6661731429810234]], [[-78.66280203204215, -1.680005582680834], [-78.66414629173163, -1.6816656001587291], [-78.66325158721621, -1.6820574701510185], [-78.66280203204215, -1.680005582680834]], [[-78.66323256071516, -1.665672261854589], [-78.66331719940376, -1.6662724962303466], [-78.66285309606636, -1.6659027203950578], [-78.66323256071516, -1.665672261854589]], [[-78.66373751100606, -1.6584479945270205], [-78.66308621815796, -1.6600518016811605], [-78.66349271478823, -1.658337912110045], [-78.66373751100606, -1.6584479945270205]], [[-78.66531704510778, -1.6781172627582344], [-78.6641305557759, -1.678537942440548], [-78.66381572487501, -1.6778262715327432], [-78.66531704510778, -1.6781172627582344]], [[-78.6640822280453, -1.6641192395525022], [-78.66408515993551, -1.6646550441617547], [-78.66384776777755, -1.6642428472688051], [-78.6640822280453, -1.6641192395525022]], [[-78.66482930573372, -1.6753028316267944], [-78.66615025880465, -1.6778537604221135], [-78.66384528675074, -1.6770285956924074], [-78.66482930573372, -1.6753028316267944]], [[-78.66694725243374, -1.6715153382039007], [-78.66685535221633, -1.6750098159849731], [-78.66455366654779, -1.6744574226151347], [-78.66694725243374, -1.6715153382039007]], [[-78.66532013129186, -1.6596747683736037], [-78.66469631427874, -1.659502098231858], [-78.66516261983179, -1.6592641455204737], [-78.66532013129186, -1.6596747683736037]], [[-78.66629583636329, -1.671377557912369], [-78.6649972728371, -1.6708024542044217], [-78.66534083979911, -1.6703466290696105], [-78.66629583636329, -1.671377557912369]], [[-78.66565975104382, -1.6843692539387698], [-78.66621702926292, -1.6851147877744932], [-78.66519128994737, -1.6849835752524824], [-78.66565975104382, -1.6843692539387698]], [[-78.6658499320151, -1.6627767479359932], [-78.6662344683934, -1.6630562094855035], [-78.665952029268, -1.6631251012690982], [-78.6658499320151, -1.6627767479359932]], [[-78.66618385030031, -1.679604827021825], [-78.66657075923357, -1.6801148843326459], [-78.66600413511497, -1.6798336555518172], [-78.66618385030031, -1.679604827021825]], [[-78.66824899102473, -1.6678358754975646], [-78.66788943892911, -1.6710943068390547], [-78.66606399553804, -1.6701841569266564], [-78.66824899102473, -1.6678358754975646]], [[-78.66626344753077, -1.6835428431433963], [-78.66665508008757, -1.6839912973315379], [-78.66614844155546, -1.6838305632795423], [-78.66626344753077, -1.6835428431433963]], [[-78.66692655914709, -1.6780058796565918], [-78.66795567431127, -1.6796927166155409], [-78.66626744348855, -1.6789084616108323], [-78.66692655914709, -1.6780058796565918]], [[-78.67058251006628, -1.6584241170772502], [-78.67058905231877, -1.6590504239018613], [-78.67025296873214, -1.6587782761317038], [-78.67058251006628, -1.6584241170772502]], [[-78.6705066511592, -1.6638471442061296], [-78.67053919971282, -1.664248813454162], [-78.67026873386875, -1.6640726992891102], [-78.6705066511592, -1.6638471442061296]], [[-78.67215013605878, -1.6618160935993342], [-78.67149349212046, -1.66241857187609], [-78.67138928602304, -1.6617600199508467], [-78.67215013605878, -1.6618160935993342]], [[-78.67190638076426, -1.6635366896037687], [-78.6722717778911, -1.6641182236184542], [-78.67192906117785, -1.6640988674743475], [-78.67190638076426, -1.6635366896037687]]]}}, {"type": "Feature", "properties": {"categoria": "Bienestar Social", "distance_m": 1250, "mode": "walking", "equipamientos_origen": 5, "nodos_alcanzables": 3463, "target_platform": "PLATAFORMA Ñ"}, "geometry": {"type": "MultiPolygon", "coordinates": [[[[-78.64353733198017, -1.695787287159245], [-78.64589634601244, -1.6692013776153236], [-78.62992277795283, -1.671755608175232], [-78.62844296441942, -1.694361253477833], [-78.63414381189386, -1.6905280954420474], [-78.6371538615935, -1.697781976049997], [-78.64353733198017, -1.695787287159245]], [[-78.62989027121203, -1.6874988687959391], [-78.6299587490484, -1.686868842106236], [-78.63027270143303, -1.6869274354369033], [-78.62989027121203, -1.6874988687959391]], [[-78.63043901116654, -1.6878474036609337], [-78.63042337692578, -1.6884135250063506], [-78.6301653987325, -1.687969966243234], [-78.63043901116654, -1.6878474036609337]], [[-78.63077597529457, -1.6789286794624145], [-78.63022994225427, -1.6788172697378323], [-78.63037185458747, -1.6779612706038094], [-78.63077597529457, -1.6789286794624145]], [[-78.63206524011466, -1.6792902778447583], [-78.63064843870211, -1.6804238056263072], [-78.63027712465602, -1.6801415556589308], [-78.63206524011466, -1.6792902778447583]], [[-78.63084985035574, -1.6812476294443108], [-78.6303279882634, -1.6812964342010435], [-78.63067802185584, -1.6810577469315073], [-78.63084985035574, -1.6812476294443108]], [[-78.63052272835135, -1.6838150696766243], [-78.63126359497626, -1.6843986080173816], [-78.63046989387122, -1.6844767542633665], [-78.63052272835135, -1.6838150696766243]], [[-78.63095371415977, -1.6774424692810317], [-78.6320468657207, -1.6786878873754505], [-78.63137381959487, -1.678911872981026], [-78.63095371415977, -1.6774424692810317]], [[-78.63107355611355, -1.674418451611399], [-78.63136264930606, -1.6741938808808585], [-78.63133611938295, -1.6744649899451383], [-78.63107355611355, -1.674418451611399]], [[-78.6315545085869, -1.681498197817474], [-78.63236495347181, -1.6806288372407236], [-78.63266461059278, -1.6810631490281416], [-78.6315545085869, -1.681498197817474]], [[-78.63276677746089, -1.683251835845777], [-78.63255067166193, -1.6840224104788692], [-78.63217122642257, -1.683541446555177], [-78.63276677746089, -1.683251835845777]], [[-78.63333064721661, -1.6754882853627555], [-78.63589846620913, -1.6777681725900242], [-78.63256987844788, -1.6785241246369336], [-78.63333064721661, -1.6754882853627555]], [[-78.63280677826344, -1.6791215659964835], [-78.63413259247771, -1.6794843105880937], [-78.63288558467717, -1.6797439109837495], [-78.63280677826344, -1.6791215659964835]], [[-78.6329676370159, -1.673122802794548], [-78.63301915882155, -1.6727247372096377], [-78.63319278840217, -1.672948036454579], [-78.6329676370159, -1.673122802794548]], [[-78.63397690113334, -1.6872073436886375], [-78.63404761581528, -1.6881309700878906], [-78.63353300664339, -1.6878188204654632], [-78.63397690113334, -1.6872073436886375]], [[-78.63434455777971, -1.6850320858482122], [-78.63407687357073, -1.6857394418931222], [-78.63379437882271, -1.6853679129258574], [-78.63434455777971, -1.6850320858482122]], [[-78.63454238035155, -1.6750237042082492], [-78.63423929311638, -1.674769077685662], [-78.63468818844748, -1.6746444910051521], [-78.63454238035155, -1.6750237042082492]], [[-78.63451263884173, -1.6849403783237153], [-78.63480478466417, -1.6846449766658949], [-78.63478211026663, -1.6849380021781235], [-78.63451263884173, -1.6849403783237153]], [[-78.63464631463253, -1.678759013935255], [-78.63514792370769, -1.6787397868508984], [-78.63491833800029, -1.6790014268658209], [-78.63464631463253, -1.678759013935255]], [[-78.63584647054276, -1.6783594630964709], [-78.6357226515233, -1.6790584419236303], [-78.63537029065851, -1.6785090553050375], [-78.63584647054276, -1.6783594630964709]], [[-78.63730694100015, -1.670902014767575], [-78.63721974509215, -1.672042560940175], [-78.63666535283994, -1.6713377417853126], [-78.63730694100015, -1.670902014767575]], [[-78.63729880197488, -1.6799165383655457], [-78.63701576503544, -1.6802246489309571], [-78.63698579442779, -1.67992802206542], [-78.63729880197488, -1.6799165383655457]], [[-78.63793194097498, -1.6929094920804464], [-78.63759376332592, -1.693089950933665], [-78.63765888486077, -1.6928199528059609], [-78.63793194097498, -1.6929094920804464]], [[-78.6378893327019, -1.678552786307333], [-78.63799460115543, -1.6780501110371795], [-78.63825912772461, -1.6784116675656444], [-78.6378893327019, -1.678552786307333]], [[-78.63867278870605, -1.679703189263828], [-78.6387108516421, -1.680253150470314], [-78.6384251859239, -1.679850982810409], [-78.63867278870605, -1.679703189263828]], [[-78.63975241851008, -1.6925294201591137], [-78.63964060823056, -1.6942100824454875], [-78.63885270924742, -1.6927964807155589], [-78.63975241851008, -1.6925294201591137]], [[-78.63960771268042, -1.6874866525415202], [-78.63909761423938, -1.6875707913261166], [-78.63940276546576, -1.687279386253314], [-78.63960771268042, -1.6874866525415202]], [[-78.63957952731012, -1.6789153112926818], [-78.639311653434, -1.6791893932718793], [-78.63930896080456, -1.6789154372736992], [-78.63957952731012, -1.6789153112926818]], [[-78.63986256235947, -1.681019209219075], [-78.64165779441471, -1.6805856401711763], [-78.63983339971126, -1.6818631630985137], [-78.63986256235947, -1.681019209219075]], [[-78.6415497237573, -1.6944076857293928], [-78.64123770131518, -1.6956227461691227], [-78.64019234473946, -1.6946183810219186], [-78.6415497237573, -1.6944076857293928]], [[-78.64117152181437, -1.6836839540478485], [-78.64118875825066, -1.6848753883115288], [-78.64056812823227, -1.6841298782819931], [-78.64117152181437, -1.6836839540478485]], [[-78.64184666921791, -1.6868863699596823], [-78.64148279935785, -1.6879390335238158], [-78.64096900701084, -1.6875281474125903], [-78.64184666921791, -1.6868863699596823]]], [[[-78.66976827780896, -1.6688299279204302], [-78.66831868746665, -1.6644045199165447], [-78.66283596061692, -1.6585300823889901], [-78.65271668978706, -1.6593661066714838], [-78.65012672170552, -1.67748426149777], [-78.65625929921202, -1.6801589663500764], [-78.6617437806513, -1.6802450197995014], [-78.66976827780896, -1.6688299279204302]], [[-78.6522785059995, -1.6679660228693787], [-78.65247700172283, -1.668310355293643], [-78.65218731569884, -1.6682330370685228], [-78.6522785059995, -1.6679660228693787]], [[-78.65380908110964, -1.6627760394166875], [-78.65392975606251, -1.6635032129475793], [-78.65350587357571, -1.6632120911783328], [-78.65380908110964, -1.6627760394166875]], [[-78.65475139929879, -1.6713375449498937], [-78.65485128149152, -1.6709072923474675], [-78.65500961769816, -1.6711761205075235], [-78.65475139929879, -1.6713375449498937]], [[-78.65621575182247, -1.6790162740640169], [-78.65644804625224, -1.6793157094463058], [-78.65618935660106, -1.6792841553951763], [-78.65621575182247, -1.6790162740640169]], [[-78.65814856220307, -1.6771166218375366], [-78.65773592590827, -1.6774955740515296], [-78.65663761278903, -1.6758297157103557], [-78.65814856220307, -1.6771166218375366]], [[-78.65687176185142, -1.6674051652527464], [-78.65727729595928, -1.6672613499490196], [-78.657173309488, -1.6675389007384909], [-78.65687176185142, -1.6674051652527464]], [[-78.65913386982571, -1.6771858998760991], [-78.65893921330276, -1.6793972594139328], [-78.65792975996, -1.678625337773073], [-78.65913386982571, -1.6771858998760991]], [[-78.65924089751894, -1.6634828865108435], [-78.65865480368218, -1.6636121470739136], [-78.65908076392303, -1.6632827209220933], [-78.65924089751894, -1.6634828865108435]], [[-78.65983958586675, -1.6685354301896032], [-78.65981129903311, -1.6690427499670548], [-78.6595304230051, -1.6688079766857447], [-78.65983958586675, -1.6685354301896032]], [[-78.6606014929153, -1.6649863534480391], [-78.66009202641237, -1.6670199976037592], [-78.6595844413062, -1.6657329395640144], [-78.6606014929153, -1.6649863534480391]], [[-78.65999085603639, -1.6690558947009206], [-78.66027247590458, -1.6696124966642671], [-78.65984354369878, -1.669632661733736], [-78.65999085603639, -1.6690558947009206]], [[-78.66111091054535, -1.672422023261601], [-78.66209942743514, -1.6726025895673116], [-78.66146434736244, -1.6733260175918585], [-78.66111091054535, -1.672422023261601]], [[-78.66202175038717, -1.6752363371544137], [-78.66265472264611, -1.6749362037905837], [-78.66248285450641, -1.675301871685798], [-78.66202175038717, -1.6752363371544137]], [[-78.66668235982962, -1.6661731429810234], [-78.66378376543234, -1.668353090563353], [-78.66275813538611, -1.6676406380448254], [-78.66668235982962, -1.6661731429810234]], [[-78.66323256071516, -1.665672261854589], [-78.66331719940376, -1.6662724962303466], [-78.66285309606636, -1.6659027203950578], [-78.66323256071516, -1.665672261854589]], [[-78.6640822280453, -1.6641192395525022], [-78.66408515993552, -1.6646550441617718], [-78.66384776777754, -1.6642428472688051], [-78.6640822280453, -1.6641192395525022]], [[-78.66629583636329, -1.671377557912369], [-78.6649972728371, -1.6708024542044217], [-78.66534083979911, -1.6703466290696105], [-78.66629583636329, -1.671377557912369]], [[-78.66747112302181, -1.665629804921535], [-78.66803999835967, -1.6653697220533865], [-78.66788807805065, -1.665839344132186], [-78.66747112302181, -1.665629804921535]]]]}}, {"type": "Feature", "properties": {"categoria": "Comercio Zonal", "distance_m": 1250, "mode": "walking", "equipamientos_origen": 16, "nodos_alcanzables": 7280, "target_platform": "PLATAFORMA Ñ"}, "geometry": {"type": "Polygon", "coordinates": [[[-78.68182657068864, -1.6854678374890895], [-78.67276212762106, -1.6580850823736024], [-78.63741404562552, -1.6546329930190915], [-78.63088064153983, -1.6569590965478713], [-78.63391501071705, -1.6754444247422087], [-78.63645475841355, -1.6769119972491167], [-78.62664639605403, -1.679473953332692], [-78.6229246459256, -1.689988247490067], [-78.62771471759051, -1.6953994172893858], [-78.64652208833162, -1.6959959142831855], [-78.65721240093517, -1.6807408543103122], [-78.6613241080501, -1.6877828736189584], [-78.66258528897283, -1.6847868607638712], [-78.6698108872033, -1.6876926606196734], [-78.66494011374797, -1.687520306651466], [-78.66266445307764, -1.690067463310525], [-78.6769912975546, -1.7002138334695076], [-78.68182657068864, -1.6854678374890895]], [[-78.62456517590802, -1.6886429195516313], [-78.62456655949944, -1.6891880207904502], [-78.62430855854555, -1.6888448732330916], [-78.62456517590802, -1.6886429195516313]], [[-78.62674562942564, -1.6872529874002848], [-78.62589902977885, -1.6886405333579795], [-78.62549756569544, -1.6881567327599936], [-78.62674562942564, -1.6872529874002848]], [[-78.62714190837625, -1.6844124408208345], [-78.62733928371898, -1.6839632559043936], [-78.62741112626877, -1.6843721633406818], [-78.62714190837625, -1.6844124408208345]], [[-78.62783903358961, -1.6831331167172778], [-78.62771225529973, -1.6825758121745347], [-78.62833525151952, -1.6826965808062129], [-78.62783903358961, -1.6831331167172778]], [[-78.62810796414179, -1.6880662577764982], [-78.62810477651037, -1.6888993776289951], [-78.62774439294701, -1.6882528325109416], [-78.62810796414179, -1.6880662577764982]], [[-78.62861399811356, -1.6833129673644023], [-78.62806606228202, -1.6840258526740992], [-78.62785872545741, -1.6838256784218992], [-78.62861399811356, -1.6833129673644023]], [[-78.62851455070256, -1.6862431311400374], [-78.62846134366922, -1.6871358540664156], [-78.6280165880799, -1.6865745877746678], [-78.62851455070256, -1.6862431311400374]], [[-78.62846551299499, -1.6818528122571177], [-78.62979890583453, -1.6833181235213948], [-78.62957846612932, -1.683518946311621], [-78.62846551299499, -1.6818528122571177]], [[-78.63056264656743, -1.6884335419657597], [-78.62982043393022, -1.6906553037793082], [-78.62868214706538, -1.6904400704802043], [-78.63056264656743, -1.6884335419657597]], [[-78.62905720145831, -1.680162273334829], [-78.62925830772818, -1.6806812813438814], [-78.62882321414048, -1.6805083930748637], [-78.62905720145831, -1.680162273334829]], [[-78.62958517503708, -1.6871338569737302], [-78.6303086924917, -1.6872301185539706], [-78.62972329597793, -1.6875034412773706], [-78.62958517503708, -1.6871338569737302]], [[-78.63043901116654, -1.6878474036609337], [-78.63042337692578, -1.6884135250063506], [-78.6301653987325, -1.687969966243234], [-78.63043901116654, -1.6878474036609337]], [[-78.63206524011466, -1.6792902778447583], [-78.63064843870211, -1.6804238056263072], [-78.63027712465602, -1.6801415556589308], [-78.63206524011466, -1.6792902778447583]], [[-78.63033007323477, -1.6812781466472342], [-78.63079492419807, -1.6814029504149135], [-78.63048199747581, -1.6816614318059353], [-78.63033007323477, -1.6812781466472342]], [[-78.6304942188791, -1.6822758485700502], [-78.63197125653235, -1.6829242723766762], [-78.63041080546222, -1.683145432598842], [-78.6304942188791, -1.6822758485700502]], [[-78.63052272835135, -1.6838150696766243], [-78.63126359497626, -1.6843986080173816], [-78.63046989387122, -1.6844767542633665], [-78.63052272835135, -1.6838150696766243]], [[-78.63239926716284, -1.6806284431231684], [-78.63153778412637, -1.6814972630308116], [-78.63127552823757, -1.6810250021406858], [-78.63239926716284, -1.6806284431231684]], [[-78.63245421964034, -1.6590048919394949], [-78.63282478761165, -1.6594818357306098], [-78.63224948056663, -1.6596493664516587], [-78.63245421964034, -1.6590048919394949]], [[-78.63276677746089, -1.683251835845777], [-78.63255067166193, -1.6840224104788692], [-78.63217122642257, -1.683541446555177], [-78.63276677746089, -1.683251835845777]], [[-78.63236579311972, -1.6615476852341498], [-78.63322480861615, -1.660857349221832], [-78.63282159014427, -1.661845160260298], [-78.63236579311972, -1.6615476852341498]], [[-78.63239957613817, -1.6629755210970114], [-78.63340244305196, -1.6630183872089588], [-78.63315181398251, -1.663310180148217], [-78.63239957613817, -1.6629755210970114]], [[-78.63293312114972, -1.6643759013033024], [-78.63244507002585, -1.664615332982795], [-78.63267073587335, -1.664233711079591], [-78.63293312114972, -1.6643759013033024]], [[-78.63280677826344, -1.6791215659964835], [-78.63413259247771, -1.6794843105880937], [-78.63288558467717, -1.6797439109837495], [-78.63280677826344, -1.6791215659964835]], [[-78.63302317860214, -1.6941137374243176], [-78.6331453262934, -1.6944781359882597], [-78.63290787371312, -1.6943479721515053], [-78.63302317860214, -1.6941137374243176]], [[-78.63343874920359, -1.6649821431207463], [-78.63330500109139, -1.6655652564532335], [-78.63306187398209, -1.6651722364175774], [-78.63343874920359, -1.6649821431207463]], [[-78.63397690113334, -1.6872073436886375], [-78.63404761581506, -1.688130970087941], [-78.63353300664339, -1.6878188204654632], [-78.63397690113334, -1.6872073436886375]], [[-78.63434455777971, -1.6850320858482122], [-78.63407687357073, -1.6857394418931222], [-78.6337943788227, -1.6853679129258574], [-78.63434455777971, -1.6850320858482122]], [[-78.63420814722645, -1.6599716612611322], [-78.63452884922344, -1.6610457711027502], [-78.63388696812724, -1.6606441801821987], [-78.63420814722645, -1.6599716612611322]], [[-78.63493152713954, -1.6633992197371725], [-78.63406000869894, -1.6638044022851084], [-78.63454588886897, -1.6631750380003951], [-78.63493152713954, -1.6633992197371725]], [[-78.63451263884173, -1.6849403783237153], [-78.63480478466417, -1.6846449766658949], [-78.63478211026666, -1.6849380021781064], [-78.63451263884173, -1.6849403783237153]], [[-78.63471320118845, -1.6621822809391356], [-78.63494643423067, -1.6624649291654992], [-78.63468983282434, -1.6624515536102915], [-78.63471320118845, -1.6621822809391356]], [[-78.63464631463253, -1.678759013935255], [-78.63514792370769, -1.6787397868508984], [-78.63491833800029, -1.6790014268658209], [-78.63464631463253, -1.678759013935255]], [[-78.63538015990356, -1.6610898546110922], [-78.6350608965998, -1.6616003098870236], [-78.6351249118258, -1.661113080955043], [-78.63538015990356, -1.6610898546110922]], [[-78.63578565982054, -1.655890362499933], [-78.63587397751928, -1.6568773806133494], [-78.63527727470147, -1.6567183030315185], [-78.63578565982054, -1.655890362499933]], [[-78.63584647054276, -1.6783594630964709], [-78.6357226515233, -1.6790584419236303], [-78.63537029065851, -1.6785090553050375], [-78.63584647054276, -1.6783594630964709]], [[-78.63591313443902, -1.660451328071482], [-78.63626151708436, -1.661308840788175], [-78.63571607841678, -1.6606108499995413], [-78.63591313443902, -1.660451328071482]], [[-78.63722634485106, -1.659857461064784], [-78.63648724109869, -1.6598989940162976], [-78.63678654881214, -1.6595044391203675], [-78.63722634485106, -1.659857461064784]], [[-78.63730694100015, -1.670902014767575], [-78.63721974509215, -1.672042560940175], [-78.63666535283994, -1.6713377417853632], [-78.63730694100015, -1.670902014767575]], [[-78.63743590501844, -1.6677959431498945], [-78.63732276698762, -1.668517784703464], [-78.63672979617247, -1.6679443723216865], [-78.63743590501844, -1.6677959431498945]], [[-78.63729880197488, -1.6799165383655457], [-78.63701576503544, -1.6802246489309571], [-78.63698579442779, -1.67992802206542], [-78.63729880197488, -1.6799165383655457]], [[-78.63724035240013, -1.659124330377851], [-78.63781134104892, -1.6587944229495681], [-78.63758602464587, -1.6593062092273254], [-78.63724035240013, -1.659124330377851]], [[-78.63793194097498, -1.6929094920804464], [-78.63759376332592, -1.693089950933665], [-78.63765888486077, -1.6928199528059609], [-78.63793194097498, -1.6929094920804464]], [[-78.6378893327019, -1.678552786307333], [-78.63799460115543, -1.6780501110371795], [-78.63825912772461, -1.6784116675656444], [-78.6378893327019, -1.678552786307333]], [[-78.63809327265247, -1.657232659553372], [-78.63870683732472, -1.6576592779499548], [-78.63815339816556, -1.658122063482585], [-78.63809327265247, -1.657232659553372]], [[-78.63867278870605, -1.679703189263828], [-78.6387108516421, -1.680253150470314], [-78.6384251859239, -1.679850982810409], [-78.63867278870605, -1.679703189263828]], [[-78.63928718908733, -1.6873225634466216], [-78.63954114464278, -1.6876256484768657], [-78.6391392084401, -1.687684294390736], [-78.63928718908733, -1.6873225634466216]], [[-78.63941420488565, -1.6631465954502513], [-78.63939055428202, -1.6635912577934453], [-78.63918601899441, -1.6632957618493116], [-78.63941420488565, -1.6631465954502513]], [[-78.63957952731012, -1.6789153112926818], [-78.639311653434, -1.6791893932718793], [-78.63930896080456, -1.6789154372736992], [-78.63957952731012, -1.6789153112926818]], [[-78.64238908995436, -1.6898908076863195], [-78.64214263929124, -1.6920448652231135], [-78.63961577921107, -1.6915441819220693], [-78.64238908995436, -1.6898908076863195]], [[-78.63986256235947, -1.681019209219075], [-78.64165779441471, -1.6805856401711763], [-78.63983339971126, -1.6818631630985137], [-78.63986256235947, -1.681019209219075]], [[-78.6402794562435, -1.6879286721712266], [-78.64095692010302, -1.689817578696879], [-78.63989865193098, -1.6882125457263464], [-78.6402794562435, -1.6879286721712266]], [[-78.64117152181437, -1.6836839540478485], [-78.64118875825066, -1.6848753883115288], [-78.64056812823227, -1.6841298782819931], [-78.64117152181437, -1.6836839540478485]], [[-78.64131215230192, -1.6556049707370462], [-78.64090774427345, -1.6556610348850247], [-78.64110058543933, -1.6554183611348348], [-78.64131215230192, -1.6556049707370462]], [[-78.64184666921791, -1.6868863699596823], [-78.64148279935789, -1.6879390335238158], [-78.64096900701084, -1.6875281474125903], [-78.64184666921791, -1.6868863699596823]], [[-78.6411433214965, -1.6577898604418837], [-78.64168570195032, -1.6577789373039427], [-78.64134354886006, -1.6581148480680634], [-78.6411433214965, -1.6577898604418837]], [[-78.64218390340596, -1.6579061773531851], [-78.64248736119089, -1.6584156815690825], [-78.641967971813, -1.6587454780290734], [-78.64218390340596, -1.6579061773531851]], [[-78.6442476467957, -1.6616003483864095], [-78.64287508539046, -1.6617024788787436], [-78.6432544569553, -1.6609882578783906], [-78.6442476467957, -1.6616003483864095]], [[-78.6445732994213, -1.6800888710494273], [-78.64449293288811, -1.6822035828011161], [-78.64349519074278, -1.6822108710629449], [-78.6445732994213, -1.6800888710494273]], [[-78.64433077249709, -1.686720370277713], [-78.6441731269825, -1.6887802774837182], [-78.643939122211, -1.68674532417121], [-78.64433077249709, -1.686720370277713]], [[-78.64437931287851, -1.6918844802190378], [-78.64475147801234, -1.691789307828675], [-78.64462484189603, -1.6920142736348598], [-78.64437931287851, -1.6918844802190378]], [[-78.64499035474246, -1.6652981383132106], [-78.64564542451862, -1.6665406087260977], [-78.64451307128024, -1.665734529536229], [-78.64499035474246, -1.6652981383132106]], [[-78.64489911429884, -1.6905320178443166], [-78.64601540583206, -1.6913665655941086], [-78.64573705305932, -1.691622262975288], [-78.64489911429884, -1.6905320178443166]], [[-78.64562751314108, -1.6827632274446995], [-78.64724824481983, -1.685363775888647], [-78.6450972942846, -1.6833773626991473], [-78.64562751314108, -1.6827632274446995]], [[-78.64553831293388, -1.693435576183741], [-78.6452237906544, -1.6938608283597523], [-78.64528290214112, -1.6934017269518369], [-78.64553831293388, -1.693435576183741]], [[-78.64538702083865, -1.6922119563090883], [-78.6456598045615, -1.6926303467692234], [-78.64533542751865, -1.692587715346923], [-78.64538702083865, -1.6922119563090883]], [[-78.64744225610178, -1.6673759144598221], [-78.64781711275398, -1.667456272020444], [-78.64759433051505, -1.6676027743292028], [-78.64744225610178, -1.6673759144598221]], [[-78.64915785394686, -1.6677538360446391], [-78.6491624758701, -1.6682187835957973], [-78.64893359681167, -1.667958696818352], [-78.64915785394686, -1.6677538360446391]], [[-78.65092301186294, -1.6792652209549777], [-78.65137206318313, -1.681207533873517], [-78.65021677215994, -1.6797785519373392], [-78.65092301186294, -1.6792652209549777]], [[-78.65052909104469, -1.683417728542235], [-78.65065672811602, -1.6839690023753113], [-78.65026685801786, -1.6836039276112227], [-78.65052909104469, -1.683417728542235]], [[-78.65227850599952, -1.6679660228693787], [-78.65247700172281, -1.668310355293643], [-78.65218731569884, -1.6682330370685061], [-78.65227850599952, -1.6679660228693787]], [[-78.65280692344682, -1.6788488563542432], [-78.6526736220272, -1.679284505773042], [-78.65244920530218, -1.6789613998540216], [-78.65280692344682, -1.6788488563542432]], [[-78.65396454397793, -1.6839994839489727], [-78.65346494514003, -1.6840975747329534], [-78.65374835521578, -1.6837849456460752], [-78.65396454397793, -1.6839994839489727]], [[-78.65380908110964, -1.6627760394166875], [-78.65392975606251, -1.6635032129475793], [-78.65350587357571, -1.6632120911783328], [-78.65380908110964, -1.6627760394166875]], [[-78.65468690406621, -1.670938295987511], [-78.65495442489117, -1.67126342180006], [-78.6546634578085, -1.6712845169189763], [-78.65468690406621, -1.670938295987511]], [[-78.65686236978209, -1.6758231658458629], [-78.65787052996372, -1.6775626259388532], [-78.65661351163118, -1.675854770466723], [-78.65686236978209, -1.6758231658458629]], [[-78.65714102912226, -1.667553405017495], [-78.6570056748062, -1.6671125426340547], [-78.65729141844996, -1.6672936269606993], [-78.65714102912226, -1.667553405017495]], [[-78.65841355707595, -1.6797950295061268], [-78.6583633290918, -1.6810872583535925], [-78.65753952662345, -1.6802716282921233], [-78.65841355707595, -1.6797950295061268]], [[-78.65913386982571, -1.6771858998760991], [-78.65893921330277, -1.6793972594139328], [-78.65792975996, -1.678625337773073], [-78.65913386982571, -1.6771858998760991]], [[-78.65924089751894, -1.6634828865108435], [-78.65865480368218, -1.6636121470739136], [-78.65908076392303, -1.6632827209220933], [-78.65924089751894, -1.6634828865108435]], [[-78.65983958586675, -1.6685354301895858], [-78.65981129903311, -1.6690427499670548], [-78.6595304230051, -1.6688079766857447], [-78.65983958586675, -1.6685354301895858]], [[-78.6606014929153, -1.6649863534480391], [-78.66009202641237, -1.6670199976037592], [-78.6595844413062, -1.6657329395640144], [-78.6606014929153, -1.6649863534480391]], [[-78.65999085603639, -1.6690558947009206], [-78.66027247590458, -1.6696124966642671], [-78.65984354369878, -1.669632661733736], [-78.65999085603639, -1.6690558947009206]], [[-78.6600429172691, -1.6848981775057277], [-78.66145822005147, -1.6843559023332868], [-78.66176949755075, -1.6853282391950182], [-78.6600429172691, -1.6848981775057277]], [[-78.66111091054535, -1.672422023261601], [-78.66209942743514, -1.6726025895673116], [-78.66146434736244, -1.6733260175918585], [-78.66111091054535, -1.672422023261601]], [[-78.66212060650567, -1.6830608355971108], [-78.66216587097749, -1.6836804329082877], [-78.66170942990684, -1.6834365816264822], [-78.66212060650567, -1.6830608355971108]], [[-78.662069368521, -1.6794401087486528], [-78.66183721411777, -1.6798365302772982], [-78.6617725696432, -1.6794525086623946], [-78.662069368521, -1.6794401087486528]], [[-78.66202175038717, -1.6752363371544137], [-78.6626547226461, -1.6749362037905335], [-78.66248285450642, -1.675301871685798], [-78.66202175038717, -1.6752363371544137]], [[-78.66209364837775, -1.6773184503412468], [-78.66248930595692, -1.6775348070711522], [-78.6621486094716, -1.677633365434348], [-78.66209364837775, -1.6773184503412468]], [[-78.66668235982962, -1.6661731429810234], [-78.66378376543234, -1.668353090563353], [-78.66275813538611, -1.6676406380448254], [-78.66668235982962, -1.6661731429810234]], [[-78.66323256071516, -1.665672261854589], [-78.66331719940376, -1.6662724962303466], [-78.66285309606636, -1.665902720395041], [-78.66323256071516, -1.665672261854589]], [[-78.66373751100606, -1.6584479945270205], [-78.66308621815796, -1.6600518016811439], [-78.66349271478823, -1.658337912110045], [-78.66373751100606, -1.6584479945270205]], [[-78.6640822280453, -1.6641192395525022], [-78.66408515993552, -1.6646550441617718], [-78.66384776777754, -1.6642428472688051], [-78.6640822280453, -1.6641192395525022]], [[-78.66467088933658, -1.6596489548396562], [-78.66535182252983, -1.6595942545891431], [-78.66483881055974, -1.6599961372570244], [-78.66467088933658, -1.6596489548396562]], [[-78.66629583636329, -1.671377557912369], [-78.6649972728371, -1.6708024542044217], [-78.66534083979911, -1.6703466290696105], [-78.66629583636329, -1.671377557912369]], [[-78.67327208104527, -1.686938758461187], [-78.6712775897419, -1.6900648999629124], [-78.67224962908192, -1.6883427968896303], [-78.66519901220725, -1.6848291722227624], [-78.67327208104527, -1.686938758461187]], [[-78.6704520075789, -1.6887376847612672], [-78.66995581754249, -1.6893106015965753], [-78.66555675154389, -1.6894706697448656], [-78.6704520075789, -1.6887376847612672]], [[-78.6658499320151, -1.6627767479359932], [-78.6662344683934, -1.6630562094855204], [-78.665952029268, -1.6631251012690982], [-78.6658499320151, -1.6627767479359932]], [[-78.66618385030031, -1.679604827021825], [-78.66657075923357, -1.6801148843326459], [-78.66600413511497, -1.6798336555518172], [-78.66618385030031, -1.679604827021825]], [[-78.66824899102473, -1.6678358754975646], [-78.66788943892911, -1.6710943068390547], [-78.66606399553804, -1.6701841569266733], [-78.66824899102473, -1.6678358754975646]], [[-78.66626344753077, -1.6835428431433963], [-78.66665508008757, -1.6839912973315379], [-78.66614844155546, -1.6838305632795423], [-78.66626344753077, -1.6835428431433963]], [[-78.67015552817477, -1.6906997904752943], [-78.66862681942655, -1.691852427362442], [-78.66768602989738, -1.6906359743800436], [-78.67015552817477, -1.6906997904752943]], [[-78.67058251006628, -1.6584241170772502], [-78.67058905231877, -1.6590504239018613], [-78.67025296873214, -1.6587782761317038], [-78.67058251006628, -1.6584241170772502]], [[-78.6705066511592, -1.6638471442061296], [-78.67053919971282, -1.664248813454162], [-78.67026873386875, -1.6640726992890933], [-78.6705066511592, -1.6638471442061296]], [[-78.67145893000246, -1.6621773462157272], [-78.67215785575468, -1.6620006505994698], [-78.67155633570468, -1.6624770536682814], [-78.67145893000246, -1.6621773462157272]], [[-78.67190638076426, -1.6635366896037687], [-78.6722717778911, -1.6641182236184542], [-78.67192906117783, -1.6640988674743475], [-78.67190638076426, -1.6635366896037687]], [[-78.67307546982092, -1.6909388160180094], [-78.67281545441747, -1.691264904344276], [-78.67275166078704, -1.6909626287911574], [-78.67307546982092, -1.6909388160180094]], [[-78.67561645890048, -1.6850139053491409], [-78.67680493889455, -1.684899496472049], [-78.67616702548646, -1.6854833029974547], [-78.67561645890048, -1.6850139053491409]]]}}, {"type": "Feature", "properties": {"categoria": "Cultural", "distance_m": 1250, "mode": "walking", "equipamientos_origen": 6, "nodos_alcanzables": 2657, "target_platform": "PLATAFORMA Ñ"}, "geometry": {"type": "MultiPolygon", "coordinates": [[[[-78.66022187849012, -1.6681211025161617], [-78.64842822869292, -1.661048163124981], [-78.62492938909918, -1.665534282523874], [-78.62298074801512, -1.678869616152293], [-78.63001861087187, -1.682942342870794], [-78.65692115463374, -1.6803036549802506], [-78.66022187849012, -1.6681211025161617]], [[-78.62661687589681, -1.6733586936541016], [-78.62557814741596, -1.6762811256805248], [-78.6252636936103, -1.6711615026024107], [-78.62661687589681, -1.6733586936541016]], [[-78.62615474071146, -1.6673869203848048], [-78.6254628592446, -1.6705369930767695], [-78.62564799882374, -1.6671920522795598], [-78.62615474071146, -1.6673869203848048]], [[-78.62703949664608, -1.6764087122249998], [-78.62598685875184, -1.6775658088380527], [-78.62678916681989, -1.6761611027680652], [-78.62703949664608, -1.6764087122249998]], [[-78.62649228197775, -1.6682899348411084], [-78.62733384814827, -1.6678098098779155], [-78.62695754263643, -1.6690515962297445], [-78.62649228197775, -1.6682899348411084]], [[-78.62677926275316, -1.6709789936210686], [-78.62855670504744, -1.6697988157104506], [-78.62787896435117, -1.6718789910670406], [-78.62677926275316, -1.6709789936210686]], [[-78.62762990781415, -1.6794023601252357], [-78.62696887870976, -1.6794022592703104], [-78.62720388815795, -1.6790365149716342], [-78.62762990781415, -1.6794023601252357]], [[-78.62808321872186, -1.6674409790687186], [-78.62789169985919, -1.6690437513107161], [-78.62766362700458, -1.6689267521557518], [-78.62808321872186, -1.6674409790687186]], [[-78.62857429495847, -1.6765187301519922], [-78.62789396704206, -1.6774094746578323], [-78.62815823629971, -1.6764214279012317], [-78.62857429495847, -1.6765187301519922]], [[-78.62841159044477, -1.6668137990927192], [-78.62872632303616, -1.666468071720387], [-78.62871832162591, -1.6668217922956325], [-78.62841159044477, -1.6668137990927192]], [[-78.62952665115718, -1.6710949080580761], [-78.62853962429593, -1.6723642217254124], [-78.62885764388392, -1.6708797825246646], [-78.62952665115718, -1.6710949080580761]], [[-78.62884581629709, -1.6752565673451871], [-78.62931168303228, -1.6765682129725787], [-78.6285962604604, -1.675278394283079], [-78.62884581629709, -1.6752565673451871]], [[-78.6290572014583, -1.6801622733348454], [-78.62925830772826, -1.6806812813438474], [-78.62882321414047, -1.6805083930748297], [-78.6290572014583, -1.6801622733348454]], [[-78.62894774720738, -1.6789680532312912], [-78.62959996207913, -1.6788758098491097], [-78.62909313601192, -1.6792424294257027], [-78.62894774720738, -1.6789680532312912]], [[-78.63083094458128, -1.6678487770359054], [-78.63112192348161, -1.6706731166414743], [-78.62902589994601, -1.6702854045160251], [-78.63083094458128, -1.6678487770359054]], [[-78.62966055360894, -1.6736660630786042], [-78.62970864877056, -1.6743895814463434], [-78.62937898016297, -1.6742205191572075], [-78.62966055360894, -1.6736660630786042]], [[-78.63075416726178, -1.6712769763028454], [-78.63028472831324, -1.6716190293383029], [-78.63029027944548, -1.6710594451794907], [-78.63075416726178, -1.6712769763028454]], [[-78.63077597529457, -1.6789286794624312], [-78.63022994225427, -1.6788172697378323], [-78.63037185458747, -1.6779612706038094], [-78.63077597529457, -1.6789286794624312]], [[-78.63206524011466, -1.6792902778447583], [-78.63064843870211, -1.6804238056263072], [-78.63027712465602, -1.6801415556589308], [-78.63206524011466, -1.6792902778447583]], [[-78.63095371415977, -1.6774424692810317], [-78.6320468657207, -1.6786878873754505], [-78.63137381959487, -1.678911872981026], [-78.63095371415977, -1.6774424692810317]], [[-78.63107355611359, -1.6744184516114498], [-78.63136264930604, -1.674193880880825], [-78.63133611938301, -1.6744649899451045], [-78.63107355611359, -1.6744184516114498]], [[-78.63158553305485, -1.6709743016971947], [-78.6319242793318, -1.6716913820559083], [-78.6311665808907, -1.6719913203762664], [-78.63158553305485, -1.6709743016971947]], [[-78.63256154923442, -1.6657351447140099], [-78.63261245606483, -1.6673381204035866], [-78.63156101787155, -1.6671372287757906], [-78.63256154923442, -1.6657351447140099]], [[-78.6324567922939, -1.671974742187298], [-78.63285013384528, -1.6726510872978728], [-78.6321529091433, -1.672394824469056], [-78.6324567922939, -1.671974742187298]], [[-78.63232422286154, -1.6696244154442708], [-78.63253385111591, -1.6692037901425927], [-78.63263494707127, -1.6694907481137944], [-78.63232422286154, -1.6696244154442708]], [[-78.63365482002423, -1.669389834396746], [-78.63398282301748, -1.6723428609122644], [-78.6322507950437, -1.670632702566967], [-78.63365482002423, -1.669389834396746]], [[-78.63333064721661, -1.6754882853627555], [-78.63589846620913, -1.6777681725900242], [-78.63256987844788, -1.6785241246369336], [-78.63333064721661, -1.6754882853627555]], [[-78.6329331211497, -1.664375901303302], [-78.63246820532378, -1.6646409023941253], [-78.63265223676719, -1.6642344601661392], [-78.6329331211497, -1.664375901303302]], [[-78.6329676370159, -1.673122802794548], [-78.63301915882155, -1.6727247372096377], [-78.63319278840217, -1.672948036454579], [-78.6329676370159, -1.673122802794548]], [[-78.6333017185509, -1.6684923845670985], [-78.63315464098223, -1.669034767241838], [-78.63295277217235, -1.668835267202758], [-78.6333017185509, -1.6684923845670985]], [[-78.63343874920359, -1.6649821431207463], [-78.63330500109141, -1.6655652564532506], [-78.63306187398209, -1.6651722364175774], [-78.63343874920359, -1.6649821431207463]], [[-78.6334500985415, -1.6679852632538812], [-78.63319397884048, -1.6682896874339743], [-78.63314943287006, -1.6680098439759437], [-78.6334500985415, -1.6679852632538812]], [[-78.63454238035155, -1.6750237042082492], [-78.63423929311638, -1.674769077685662], [-78.6346881884475, -1.6746444910051521], [-78.63454238035155, -1.6750237042082492]], [[-78.63795923700748, -1.6671151865397293], [-78.63662297773635, -1.6675765070816448], [-78.63726996710928, -1.6668506722895402], [-78.63795923700748, -1.6671151865397293]], [[-78.63730694100015, -1.670902014767575], [-78.63721974509215, -1.672042560940175], [-78.63666535283994, -1.671337741785397], [-78.63730694100015, -1.670902014767575]], [[-78.64499035474246, -1.6652981383132106], [-78.64564542451862, -1.6665406087260977], [-78.64451307128024, -1.665734529536229], [-78.64499035474246, -1.6652981383132106]], [[-78.64744225610178, -1.6673759144598221], [-78.64781711275398, -1.667456272020444], [-78.64759433051505, -1.6676027743292028], [-78.64744225610178, -1.6673759144598221]], [[-78.64915785394686, -1.6677538360446391], [-78.6491624758701, -1.6682187835957973], [-78.64893359681167, -1.667958696818352], [-78.64915785394686, -1.6677538360446391]], [[-78.65227850599952, -1.6679660228693787], [-78.65247700172281, -1.668310355293643], [-78.65218731569884, -1.6682330370685061], [-78.65227850599952, -1.6679660228693787]], [[-78.65280692344682, -1.6788488563542432], [-78.6526736220272, -1.679284505773042], [-78.65244920530218, -1.6789613998540216], [-78.65280692344682, -1.6788488563542432]], [[-78.6547513992988, -1.6713375449498937], [-78.65485128149155, -1.6709072923474844], [-78.65500961769816, -1.6711761205075066], [-78.6547513992988, -1.6713375449498937]], [[-78.65727729595928, -1.6672613499490196], [-78.65687176185142, -1.6674051652527464], [-78.65697323301545, -1.6671275586923187], [-78.65727729595928, -1.6672613499490196]]], [[[-78.67826722874833, -1.7023650469442078], [-78.6769333532466, -1.6843187852641885], [-78.66611275292162, -1.6901318706388238], [-78.67826722874833, -1.7023650469442078]], [[-78.67307546982092, -1.6909388160180094], [-78.67281545441747, -1.691264904344276], [-78.67275166078704, -1.6909626287911574], [-78.67307546982092, -1.6909388160180094]]]]}}, {"type": "Feature", "properties": {"categoria": "Educación", "distance_m": 1250, "mode": "walking", "equipamientos_origen": 54, "nodos_alcanzables": 7896, "target_platform": "PLATAFORMA Ñ"}, "geometry": {"type": "Polygon", "coordinates": [[[-78.68335893190678, -1.6832961928311676], [-78.66787540833636, -1.6518284269930439], [-78.63353150935855, -1.6586141548006352], [-78.61996076630615, -1.6791019264773954], [-78.64183852784855, -1.7020566995672899], [-78.67836591039682, -1.7023403000881625], [-78.68335893190678, -1.6832961928311676]], [[-78.62305204858957, -1.6757688882486024], [-78.62465388732052, -1.6760579867082686], [-78.62322874447958, -1.6764290611550567], [-78.62305204858957, -1.6757688882486024]], [[-78.62432998441507, -1.6786564766110283], [-78.62342316250053, -1.6780182781034931], [-78.62446231497665, -1.678191801944948], [-78.62432998441507, -1.6786564766110283]], [[-78.62595498988509, -1.6786700096864], [-78.62429789388425, -1.677211122757646], [-78.62494252672545, -1.6765439156692152], [-78.62595498988509, -1.6786700096864]], [[-78.62661687589681, -1.6733586936541016], [-78.62557814741596, -1.6762811256805248], [-78.62526369361012, -1.6711615026025957], [-78.62661687589681, -1.6733586936541016]], [[-78.62703949664608, -1.6764087122249998], [-78.62598685875184, -1.6775658088380527], [-78.62678916681982, -1.6761611027680818], [-78.62703949664608, -1.6764087122249998]], [[-78.62677926275316, -1.6709789936210686], [-78.62855670504744, -1.6697988157104506], [-78.62787896435117, -1.6718789910670406], [-78.62677926275316, -1.6709789936210686]], [[-78.62762990781415, -1.6794023601252357], [-78.62696887870976, -1.6794022592703104], [-78.62720388815795, -1.6790365149716342], [-78.62762990781415, -1.6794023601252357]], [[-78.62714190837625, -1.6844124408208345], [-78.627339283719, -1.6839632559044109], [-78.62741112626877, -1.6843721633406818], [-78.62714190837625, -1.6844124408208345]], [[-78.6278390335896, -1.6831331167172778], [-78.62771225529973, -1.6825758121745347], [-78.62833525151952, -1.6826965808062129], [-78.6278390335896, -1.6831331167172778]], [[-78.62808321872186, -1.6674409790687186], [-78.62789169985919, -1.6690437513107161], [-78.62766362700458, -1.6689267521557518], [-78.62808321872186, -1.6674409790687186]], [[-78.62857429495847, -1.6765187301519922], [-78.62789396704206, -1.6774094746578323], [-78.62815823629971, -1.6764214279012317], [-78.62857429495847, -1.6765187301519922]], [[-78.62861399811356, -1.6833129673644023], [-78.62806606228202, -1.6840258526740992], [-78.62785872545741, -1.6838256784218992], [-78.62861399811356, -1.6833129673644023]], [[-78.62851455070256, -1.6862431311400374], [-78.62846134366922, -1.6871358540664156], [-78.6280165880799, -1.6865745877746678], [-78.62851455070256, -1.6862431311400374]], [[-78.62846551299499, -1.6818528122571177], [-78.62979890583453, -1.6833181235213948], [-78.62957846612932, -1.683518946311621], [-78.62846551299499, -1.6818528122571177]], [[-78.62952665115718, -1.6710949080580761], [-78.62853962429593, -1.6723642217254293], [-78.62885764388392, -1.6708797825246646], [-78.62952665115718, -1.6710949080580761]], [[-78.62884581629709, -1.6752565673451871], [-78.62931168303228, -1.6765682129725787], [-78.6285962604604, -1.675278394283079], [-78.62884581629709, -1.6752565673451871]], [[-78.6290572014583, -1.6801622733348454], [-78.62925830772826, -1.6806812813438474], [-78.62882321414047, -1.6805083930748297], [-78.6290572014583, -1.6801622733348454]], [[-78.62894774720739, -1.6789680532312912], [-78.6295999345907, -1.6788775380164402], [-78.62909337286497, -1.679242779795033], [-78.62894774720739, -1.6789680532312912]], [[-78.63083094458128, -1.6678487770359054], [-78.63112192348161, -1.6706731166414743], [-78.62902589994601, -1.6702854045160251], [-78.63083094458128, -1.6678487770359054]], [[-78.62966055360894, -1.6736660630786042], [-78.62970864877056, -1.6743895814463434], [-78.62937898016297, -1.6742205191572075], [-78.62966055360894, -1.6736660630786042]], [[-78.62958517503708, -1.6871338569737302], [-78.6303086924917, -1.6872301185539706], [-78.62972329597795, -1.6875034412773873], [-78.62958517503708, -1.6871338569737302]], [[-78.63043901116654, -1.6878474036609337], [-78.63042337692578, -1.6884135250063506], [-78.6301653987325, -1.687969966243234], [-78.63043901116654, -1.6878474036609337]], [[-78.6307541672618, -1.6712769763028956], [-78.63028472831324, -1.6716190293383029], [-78.63029027944548, -1.6710594451794907], [-78.6307541672618, -1.6712769763028956]], [[-78.63077597529457, -1.6789286794624312], [-78.63022994225427, -1.6788172697378323], [-78.63037185458747, -1.6779612706038094], [-78.63077597529457, -1.6789286794624312]], [[-78.63206524011466, -1.6792902778447583], [-78.63064843870211, -1.6804238056263072], [-78.63027712465602, -1.6801415556589308], [-78.63206524011466, -1.6792902778447583]], [[-78.63033007323477, -1.6812781466472342], [-78.63079492419807, -1.6814029504149135], [-78.63048199747581, -1.6816614318059353], [-78.63033007323477, -1.6812781466472342]], [[-78.6304942188791, -1.6822758485700502], [-78.63197125653234, -1.6829242723766762], [-78.6304108054622, -1.6831454325988249], [-78.6304942188791, -1.6822758485700502]], [[-78.63052272835135, -1.6838150696766243], [-78.63126359497626, -1.6843986080173816], [-78.63046989387122, -1.6844767542633665], [-78.63052272835135, -1.6838150696766243]], [[-78.63095371415977, -1.6774424692810317], [-78.6320468657207, -1.6786878873754505], [-78.63137381959487, -1.678911872981026], [-78.63095371415977, -1.6774424692810317]], [[-78.6310735561136, -1.6744184516114664], [-78.63136264930604, -1.674193880880825], [-78.63133611938302, -1.6744649899451214], [-78.6310735561136, -1.6744184516114664]], [[-78.63158553305485, -1.6709743016971947], [-78.6319242793318, -1.6716913820559083], [-78.6311665808907, -1.6719913203762664], [-78.63158553305485, -1.6709743016971947]], [[-78.63239926716284, -1.6806284431231684], [-78.63153778412637, -1.6814972630308116], [-78.63127552823757, -1.6810250021406858], [-78.63239926716284, -1.6806284431231684]], [[-78.63187228465671, -1.662645884503246], [-78.63166565518108, -1.663172983555009], [-78.6314637332179, -1.6628835602470018], [-78.63187228465671, -1.662645884503246]], [[-78.63256154923442, -1.6657351447140099], [-78.63261245606483, -1.6673381204035866], [-78.63156101787155, -1.6671372287757906], [-78.63256154923442, -1.6657351447140099]], [[-78.6324567922939, -1.671974742187298], [-78.63285013384528, -1.6726510872978728], [-78.6321529091433, -1.672394824469056], [-78.6324567922939, -1.671974742187298]], [[-78.63276677746089, -1.683251835845777], [-78.63255067166193, -1.6840224104788692], [-78.63217122642257, -1.683541446555177], [-78.63276677746089, -1.683251835845777]], [[-78.63232422286157, -1.6696244154442874], [-78.63253385111591, -1.6692037901425927], [-78.63263494707127, -1.6694907481137944], [-78.63232422286157, -1.6696244154442874]], [[-78.63365482002423, -1.669389834396746], [-78.63398282301748, -1.6723428609122644], [-78.6322507950437, -1.670632702566967], [-78.63365482002423, -1.669389834396746]], [[-78.63236579311972, -1.6615476852341498], [-78.63322480861615, -1.660857349221832], [-78.63282159014427, -1.661845160260281], [-78.63236579311972, -1.6615476852341498]], [[-78.63333064721661, -1.6754882853627555], [-78.63589846620913, -1.6777681725900242], [-78.63256987844788, -1.6785241246369336], [-78.63333064721661, -1.6754882853627555]], [[-78.63258001100816, -1.66429826836839], [-78.6328061657515, -1.6646981704075943], [-78.63253795582233, -1.6647352884260687], [-78.63258001100816, -1.66429826836839]], [[-78.63278185709827, -1.662574106000131], [-78.63286604755405, -1.6632833034388441], [-78.63255676256532, -1.6627017477715524], [-78.63278185709827, -1.662574106000131]], [[-78.63280677826344, -1.6791215659964835], [-78.63413259247771, -1.6794843105880937], [-78.63288558467717, -1.6797439109837495], [-78.63280677826344, -1.6791215659964835]], [[-78.6329676370159, -1.673122802794548], [-78.63301915882155, -1.6727247372096377], [-78.63319278840217, -1.672948036454579], [-78.6329676370159, -1.673122802794548]], [[-78.6333017185509, -1.6684923845670985], [-78.63315464098224, -1.669034767241838], [-78.63295277217235, -1.6688352672027411], [-78.6333017185509, -1.6684923845670985]], [[-78.63343874920359, -1.6649821431207463], [-78.63330500109141, -1.6655652564532506], [-78.63306187398209, -1.6651722364175774], [-78.63343874920359, -1.6649821431207463]], [[-78.6334500985415, -1.6679852632538812], [-78.63319397884048, -1.6682896874339743], [-78.63314943287006, -1.6680098439759437], [-78.6334500985415, -1.6679852632538812]], [[-78.63397690113334, -1.6872073436886375], [-78.6340476158151, -1.688130970087941], [-78.63353300664339, -1.6878188204654632], [-78.63397690113334, -1.6872073436886375]], [[-78.63434455777971, -1.6850320858482122], [-78.63407687357073, -1.6857394418931222], [-78.63379437882271, -1.6853679129258574], [-78.63434455777971, -1.6850320858482122]], [[-78.63420814722645, -1.6599716612611322], [-78.63452884922344, -1.6610457711027502], [-78.63388696812724, -1.6606441801821987], [-78.63420814722645, -1.6599716612611322]], [[-78.63408328284876, -1.6636818242111984], [-78.63488573865477, -1.66357937719527], [-78.6342987141226, -1.664142218017849], [-78.63408328284876, -1.6636818242111984]], [[-78.63454238035155, -1.6750237042082492], [-78.63423929311638, -1.674769077685662], [-78.63468818844748, -1.6746444910051521], [-78.63454238035155, -1.6750237042082492]], [[-78.63451263884173, -1.6849403783237153], [-78.63480478466417, -1.6846449766658949], [-78.63478211026663, -1.6849380021781235], [-78.63451263884173, -1.6849403783237153]], [[-78.63471320118846, -1.6621822809391356], [-78.63494643423068, -1.6624649291654992], [-78.63468983282434, -1.6624515536103084], [-78.63471320118846, -1.6621822809391356]], [[-78.63464631463253, -1.678759013935255], [-78.63514792370769, -1.6787397868508984], [-78.63491833800029, -1.6790014268658209], [-78.63464631463253, -1.678759013935255]], [[-78.63538015990356, -1.6610898546110922], [-78.63506089659978, -1.6616003098870067], [-78.6351249118258, -1.661113080955043], [-78.63538015990356, -1.6610898546110922]], [[-78.63584647054276, -1.6783594630964709], [-78.6357226515233, -1.6790584419236303], [-78.63537029065851, -1.6785090553050375], [-78.63584647054276, -1.6783594630964709]], [[-78.63591313443902, -1.660451328071482], [-78.63626151708436, -1.661308840788175], [-78.63571607841679, -1.6606108499995413], [-78.63591313443902, -1.660451328071482]], [[-78.63722634485106, -1.659857461064784], [-78.6364872410987, -1.6598989940162976], [-78.63678654881214, -1.6595044391203675], [-78.63722634485106, -1.659857461064784]], [[-78.63730694100015, -1.670902014767575], [-78.63721974509215, -1.672042560940175], [-78.63666535283994, -1.6713377417853126], [-78.63730694100015, -1.670902014767575]], [[-78.63743590501844, -1.6677959431498945], [-78.63732276698762, -1.668517784703464], [-78.63672979617247, -1.6679443723216865], [-78.63743590501844, -1.6677959431498945]], [[-78.63729880197488, -1.6799165383655457], [-78.63701576503544, -1.6802246489309571], [-78.63698579442779, -1.67992802206542], [-78.63729880197488, -1.6799165383655457]], [[-78.63723338734587, -1.6591084314539044], [-78.6378182737745, -1.6588113894717276], [-78.63757003585314, -1.6593126214614675], [-78.63723338734587, -1.6591084314539044]], [[-78.63753479183174, -1.6941283858023715], [-78.63819860665065, -1.6949368281446229], [-78.63733850163112, -1.695090140719004], [-78.63753479183174, -1.6941283858023715]], [[-78.63734901161344, -1.696645535448747], [-78.63799126801797, -1.6962028436319352], [-78.63758190474401, -1.6968253549753773], [-78.63734901161344, -1.696645535448747]], [[-78.63793194097498, -1.6929094920804464], [-78.63759376332592, -1.693089950933665], [-78.63765888486077, -1.6928199528059609], [-78.63793194097498, -1.6929094920804464]], [[-78.6378893327019, -1.678552786307333], [-78.63799460115543, -1.6780501110371795], [-78.63825912772461, -1.6784116675656444], [-78.6378893327019, -1.678552786307333]], [[-78.63973574429389, -1.6952015301702397], [-78.63921683347401, -1.698301887959354], [-78.63794732571782, -1.6974076057719854], [-78.63973574429389, -1.6952015301702397]], [[-78.63842793040813, -1.6939087780050242], [-78.63866505853447, -1.6942963982741461], [-78.63826956014925, -1.694201154517667], [-78.63842793040813, -1.6939087780050242]], [[-78.63867278870605, -1.679703189263828], [-78.6387108516421, -1.680253150470314], [-78.6384251859239, -1.679850982810409], [-78.63867278870605, -1.679703189263828]], [[-78.63975241851008, -1.6925294201591137], [-78.63964060823056, -1.6942100824454875], [-78.63885270924742, -1.6927964807155589], [-78.63975241851008, -1.6925294201591137]], [[-78.63960771268042, -1.6874866525415202], [-78.63909761423936, -1.6875707913260998], [-78.63940276546575, -1.687279386253314], [-78.63960771268042, -1.6874866525415202]], [[-78.63941420488564, -1.6631465954502513], [-78.63939055428202, -1.6635912577934453], [-78.63918601899441, -1.6632957618493116], [-78.63941420488564, -1.6631465954502513]], [[-78.63957952731012, -1.6789153112926818], [-78.639311653434, -1.6791893932718793], [-78.63930896080456, -1.6789154372736992], [-78.63957952731012, -1.6789153112926818]], [[-78.64238908995436, -1.6898908076863195], [-78.64214263929124, -1.6920448652231135], [-78.63961577921107, -1.6915441819220693], [-78.64238908995436, -1.6898908076863195]], [[-78.64052742864087, -1.6811725849528676], [-78.63990346230183, -1.6819155847359815], [-78.6397076233031, -1.6812330130445883], [-78.64052742864087, -1.6811725849528676]], [[-78.6402794562435, -1.6879286721712266], [-78.64095692010302, -1.689817578696879], [-78.63989865193098, -1.6882125457263464], [-78.6402794562435, -1.6879286721712266]], [[-78.64069836165405, -1.6941606640196107], [-78.6412912120275, -1.6956316602580501], [-78.640183703438, -1.6946700464207207], [-78.64069836165405, -1.6941606640196107]], [[-78.64080011597477, -1.6806397572162535], [-78.64165779441471, -1.6805856401711763], [-78.64058453382704, -1.681162393846838], [-78.64080011597477, -1.6806397572162535]], [[-78.64117152181437, -1.6836839540478314], [-78.64118875825066, -1.6848753883115288], [-78.64056812823227, -1.6841298782819931], [-78.64117152181437, -1.6836839540478314]], [[-78.64184666921791, -1.6868863699596823], [-78.64148279935789, -1.6879390335238158], [-78.64096900701084, -1.6875281474125903], [-78.64184666921791, -1.6868863699596823]], [[-78.64114583057534, -1.6579255584524915], [-78.64168873203921, -1.657638493218441], [-78.64147934284469, -1.6581165822713069], [-78.64114583057534, -1.6579255584524915]], [[-78.64332499076178, -1.693877687836299], [-78.64173929232345, -1.6938017723943304], [-78.64206907833109, -1.692748684942132], [-78.64332499076178, -1.693877687836299]], [[-78.64205440568966, -1.6957455855904284], [-78.64214648895019, -1.6962633359976822], [-78.64181279438209, -1.6959484933713571], [-78.64205440568966, -1.6957455855904284]], [[-78.64218390340596, -1.6579061773531851], [-78.64248736119089, -1.6584156815690825], [-78.641967971813, -1.6587454780290734], [-78.64218390340596, -1.6579061773531851]], [[-78.6442476467957, -1.6616003483864095], [-78.64287508539046, -1.6617024788787436], [-78.6432544569553, -1.6609882578783906], [-78.6442476467957, -1.6616003483864095]], [[-78.64375181968288, -1.696336445342581], [-78.6433444461265, -1.6967677886292991], [-78.64337594456538, -1.696296241060063], [-78.64375181968288, -1.696336445342581]], [[-78.6445732994213, -1.6800888710494273], [-78.64449293288811, -1.6822035828011161], [-78.64349519074278, -1.6822108710629449], [-78.6445732994213, -1.6800888710494273]], [[-78.6444531799435, -1.694409839508168], [-78.64434215523741, -1.696159081284508], [-78.64385746403306, -1.6943217087786748], [-78.6444531799435, -1.694409839508168]], [[-78.64433077249709, -1.686720370277713], [-78.6441731269825, -1.6887802774837182], [-78.643939122211, -1.68674532417121], [-78.64433077249709, -1.686720370277713]], [[-78.64437931287851, -1.6918844802190378], [-78.64475147801234, -1.6917893078287087], [-78.64462484189603, -1.6920142736348598], [-78.64437931287851, -1.6918844802190378]], [[-78.64499035474246, -1.6652981383132277], [-78.64564542451862, -1.6665406087260977], [-78.64451307128024, -1.665734529536229], [-78.64499035474246, -1.6652981383132277]], [[-78.64489911429884, -1.6905320178443166], [-78.64601540583206, -1.6913665655941086], [-78.64573705305932, -1.691622262975288], [-78.64489911429884, -1.6905320178443166]], [[-78.64515052074775, -1.694418295332582], [-78.64526963136305, -1.6953088953283988], [-78.64491462516305, -1.694947788242784], [-78.64515052074775, -1.694418295332582]], [[-78.64519803730444, -1.6962324360405256], [-78.64524328652088, -1.696722617976513], [-78.64494415171023, -1.6965126573057812], [-78.64519803730444, -1.6962324360405256]], [[-78.64562751314108, -1.6827632274446995], [-78.64724824481982, -1.6853637758886302], [-78.6450972942846, -1.6833773626991473], [-78.64562751314108, -1.6827632274446995]], [[-78.64553831293388, -1.693435576183741], [-78.6452237906544, -1.6938608283597523], [-78.64528290214112, -1.6934017269518369], [-78.64553831293388, -1.693435576183741]], [[-78.64538702083865, -1.6922119563090883], [-78.6456598045615, -1.6926303467692234], [-78.64533542751865, -1.692587715346923], [-78.64538702083865, -1.6922119563090883]], [[-78.64744225610178, -1.6673759144598388], [-78.64781711275398, -1.667456272020461], [-78.64759433051506, -1.6676027743292028], [-78.64744225610178, -1.6673759144598388]], [[-78.64915785394686, -1.6677538360446391], [-78.64916247587009, -1.6682187835957973], [-78.64893359681167, -1.6679586968183349], [-78.64915785394686, -1.6677538360446391]], [[-78.65092301186294, -1.6792652209549777], [-78.65137206318313, -1.681207533873517], [-78.65021677215992, -1.679778551937356], [-78.65092301186294, -1.6792652209549777]], [[-78.6505290910447, -1.683417728542235], [-78.65065672811603, -1.6839690023753113], [-78.65026685801786, -1.6836039276112227], [-78.6505290910447, -1.683417728542235]], [[-78.65227850599948, -1.6679660228694124], [-78.65247700172287, -1.6683103552936094], [-78.65218731569887, -1.6682330370685903], [-78.65227850599948, -1.6679660228694124]], [[-78.65280692344682, -1.6788488563542432], [-78.6526736220272, -1.679284505773042], [-78.65244920530218, -1.6789613998540216], [-78.65280692344682, -1.6788488563542432]], [[-78.65572140988864, -1.656794264051169], [-78.65467637395955, -1.6625249888562166], [-78.65290458467574, -1.661272304968005], [-78.65572140988864, -1.656794264051169]], [[-78.65396454397793, -1.6839994839489727], [-78.65346494514003, -1.6840975747329534], [-78.65374835521578, -1.6837849456460752], [-78.65396454397793, -1.6839994839489727]], [[-78.65380908110964, -1.6627760394166875], [-78.65392975606251, -1.6635032129475793], [-78.65350587357571, -1.6632120911783328], [-78.65380908110964, -1.6627760394166875]], [[-78.65475139929882, -1.6713375449498937], [-78.65485128149152, -1.6709072923475015], [-78.65500961769816, -1.6711761205075066], [-78.65475139929882, -1.6713375449498937]], [[-78.65572854286945, -1.6818540925714867], [-78.6549108902449, -1.6823730920300617], [-78.65550173347413, -1.6816639974254186], [-78.65572854286945, -1.6818540925714867]], [[-78.65686236978209, -1.6758231658458629], [-78.65787052996373, -1.6775626259388532], [-78.65661351163118, -1.675854770466723], [-78.65686236978209, -1.6758231658458629]], [[-78.65714102912224, -1.667553405017495], [-78.65700567480619, -1.6671125426340547], [-78.65729141844997, -1.6672936269606993], [-78.65714102912224, -1.667553405017495]], [[-78.65787714496143, -1.6812621143511466], [-78.65732116075439, -1.6816207818624882], [-78.65704824793588, -1.6807892329368912], [-78.65787714496143, -1.6812621143511466]], [[-78.65844838971299, -1.679791456075365], [-78.65832736888211, -1.6810904203183055], [-78.65753719839998, -1.6802356464497543], [-78.65844838971299, -1.679791456075365]], [[-78.65913386982571, -1.6771858998760991], [-78.65893921330277, -1.6793972594139328], [-78.65792975995998, -1.678625337773073], [-78.65913386982571, -1.6771858998760991]], [[-78.65924089751894, -1.6634828865108435], [-78.65865480368218, -1.6636121470739136], [-78.65908076392301, -1.6632827209220933], [-78.65924089751894, -1.6634828865108435]], [[-78.65983958586675, -1.6685354301896032], [-78.65981129903311, -1.6690427499670548], [-78.6595304230051, -1.6688079766857447], [-78.65983958586675, -1.6685354301896032]], [[-78.6606014929153, -1.6649863534480391], [-78.66009202641237, -1.6670199976037592], [-78.6595844413062, -1.6657329395640144], [-78.6606014929153, -1.6649863534480391]], [[-78.65999085603639, -1.6690558947009206], [-78.66027247590458, -1.6696124966642671], [-78.65984354369878, -1.669632661733736], [-78.65999085603639, -1.6690558947009206]], [[-78.66111091054535, -1.672422023261601], [-78.66209942743514, -1.6726025895673116], [-78.66146434736244, -1.6733260175918585], [-78.66111091054535, -1.672422023261601]], [[-78.66212060650567, -1.6830608355971108], [-78.66216587097749, -1.6836804329082877], [-78.66170942990684, -1.6834365816264822], [-78.66212060650567, -1.6830608355971108]], [[-78.662069368521, -1.6794401087486528], [-78.66183721411777, -1.6798365302772982], [-78.6617725696432, -1.6794525086623946], [-78.662069368521, -1.6794401087486528]], [[-78.66202175038717, -1.6752363371544137], [-78.66265472264611, -1.6749362037905837], [-78.66248285450641, -1.675301871685798], [-78.66202175038717, -1.6752363371544137]], [[-78.66209364837775, -1.6773184503412468], [-78.66248930595692, -1.6775348070711522], [-78.6621486094716, -1.677633365434348], [-78.66209364837775, -1.6773184503412468]], [[-78.66246102089062, -1.6551052848282597], [-78.66321310907495, -1.65543026806569], [-78.66284257955705, -1.6556593866822238], [-78.66246102089062, -1.6551052848282597]], [[-78.66668235982962, -1.6661731429810234], [-78.66378376543234, -1.668353090563353], [-78.66275813538611, -1.6676406380448254], [-78.66668235982962, -1.6661731429810234]], [[-78.66411241595786, -1.6762273224134865], [-78.6641565948745, -1.6816494171682506], [-78.66326666748684, -1.6820672246108102], [-78.66411241595786, -1.6762273224134865]], [[-78.66323256071516, -1.665672261854589], [-78.66331719940376, -1.6662724962303466], [-78.66285309606636, -1.665902720395041], [-78.66323256071516, -1.665672261854589]], [[-78.66373751100606, -1.6584479945270205], [-78.66308621815797, -1.6600518016811439], [-78.66349271478823, -1.658337912110045], [-78.66373751100606, -1.6584479945270205]], [[-78.66395847167391, -1.6555564957745104], [-78.6638819227811, -1.6565983134029194], [-78.66333378446284, -1.6561825880447107], [-78.66395847167391, -1.6555564957745104]], [[-78.66408222804529, -1.6641192395525022], [-78.66408515993555, -1.6646550441617718], [-78.66384776777754, -1.664242847268822], [-78.66408222804529, -1.6641192395525022]], [[-78.66694725243374, -1.6715153382039007], [-78.66685535221633, -1.6750098159849731], [-78.66455366654779, -1.6744574226151347], [-78.66694725243374, -1.6715153382039007]], [[-78.66467088933658, -1.6596489548396562], [-78.66535182252983, -1.6595942545891431], [-78.66483881055971, -1.6599961372570244], [-78.66467088933658, -1.6596489548396562]], [[-78.66629583636329, -1.671377557912369], [-78.6649972728371, -1.6708024542044217], [-78.66534083979911, -1.6703466290696105], [-78.66629583636329, -1.671377557912369]], [[-78.66591950945082, -1.655089339951535], [-78.66624508869168, -1.6555767134332684], [-78.66563716446339, -1.6555377010610988], [-78.66591950945082, -1.655089339951535]], [[-78.66584993201512, -1.662776747935976], [-78.66623446839341, -1.6630562094855035], [-78.665952029268, -1.6631251012690982], [-78.66584993201512, -1.662776747935976]], [[-78.66618385030031, -1.679604827021825], [-78.66657075923357, -1.6801148843326454], [-78.66600413511497, -1.6798336555518172], [-78.66618385030031, -1.679604827021825]], [[-78.66824899102473, -1.6678358754975646], [-78.66788943892911, -1.6710943068390547], [-78.66606399553804, -1.6701841569266564], [-78.66824899102473, -1.6678358754975646]], [[-78.66626344753077, -1.6835428431433963], [-78.66665508008757, -1.6839912973315379], [-78.66614844155546, -1.6838305632795423], [-78.66626344753077, -1.6835428431433963]], [[-78.67015552817482, -1.6906997904753114], [-78.66862681942655, -1.691852427362442], [-78.66768602989738, -1.6906359743800436], [-78.67015552817482, -1.6906997904753114]], [[-78.6705066511592, -1.6638471442061296], [-78.67053919971282, -1.664248813454162], [-78.67026873386875, -1.6640726992891102], [-78.6705066511592, -1.6638471442061296]], [[-78.67307546982092, -1.6909388160180094], [-78.67281545441747, -1.691264904344276], [-78.67275166078704, -1.6909626287911574], [-78.67307546982092, -1.6909388160180094]], [[-78.67561645890048, -1.6850139053491409], [-78.67680493889455, -1.684899496472049], [-78.67616702548646, -1.6854833029974547], [-78.67561645890048, -1.6850139053491409]], [[-78.67767371204248, -1.6816142864733188], [-78.67811293945064, -1.6832720523190134], [-78.67748504953283, -1.685123114805608], [-78.67767371204248, -1.6816142864733188]], [[-78.67917661591034, -1.6808526760831972], [-78.6802295877812, -1.6821197787542088], [-78.67957415763533, -1.682701377207249], [-78.67917661591034, -1.6808526760831972]], [[-78.68031939135398, -1.6842339239178266], [-78.68058026091066, -1.6850280741224468], [-78.679813340328, -1.6846160465032491], [-78.68031939135398, -1.6842339239178266]]]}}, {"type": "Feature", "properties": {"categoria": "Especial", "distance_m": 1250, "mode": "walking", "equipamientos_origen": 1, "nodos_alcanzables": 1348, "target_platform": "PLATAFORMA Ñ"}, "geometry": {"type": "Polygon", "coordinates": [[[-78.64964516047289, -1.6858054075078324], [-78.6326461181394, -1.6800615854721377], [-78.63004101226372, -1.690445670744386], [-78.63106579231196, -1.6939729845452618], [-78.6341612732205, -1.6905313673832916], [-78.63624121850992, -1.6984545334767287], [-78.64444838816632, -1.6967584198600993], [-78.64964516047289, -1.6858054075078324]], [[-78.63255067166193, -1.6840224104788692], [-78.63278394265967, -1.6832517714766868], [-78.63321132220244, -1.6836947798031963], [-78.63255067166193, -1.6840224104788692]], [[-78.63397690113334, -1.6872073436886375], [-78.6340476158151, -1.688130970087941], [-78.63353300664339, -1.6878188204654632], [-78.63397690113334, -1.6872073436886375]], [[-78.6339996066038, -1.6850771972394136], [-78.63404359328588, -1.6859164534782687], [-78.63374662600434, -1.685752716810863], [-78.6339996066038, -1.6850771972394136]], [[-78.63451263884173, -1.6849403783237153], [-78.63480478466417, -1.6846449766658949], [-78.63478211026663, -1.6849380021781235], [-78.63451263884173, -1.6849403783237153]], [[-78.63728406844987, -1.6947004584735852], [-78.6384391508308, -1.6952266468789383], [-78.63749419357745, -1.6968264833149018], [-78.63728406844987, -1.6947004584735852]], [[-78.63793194097498, -1.6929094920804464], [-78.63759376332592, -1.693089950933665], [-78.63765888486077, -1.6928199528059609], [-78.63793194097498, -1.6929094920804464]], [[-78.63842793040813, -1.6939087780050242], [-78.63866505853447, -1.6942963982741461], [-78.63826956014925, -1.694201154517667], [-78.63842793040813, -1.6939087780050242]], [[-78.63975241851008, -1.6925294201591137], [-78.63964060823056, -1.6942100824454875], [-78.63885270924742, -1.6927964807155589], [-78.63975241851008, -1.6925294201591137]], [[-78.63960771268042, -1.6874866525415202], [-78.63909761423938, -1.6875707913261166], [-78.63940276546576, -1.687279386253314], [-78.63960771268042, -1.6874866525415202]], [[-78.64238908995436, -1.6898908076863195], [-78.64214263929124, -1.6920448652231135], [-78.63961577921107, -1.6915441819220693], [-78.64238908995436, -1.6898908076863195]], [[-78.6402794562435, -1.6879286721712266], [-78.64095692010302, -1.689817578696879], [-78.63989865193098, -1.6882125457263464], [-78.6402794562435, -1.6879286721712266]], [[-78.64069836165405, -1.6941606640196107], [-78.6412912120275, -1.6956316602580501], [-78.640183703438, -1.6946700464207207], [-78.64069836165405, -1.6941606640196107]], [[-78.64117152181437, -1.6836839540478314], [-78.64118875825066, -1.6848753883115288], [-78.64056812823227, -1.6841298782819427], [-78.64117152181437, -1.6836839540478314]], [[-78.64184666921791, -1.6868863699596823], [-78.64148279935786, -1.6879390335238158], [-78.64096900701084, -1.6875281474125903], [-78.64184666921791, -1.6868863699596823]], [[-78.64343517352422, -1.6929865461080247], [-78.6429549098994, -1.6949116543498355], [-78.64173934671055, -1.6930533352555677], [-78.64343517352422, -1.6929865461080247]], [[-78.64205440568965, -1.6957455855904284], [-78.6421464889502, -1.6962633359976822], [-78.64181279438209, -1.6959484933713571], [-78.64205440568965, -1.6957455855904284]], [[-78.64433077249709, -1.686720370277713], [-78.64417312698232, -1.6887802774835663], [-78.64393912221098, -1.686745324171227], [-78.64433077249709, -1.686720370277713]]]}}, {"type": "Feature", "properties": {"categoria": "Industrial MI-BI", "distance_m": 1250, "mode": "walking", "equipamientos_origen": 21, "nodos_alcanzables": 2351, "target_platform": "PLATAFORMA Ñ"}, "geometry": {"type": "Polygon", "coordinates": [[[-78.64668400057764, -1.67395609568232], [-78.63250566160393, -1.6679289464159943], [-78.6231813250394, -1.6740842581699995], [-78.62044105842993, -1.6906592709860961], [-78.62610948873738, -1.697446575821072], [-78.63386326538887, -1.6983467498776148], [-78.64117093425325, -1.6905375201082646], [-78.64668400057764, -1.67395609568232]], [[-78.62220730632946, -1.6878744539827606], [-78.62338993851077, -1.6895783867675815], [-78.62260744570602, -1.6898421125705758], [-78.62220730632946, -1.6878744539827606]], [[-78.62415827443981, -1.691177345259188], [-78.62265293624297, -1.6905095475359968], [-78.62353869294155, -1.690130763721786], [-78.62415827443981, -1.691177345259188]], [[-78.62421756866273, -1.6863000769115368], [-78.62581912695418, -1.6871967761981905], [-78.62475604143097, -1.687727557902073], [-78.62421756866273, -1.6863000769115368]], [[-78.6250529832038, -1.6896097555862442], [-78.62478101079842, -1.690998230013978], [-78.62420176566206, -1.6899559171296419], [-78.6250529832038, -1.6896097555862442]], [[-78.62595498988509, -1.6786700096864], [-78.62429789388425, -1.677211122757646], [-78.62494252672545, -1.6765439156692152], [-78.62595498988509, -1.6786700096864]], [[-78.62456517590802, -1.6886429195516313], [-78.62456655949944, -1.6891880207904502], [-78.62430855854555, -1.6888448732330916], [-78.62456517590802, -1.6886429195516313]], [[-78.62674562942564, -1.6872529874002848], [-78.62589902977885, -1.6886405333579795], [-78.62549756569544, -1.6881567327599936], [-78.62674562942564, -1.6872529874002848]], [[-78.62570003096468, -1.6820664335209157], [-78.6263549385293, -1.684644695743379], [-78.62599102809577, -1.6848857813336648], [-78.62570003096468, -1.6820664335209157]], [[-78.62703949664608, -1.6764087122249998], [-78.62598685875184, -1.6775658088380527], [-78.62678916681988, -1.6761611027680652], [-78.62703949664608, -1.6764087122249998]], [[-78.62762990781415, -1.6794023601252357], [-78.62696887870976, -1.6794022592703104], [-78.62720388815795, -1.6790365149716342], [-78.62762990781415, -1.6794023601252357]], [[-78.62714190837625, -1.6844124408208345], [-78.627339283719, -1.6839632559044109], [-78.62741112626877, -1.6843721633406818], [-78.62714190837625, -1.6844124408208345]], [[-78.6291043024658, -1.6909623917421421], [-78.62849444264708, -1.693254813655128], [-78.62705175911708, -1.6913545272598087], [-78.6291043024658, -1.6909623917421421]], [[-78.62761779576483, -1.694345549272594], [-78.62744743757752, -1.6951529815918565], [-78.62710091037263, -1.6949519289924286], [-78.62761779576483, -1.694345549272594]], [[-78.62832321241214, -1.682846999056762], [-78.62760431723545, -1.6826631954990516], [-78.62821108044672, -1.6825262211460037], [-78.62832321241214, -1.682846999056762]], [[-78.62810796414179, -1.6880662577765153], [-78.62810477651037, -1.6888993776289951], [-78.62774439294701, -1.6882528325109416], [-78.62810796414179, -1.6880662577765153]], [[-78.62857429495847, -1.6765187301519922], [-78.62789396704206, -1.6774094746578323], [-78.62815823629971, -1.6764214279012317], [-78.62857429495847, -1.6765187301519922]], [[-78.62861399811356, -1.6833129673644023], [-78.62806606228199, -1.6840258526740992], [-78.62785872545741, -1.6838256784219159], [-78.62861399811356, -1.6833129673644023]], [[-78.62851455070256, -1.6862431311400374], [-78.62846134366922, -1.6871358540664156], [-78.6280165880799, -1.6865745877746678], [-78.62851455070256, -1.6862431311400374]], [[-78.62846551299499, -1.6818528122571177], [-78.62979890583453, -1.6833181235213948], [-78.62957846612932, -1.683518946311621], [-78.62846551299499, -1.6818528122571177]], [[-78.62952665115718, -1.6710949080580761], [-78.62853962429593, -1.6723642217254293], [-78.62885764388392, -1.6708797825246646], [-78.62952665115718, -1.6710949080580761]], [[-78.62884581629709, -1.6752565673451871], [-78.62931168303228, -1.6765682129725787], [-78.6285962604604, -1.675278394283079], [-78.62884581629709, -1.6752565673451871]], [[-78.6305297924095, -1.688448229600564], [-78.62983607378814, -1.690646789061237], [-78.62868980509298, -1.6904561373197486], [-78.6305297924095, -1.688448229600564]], [[-78.62905720145831, -1.680162273334829], [-78.62925830772818, -1.6806812813438814], [-78.62882321414047, -1.6805083930748297], [-78.62905720145831, -1.680162273334829]], [[-78.62894774720738, -1.6789680532312912], [-78.62959996207913, -1.6788758098491097], [-78.62909313601192, -1.6792424294257027], [-78.62894774720738, -1.6789680532312912]], [[-78.62966055360894, -1.6736660630786042], [-78.62970864877056, -1.6743895814463605], [-78.62937898016297, -1.6742205191572075], [-78.62966055360894, -1.6736660630786042]], [[-78.62958517503708, -1.6871338569737302], [-78.63030869249171, -1.6872301185539706], [-78.62972329597797, -1.6875034412773873], [-78.62958517503708, -1.6871338569737302]], [[-78.63043901116654, -1.6878474036609337], [-78.63042337692578, -1.6884135250063506], [-78.6301653987325, -1.687969966243234], [-78.63043901116654, -1.6878474036609337]], [[-78.6307541672618, -1.671276976302862], [-78.63028472831324, -1.6716190293383029], [-78.63029027944548, -1.6710594451794907], [-78.6307541672618, -1.671276976302862]], [[-78.63077597529457, -1.6789286794624145], [-78.63022994225427, -1.6788172697378323], [-78.63037185458747, -1.6779612706038094], [-78.63077597529457, -1.6789286794624145]], [[-78.63206524011466, -1.6792902778447583], [-78.63064843870211, -1.6804238056263072], [-78.63027712465602, -1.6801415556589308], [-78.63206524011466, -1.6792902778447583]], [[-78.63033007323477, -1.6812781466472342], [-78.63079492419807, -1.6814029504149135], [-78.63048199747581, -1.6816614318059353], [-78.63033007323477, -1.6812781466472342]], [[-78.6304942188791, -1.6822758485700502], [-78.63197125653234, -1.6829242723766762], [-78.63041080546222, -1.6831454325988249], [-78.6304942188791, -1.6822758485700502]], [[-78.63052272835135, -1.6838150696766243], [-78.63126359497626, -1.6843986080173816], [-78.63046989387122, -1.6844767542633665], [-78.63052272835135, -1.6838150696766243]], [[-78.63095371415977, -1.6774424692810317], [-78.6320468657207, -1.6786878873754505], [-78.63137381959487, -1.678911872981026], [-78.63095371415977, -1.6774424692810317]], [[-78.63107355611359, -1.6744184516114327], [-78.63136264930604, -1.674193880880842], [-78.63133611938296, -1.6744649899451045], [-78.63107355611359, -1.6744184516114327]], [[-78.63158553305485, -1.6709743016971947], [-78.6319242793318, -1.6716913820559252], [-78.6311665808907, -1.6719913203762664], [-78.63158553305485, -1.6709743016971947]], [[-78.63239926716284, -1.6806284431231684], [-78.63153778412637, -1.6814972630308116], [-78.63127552823757, -1.6810250021406858], [-78.63239926716284, -1.6806284431231684]], [[-78.6324567922939, -1.671974742187298], [-78.63285013384528, -1.6726510872978728], [-78.6321529091433, -1.672394824469056], [-78.6324567922939, -1.671974742187298]], [[-78.63276677746089, -1.683251835845777], [-78.63255067166193, -1.6840224104788692], [-78.63217122642257, -1.683541446555177], [-78.63276677746089, -1.683251835845777]], [[-78.63232422286154, -1.6696244154442708], [-78.63253385111591, -1.6692037901425927], [-78.63263494707127, -1.6694907481137944], [-78.63232422286154, -1.6696244154442708]], [[-78.63333064721661, -1.6754882853627555], [-78.63589846620913, -1.6777681725900242], [-78.63256987844788, -1.6785241246369336], [-78.63333064721661, -1.6754882853627555]], [[-78.63280677826344, -1.6791215659964835], [-78.63413259247771, -1.6794843105880937], [-78.63288558467717, -1.6797439109837495], [-78.63280677826344, -1.6791215659964835]], [[-78.6329676370159, -1.673122802794548], [-78.63301915882154, -1.672724737209621], [-78.63319278840217, -1.672948036454579], [-78.6329676370159, -1.673122802794548]], [[-78.63302317860213, -1.6941137374243176], [-78.6331453262934, -1.6944781359882597], [-78.63290787371312, -1.6943479721515053], [-78.63302317860213, -1.6941137374243176]], [[-78.63397690113334, -1.6872073436886375], [-78.6340476158151, -1.688130970087941], [-78.63353300664338, -1.6878188204654632], [-78.63397690113334, -1.6872073436886375]], [[-78.63434455777971, -1.6850320858482122], [-78.63407687357073, -1.6857394418931222], [-78.6337943788227, -1.6853679129258743], [-78.63434455777971, -1.6850320858482122]], [[-78.63454238035155, -1.6750237042082492], [-78.63423929311638, -1.674769077685662], [-78.6346881884475, -1.6746444910051521], [-78.63454238035155, -1.6750237042082492]], [[-78.63451263884173, -1.6849403783237153], [-78.63480478466417, -1.6846449766658949], [-78.63478211026663, -1.6849380021781235], [-78.63451263884173, -1.6849403783237153]], [[-78.63464631463253, -1.678759013935255], [-78.63514792370769, -1.6787397868508984], [-78.63491833800029, -1.6790014268658209], [-78.63464631463253, -1.678759013935255]], [[-78.63535520253194, -1.6786126721989745], [-78.63602415733024, -1.6788617192730892], [-78.6358090245632, -1.6790714558331805], [-78.63535520253194, -1.6786126721989745]], [[-78.63730694100015, -1.670902014767575], [-78.63721974509215, -1.672042560940175], [-78.63666535283994, -1.6713377417853126], [-78.63730694100015, -1.670902014767575]], [[-78.63729880197488, -1.6799165383655457], [-78.63701576503544, -1.6802246489309571], [-78.63698579442779, -1.67992802206542], [-78.63729880197488, -1.6799165383655457]], [[-78.6378893327019, -1.678552786307333], [-78.63799460115543, -1.6780501110371795], [-78.63825912772461, -1.6784116675656444], [-78.6378893327019, -1.678552786307333]], [[-78.63867278870605, -1.679703189263828], [-78.6387108516421, -1.680253150470314], [-78.6384251859239, -1.679850982810409], [-78.63867278870605, -1.679703189263828]], [[-78.63960771268042, -1.6874866525415202], [-78.63909761423938, -1.6875707913261166], [-78.63940276546576, -1.687279386253314], [-78.63960771268042, -1.6874866525415202]], [[-78.63957952731012, -1.6789153112926818], [-78.639311653434, -1.6791893932718793], [-78.63930896080456, -1.6789154372736992], [-78.63957952731012, -1.6789153112926818]], [[-78.63986256235947, -1.681019209219075], [-78.64165779441471, -1.6805856401711763], [-78.63983339971126, -1.6818631630985137], [-78.63986256235947, -1.681019209219075]], [[-78.64117152181437, -1.6836839540478485], [-78.64118875825066, -1.6848753883115288], [-78.64056812823227, -1.6841298782819931], [-78.64117152181437, -1.6836839540478485]]]}}, {"type": "Feature", "properties": {"categoria": "Infraestructura", "distance_m": 1250, "mode": "walking", "equipamientos_origen": 6, "nodos_alcanzables": 3162, "target_platform": "PLATAFORMA Ñ"}, "geometry": {"type": "MultiPolygon", "coordinates": [[[[-78.63923873409611, -1.669640138665256], [-78.63626455221019, -1.6621003834351433], [-78.63122210424703, -1.6623883338787782], [-78.62387617211937, -1.6706258755160248], [-78.62608613776396, -1.68031752955237], [-78.63305472574598, -1.6811459736556944], [-78.63923873409611, -1.669640138665256]], [[-78.62649129989074, -1.6683283055594813], [-78.62732858508181, -1.6677064949383553], [-78.62699217343909, -1.6690504829126287], [-78.62649129989074, -1.6683283055594813]], [[-78.62677926275316, -1.6709789936210686], [-78.62855670504744, -1.6697988157104506], [-78.62787896435117, -1.6718789910670406], [-78.62677926275316, -1.6709789936210686]], [[-78.62762990781415, -1.6794023601252357], [-78.62696887870977, -1.6794022592702942], [-78.62720388815794, -1.6790365149716178], [-78.62762990781415, -1.6794023601252357]], [[-78.62808321872186, -1.6674409790687186], [-78.62789169985919, -1.6690437513107161], [-78.62766362700458, -1.6689267521557518], [-78.62808321872186, -1.6674409790687186]], [[-78.62857429495847, -1.6765187301519922], [-78.62789396704207, -1.6774094746578323], [-78.62815823629971, -1.6764214279012317], [-78.62857429495847, -1.6765187301519922]], [[-78.62841159044477, -1.6668137990927192], [-78.62872632303616, -1.666468071720387], [-78.62871832162591, -1.6668217922956325], [-78.62841159044477, -1.6668137990927192]], [[-78.62952665115718, -1.6710949080580761], [-78.62853962429593, -1.6723642217254293], [-78.62885764388392, -1.6708797825246646], [-78.62952665115718, -1.6710949080580761]], [[-78.62884581629709, -1.6752565673451871], [-78.62931168303228, -1.6765682129725787], [-78.6285962604604, -1.675278394283079], [-78.62884581629709, -1.6752565673451871]], [[-78.62894774720738, -1.6789680532312912], [-78.62959996207913, -1.6788758098491097], [-78.62909313601192, -1.6792424294257027], [-78.62894774720738, -1.6789680532312912]], [[-78.63083094458128, -1.6678487770359054], [-78.63112192348161, -1.6706731166414743], [-78.62902589994601, -1.6702854045160251], [-78.63083094458128, -1.6678487770359054]], [[-78.62966055360894, -1.6736660630785873], [-78.62970864877056, -1.6743895814463434], [-78.62937898016297, -1.6742205191572075], [-78.62966055360894, -1.6736660630785873]], [[-78.6307541672618, -1.671276976302862], [-78.63028472831324, -1.6716190293383029], [-78.63029027944548, -1.6710594451794907], [-78.6307541672618, -1.671276976302862]], [[-78.63077597529457, -1.6789286794624145], [-78.63022994225427, -1.6788172697378323], [-78.63037185458747, -1.6779612706038094], [-78.63077597529457, -1.6789286794624145]], [[-78.63095371415977, -1.6774424692810317], [-78.6320468657207, -1.6786878873754505], [-78.63137381959487, -1.678911872981026], [-78.63095371415977, -1.6774424692810317]], [[-78.63107355611359, -1.6744184516114327], [-78.63136264930604, -1.674193880880825], [-78.63133611938301, -1.6744649899451045], [-78.63107355611359, -1.6744184516114327]], [[-78.63158553305485, -1.6709743016971947], [-78.6319242793318, -1.6716913820559083], [-78.6311665808907, -1.6719913203762664], [-78.63158553305485, -1.6709743016971947]], [[-78.63256154923442, -1.6657351447140099], [-78.63261245606483, -1.6673381204035866], [-78.63156101787155, -1.6671372287757906], [-78.63256154923442, -1.6657351447140099]], [[-78.6324567922939, -1.671974742187298], [-78.63285013384528, -1.6726510872978728], [-78.6321529091433, -1.672394824469056], [-78.6324567922939, -1.671974742187298]], [[-78.63232422286156, -1.6696244154442874], [-78.63253385111591, -1.6692037901425927], [-78.63263494707127, -1.6694907481137944], [-78.63232422286156, -1.6696244154442874]], [[-78.63365482002423, -1.669389834396746], [-78.63398282301748, -1.6723428609122644], [-78.6322507950437, -1.670632702566967], [-78.63365482002423, -1.669389834396746]], [[-78.63258001100816, -1.66429826836839], [-78.63280616575148, -1.6646981704076114], [-78.63253795582237, -1.6647352884260858], [-78.63258001100816, -1.66429826836839]], [[-78.6329676370159, -1.673122802794548], [-78.63301915882155, -1.6727247372096377], [-78.63319278840217, -1.672948036454579], [-78.6329676370159, -1.673122802794548]], [[-78.6333017185509, -1.6684923845670985], [-78.63315464098224, -1.669034767241838], [-78.63295277217235, -1.6688352672027746], [-78.6333017185509, -1.6684923845670985]], [[-78.63343874920359, -1.6649821431207463], [-78.63330500109141, -1.6655652564532506], [-78.63306187398209, -1.6651722364175774], [-78.63343874920359, -1.6649821431207463]], [[-78.6334500985415, -1.6679852632538812], [-78.63319397884048, -1.6682896874339743], [-78.63314943287006, -1.6680098439759437], [-78.6334500985415, -1.6679852632538812]], [[-78.63454238035155, -1.6750237042082492], [-78.63423929311638, -1.674769077685662], [-78.6346881884475, -1.6746444910051521], [-78.63454238035155, -1.6750237042082492]], [[-78.63743590501844, -1.6677959431498945], [-78.63732276698762, -1.668517784703464], [-78.63672979617247, -1.6679443723216865], [-78.63743590501844, -1.6677959431498945]]], [[[-78.68058615476052, -1.6889138842401794], [-78.6618137127684, -1.6601034404833532], [-78.6432418258565, -1.6623142489097997], [-78.64141053586187, -1.678347830064587], [-78.67216754894092, -1.6932869863184545], [-78.68058615476052, -1.6889138842401794]], [[-78.64499035474246, -1.6652981383132106], [-78.64564542451862, -1.6665406087260977], [-78.64451307128024, -1.665734529536229], [-78.64499035474246, -1.6652981383132106]], [[-78.64744225610178, -1.6673759144598221], [-78.64781711275398, -1.667456272020444], [-78.64759433051505, -1.6676027743292028], [-78.64744225610178, -1.6673759144598221]], [[-78.64915785394686, -1.6677538360446391], [-78.64916247587009, -1.6682187835957973], [-78.64893359681167, -1.6679586968183349], [-78.64915785394686, -1.6677538360446391]], [[-78.65227850599952, -1.6679660228693787], [-78.65247700172281, -1.668310355293643], [-78.65218731569884, -1.6682330370685061], [-78.65227850599952, -1.6679660228693787]], [[-78.65380908110964, -1.6627760394166875], [-78.65392975606251, -1.6635032129475793], [-78.65350587357571, -1.6632120911783328], [-78.65380908110964, -1.6627760394166875]], [[-78.65475139929879, -1.6713375449498769], [-78.65485128149153, -1.6709072923475015], [-78.65500961769814, -1.6711761205075235], [-78.65475139929879, -1.6713375449498769]], [[-78.6566342956114, -1.6838981783747224], [-78.65722075241041, -1.6843623140823742], [-78.65619106190873, -1.6845647370657768], [-78.6566342956114, -1.6838981783747224]], [[-78.65686236978209, -1.6758231658458629], [-78.65787052996373, -1.6775626259388532], [-78.65661351163118, -1.675854770466723], [-78.65686236978209, -1.6758231658458629]], [[-78.65687176185142, -1.6674051652527464], [-78.65727729595928, -1.6672613499490196], [-78.657173309488, -1.6675389007384909], [-78.65687176185142, -1.6674051652527464]], [[-78.65703484213817, -1.6851190140522265], [-78.65859507061953, -1.6845791884671988], [-78.65719563155804, -1.6856154117914963], [-78.65703484213817, -1.6851190140522265]], [[-78.65854244830395, -1.6834266091087897], [-78.65773411721386, -1.6835559170775498], [-78.65849317929553, -1.683175782635483], [-78.65854244830395, -1.6834266091087897]], [[-78.65913386982571, -1.6771858998760991], [-78.65893921330274, -1.6793972594139328], [-78.65792975995998, -1.67862533777309], [-78.65913386982571, -1.6771858998760991]], [[-78.65924089751894, -1.6634828865108435], [-78.65865480368218, -1.6636121470739136], [-78.65908076392303, -1.6632827209220933], [-78.65924089751894, -1.6634828865108435]], [[-78.66020849509675, -1.6856148677554579], [-78.66113890837802, -1.687464605918245], [-78.65913298147736, -1.6868552589383456], [-78.66020849509675, -1.6856148677554579]], [[-78.65983958586675, -1.6685354301896032], [-78.65981129903311, -1.6690427499670548], [-78.6595304230051, -1.6688079766857447], [-78.65983958586675, -1.6685354301896032]], [[-78.6606014929153, -1.6649863534480391], [-78.66009202641237, -1.6670199976037592], [-78.6595844413062, -1.6657329395640144], [-78.6606014929153, -1.6649863534480391]], [[-78.65999085603639, -1.6690558947009206], [-78.66027247590458, -1.6696124966642671], [-78.65984354369878, -1.669632661733736], [-78.65999085603639, -1.6690558947009206]], [[-78.66042078838758, -1.684402361952168], [-78.6617388105537, -1.6853476101576612], [-78.6600345494669, -1.6848827277174823], [-78.66042078838758, -1.684402361952168]], [[-78.66212060650567, -1.6830608355971108], [-78.66216587097749, -1.6836804329082877], [-78.66170942990684, -1.6834365816264822], [-78.66212060650567, -1.6830608355971108]], [[-78.662069368521, -1.6794401087486528], [-78.66183721411777, -1.6798365302772982], [-78.6617725696432, -1.6794525086623946], [-78.662069368521, -1.6794401087486528]], [[-78.66209364837776, -1.67731845034123], [-78.66248930595692, -1.6775348070711522], [-78.6621486094716, -1.677633365434348], [-78.66209364837776, -1.67731845034123]], [[-78.66260289941195, -1.6847878534334646], [-78.6641919929448, -1.6859810965853463], [-78.66231622466302, -1.685385633931388], [-78.66260289941195, -1.6847878534334646]], [[-78.66280203204215, -1.680005582680834], [-78.66414629173163, -1.6816656001587291], [-78.66325158721621, -1.6820574701510185], [-78.66280203204215, -1.680005582680834]], [[-78.66531704510778, -1.6781172627582344], [-78.6641305557759, -1.678537942440548], [-78.66381572487501, -1.6778262715327432], [-78.66531704510778, -1.6781172627582344]], [[-78.66565975104382, -1.6843692539387698], [-78.66621702926292, -1.6851147877744932], [-78.66519128994737, -1.6849835752524824], [-78.66565975104382, -1.6843692539387698]], [[-78.66618385030031, -1.679604827021825], [-78.66657075923357, -1.6801148843326459], [-78.66600413511497, -1.6798336555518172], [-78.66618385030031, -1.679604827021825]], [[-78.66626344753077, -1.6835428431433963], [-78.66665508008757, -1.6839912973315379], [-78.66614844155546, -1.6838305632795423], [-78.66626344753077, -1.6835428431433963]], [[-78.66692655914709, -1.6780058796565918], [-78.66795567431129, -1.679692716615558], [-78.66626744348855, -1.6789084616108323], [-78.66692655914709, -1.6780058796565918]], [[-78.67307546982092, -1.6909388160180094], [-78.67281545441747, -1.691264904344276], [-78.67275166078704, -1.6909626287911574], [-78.67307546982092, -1.6909388160180094]], [[-78.67561645890048, -1.6850139053491409], [-78.67680493889455, -1.684899496472049], [-78.67616702548646, -1.6854833029974547], [-78.67561645890048, -1.6850139053491409]]]]}}, {"type": "Feature", "properties": {"categoria": "Recreativo y Deporte", "distance_m": 1250, "mode": "walking", "equipamientos_origen": 90, "nodos_alcanzables": 9005, "target_platform": "PLATAFORMA Ñ"}, "geometry": {"type": "Polygon", "coordinates": [[[-78.68978368407404, -1.6867351002503088], [-78.68579397603403, -1.6780099709735254], [-78.67140693530374, -1.6726725259959536], [-78.67530965110927, -1.6620069537446995], [-78.67171654552186, -1.6589091277785275], [-78.64129892618435, -1.653964359310231], [-78.63045333511545, -1.655030930392563], [-78.62728559914957, -1.6579112337168393], [-78.61746066735998, -1.6826884811651275], [-78.62719653255634, -1.6962907204250366], [-78.67834032175831, -1.701757313705055], [-78.68978368407404, -1.6867351002503088]], [[-78.6206903505731, -1.6794060599797385], [-78.62515190377466, -1.6816581826904358], [-78.62066643828565, -1.6818759787676831], [-78.6206903505731, -1.6794060599797385]], [[-78.62305204858957, -1.6757688882486024], [-78.62465388732052, -1.6760579867082686], [-78.62322874447958, -1.6764290611550567], [-78.62305204858957, -1.6757688882486024]], [[-78.62432998441507, -1.6786564766110283], [-78.62342316250053, -1.6780182781034931], [-78.62446231497665, -1.678191801944948], [-78.62432998441507, -1.6786564766110283]], [[-78.62421756866273, -1.6863000769115368], [-78.62581912695418, -1.6871967761981905], [-78.62475604143097, -1.687727557902073], [-78.62421756866273, -1.6863000769115368]], [[-78.62595498988509, -1.6786700096864], [-78.62429789388425, -1.677211122757646], [-78.62494252672545, -1.6765439156692152], [-78.62595498988509, -1.6786700096864]], [[-78.62456517590802, -1.6886429195516313], [-78.62456655949944, -1.6891880207904502], [-78.62430855854555, -1.6888448732330916], [-78.62456517590802, -1.6886429195516313]], [[-78.62661687589681, -1.6733586936541016], [-78.62557814741596, -1.6762811256805248], [-78.62526369361012, -1.6711615026025957], [-78.62661687589681, -1.6733586936541016]], [[-78.62674562942564, -1.6872529874002848], [-78.62589902977885, -1.6886405333579795], [-78.62549756569544, -1.6881567327599936], [-78.62674562942564, -1.6872529874002848]], [[-78.62570003096468, -1.6820664335209157], [-78.6263549385293, -1.684644695743379], [-78.62599102809577, -1.6848857813336648], [-78.62570003096468, -1.6820664335209157]], [[-78.62703949664608, -1.6764087122249998], [-78.62598685875184, -1.6775658088380527], [-78.62678916681986, -1.6761611027680818], [-78.62703949664608, -1.6764087122249998]], [[-78.62649228197775, -1.6682899348411084], [-78.62733384814827, -1.6678098098778986], [-78.62695754263643, -1.6690515962297445], [-78.62649228197775, -1.6682899348411084]], [[-78.62677926275316, -1.6709789936210686], [-78.62855670504744, -1.6697988157104506], [-78.62787896435117, -1.6718789910670406], [-78.62677926275316, -1.6709789936210686]], [[-78.62762990781415, -1.6794023601252357], [-78.62696887870976, -1.6794022592703104], [-78.62720388815795, -1.6790365149716342], [-78.62762990781415, -1.6794023601252357]], [[-78.62714190837625, -1.6844124408208345], [-78.62733928371898, -1.6839632559044109], [-78.62741112626877, -1.6843721633406818], [-78.62714190837625, -1.6844124408208345]], [[-78.62898915102666, -1.661770469405694], [-78.6282772329976, -1.6625934826412487], [-78.62759111925502, -1.6617073894172867], [-78.62898915102666, -1.661770469405694]], [[-78.6278390335896, -1.683133116717261], [-78.62771225529973, -1.6825758121745347], [-78.62833525151952, -1.6826965808062129], [-78.6278390335896, -1.683133116717261]], [[-78.62808321872186, -1.6674409790687186], [-78.62789169985919, -1.6690437513107161], [-78.62766362700458, -1.6689267521557518], [-78.62808321872186, -1.6674409790687186]], [[-78.62810796414179, -1.6880662577764982], [-78.62810477651037, -1.6888993776289951], [-78.62774439294701, -1.6882528325109416], [-78.62810796414179, -1.6880662577764982]], [[-78.62857429495847, -1.6765187301519922], [-78.62789396704206, -1.6774094746578323], [-78.62815823629971, -1.6764214279012317], [-78.62857429495847, -1.6765187301519922]], [[-78.62861399811356, -1.6833129673644023], [-78.62806606228202, -1.6840258526740992], [-78.62785872545741, -1.6838256784218992], [-78.62861399811356, -1.6833129673644023]], [[-78.62851455070256, -1.6862431311400374], [-78.62846134366922, -1.6871358540664156], [-78.6280165880799, -1.6865745877746678], [-78.62851455070256, -1.6862431311400374]], [[-78.62841159044477, -1.6668137990927192], [-78.62872632303616, -1.666468071720387], [-78.62871832162591, -1.6668217922956325], [-78.62841159044477, -1.6668137990927192]], [[-78.62846551299499, -1.6818528122571177], [-78.62979890583453, -1.6833181235213948], [-78.62957846612932, -1.683518946311621], [-78.62846551299499, -1.6818528122571177]], [[-78.62952665115718, -1.6710949080580761], [-78.62853962429593, -1.6723642217254293], [-78.62885764388392, -1.6708797825246646], [-78.62952665115718, -1.6710949080580761]], [[-78.62884581629709, -1.6752565673451871], [-78.62931168303228, -1.6765682129725787], [-78.6285962604604, -1.675278394283079], [-78.62884581629709, -1.6752565673451871]], [[-78.63056264656743, -1.6884335419657597], [-78.62982043393022, -1.6906553037793082], [-78.62868214706538, -1.6904400704802043], [-78.63056264656743, -1.6884335419657597]], [[-78.62905720145831, -1.680162273334829], [-78.62925830772818, -1.6806812813438814], [-78.62882321414047, -1.6805083930748297], [-78.62905720145831, -1.680162273334829]], [[-78.62894774720738, -1.6789680532312912], [-78.62959996207913, -1.6788758098491097], [-78.62909313601192, -1.6792424294257027], [-78.62894774720738, -1.6789680532312912]], [[-78.63083094458128, -1.6678487770359054], [-78.63112192348161, -1.6706731166414743], [-78.62902589994601, -1.6702854045160251], [-78.63083094458128, -1.6678487770359054]], [[-78.62959103272044, -1.6642600523012967], [-78.63069756707483, -1.6672197657598389], [-78.62966250464947, -1.6669183240452086], [-78.62959103272044, -1.6642600523012967]], [[-78.62966055360894, -1.6736660630786042], [-78.62970864877056, -1.6743895814463434], [-78.62937898016297, -1.6742205191572075], [-78.62966055360894, -1.6736660630786042]], [[-78.62958517503708, -1.6871338569737302], [-78.6303086924917, -1.6872301185539706], [-78.62972329597795, -1.6875034412773873], [-78.62958517503708, -1.6871338569737302]], [[-78.63071489308038, -1.6612536486124074], [-78.63068018940903, -1.6637031046824133], [-78.62970947498117, -1.6636340839683137], [-78.63071489308038, -1.6612536486124074]], [[-78.63118923771343, -1.6585269058104555], [-78.63013162930575, -1.6600303316853748], [-78.63026539781326, -1.6584751426625952], [-78.63118923771343, -1.6585269058104555]], [[-78.63043901116654, -1.6878474036609337], [-78.63042337692578, -1.6884135250063506], [-78.6301653987325, -1.687969966243234], [-78.63043901116654, -1.6878474036609337]], [[-78.63075416726181, -1.6712769763028956], [-78.63028472831324, -1.6716190293383029], [-78.63029027944548, -1.6710594451794907], [-78.63075416726181, -1.6712769763028956]], [[-78.63077597529457, -1.6789286794624145], [-78.63022994225427, -1.6788172697378323], [-78.63037185458747, -1.6779612706038094], [-78.63077597529457, -1.6789286794624145]], [[-78.63206524011466, -1.6792902778447583], [-78.63064843870211, -1.6804238056263072], [-78.63027712465602, -1.6801415556589308], [-78.63206524011466, -1.6792902778447583]], [[-78.63033007323477, -1.6812781466472342], [-78.63079492419807, -1.6814029504149135], [-78.63048199747581, -1.6816614318059353], [-78.63033007323477, -1.6812781466472342]], [[-78.6304942188791, -1.6822758485700502], [-78.63197125653234, -1.6829242723766762], [-78.63041080546222, -1.6831454325988249], [-78.6304942188791, -1.6822758485700502]], [[-78.63052272835135, -1.6838150696766243], [-78.63126359497626, -1.6843986080173816], [-78.63046989387122, -1.6844767542633665], [-78.63052272835135, -1.6838150696766243]], [[-78.63095371415977, -1.6774424692810317], [-78.6320468657207, -1.6786878873754505], [-78.63137381959487, -1.678911872981026], [-78.63095371415977, -1.6774424692810317]], [[-78.63107355611355, -1.674418451611399], [-78.63136264930606, -1.6741938808808585], [-78.63133611938295, -1.6744649899451383], [-78.63107355611355, -1.674418451611399]], [[-78.63158553305485, -1.6709743016971947], [-78.6319242793318, -1.6716913820559252], [-78.6311665808907, -1.6719913203762664], [-78.63158553305485, -1.6709743016971947]], [[-78.63239926716284, -1.6806284431231684], [-78.63153778412637, -1.6814972630308116], [-78.63127552823757, -1.6810250021406858], [-78.63239926716284, -1.6806284431231684]], [[-78.63187228465671, -1.662645884503246], [-78.63166565518108, -1.663172983555009], [-78.6314637332179, -1.6628835602470018], [-78.63187228465671, -1.662645884503246]], [[-78.63256154923441, -1.6657351447140099], [-78.63261245606483, -1.66733812040357], [-78.63156101787155, -1.6671372287757906], [-78.63256154923441, -1.6657351447140099]], [[-78.6321807233113, -1.6562305351623547], [-78.63215855121933, -1.6570984076799578], [-78.63185058908219, -1.657036610996715], [-78.6321807233113, -1.6562305351623547]], [[-78.63208504099362, -1.658533372997779], [-78.63209688565892, -1.658016284187519], [-78.6323612117066, -1.65831035447336], [-78.63208504099362, -1.658533372997779]], [[-78.6324567922939, -1.671974742187298], [-78.63285013384528, -1.6726510872978728], [-78.6321529091433, -1.672394824469056], [-78.6324567922939, -1.671974742187298]], [[-78.63245421964034, -1.6590048919395117], [-78.63282478761165, -1.6594818357306098], [-78.63224948056663, -1.6596493664516587], [-78.63245421964034, -1.6590048919395117]], [[-78.63276677746089, -1.683251835845777], [-78.63255067166193, -1.6840224104788692], [-78.63217122642257, -1.683541446555177], [-78.63276677746089, -1.683251835845777]], [[-78.63232422286158, -1.6696244154442537], [-78.63253385111591, -1.6692037901425927], [-78.63263494707127, -1.6694907481137775], [-78.63232422286158, -1.6696244154442537]], [[-78.63365482002423, -1.669389834396746], [-78.63398282301748, -1.6723428609122644], [-78.6322507950437, -1.670632702566967], [-78.63365482002423, -1.669389834396746]], [[-78.63322480861615, -1.660857349221832], [-78.63236579311972, -1.6615476852341498], [-78.6326417756537, -1.6604348676697296], [-78.63322480861615, -1.660857349221832]], [[-78.63333064721661, -1.6754882853627555], [-78.63589846620913, -1.6777681725900242], [-78.63256987844788, -1.6785241246369336], [-78.63333064721661, -1.6754882853627555]], [[-78.63258001100816, -1.66429826836839], [-78.63280616575148, -1.6646981704076114], [-78.63253795582237, -1.6647352884260858], [-78.63258001100816, -1.66429826836839]], [[-78.63278185709827, -1.662574106000131], [-78.63286604755405, -1.6632833034388441], [-78.63255676256532, -1.6627017477715524], [-78.63278185709827, -1.662574106000131]], [[-78.63277067359894, -1.6552612068268286], [-78.63286704763439, -1.6558196087441763], [-78.63257430855327, -1.6556911250906718], [-78.63277067359894, -1.6552612068268286]], [[-78.63260768673246, -1.6574208182678238], [-78.63391012855627, -1.6559729881260687], [-78.63275284900824, -1.6577154186863903], [-78.63260768673246, -1.6574208182678238]], [[-78.63280677826344, -1.6791215659964835], [-78.63413259247771, -1.6794843105880937], [-78.63288558467717, -1.6797439109837495], [-78.63280677826344, -1.6791215659964835]], [[-78.6329676370159, -1.673122802794548], [-78.63301915882155, -1.6727247372096377], [-78.63319278840217, -1.672948036454579], [-78.6329676370159, -1.673122802794548]], [[-78.63302317860214, -1.6941137374243176], [-78.6331453262934, -1.6944781359882597], [-78.63290787371312, -1.6943479721515053], [-78.63302317860214, -1.6941137374243176]], [[-78.6333017185509, -1.6684923845670985], [-78.63315464098223, -1.669034767241838], [-78.63295277217235, -1.6688352672027746], [-78.6333017185509, -1.6684923845670985]], [[-78.63343874920359, -1.6649821431207463], [-78.63330500109141, -1.6655652564532506], [-78.63306187398209, -1.6651722364175774], [-78.63343874920359, -1.6649821431207463]], [[-78.6334500985415, -1.6679852632538812], [-78.63319397884048, -1.6682896874339743], [-78.63314943287006, -1.6680098439759437], [-78.6334500985415, -1.6679852632538812]], [[-78.63397690113334, -1.6872073436886375], [-78.6340476158151, -1.688130970087941], [-78.63353300664339, -1.6878188204654632], [-78.63397690113334, -1.6872073436886375]], [[-78.63434455777971, -1.6850320858482122], [-78.63407687357073, -1.6857394418931222], [-78.6337943788227, -1.6853679129258743], [-78.63434455777971, -1.6850320858482122]], [[-78.63420814722632, -1.6599716612611657], [-78.63452884922344, -1.6610457711027502], [-78.63388696812724, -1.6606441801821987], [-78.63420814722632, -1.6599716612611657]], [[-78.63408328284876, -1.6636818242111984], [-78.63488573865477, -1.66357937719527], [-78.6342987141226, -1.664142218017849], [-78.63408328284876, -1.6636818242111984]], [[-78.63454238035155, -1.6750237042082492], [-78.63423929311638, -1.674769077685662], [-78.63468818844748, -1.6746444910051521], [-78.63454238035155, -1.6750237042082492]], [[-78.63422316023116, -1.6565367159565227], [-78.6351346708755, -1.6558524988534702], [-78.63436406220148, -1.656749471573301], [-78.63422316023116, -1.6565367159565227]], [[-78.63451263884173, -1.6849403783237153], [-78.63480478466417, -1.6846449766658949], [-78.63478211026663, -1.6849380021781235], [-78.63451263884173, -1.6849403783237153]], [[-78.63471320118846, -1.6621822809391356], [-78.63494643423068, -1.6624649291654992], [-78.63468983282434, -1.6624515536103084], [-78.63471320118846, -1.6621822809391356]], [[-78.63464631463253, -1.678759013935255], [-78.63514792370769, -1.6787397868508984], [-78.63491833800029, -1.6790014268658209], [-78.63464631463253, -1.678759013935255]], [[-78.63538015990356, -1.6610898546110922], [-78.6350608965998, -1.6616003098870404], [-78.6351249118258, -1.661113080955043], [-78.63538015990356, -1.6610898546110922]], [[-78.63578565982054, -1.655890362499933], [-78.63587397751928, -1.6568773806133494], [-78.63527727470147, -1.6567183030315185], [-78.63578565982054, -1.655890362499933]], [[-78.63584647054276, -1.6783594630964709], [-78.6357226515233, -1.6790584419236303], [-78.63537029065851, -1.6785090553050375], [-78.63584647054276, -1.6783594630964709]], [[-78.63591313443902, -1.660451328071482], [-78.63626151708436, -1.661308840788175], [-78.63571607841679, -1.6606108499995413], [-78.63591313443902, -1.660451328071482]], [[-78.63678654881214, -1.6595044391203675], [-78.6369434641585, -1.6601858068704374], [-78.6364872410987, -1.6598989940162976], [-78.63678654881214, -1.6595044391203675]], [[-78.63730694100015, -1.670902014767575], [-78.63721974509215, -1.672042560940175], [-78.63666535283994, -1.6713377417853126], [-78.63730694100015, -1.670902014767575]], [[-78.63743590501844, -1.6677959431498945], [-78.63732276698762, -1.668517784703464], [-78.63672979617247, -1.6679443723216865], [-78.63743590501844, -1.6677959431498945]], [[-78.63729880197488, -1.6799165383655457], [-78.63701576503544, -1.6802246489309571], [-78.63698579442779, -1.67992802206542], [-78.63729880197488, -1.6799165383655457]], [[-78.63724035240013, -1.6591243303778676], [-78.63781134104892, -1.658794422949585], [-78.63758602464587, -1.6593062092273254], [-78.63724035240013, -1.6591243303778676]], [[-78.63793194097498, -1.6929094920804464], [-78.63759376332592, -1.693089950933665], [-78.63765888486077, -1.6928199528059609], [-78.63793194097498, -1.6929094920804464]], [[-78.6378893327019, -1.678552786307333], [-78.63799460115543, -1.6780501110371795], [-78.63825912772461, -1.6784116675656444], [-78.6378893327019, -1.678552786307333]], [[-78.63809327265247, -1.657232659553372], [-78.63870683732472, -1.6576592779499548], [-78.63815339816556, -1.6581220634825682], [-78.63809327265247, -1.657232659553372]], [[-78.63867278870605, -1.679703189263828], [-78.6387108516421, -1.680253150470314], [-78.6384251859239, -1.679850982810409], [-78.63867278870605, -1.679703189263828]], [[-78.63975241851008, -1.6925294201591137], [-78.63964060823056, -1.6942100824454875], [-78.63885270924742, -1.6927964807155589], [-78.63975241851008, -1.6925294201591137]], [[-78.63960771268042, -1.6874866525415202], [-78.63909761423938, -1.6875707913261166], [-78.63940276546576, -1.687279386253314], [-78.63960771268042, -1.6874866525415202]], [[-78.63941420488565, -1.6631465954502513], [-78.63939055428202, -1.6635912577934453], [-78.63918601899441, -1.6632957618493116], [-78.63941420488565, -1.6631465954502513]], [[-78.63957952731012, -1.6789153112926818], [-78.639311653434, -1.6791893932718793], [-78.63930896080456, -1.6789154372736992], [-78.63957952731012, -1.6789153112926818]], [[-78.64238908995436, -1.6898908076863195], [-78.64214263929124, -1.6920448652231135], [-78.63961577921107, -1.6915441819220693], [-78.64238908995436, -1.6898908076863195]], [[-78.63986256235947, -1.681019209219075], [-78.64165779441471, -1.6805856401711763], [-78.63983339971126, -1.6818631630985137], [-78.63986256235947, -1.681019209219075]], [[-78.64027945624358, -1.6879286721712097], [-78.64095692010302, -1.689817578696879], [-78.63989865193096, -1.6882125457263464], [-78.64027945624358, -1.6879286721712097]], [[-78.64117152181437, -1.6836839540478485], [-78.64118875825066, -1.6848753883115288], [-78.64056812823227, -1.6841298782819427], [-78.64117152181437, -1.6836839540478485]], [[-78.64131215230192, -1.6556049707370462], [-78.64090774427345, -1.6556610348850247], [-78.64110058543923, -1.6554183611348345], [-78.64131215230192, -1.6556049707370462]], [[-78.64184666921791, -1.6868863699596823], [-78.64148279935785, -1.6879390335238158], [-78.64096900701084, -1.6875281474125903], [-78.64184666921791, -1.6868863699596823]], [[-78.6411433214965, -1.657789860441867], [-78.64168570195032, -1.6577789373039427], [-78.64134354886006, -1.6581148480680634], [-78.6411433214965, -1.657789860441867]], [[-78.64332499076178, -1.693877687836299], [-78.64173929232345, -1.6938017723943304], [-78.64206907833109, -1.692748684942132], [-78.64332499076178, -1.693877687836299]], [[-78.64218390340596, -1.6579061773531851], [-78.64248736119089, -1.6584156815690825], [-78.641967971813, -1.6587454780290734], [-78.64218390340596, -1.6579061773531851]], [[-78.6442476467957, -1.6616003483863926], [-78.64287508539046, -1.6617024788787436], [-78.6432544569553, -1.6609882578783906], [-78.6442476467957, -1.6616003483863926]], [[-78.6445732994213, -1.6800888710494273], [-78.64449293288811, -1.6822035828011161], [-78.64349519074278, -1.6822108710629449], [-78.6445732994213, -1.6800888710494273]], [[-78.6444531799435, -1.694409839508168], [-78.64434215523741, -1.696159081284508], [-78.64385746403306, -1.6943217087786748], [-78.6444531799435, -1.694409839508168]], [[-78.64433077249709, -1.686720370277713], [-78.64417312698232, -1.6887802774835663], [-78.64393912221098, -1.686745324171227], [-78.64433077249709, -1.686720370277713]], [[-78.64437931287851, -1.6918844802190378], [-78.64475147801234, -1.691789307828675], [-78.64462484189603, -1.6920142736348598], [-78.64437931287851, -1.6918844802190378]], [[-78.64499035474246, -1.6652981383132106], [-78.64564542451862, -1.6665406087260977], [-78.64451307128024, -1.665734529536229], [-78.64499035474246, -1.6652981383132106]], [[-78.64489911429884, -1.6905320178443166], [-78.64601540583206, -1.6913665655941086], [-78.64573705305932, -1.691622262975288], [-78.64489911429884, -1.6905320178443166]], [[-78.64515052074775, -1.694418295332582], [-78.64526963136305, -1.6953088953283988], [-78.64491462516305, -1.694947788242784], [-78.64515052074775, -1.694418295332582]], [[-78.64542842654254, -1.6964044029780612], [-78.64495763476249, -1.6965637285961066], [-78.64514543805919, -1.696246002632694], [-78.64542842654254, -1.6964044029780612]], [[-78.64562751314108, -1.6827632274446995], [-78.64724824481983, -1.685363775888647], [-78.6450972942846, -1.6833773626991473], [-78.64562751314108, -1.6827632274446995]], [[-78.64553831293388, -1.693435576183741], [-78.6452237906544, -1.6938608283597523], [-78.64528290214112, -1.6934017269518369], [-78.64553831293388, -1.693435576183741]], [[-78.64538702083865, -1.6922119563090883], [-78.6456598045615, -1.6926303467692234], [-78.64533542751865, -1.692587715346923], [-78.64538702083865, -1.6922119563090883]], [[-78.64744225610178, -1.6673759144598388], [-78.64781711275398, -1.667456272020461], [-78.64759433051506, -1.6676027743292028], [-78.64744225610178, -1.6673759144598388]], [[-78.64915785394686, -1.6677538360446391], [-78.64916247587009, -1.6682187835957973], [-78.64893359681167, -1.667958696818352], [-78.64915785394686, -1.6677538360446391]], [[-78.65287885736778, -1.6857981238951887], [-78.65048037686535, -1.6881406168007307], [-78.64992703553288, -1.6859867301498277], [-78.65287885736778, -1.6857981238951887]], [[-78.65092301186296, -1.6792652209549777], [-78.65137206318313, -1.681207533873517], [-78.65021677215994, -1.679778551937356], [-78.65092301186296, -1.6792652209549777]], [[-78.65052909104469, -1.683417728542235], [-78.65065672811603, -1.6839690023753113], [-78.65026685801786, -1.6836039276112227], [-78.65052909104469, -1.683417728542235]], [[-78.652657682531, -1.6896826293921319], [-78.6526454957723, -1.6906554217428227], [-78.65200793135506, -1.6900824474290694], [-78.652657682531, -1.6896826293921319]], [[-78.65227850599946, -1.6679660228693955], [-78.65247700172284, -1.6683103552936605], [-78.65218731569884, -1.6682330370685734], [-78.65227850599946, -1.6679660228693955]], [[-78.65280692344682, -1.6788488563542432], [-78.6526736220272, -1.679284505773042], [-78.65244920530218, -1.6789613998540216], [-78.65280692344682, -1.6788488563542432]], [[-78.65336716153195, -1.6893563295722427], [-78.65360611284011, -1.6890565002439106], [-78.65363667532974, -1.6893321600503024], [-78.65336716153195, -1.6893563295722427]], [[-78.65396454397793, -1.6839994839489727], [-78.65346494514003, -1.6840975747329534], [-78.65374835521578, -1.6837849456460752], [-78.65396454397793, -1.6839994839489727]], [[-78.65380908110964, -1.6627760394166875], [-78.65392975606251, -1.6635032129475793], [-78.65350587357571, -1.6632120911783328], [-78.65380908110964, -1.6627760394166875]], [[-78.65457002579485, -1.6863649880787224], [-78.65507186262124, -1.6872838340816676], [-78.65375249500619, -1.6879027122373054], [-78.65457002579485, -1.6863649880787224]], [[-78.65514782270076, -1.6879274925999075], [-78.65475132843117, -1.6891661568290468], [-78.65418009433826, -1.6884995872716915], [-78.65514782270076, -1.6879274925999075]], [[-78.65475139929882, -1.6713375449499108], [-78.65485128149152, -1.6709072923475015], [-78.65500961769816, -1.6711761205075066], [-78.65475139929882, -1.6713375449499108]], [[-78.65572854286945, -1.6818540925714867], [-78.6549108902449, -1.6823730920300617], [-78.65550173347413, -1.6816639974254186], [-78.65572854286945, -1.6818540925714867]], [[-78.65598499303356, -1.6851821625451175], [-78.65589621635604, -1.6858218662675206], [-78.6556463232404, -1.68577271806368], [-78.65598499303356, -1.6851821625451175]], [[-78.65663429561141, -1.6838981783747058], [-78.65684147305613, -1.6845918003516582], [-78.65627368551165, -1.6844716720696749], [-78.65663429561141, -1.6838981783747058]], [[-78.6568623697821, -1.6758231658458795], [-78.65787052996372, -1.6775626259388532], [-78.65661351163118, -1.675854770466723], [-78.6568623697821, -1.6758231658458795]], [[-78.65714102912226, -1.667553405017495], [-78.65700567480619, -1.6671125426340547], [-78.65729141844996, -1.6672936269606993], [-78.65714102912226, -1.667553405017495]], [[-78.65787714496143, -1.6812621143511466], [-78.65732116075439, -1.6816207818624882], [-78.65704824793588, -1.6807892329368912], [-78.65787714496143, -1.6812621143511466]], [[-78.65703484213817, -1.6851190140522265], [-78.65859507061953, -1.6845791884671988], [-78.65719563155804, -1.6856154117914963], [-78.65703484213817, -1.6851190140522265]], [[-78.65844838971299, -1.679791456075365], [-78.65832736888211, -1.6810904203183055], [-78.65753719839998, -1.6802356464497543], [-78.65844838971299, -1.679791456075365]], [[-78.65811330359186, -1.6831436836285079], [-78.65850699446628, -1.6834658778949305], [-78.65777065495057, -1.6837250888506898], [-78.65811330359186, -1.6831436836285079]], [[-78.65913386982571, -1.6771858998760991], [-78.65893921330277, -1.6793972594139328], [-78.65792975995998, -1.6786253377730564], [-78.65913386982571, -1.6771858998760991]], [[-78.65844984569001, -1.687445064215133], [-78.65881748638424, -1.6875847581149745], [-78.65856622740561, -1.6877040851883949], [-78.65844984569001, -1.687445064215133]], [[-78.65924089751894, -1.6634828865108435], [-78.65865480368218, -1.6636121470739136], [-78.65908076392301, -1.6632827209220933], [-78.65924089751894, -1.6634828865108435]], [[-78.66020849509675, -1.6856148677554579], [-78.66113890837802, -1.687464605918245], [-78.65913298147736, -1.6868552589383456], [-78.66020849509675, -1.6856148677554579]], [[-78.65983958586675, -1.6685354301896032], [-78.65981129903311, -1.6690427499670548], [-78.6595304230051, -1.6688079766857447], [-78.65983958586675, -1.6685354301896032]], [[-78.66060149291528, -1.6649863534480223], [-78.66009202641237, -1.6670199976037592], [-78.6595844413062, -1.6657329395640144], [-78.66060149291528, -1.6649863534480223]], [[-78.65999085603639, -1.6690558947009206], [-78.66027247590458, -1.6696124966642671], [-78.65984354369878, -1.669632661733736], [-78.65999085603639, -1.6690558947009206]], [[-78.66042078838758, -1.684402361952168], [-78.6617388105537, -1.6853476101576612], [-78.6600345494669, -1.6848827277174823], [-78.66042078838758, -1.684402361952168]], [[-78.66111091054535, -1.6724220232616183], [-78.66209942743514, -1.6726025895673116], [-78.66146434736244, -1.6733260175918585], [-78.66111091054535, -1.6724220232616183]], [[-78.66212060650567, -1.6830608355971108], [-78.66216587097749, -1.6836804329082877], [-78.66170942990684, -1.6834365816264822], [-78.66212060650567, -1.6830608355971108]], [[-78.662069368521, -1.6794401087486528], [-78.66183721411777, -1.6798365302772982], [-78.6617725696432, -1.6794525086623946], [-78.662069368521, -1.6794401087486528]], [[-78.66481452372531, -1.6865402585642078], [-78.66183095852125, -1.6875312570089325], [-78.66209599645032, -1.6861236894982607], [-78.66481452372531, -1.6865402585642078]], [[-78.66202175038717, -1.6752363371544137], [-78.6626547226461, -1.6749362037905335], [-78.66248285450641, -1.675301871685798], [-78.66202175038717, -1.6752363371544137]], [[-78.66209364837775, -1.6773184503412468], [-78.66248930595692, -1.6775348070711522], [-78.6621486094716, -1.677633365434348], [-78.66209364837775, -1.6773184503412468]], [[-78.66260289941184, -1.6847878534334646], [-78.6641919929448, -1.6859810965853463], [-78.66231622466302, -1.685385633931388], [-78.66260289941184, -1.6847878534334646]], [[-78.66668235982962, -1.6661731429810234], [-78.66378376543234, -1.668353090563353], [-78.66275813538611, -1.6676406380448254], [-78.66668235982962, -1.6661731429810234]], [[-78.66280203204215, -1.680005582680834], [-78.66414629173163, -1.6816656001587291], [-78.66325158721625, -1.6820574701510524], [-78.66280203204215, -1.680005582680834]], [[-78.66323256071516, -1.665672261854589], [-78.66331719940376, -1.6662724962303466], [-78.66285309606636, -1.6659027203950578], [-78.66323256071516, -1.665672261854589]], [[-78.66373751100606, -1.6584479945270205], [-78.66308621815797, -1.6600518016811605], [-78.66349271478823, -1.658337912110045], [-78.66373751100606, -1.6584479945270205]], [[-78.66531704510778, -1.6781172627582344], [-78.6641305557759, -1.678537942440548], [-78.66381572487501, -1.6778262715327432], [-78.66531704510778, -1.6781172627582344]], [[-78.6640822280453, -1.6641192395525022], [-78.66408515993551, -1.6646550441617547], [-78.66384776777755, -1.6642428472688051], [-78.6640822280453, -1.6641192395525022]], [[-78.66482930573372, -1.6753028316267944], [-78.66615025880465, -1.6778537604221135], [-78.66384528675074, -1.6770285956924074], [-78.66482930573372, -1.6753028316267944]], [[-78.6728675933856, -1.6757096508275704], [-78.67416015604432, -1.6867026910493843], [-78.66429516263956, -1.6824181611559779], [-78.67319784114899, -1.6790964534190604], [-78.6728675933856, -1.6757096508275704]], [[-78.66694725243374, -1.6715153382039007], [-78.66685535221633, -1.6750098159849731], [-78.66455366654779, -1.6744574226151347], [-78.66694725243374, -1.6715153382039007]], [[-78.66467088933658, -1.6596489548396562], [-78.66535182252983, -1.6595942545891431], [-78.66483881055974, -1.6599961372570244], [-78.66467088933658, -1.6596489548396562]], [[-78.66629583636329, -1.671377557912369], [-78.6649972728371, -1.6708024542044217], [-78.66534083979911, -1.6703466290696105], [-78.66629583636329, -1.671377557912369]], [[-78.66565975104383, -1.6843692539387698], [-78.66621702926292, -1.6851147877744932], [-78.66519128994737, -1.6849835752524995], [-78.66565975104383, -1.6843692539387698]], [[-78.66650181056487, -1.6865176687255863], [-78.66932468943689, -1.6882071260078553], [-78.66527872014682, -1.687693216311861], [-78.66650181056487, -1.6865176687255863]], [[-78.6704520075789, -1.6887376847612672], [-78.66995581754249, -1.6893106015965753], [-78.66555675154389, -1.6894706697448656], [-78.6704520075789, -1.6887376847612672]], [[-78.6658499320151, -1.662776747935976], [-78.6662344683934, -1.6630562094855035], [-78.665952029268, -1.6631251012690982], [-78.6658499320151, -1.662776747935976]], [[-78.66618385030031, -1.679604827021825], [-78.66657075923357, -1.6801148843326459], [-78.66600413511497, -1.6798336555518172], [-78.66618385030031, -1.679604827021825]], [[-78.66824899102473, -1.6678358754975646], [-78.66788943892911, -1.6710943068390547], [-78.66606399553804, -1.6701841569266733], [-78.66824899102473, -1.6678358754975646]], [[-78.66626344753077, -1.6835428431433963], [-78.66665508008757, -1.6839912973315379], [-78.66614844155546, -1.6838305632795423], [-78.66626344753077, -1.6835428431433963]], [[-78.66692655914709, -1.6780058796565918], [-78.66795567431129, -1.679692716615558], [-78.66626744348855, -1.6789084616108323], [-78.66692655914709, -1.6780058796565918]], [[-78.67364688645534, -1.6893545451254859], [-78.67124855554478, -1.6900451439506372], [-78.67229444878568, -1.6883926791165358], [-78.66698651313366, -1.6841666356029306], [-78.67364688645534, -1.6893545451254859]], [[-78.66861484757297, -1.6737280978061753], [-78.66876300013242, -1.6780424243706238], [-78.66689990776284, -1.6773711092537824], [-78.66861484757297, -1.6737280978061753]], [[-78.67015552817477, -1.6906997904752943], [-78.66862681942655, -1.691852427362442], [-78.66768602989738, -1.6906359743800436], [-78.67015552817477, -1.6906997904752943]], [[-78.67114987300796, -1.6756286134831309], [-78.67010163153492, -1.6786911071830473], [-78.66943423582299, -1.6783561840440269], [-78.67114987300796, -1.6756286134831309]], [[-78.6705066511592, -1.6638471442061296], [-78.67053919971282, -1.664248813454162], [-78.67026873386875, -1.6640726992890933], [-78.6705066511592, -1.6638471442061296]], [[-78.67190638076426, -1.6635366896037687], [-78.6722717778911, -1.6641182236184542], [-78.67192906117783, -1.6640988674743475], [-78.67190638076426, -1.6635366896037687]], [[-78.67241834212845, -1.6736541961661129], [-78.67288367157036, -1.6733496204361236], [-78.6727080347236, -1.6737841215686546], [-78.67241834212845, -1.6736541961661129]], [[-78.67307546982092, -1.6909388160180094], [-78.67281545441747, -1.691264904344276], [-78.67275166078704, -1.6909626287911574], [-78.67307546982092, -1.6909388160180094]], [[-78.6739525434134, -1.6737065984878032], [-78.67293228603862, -1.675022248627305], [-78.67347784902624, -1.6735300850683645], [-78.6739525434134, -1.6737065984878032]], [[-78.67561645890048, -1.6850139053491409], [-78.67680493889455, -1.684899496472049], [-78.67616702548646, -1.6854833029974547], [-78.67561645890048, -1.6850139053491409]], [[-78.67767371204248, -1.6816142864733188], [-78.67811293945064, -1.6832720523190134], [-78.67748504953283, -1.685123114805608], [-78.67767371204248, -1.6816142864733188]], [[-78.67810399452159, -1.6793666447030426], [-78.67846786941297, -1.6811651582448253], [-78.67702486191607, -1.6806016582820724], [-78.67810399452159, -1.6793666447030426]], [[-78.67917661591034, -1.6808526760831972], [-78.6802295877812, -1.6821197787542088], [-78.67957415763533, -1.682701377207249], [-78.67917661591034, -1.6808526760831972]], [[-78.68031939135398, -1.6842339239178266], [-78.68058026091066, -1.6850280741224468], [-78.679813340328, -1.6846160465032491], [-78.68031939135398, -1.6842339239178266]], [[-78.68016676973508, -1.6786108649656761], [-78.68033048603705, -1.6782119618874118], [-78.68044226572748, -1.6784970290318642], [-78.68016676973508, -1.6786108649656761]], [[-78.68112213552239, -1.6815783036238792], [-78.68213722096431, -1.6825630199242847], [-78.6808738263916, -1.6821690769905302], [-78.68112213552239, -1.6815783036238792]], [[-78.6822181712279, -1.6835857753494823], [-78.68180292916377, -1.6848958185226082], [-78.68093753728745, -1.6838544040154846], [-78.6822181712279, -1.6835857753494823]], [[-78.6843746503081, -1.6813655953945448], [-78.68406665949392, -1.682683961435743], [-78.68292753110654, -1.682161229191206], [-78.6843746503081, -1.6813655953945448]], [[-78.68436829295901, -1.6835679021771872], [-78.68339117365863, -1.6846966101338845], [-78.6830443401067, -1.6840510213503934], [-78.68436829295901, -1.6835679021771872]], [[-78.683556717456, -1.680477271416737], [-78.68356272483163, -1.6811681549297302], [-78.6832355088205, -1.6810442389017939], [-78.683556717456, -1.680477271416737]], [[-78.68562395731249, -1.680253700648657], [-78.68518571008839, -1.6807418520927804], [-78.68512677924805, -1.6802974723173278], [-78.68562395731249, -1.680253700648657]], [[-78.68634195675362, -1.6840682503896964], [-78.6863335923242, -1.6848765730839523], [-78.68563030380633, -1.683919871596243], [-78.68634195675362, -1.6840682503896964]]]}}, {"type": "Feature", "properties": {"categoria": "Religioso", "distance_m": 1250, "mode": "walking", "equipamientos_origen": 16, "nodos_alcanzables": 5501, "target_platform": "PLATAFORMA Ñ"}, "geometry": {"type": "MultiPolygon", "coordinates": [[[[-78.67189002980138, -1.664689452986157], [-78.66991410741811, -1.6613089341222425], [-78.66307954867764, -1.6631212466183096], [-78.65724800758444, -1.6559170368178209], [-78.65459671984243, -1.6625548769119025], [-78.65446920804243, -1.6566041374799114], [-78.65006011992388, -1.662650167512198], [-78.64994189661904, -1.6566564094903222], [-78.64878350907424, -1.6597537431968572], [-78.64171601400685, -1.6554669071646562], [-78.63344655573069, -1.6585497724119418], [-78.62904206500836, -1.6672264201662044], [-78.63119976353828, -1.6710783574279768], [-78.63462859999031, -1.6705931464866164], [-78.62982131295233, -1.6728075161110603], [-78.6297371705411, -1.678565517941894], [-78.63425903537993, -1.684070043306393], [-78.63342475569833, -1.6872211197588771], [-78.6439429144601, -1.6901649208275276], [-78.66471644057846, -1.6838873021546141], [-78.67189002980138, -1.664689452986157]], [[-78.6309493420934, -1.6774586603034556], [-78.63205185000137, -1.6786707372548046], [-78.63138140592349, -1.6789193887450775], [-78.6309493420934, -1.6774586603034556]], [[-78.63107355611362, -1.6744184516114664], [-78.63136264930604, -1.674193880880842], [-78.63133611938304, -1.6744649899451214], [-78.63107355611362, -1.6744184516114664]], [[-78.63187228465671, -1.662645884503246], [-78.63166565518108, -1.663172983555009], [-78.6314637332179, -1.6628835602470018], [-78.63187228465671, -1.662645884503246]], [[-78.63256154923442, -1.6657351447140099], [-78.63261245606483, -1.6673381204035866], [-78.63156101787155, -1.6671372287757906], [-78.63256154923442, -1.6657351447140099]], [[-78.63232422286157, -1.6696244154442537], [-78.6325338511159, -1.6692037901425927], [-78.63263494707127, -1.6694907481137775], [-78.63232422286157, -1.6696244154442537]], [[-78.63236579311972, -1.6615476852341498], [-78.63322480861615, -1.660857349221832], [-78.63282159014427, -1.661845160260298], [-78.63236579311972, -1.6615476852341498]], [[-78.63333064721661, -1.6754882853627555], [-78.63589846620913, -1.6777681725900242], [-78.63256987844788, -1.6785241246369336], [-78.63333064721661, -1.6754882853627555]], [[-78.63258001100816, -1.66429826836839], [-78.6328061657515, -1.6646981704075943], [-78.63253795582231, -1.6647352884260516], [-78.63258001100816, -1.66429826836839]], [[-78.63278185709827, -1.662574106000131], [-78.63286604755405, -1.6632833034388441], [-78.63255676256532, -1.6627017477715524], [-78.63278185709827, -1.662574106000131]], [[-78.63280677826344, -1.6791215659964835], [-78.63413259247771, -1.6794843105880937], [-78.63288558467717, -1.6797439109837495], [-78.63280677826344, -1.6791215659964835]], [[-78.6329676370159, -1.673122802794548], [-78.63301915882155, -1.6727247372096377], [-78.63319278840217, -1.672948036454579], [-78.6329676370159, -1.673122802794548]], [[-78.6333017185509, -1.6684923845670985], [-78.63315464098223, -1.669034767241838], [-78.63295277217235, -1.6688352672027746], [-78.6333017185509, -1.6684923845670985]], [[-78.63343874920359, -1.6649821431207463], [-78.63330500109139, -1.6655652564532335], [-78.63306187398207, -1.6651722364175774], [-78.63343874920359, -1.6649821431207463]], [[-78.6334500985415, -1.667985263253898], [-78.63319397884048, -1.6682896874339743], [-78.63314943287006, -1.6680098439759437], [-78.6334500985415, -1.667985263253898]], [[-78.63420814722645, -1.6599716612611322], [-78.63452884922344, -1.6610457711027502], [-78.63388696812724, -1.6606441801821987], [-78.63420814722645, -1.6599716612611322]], [[-78.63408328284876, -1.6636818242111984], [-78.63488573865477, -1.66357937719527], [-78.6342987141226, -1.664142218017849], [-78.63408328284876, -1.6636818242111984]], [[-78.63454238035155, -1.6750237042082492], [-78.63423929311638, -1.674769077685662], [-78.63468818844748, -1.6746444910051355], [-78.63454238035155, -1.6750237042082492]], [[-78.6348422804018, -1.684703302226281], [-78.63447465097799, -1.6848797748326758], [-78.63461277086871, -1.6846010969798888], [-78.6348422804018, -1.684703302226281]], [[-78.63471320118846, -1.6621822809391191], [-78.63494643423067, -1.6624649291654992], [-78.63468983282434, -1.6624515536102915], [-78.63471320118846, -1.6621822809391191]], [[-78.63464631463253, -1.678759013935255], [-78.63514792370769, -1.6787397868508984], [-78.63491833800029, -1.6790014268658209], [-78.63464631463253, -1.678759013935255]], [[-78.63538015990356, -1.6610898546110922], [-78.6350608965998, -1.6616003098870236], [-78.6351249118258, -1.661113080955043], [-78.63538015990356, -1.6610898546110922]], [[-78.63584647054276, -1.6783594630964709], [-78.6357226515233, -1.6790584419236303], [-78.63537029065851, -1.6785090553050375], [-78.63584647054276, -1.6783594630964709]], [[-78.63591313443902, -1.660451328071482], [-78.63626151708436, -1.661308840788175], [-78.63571607841679, -1.6606108499995413], [-78.63591313443902, -1.660451328071482]], [[-78.63678654881214, -1.6595044391203675], [-78.6369434641585, -1.6601858068704374], [-78.6364872410987, -1.6598989940162976], [-78.63678654881214, -1.6595044391203675]], [[-78.63730694100015, -1.670902014767575], [-78.63721974509215, -1.672042560940175], [-78.63666535283994, -1.6713377417853126], [-78.63730694100015, -1.670902014767575]], [[-78.63743590501844, -1.6677959431498945], [-78.63732276698762, -1.668517784703464], [-78.63672979617247, -1.6679443723216865], [-78.63743590501844, -1.6677959431498945]], [[-78.63729880197488, -1.6799165383655457], [-78.63701576503544, -1.6802246489309571], [-78.63698579442779, -1.67992802206542], [-78.63729880197488, -1.6799165383655457]], [[-78.63724035240013, -1.6591243303778676], [-78.63781134104892, -1.6587944229495681], [-78.63758602464587, -1.6593062092273254], [-78.63724035240013, -1.6591243303778676]], [[-78.6378893327019, -1.678552786307333], [-78.63799460115543, -1.6780501110371795], [-78.6382591277246, -1.6784116675656444], [-78.6378893327019, -1.678552786307333]], [[-78.63867278870605, -1.679703189263828], [-78.6387108516421, -1.680253150470314], [-78.6384251859239, -1.679850982810409], [-78.63867278870605, -1.679703189263828]], [[-78.6396067066768, -1.6875043286813294], [-78.63909788583547, -1.687551578065484], [-78.63942071718571, -1.6872801957173558], [-78.6396067066768, -1.6875043286813294]], [[-78.63941420488565, -1.6631465954502513], [-78.63939055428202, -1.6635912577934453], [-78.63918601899441, -1.6632957618493116], [-78.63941420488565, -1.6631465954502513]], [[-78.63957952731012, -1.6789153112926818], [-78.639311653434, -1.6791893932718793], [-78.63930896080456, -1.6789154372736992], [-78.63957952731012, -1.6789153112926818]], [[-78.63986256235947, -1.681019209219075], [-78.64165779441471, -1.680585640171193], [-78.63983339971126, -1.6818631630985137], [-78.63986256235947, -1.681019209219075]], [[-78.64117152181437, -1.6836839540478485], [-78.64118875825066, -1.6848753883115288], [-78.64056812823227, -1.6841298782819931], [-78.64117152181437, -1.6836839540478485]], [[-78.6411433214965, -1.657789860441867], [-78.64168570195032, -1.6577789373039427], [-78.64134354886006, -1.6581148480680634], [-78.6411433214965, -1.657789860441867]], [[-78.64218390340596, -1.6579061773531851], [-78.64248736119089, -1.6584156815690825], [-78.64196797181295, -1.6587454780289896], [-78.64218390340596, -1.6579061773531851]], [[-78.6442476467957, -1.6616003483863926], [-78.64287508539046, -1.6617024788787436], [-78.6432544569553, -1.6609882578783906], [-78.6442476467957, -1.6616003483863926]], [[-78.6445732994213, -1.6800888710494273], [-78.64449293288811, -1.6822035828011161], [-78.64349519074278, -1.6822108710629449], [-78.6445732994213, -1.6800888710494273]], [[-78.64499035474246, -1.6652981383132277], [-78.64564542451862, -1.6665406087260977], [-78.64451307128024, -1.665734529536229], [-78.64499035474246, -1.6652981383132277]], [[-78.64562751314108, -1.6827632274446995], [-78.64724824481982, -1.6853637758886302], [-78.6450972942846, -1.6833773626991473], [-78.64562751314108, -1.6827632274446995]], [[-78.64744225610175, -1.6673759144599398], [-78.64781711275403, -1.667456272020343], [-78.64759433051512, -1.6676027743292194], [-78.64744225610175, -1.6673759144599398]], [[-78.64915785394686, -1.6677538360446391], [-78.64916247587009, -1.6682187835957973], [-78.64893359681167, -1.667958696818352], [-78.64915785394686, -1.6677538360446391]], [[-78.65092301186293, -1.6792652209549777], [-78.65137206318313, -1.681207533873517], [-78.65021677215994, -1.6797785519373392], [-78.65092301186293, -1.6792652209549777]], [[-78.65227850599948, -1.6679660228694124], [-78.65247700172287, -1.6683103552936094], [-78.65218731569887, -1.6682330370685903], [-78.65227850599948, -1.6679660228694124]], [[-78.65280692344682, -1.6788488563542432], [-78.6526736220272, -1.679284505773042], [-78.65244920530218, -1.6789613998540216], [-78.65280692344682, -1.6788488563542432]], [[-78.65380908110964, -1.6627760394166875], [-78.65392975606251, -1.6635032129475793], [-78.65350587357572, -1.6632120911783328], [-78.65380908110964, -1.6627760394166875]], [[-78.65475139929879, -1.6713375449498769], [-78.65485128149153, -1.6709072923475015], [-78.65500961769814, -1.6711761205075235], [-78.65475139929879, -1.6713375449498769]], [[-78.65542932579412, -1.68260892635365], [-78.6553457455, -1.68312293894061], [-78.65541942839218, -1.6816934856901686], [-78.65542932579412, -1.68260892635365]], [[-78.65686236978209, -1.6758231658458629], [-78.65787052996373, -1.6775626259388532], [-78.65661351163118, -1.675854770466723], [-78.65686236978209, -1.6758231658458629]], [[-78.6570056748062, -1.6671125426340547], [-78.65714102912226, -1.667553405017495], [-78.65685761916448, -1.6673732007691389], [-78.6570056748062, -1.6671125426340547]], [[-78.65787714496143, -1.6812621143511466], [-78.65732116075439, -1.6816207818624882], [-78.65704824793588, -1.6807892329368912], [-78.65787714496143, -1.6812621143511466]], [[-78.65841355707595, -1.6797950295061268], [-78.6583633290918, -1.6810872583535925], [-78.65753952662345, -1.6802716282921233], [-78.65841355707595, -1.6797950295061268]], [[-78.65913386982571, -1.6771858998760991], [-78.65893921330277, -1.6793972594139328], [-78.65792975996, -1.678625337773073], [-78.65913386982571, -1.6771858998760991]], [[-78.65924089751894, -1.6634828865108435], [-78.65865480368218, -1.6636121470739136], [-78.65908076392303, -1.6632827209220933], [-78.65924089751894, -1.6634828865108435]], [[-78.65983958586675, -1.6685354301896032], [-78.65981129903311, -1.6690427499670548], [-78.6595304230051, -1.6688079766857447], [-78.65983958586675, -1.6685354301896032]], [[-78.6606014929153, -1.6649863534480391], [-78.66009202641237, -1.6670199976037592], [-78.6595844413062, -1.6657329395640144], [-78.6606014929153, -1.6649863534480391]], [[-78.65999085603639, -1.6690558947009206], [-78.66027247590458, -1.6696124966642671], [-78.65984354369878, -1.669632661733736], [-78.65999085603639, -1.6690558947009206]], [[-78.66111091054535, -1.672422023261601], [-78.66209942743514, -1.6726025895673116], [-78.66146434736244, -1.6733260175918752], [-78.66111091054535, -1.672422023261601]], [[-78.66212060650567, -1.6830608355971108], [-78.66216587097749, -1.6836804329082877], [-78.66170942990684, -1.6834365816264822], [-78.66212060650567, -1.6830608355971108]], [[-78.662069368521, -1.6794401087486528], [-78.66183721411777, -1.6798365302772982], [-78.6617725696432, -1.6794525086623946], [-78.662069368521, -1.6794401087486528]], [[-78.66202175038717, -1.6752363371544137], [-78.66265472264611, -1.6749362037905837], [-78.66248285450641, -1.675301871685798], [-78.66202175038717, -1.6752363371544137]], [[-78.66209364837775, -1.6773184503412468], [-78.66248930595692, -1.6775348070711522], [-78.6621486094716, -1.677633365434348], [-78.66209364837775, -1.6773184503412468]], [[-78.66668235982962, -1.6661731429810234], [-78.66378376543234, -1.668353090563353], [-78.66275813538611, -1.6676406380448254], [-78.66668235982962, -1.6661731429810234]], [[-78.66323256071516, -1.665672261854589], [-78.66331719940376, -1.6662724962303466], [-78.66285309606636, -1.6659027203950578], [-78.66323256071516, -1.665672261854589]], [[-78.6640822280453, -1.6641192395525022], [-78.66408515993552, -1.6646550441617718], [-78.66384776777754, -1.6642428472688051], [-78.6640822280453, -1.6641192395525022]], [[-78.66694725243374, -1.6715153382039007], [-78.66685535221633, -1.6750098159849731], [-78.66455366654779, -1.6744574226151347], [-78.66694725243374, -1.6715153382039007]], [[-78.66629583636329, -1.671377557912369], [-78.6649972728371, -1.6708024542044217], [-78.66534083979911, -1.6703466290696105], [-78.66629583636329, -1.671377557912369]], [[-78.6658499320151, -1.6627767479359932], [-78.6662344683934, -1.6630562094855204], [-78.665952029268, -1.6631251012690982], [-78.6658499320151, -1.6627767479359932]], [[-78.66824899102473, -1.6678358754975646], [-78.66788943892911, -1.6710943068390547], [-78.66606399553804, -1.6701841569266733], [-78.66824899102473, -1.6678358754975646]], [[-78.6705066511592, -1.6638471442061296], [-78.67053919971282, -1.664248813454162], [-78.67026873386875, -1.6640726992890933], [-78.6705066511592, -1.6638471442061296]]], [[[-78.68495647423484, -1.684876886744959], [-78.68152721037102, -1.680151432169912], [-78.6772516687242, -1.6794979822455167], [-78.67578730147565, -1.6832754918830815], [-78.67558686175437, -1.6795760769360637], [-78.66597683680953, -1.6901725047014613], [-78.67842060820189, -1.7017488240081293], [-78.68495647423484, -1.684876886744959]], [[-78.67307546982092, -1.6909388160180094], [-78.67281545441747, -1.691264904344276], [-78.67275166078704, -1.6909626287911574], [-78.67307546982092, -1.6909388160180094]], [[-78.67561645890048, -1.6850139053491409], [-78.67680493889455, -1.684899496472049], [-78.67616702548646, -1.6854833029974547], [-78.67561645890048, -1.6850139053491409]], [[-78.67767371204248, -1.6816142864733188], [-78.67811293945064, -1.6832720523190134], [-78.67748504953283, -1.685123114805608], [-78.67767371204248, -1.6816142864733188]], [[-78.67917661591034, -1.6808526760831972], [-78.6802295877812, -1.6821197787542088], [-78.67957415763533, -1.682701377207249], [-78.67917661591034, -1.6808526760831972]], [[-78.68031939135398, -1.6842339239178266], [-78.68058026091066, -1.6850280741224468], [-78.679813340328, -1.6846160465032491], [-78.68031939135398, -1.6842339239178266]], [[-78.6822181712279, -1.6835857753494823], [-78.68180292916377, -1.6848958185226082], [-78.68093753728745, -1.6838544040154846], [-78.6822181712279, -1.6835857753494823]]]]}}, {"type": "Feature", "properties": {"categoria": "Salud", "distance_m": 1250, "mode": "walking", "equipamientos_origen": 9, "nodos_alcanzables": 4674, "target_platform": "PLATAFORMA Ñ"}, "geometry": {"type": "MultiPolygon", "coordinates": [[[[-78.6729362951741, -1.6748765899191227], [-78.6716811218014, -1.6627987496390515], [-78.65647139071442, -1.6590278957117863], [-78.65463021871489, -1.6625475652582682], [-78.64798371507564, -1.6603715336683689], [-78.63547209769976, -1.6657107122483208], [-78.6344954413759, -1.6720187797038195], [-78.624972438238, -1.6758552106265747], [-78.62233347628862, -1.6818923966060098], [-78.63185653758923, -1.691282915613663], [-78.6729362951741, -1.6748765899191227]], [[-78.62703949664608, -1.6764087122249998], [-78.62598685875184, -1.6775658088380527], [-78.62678916681989, -1.6761611027680652], [-78.62703949664608, -1.6764087122249998]], [[-78.62762990781415, -1.6794023601252357], [-78.62696887870976, -1.6794022592703104], [-78.62720388815795, -1.6790365149716342], [-78.62762990781415, -1.6794023601252357]], [[-78.62714190837625, -1.6844124408208345], [-78.62733928371898, -1.6839632559043936], [-78.62741112626877, -1.6843721633406818], [-78.62714190837625, -1.6844124408208345]], [[-78.6278390335896, -1.6831331167172778], [-78.62771225529973, -1.6825758121745347], [-78.62833525151952, -1.6826965808061962], [-78.6278390335896, -1.6831331167172778]], [[-78.62857429495848, -1.6765187301519922], [-78.62789396704206, -1.6774094746578323], [-78.62815823629971, -1.6764214279012317], [-78.62857429495848, -1.6765187301519922]], [[-78.62861399811356, -1.6833129673644023], [-78.62806606228229, -1.6840258526740832], [-78.6278587254574, -1.6838256784219159], [-78.62861399811356, -1.6833129673644023]], [[-78.62851455070256, -1.6862431311400374], [-78.62846134366922, -1.6871358540664156], [-78.6280165880799, -1.6865745877746678], [-78.62851455070256, -1.6862431311400374]], [[-78.62846551299499, -1.6818528122571177], [-78.62979890583453, -1.6833181235213948], [-78.62957846612932, -1.683518946311621], [-78.62846551299499, -1.6818528122571177]], [[-78.62884581629709, -1.6752565673451871], [-78.62931168303228, -1.6765682129725787], [-78.6285962604604, -1.675278394283079], [-78.62884581629709, -1.6752565673451871]], [[-78.6290572014583, -1.6801622733348454], [-78.62925830772826, -1.6806812813438474], [-78.62882321414047, -1.6805083930748297], [-78.6290572014583, -1.6801622733348454]], [[-78.62894774720739, -1.6789680532312912], [-78.62959996207913, -1.6788758098491097], [-78.62909313601192, -1.6792424294257027], [-78.62894774720739, -1.6789680532312912]], [[-78.62958517503708, -1.6871338569737302], [-78.6303086924917, -1.6872301185539706], [-78.62972329597793, -1.6875034412773706], [-78.62958517503708, -1.6871338569737302]], [[-78.63043901116654, -1.6878474036609337], [-78.63042337692578, -1.6884135250063506], [-78.6301653987325, -1.687969966243234], [-78.63043901116654, -1.6878474036609337]], [[-78.63077597529457, -1.6789286794624145], [-78.63022994225427, -1.6788172697378323], [-78.63037185458747, -1.6779612706038094], [-78.63077597529457, -1.6789286794624145]], [[-78.63206524011466, -1.6792902778447583], [-78.63064843870211, -1.6804238056263072], [-78.63027712465602, -1.6801415556589308], [-78.63206524011466, -1.6792902778447583]], [[-78.63033007323477, -1.6812781466472342], [-78.63079492419807, -1.6814029504149135], [-78.63048199747581, -1.6816614318059353], [-78.63033007323477, -1.6812781466472342]], [[-78.6304942188791, -1.6822758485700502], [-78.63197125653234, -1.6829242723766762], [-78.63041080546222, -1.6831454325988249], [-78.6304942188791, -1.6822758485700502]], [[-78.63052272835135, -1.6838150696766243], [-78.63126359497626, -1.6843986080173816], [-78.63046989387122, -1.6844767542633665], [-78.63052272835135, -1.6838150696766243]], [[-78.63095371415977, -1.6774424692810317], [-78.6320468657207, -1.6786878873754505], [-78.63137381959487, -1.678911872981026], [-78.63095371415977, -1.6774424692810317]], [[-78.63107355611359, -1.6744184516114327], [-78.63136264930604, -1.674193880880825], [-78.63133611938301, -1.6744649899451045], [-78.63107355611359, -1.6744184516114327]], [[-78.63239926716284, -1.6806284431231684], [-78.63153778412637, -1.6814972630308116], [-78.63127552823757, -1.6810250021406858], [-78.63239926716284, -1.6806284431231684]], [[-78.63276677746089, -1.683251835845777], [-78.63255067166193, -1.6840224104788692], [-78.63217122642257, -1.683541446555177], [-78.63276677746089, -1.683251835845777]], [[-78.63333064721661, -1.6754882853627555], [-78.63589846620913, -1.6777681725900242], [-78.63256987844788, -1.6785241246369336], [-78.63333064721661, -1.6754882853627555]], [[-78.63269605675946, -1.6888954144488135], [-78.63281286933362, -1.6894971872288884], [-78.63248878425692, -1.6894281801687079], [-78.63269605675946, -1.6888954144488135]], [[-78.63280677826344, -1.6791215659964835], [-78.63413259247771, -1.6794843105880937], [-78.63288558467717, -1.6797439109837495], [-78.63280677826344, -1.6791215659964835]], [[-78.6329676370159, -1.673122802794548], [-78.63301915882155, -1.6727247372096377], [-78.63319278840217, -1.672948036454579], [-78.6329676370159, -1.673122802794548]], [[-78.63397690113334, -1.6872073436886375], [-78.63404761581528, -1.6881309700878906], [-78.63353300664339, -1.6878188204654632], [-78.63397690113334, -1.6872073436886375]], [[-78.63434455777971, -1.6850320858482122], [-78.63407687357073, -1.6857394418931222], [-78.6337943788227, -1.6853679129258743], [-78.63434455777971, -1.6850320858482122]], [[-78.63454238035155, -1.6750237042082492], [-78.63423929311638, -1.674769077685662], [-78.6346881884475, -1.6746444910051521], [-78.63454238035155, -1.6750237042082492]], [[-78.63451263884173, -1.6849403783237153], [-78.63480478466417, -1.6846449766658949], [-78.63478211026666, -1.6849380021781064], [-78.63451263884173, -1.6849403783237153]], [[-78.63464631463253, -1.678759013935255], [-78.63514792370769, -1.6787397868508984], [-78.63491833800029, -1.6790014268658209], [-78.63464631463253, -1.678759013935255]], [[-78.63584647054276, -1.6783594630964709], [-78.6357226515233, -1.6790584419236303], [-78.63537029065851, -1.6785090553050375], [-78.63584647054276, -1.6783594630964709]], [[-78.63730694100015, -1.670902014767575], [-78.63721974509215, -1.672042560940175], [-78.63666535283994, -1.6713377417853126], [-78.63730694100015, -1.670902014767575]], [[-78.63743590501844, -1.6677959431498945], [-78.63732276698762, -1.668517784703464], [-78.63672979617247, -1.6679443723216865], [-78.63743590501844, -1.6677959431498945]], [[-78.63729880197488, -1.6799165383655457], [-78.63701576503544, -1.6802246489309571], [-78.63698579442779, -1.67992802206542], [-78.63729880197488, -1.6799165383655457]], [[-78.6378893327019, -1.678552786307333], [-78.63799460115543, -1.6780501110371795], [-78.63825912772461, -1.6784116675656444], [-78.6378893327019, -1.678552786307333]], [[-78.63867278870605, -1.679703189263828], [-78.6387108516421, -1.680253150470314], [-78.6384251859239, -1.679850982810409], [-78.63867278870605, -1.679703189263828]], [[-78.63960771268042, -1.6874866525415202], [-78.63909761423938, -1.6875707913261166], [-78.63940276546575, -1.687279386253314], [-78.63960771268042, -1.6874866525415202]], [[-78.63957952731032, -1.6789153112929176], [-78.639311653434, -1.6791893932718793], [-78.63930896080463, -1.6789154372736483], [-78.63957952731032, -1.6789153112929176]], [[-78.63986256235947, -1.681019209219075], [-78.64165779441471, -1.680585640171193], [-78.63983339971126, -1.6818631630985137], [-78.63986256235947, -1.681019209219075]], [[-78.64009818281848, -1.6662339400507415], [-78.64022519005513, -1.6667036101437818], [-78.63992384979993, -1.6664633598196101], [-78.64009818281848, -1.6662339400507415]], [[-78.64499035474248, -1.6652981383132277], [-78.64564542451862, -1.6665406087260977], [-78.64451307128024, -1.665734529536229], [-78.64499035474248, -1.6652981383132277]], [[-78.64621138834515, -1.6623709262772817], [-78.64637668665843, -1.661885653859828], [-78.64652585338818, -1.6622623942621473], [-78.64621138834515, -1.6623709262772817]], [[-78.64744225610178, -1.6673759144598388], [-78.64781711275398, -1.667456272020461], [-78.64759433051506, -1.6676027743292028], [-78.64744225610178, -1.6673759144598388]], [[-78.64915785394686, -1.6677538360446391], [-78.6491624758701, -1.6682187835957973], [-78.64893359681167, -1.667958696818352], [-78.64915785394686, -1.6677538360446391]], [[-78.65092301186294, -1.6792652209549777], [-78.65137206318313, -1.681207533873517], [-78.65021677215994, -1.6797785519373392], [-78.65092301186294, -1.6792652209549777]], [[-78.65227850599953, -1.6679660228693787], [-78.65247700172281, -1.668310355293643], [-78.65218731569884, -1.6682330370685061], [-78.65227850599953, -1.6679660228693787]], [[-78.65280692344682, -1.6788488563542432], [-78.6526736220272, -1.679284505773042], [-78.65244920530218, -1.6789613998540216], [-78.65280692344682, -1.6788488563542432]], [[-78.65380908110964, -1.6627760394167042], [-78.65392975606251, -1.6635032129475793], [-78.65350587357572, -1.6632120911783328], [-78.65380908110964, -1.6627760394167042]], [[-78.65475139929879, -1.6713375449498937], [-78.65485128149153, -1.6709072923474675], [-78.65500961769816, -1.6711761205075235], [-78.65475139929879, -1.6713375449498937]], [[-78.65686236978209, -1.6758231658458629], [-78.65787052996373, -1.6775626259388532], [-78.65661351163118, -1.675854770466723], [-78.65686236978209, -1.6758231658458629]], [[-78.65714102912226, -1.667553405017495], [-78.65700567480619, -1.6671125426340547], [-78.65729141844996, -1.6672936269606993], [-78.65714102912226, -1.667553405017495]], [[-78.65913386982571, -1.6771858998760991], [-78.65893921330277, -1.6793972594139328], [-78.65792975996, -1.678625337773073], [-78.65913386982571, -1.6771858998760991]], [[-78.65924089751894, -1.6634828865108435], [-78.65865480368218, -1.6636121470739136], [-78.65908076392303, -1.6632827209220933], [-78.65924089751894, -1.6634828865108435]], [[-78.65983958586675, -1.6685354301895858], [-78.65981129903311, -1.6690427499670548], [-78.6595304230051, -1.6688079766857618], [-78.65983958586675, -1.6685354301895858]], [[-78.6606014929153, -1.6649863534480391], [-78.66009202641237, -1.6670199976037592], [-78.6595844413062, -1.6657329395640144], [-78.6606014929153, -1.6649863534480391]], [[-78.65999085603639, -1.6690558947009206], [-78.66027247590458, -1.6696124966642671], [-78.65984354369878, -1.669632661733736], [-78.65999085603639, -1.6690558947009206]], [[-78.66111091054535, -1.6724220232616183], [-78.66209942743514, -1.6726025895673116], [-78.66146434736244, -1.6733260175918585], [-78.66111091054535, -1.6724220232616183]], [[-78.66202175038717, -1.6752363371544137], [-78.66265472264611, -1.6749362037905837], [-78.66248285450641, -1.675301871685798], [-78.66202175038717, -1.6752363371544137]], [[-78.66209364837775, -1.6773184503412468], [-78.66248930595692, -1.6775348070711522], [-78.6621486094716, -1.677633365434348], [-78.66209364837775, -1.6773184503412468]], [[-78.66668235982962, -1.6661731429810234], [-78.66378376543234, -1.668353090563353], [-78.66275813538611, -1.6676406380448254], [-78.66668235982962, -1.6661731429810234]], [[-78.66323256071516, -1.665672261854589], [-78.66331719940376, -1.6662724962303466], [-78.66285309606636, -1.665902720395041], [-78.66323256071516, -1.665672261854589]], [[-78.6640822280453, -1.6641192395525022], [-78.66408515993551, -1.6646550441617547], [-78.66384776777755, -1.6642428472688051], [-78.6640822280453, -1.6641192395525022]], [[-78.66694725243374, -1.6715153382039007], [-78.66685535221633, -1.6750098159849731], [-78.66455366654779, -1.6744574226151347], [-78.66694725243374, -1.6715153382039007]], [[-78.66629583636329, -1.671377557912369], [-78.6649972728371, -1.6708024542044217], [-78.66534083979911, -1.6703466290696105], [-78.66629583636329, -1.671377557912369]], [[-78.6658499320151, -1.6627767479359932], [-78.6662344683934, -1.6630562094855035], [-78.665952029268, -1.6631251012690982], [-78.6658499320151, -1.6627767479359932]], [[-78.66824899102473, -1.6678358754975646], [-78.66788943892911, -1.6710943068390547], [-78.66606399553804, -1.6701841569266564], [-78.66824899102473, -1.6678358754975646]], [[-78.6705066511592, -1.6638471442061296], [-78.67053919971282, -1.664248813454162], [-78.67026873386875, -1.6640726992890933], [-78.6705066511592, -1.6638471442061296]]], [[[-78.68439239525345, -1.6851997373282837], [-78.6814874851306, -1.6805709754454483], [-78.67710537326872, -1.6797679306578137], [-78.66981271016513, -1.684904288856003], [-78.67576300341368, -1.6989959968363326], [-78.68439239525345, -1.6851997373282837]], [[-78.67307546982092, -1.6909388160180094], [-78.67281545441747, -1.691264904344276], [-78.67275166078704, -1.6909626287911574], [-78.67307546982092, -1.6909388160180094]], [[-78.67561645890048, -1.6850139053491409], [-78.67680493889455, -1.684899496472049], [-78.67616702548646, -1.6854833029974547], [-78.67561645890048, -1.6850139053491409]], [[-78.67767371204248, -1.6816142864733188], [-78.67811293945064, -1.6832720523190134], [-78.67748504953283, -1.685123114805608], [-78.67767371204248, -1.6816142864733188]], [[-78.68031939135398, -1.6842339239178266], [-78.68058026091066, -1.6850280741224468], [-78.679813340328, -1.6846160465032491], [-78.68031939135398, -1.6842339239178266]], [[-78.6822181712279, -1.6835857753494823], [-78.68180292916377, -1.6848958185226082], [-78.68093753728745, -1.6838544040154846], [-78.6822181712279, -1.6835857753494823]]]]}}, {"type": "Feature", "properties": {"categoria": "Seguridad", "distance_m": 1250, "mode": "walking", "equipamientos_origen": 7, "nodos_alcanzables": 3678, "target_platform": "PLATAFORMA Ñ"}, "geometry": {"type": "MultiPolygon", "coordinates": [[[[-78.66693687019641, -1.668793546990563], [-78.66083452610917, -1.661570999155391], [-78.64867241821001, -1.6614789361124078], [-78.64075917495643, -1.66437080888297], [-78.64007338148633, -1.6707088122702367], [-78.63220745551554, -1.6738708813468521], [-78.62923289702954, -1.681195093591117], [-78.63274689342738, -1.688438678401006], [-78.64369967554225, -1.687724901722982], [-78.64763743991239, -1.6813467053754372], [-78.66281249466654, -1.6836920848841586], [-78.66646715406216, -1.675468281105686], [-78.66693687019641, -1.668793546990563]], [[-78.63206524011466, -1.6792902778447583], [-78.63064843870211, -1.6804238056263072], [-78.63027712465602, -1.6801415556589308], [-78.63206524011466, -1.6792902778447583]], [[-78.63050407346539, -1.6810984558460302], [-78.63058409262408, -1.6816500089095234], [-78.6303503567932, -1.6815581045099186], [-78.63050407346539, -1.6810984558460302]], [[-78.6315545085869, -1.681498197817474], [-78.63236495347181, -1.6806288372407236], [-78.63266461059278, -1.6810631490281416], [-78.6315545085869, -1.681498197817474]], [[-78.63333064721661, -1.6754882853627555], [-78.63589846620913, -1.6777681725900242], [-78.63256987844788, -1.6785241246369336], [-78.63333064721661, -1.6754882853627555]], [[-78.63280677826344, -1.6791215659964835], [-78.63413259247771, -1.6794843105880937], [-78.63288558467717, -1.6797439109837495], [-78.63280677826344, -1.6791215659964835]], [[-78.63454238035155, -1.6750237042082492], [-78.63423929311638, -1.674769077685662], [-78.6346881884475, -1.6746444910051521], [-78.63454238035155, -1.6750237042082492]], [[-78.6348422804018, -1.684703302226281], [-78.63447465097799, -1.6848797748326758], [-78.63461277086871, -1.6846010969798888], [-78.6348422804018, -1.684703302226281]], [[-78.63464631463253, -1.678759013935255], [-78.63514792370769, -1.6787397868508984], [-78.63491833800029, -1.6790014268658209], [-78.63464631463253, -1.678759013935255]], [[-78.63584647054276, -1.6783594630964709], [-78.6357226515233, -1.6790584419236303], [-78.63537029065851, -1.6785090553050375], [-78.63584647054276, -1.6783594630964709]], [[-78.63729880197488, -1.6799165383655457], [-78.63701576503544, -1.6802246489309571], [-78.63698579442779, -1.67992802206542], [-78.63729880197488, -1.6799165383655457]], [[-78.6378893327019, -1.678552786307333], [-78.63799460115543, -1.6780501110371795], [-78.63825912772461, -1.6784116675656444], [-78.6378893327019, -1.678552786307333]], [[-78.63867278870605, -1.679703189263828], [-78.6387108516421, -1.680253150470314], [-78.6384251859239, -1.679850982810409], [-78.63867278870605, -1.679703189263828]], [[-78.63960771268042, -1.6874866525415202], [-78.63909761423936, -1.6875707913260998], [-78.63940276546575, -1.687279386253314], [-78.63960771268042, -1.6874866525415202]], [[-78.63957952731012, -1.6789153112926818], [-78.639311653434, -1.6791893932718793], [-78.63930896080456, -1.6789154372736992], [-78.63957952731012, -1.6789153112926818]], [[-78.63986256235947, -1.681019209219075], [-78.64165779441471, -1.6805856401711763], [-78.63983339971126, -1.6818631630985137], [-78.63986256235947, -1.681019209219075]], [[-78.64117152181437, -1.6836839540478485], [-78.64118875825066, -1.6848753883115288], [-78.64056812823227, -1.6841298782819931], [-78.64117152181437, -1.6836839540478485]], [[-78.6445732994213, -1.6800888710494273], [-78.64449293288811, -1.6822035828011161], [-78.64349519074278, -1.6822108710629449], [-78.6445732994213, -1.6800888710494273]], [[-78.64744225610178, -1.6673759144598221], [-78.64781711275398, -1.667456272020444], [-78.64759433051506, -1.6676027743292028], [-78.64744225610178, -1.6673759144598221]], [[-78.64915785394686, -1.6677538360446391], [-78.6491624758701, -1.6682187835957973], [-78.64893359681167, -1.667958696818352], [-78.64915785394686, -1.6677538360446391]], [[-78.65092301186294, -1.6792652209549777], [-78.65137206318313, -1.681207533873517], [-78.65021677215994, -1.6797785519373392], [-78.65092301186294, -1.6792652209549777]], [[-78.65227850599953, -1.6679660228693787], [-78.65247700172281, -1.668310355293643], [-78.65218731569884, -1.6682330370685061], [-78.65227850599953, -1.6679660228693787]], [[-78.65280692344682, -1.6788488563542432], [-78.6526736220272, -1.679284505773042], [-78.65244920530218, -1.6789613998540216], [-78.65280692344682, -1.6788488563542432]], [[-78.65380908110964, -1.6627760394166875], [-78.65392975606251, -1.6635032129475793], [-78.65350587357572, -1.6632120911783328], [-78.65380908110964, -1.6627760394166875]], [[-78.6547513992988, -1.6713375449498937], [-78.65485128149155, -1.6709072923474844], [-78.65500961769816, -1.6711761205075066], [-78.6547513992988, -1.6713375449498937]], [[-78.65686236978209, -1.6758231658458629], [-78.6578705299637, -1.6775626259388532], [-78.65661351163118, -1.675854770466723], [-78.65686236978209, -1.6758231658458629]], [[-78.6570056748062, -1.6671125426340547], [-78.65714102912226, -1.667553405017495], [-78.65685761916448, -1.6673732007691389], [-78.6570056748062, -1.6671125426340547]], [[-78.65841355707595, -1.6797950295061268], [-78.6583633290918, -1.6810872583535925], [-78.65753952662345, -1.6802716282921233], [-78.65841355707595, -1.6797950295061268]], [[-78.65913386982571, -1.6771858998760991], [-78.65893921330277, -1.6793972594139328], [-78.65792975995998, -1.678625337773073], [-78.65913386982571, -1.6771858998760991]], [[-78.65924089751894, -1.6634828865108435], [-78.65865480368218, -1.6636121470739136], [-78.65908076392303, -1.6632827209220933], [-78.65924089751894, -1.6634828865108435]], [[-78.65983958586675, -1.6685354301896032], [-78.65981129903311, -1.6690427499670548], [-78.6595304230051, -1.668807976685728], [-78.65983958586675, -1.6685354301896032]], [[-78.6606014929153, -1.6649863534480391], [-78.66009202641237, -1.6670199976037592], [-78.6595844413062, -1.6657329395640144], [-78.6606014929153, -1.6649863534480391]], [[-78.65999085603639, -1.6690558947009206], [-78.66027247590458, -1.6696124966642671], [-78.65984354369878, -1.669632661733736], [-78.65999085603639, -1.6690558947009206]], [[-78.66069764530084, -1.6624997456675994], [-78.66104739038668, -1.6622312334130913], [-78.66099304453581, -1.662608450228555], [-78.66069764530084, -1.6624997456675994]], [[-78.66111091054535, -1.6724220232616183], [-78.66209942743514, -1.6726025895673116], [-78.66146434736244, -1.6733260175918585], [-78.66111091054535, -1.6724220232616183]], [[-78.662069368521, -1.6794401087486528], [-78.66183721411777, -1.6798365302772982], [-78.6617725696432, -1.6794525086623946], [-78.662069368521, -1.6794401087486528]], [[-78.66202175038717, -1.6752363371544137], [-78.66265472264611, -1.6749362037905837], [-78.66248285450641, -1.675301871685798], [-78.66202175038717, -1.6752363371544137]], [[-78.66209364837775, -1.6773184503412468], [-78.66248930595692, -1.6775348070711522], [-78.6621486094716, -1.677633365434348], [-78.66209364837775, -1.6773184503412468]], [[-78.66353133628384, -1.6660906787156302], [-78.66285309606636, -1.665902720395041], [-78.66323256071516, -1.665672261854572], [-78.66353133628384, -1.6660906787156302]], [[-78.6654966315558, -1.6703539517072234], [-78.66573054964542, -1.6717258579517986], [-78.66499991943662, -1.6706448053733969], [-78.6654966315558, -1.6703539517072234]]], [[[-78.6844404702915, -1.6850288235737225], [-78.680558749815, -1.6804294869031526], [-78.67691897133838, -1.6798598999582623], [-78.67577300064929, -1.683265628003381], [-78.67561751223295, -1.6789294327407815], [-78.66444309234838, -1.6900967033699936], [-78.67610518466596, -1.6993185683409717], [-78.6844404702915, -1.6850288235737225]], [[-78.67015552817477, -1.6906997904752943], [-78.66862681942655, -1.691852427362442], [-78.66768602989738, -1.6906359743800436], [-78.67015552817477, -1.6906997904752943]], [[-78.67307546982092, -1.6909388160180094], [-78.67281545441747, -1.691264904344276], [-78.67275166078704, -1.6909626287911574], [-78.67307546982092, -1.6909388160180094]], [[-78.67561645890048, -1.6850139053491409], [-78.67680493889455, -1.684899496472049], [-78.67616702548646, -1.6854833029974547], [-78.67561645890048, -1.6850139053491409]], [[-78.67767371204248, -1.6816142864733188], [-78.67811293945064, -1.6832720523190134], [-78.67748504953283, -1.685123114805608], [-78.67767371204248, -1.6816142864733188]], [[-78.68031939135399, -1.6842339239178266], [-78.68058026091066, -1.6850280741224468], [-78.679813340328, -1.6846160465032491], [-78.68031939135399, -1.6842339239178266]], [[-78.6822181712279, -1.6835857753494823], [-78.68180292916377, -1.6848958185226082], [-78.68093753728745, -1.6838544040154846], [-78.6822181712279, -1.6835857753494823]]]]}}, {"type": "Feature", "properties": {"categoria": "Servicios Funerarios", "distance_m": 1250, "mode": "walking", "equipamientos_origen": 2, "nodos_alcanzables": 1353, "target_platform": "PLATAFORMA Ñ"}, "geometry": {"type": "MultiPolygon", "coordinates": [[[[-78.66472840361159, -1.6831685576445135], [-78.66351374798195, -1.6713726938700517], [-78.65050953573858, -1.6712676659118126], [-78.64702021839292, -1.6858747934640095], [-78.66472840361159, -1.6831685576445135]], [[-78.65092301186294, -1.6792652209549777], [-78.65137206318313, -1.681207533873517], [-78.65021677215994, -1.679778551937356], [-78.65092301186294, -1.6792652209549777]], [[-78.6505290910447, -1.683417728542235], [-78.65065672811603, -1.6839690023753113], [-78.65026685801786, -1.6836039276112227], [-78.6505290910447, -1.683417728542235]], [[-78.65280692344682, -1.6788488563542432], [-78.6526736220272, -1.679284505773042], [-78.65244920530218, -1.6789613998540216], [-78.65280692344682, -1.6788488563542432]], [[-78.65396454397793, -1.6839994839489727], [-78.65346494514003, -1.6840975747329534], [-78.65374835521578, -1.6837849456460752], [-78.65396454397793, -1.6839994839489727]], [[-78.65572854286944, -1.6818540925714867], [-78.6549108902449, -1.682373092030129], [-78.65550173347413, -1.6816639974254186], [-78.65572854286944, -1.6818540925714867]], [[-78.65686236978209, -1.6758231658458629], [-78.65787052996372, -1.6775626259388532], [-78.65661351163118, -1.675854770466723], [-78.65686236978209, -1.6758231658458629]], [[-78.65787714496143, -1.6812621143511466], [-78.65732116075439, -1.6816207818624882], [-78.65704824793588, -1.6807892329368912], [-78.65787714496143, -1.6812621143511466]], [[-78.65844838971299, -1.679791456075365], [-78.65832736888211, -1.6810904203183055], [-78.65753719839998, -1.6802356464497543], [-78.65844838971299, -1.679791456075365]], [[-78.65913386982571, -1.6771858998760991], [-78.65893921330277, -1.6793972594139328], [-78.65792975996, -1.678625337773073], [-78.65913386982571, -1.6771858998760991]], [[-78.66166908347823, -1.6720681436984528], [-78.66151426998971, -1.6733418214208609], [-78.66093572242058, -1.6728141468773203], [-78.66166908347823, -1.6720681436984528]], [[-78.662069368521, -1.6794401087486528], [-78.66183721411777, -1.6798365302772982], [-78.6617725696432, -1.6794525086623946], [-78.662069368521, -1.6794401087486528]], [[-78.66202175038717, -1.6752363371544137], [-78.66265472264608, -1.6749362037905164], [-78.66248285450642, -1.675301871685798], [-78.66202175038717, -1.6752363371544137]], [[-78.66209364837775, -1.6773184503412468], [-78.66248930595692, -1.6775348070711522], [-78.6621486094716, -1.677633365434348], [-78.66209364837775, -1.6773184503412468]]], [[[-78.68360516825715, -1.6852444541872855], [-78.67663278890707, -1.680247927080767], [-78.67090366579846, -1.6854409643376087], [-78.67557578673228, -1.6978117319813797], [-78.68360516825715, -1.6852444541872855]], [[-78.67561645890048, -1.6850139053491409], [-78.67680493889455, -1.684899496472049], [-78.67616702548646, -1.6854833029974547], [-78.67561645890048, -1.6850139053491409]], [[-78.67767441468422, -1.681612209558406], [-78.67811293945064, -1.6832720523190134], [-78.67748504953283, -1.685123114805608], [-78.67767441468422, -1.681612209558406]], [[-78.68031939135399, -1.6842339239178266], [-78.68058026091066, -1.6850280741224468], [-78.679813340328, -1.6846160465032491], [-78.68031939135399, -1.6842339239178266]]]]}}, {"type": "Feature", "properties": {"categoria": "Transporte", "distance_m": 1250, "mode": "walking", "equipamientos_origen": 12, "nodos_alcanzables": 4365, "target_platform": "PLATAFORMA Ñ"}, "geometry": {"type": "MultiPolygon", "coordinates": [[[[-78.67297495304962, -1.6627208437128664], [-78.66453502328609, -1.6549778538728546], [-78.64010649767198, -1.663185339050653], [-78.63161132025468, -1.689288244005542], [-78.63683654970536, -1.6979882158675415], [-78.6442781716454, -1.6963576332210386], [-78.64440191489685, -1.6802059119362664], [-78.65485771580258, -1.6830768927788493], [-78.66082188754432, -1.6809444934425712], [-78.67297495304962, -1.6627208437128664]], [[-78.63397690113334, -1.6872073436886375], [-78.63404761581528, -1.6881309700878906], [-78.63353300664338, -1.6878188204654632], [-78.63397690113334, -1.6872073436886375]], [[-78.6348422804018, -1.684703302226281], [-78.63447465097799, -1.6848797748326758], [-78.63461277086871, -1.6846010969798888], [-78.6348422804018, -1.684703302226281]], [[-78.63728406844987, -1.6947004584735852], [-78.63863287993601, -1.6956267601791417], [-78.63749419357745, -1.6968264833149018], [-78.63728406844987, -1.6947004584735852]], [[-78.63793194097498, -1.6929094920804464], [-78.63759376332592, -1.693089950933665], [-78.63765888486077, -1.6928199528059609], [-78.63793194097498, -1.6929094920804464]], [[-78.63842793040813, -1.6939087780050242], [-78.63866505853447, -1.6942963982741461], [-78.63826956014925, -1.694201154517667], [-78.63842793040813, -1.6939087780050242]], [[-78.6397525113116, -1.6925294108833981], [-78.63964060823056, -1.6942100824454875], [-78.63885270924742, -1.6927964807155589], [-78.6397525113116, -1.6925294108833981]], [[-78.63960771268042, -1.6874866525415202], [-78.63909761423936, -1.6875707913260998], [-78.63940276546575, -1.687279386253314], [-78.63960771268042, -1.6874866525415202]], [[-78.64069836165405, -1.6941606640196107], [-78.6412912120275, -1.6956316602580501], [-78.640183703438, -1.6946700464207207], [-78.64069836165405, -1.6941606640196107]], [[-78.64117152181437, -1.6836839540478485], [-78.64118875825066, -1.6848753883115288], [-78.64056812823227, -1.6841298782819931], [-78.64117152181437, -1.6836839540478485]], [[-78.64184666921791, -1.6868863699596823], [-78.64148279935786, -1.6879390335238158], [-78.64096900701084, -1.6875281474125903], [-78.64184666921791, -1.6868863699596823]], [[-78.64205440568966, -1.6957455855904284], [-78.64214648895019, -1.6962633359976822], [-78.64181279438209, -1.6959484933713571], [-78.64205440568966, -1.6957455855904284]], [[-78.64499035474246, -1.6652981383132277], [-78.64564542451862, -1.6665406087260977], [-78.64451307128024, -1.665734529536229], [-78.64499035474246, -1.6652981383132277]], [[-78.64744225610178, -1.6673759144598388], [-78.64781711275398, -1.667456272020461], [-78.64759433051506, -1.6676027743292028], [-78.64744225610178, -1.6673759144598388]], [[-78.64915785394685, -1.667753836044656], [-78.6491624758701, -1.6682187835957973], [-78.64893359681169, -1.6679586968183686], [-78.64915785394685, -1.667753836044656]], [[-78.65092301186294, -1.6792652209549777], [-78.65137206318313, -1.681207533873517], [-78.65021677215994, -1.679778551937356], [-78.65092301186294, -1.6792652209549777]], [[-78.65227850599948, -1.6679660228694124], [-78.65247700172287, -1.6683103552936094], [-78.65218731569887, -1.6682330370685903], [-78.65227850599948, -1.6679660228694124]], [[-78.65280692344682, -1.6788488563542432], [-78.6526736220272, -1.679284505773042], [-78.65244920530218, -1.6789613998540216], [-78.65280692344682, -1.6788488563542432]], [[-78.65380908110964, -1.6627760394166875], [-78.65392975606251, -1.6635032129475793], [-78.65350587357571, -1.6632120911783328], [-78.65380908110964, -1.6627760394166875]], [[-78.65475139929879, -1.6713375449498937], [-78.65485128149155, -1.6709072923475186], [-78.65500961769814, -1.6711761205075402], [-78.65475139929879, -1.6713375449498937]], [[-78.65686236978209, -1.6758231658458629], [-78.65787052996373, -1.6775626259388532], [-78.65661351163118, -1.675854770466723], [-78.65686236978209, -1.6758231658458629]], [[-78.65700567480619, -1.6671125426340547], [-78.65714102912224, -1.667553405017495], [-78.6568576191645, -1.6673732007691895], [-78.65700567480619, -1.6671125426340547]], [[-78.65913386982571, -1.6771858998760991], [-78.65893921330277, -1.6793972594139328], [-78.65792975996, -1.678625337773073], [-78.65913386982571, -1.6771858998760991]], [[-78.65924089751894, -1.6634828865108435], [-78.65865480368218, -1.6636121470739136], [-78.65908076392303, -1.6632827209220933], [-78.65924089751894, -1.6634828865108435]], [[-78.65983958586675, -1.6685354301896032], [-78.65981129903311, -1.6690427499670548], [-78.6595304230051, -1.668807976685728], [-78.65983958586675, -1.6685354301896032]], [[-78.6606014929153, -1.6649863534480391], [-78.66009202641237, -1.6670199976037592], [-78.6595844413062, -1.6657329395640144], [-78.6606014929153, -1.6649863534480391]], [[-78.65999085603639, -1.6690558947009206], [-78.66027247590458, -1.6696124966642671], [-78.65984354369878, -1.669632661733736], [-78.65999085603639, -1.6690558947009206]], [[-78.66668235982962, -1.6661731429810234], [-78.66378376543234, -1.668353090563353], [-78.66275813538611, -1.6676406380448254], [-78.66668235982962, -1.6661731429810234]], [[-78.66323256071516, -1.665672261854589], [-78.66331719940376, -1.6662724962303466], [-78.66285309606636, -1.6659027203950578], [-78.66323256071516, -1.665672261854589]], [[-78.66373751100606, -1.6584479945270205], [-78.66308621815796, -1.6600518016811439], [-78.66349271478823, -1.658337912110045], [-78.66373751100606, -1.6584479945270205]], [[-78.6640822280453, -1.6641192395525022], [-78.66408515993552, -1.6646550441617718], [-78.66384776777754, -1.6642428472688051], [-78.6640822280453, -1.6641192395525022]], [[-78.66467088933658, -1.6596489548396562], [-78.66535182252983, -1.6595942545891431], [-78.66483881055974, -1.6599961372570244], [-78.66467088933658, -1.6596489548396562]], [[-78.6658499320151, -1.6627767479359932], [-78.6662344683934, -1.6630562094855204], [-78.665952029268, -1.6631251012690982], [-78.6658499320151, -1.6627767479359932]], [[-78.6705066511592, -1.6638471442061296], [-78.67053919971282, -1.664248813454162], [-78.67026873386875, -1.6640726992890933], [-78.6705066511592, -1.6638471442061296]]], [[[-78.68817756456093, -1.6844956665231765], [-78.68632451546607, -1.6773062087675514], [-78.6792154901321, -1.6752942225044958], [-78.6726748224031, -1.6907019463529733], [-78.68817756456093, -1.6844956665231765]], [[-78.67561645890048, -1.6850139053491409], [-78.67680493889455, -1.684899496472049], [-78.67616702548646, -1.6854833029974547], [-78.67561645890048, -1.6850139053491409]], [[-78.67767371204248, -1.6816142864733188], [-78.67811293945064, -1.6832720523190134], [-78.67748504953283, -1.685123114805608], [-78.67767371204248, -1.6816142864733188]], [[-78.67810399452159, -1.6793666447030426], [-78.67846786941297, -1.6811651582448253], [-78.67702486191607, -1.6806016582820724], [-78.67810399452159, -1.6793666447030426]], [[-78.67917661591034, -1.6808526760831972], [-78.6802295877812, -1.6821197787542088], [-78.67957415763533, -1.682701377207249], [-78.67917661591034, -1.6808526760831972]], [[-78.68031939135398, -1.6842339239178266], [-78.68058026091066, -1.6850280741224468], [-78.679813340328, -1.6846160465032491], [-78.68031939135398, -1.6842339239178266]], [[-78.68016676973507, -1.6786108649656761], [-78.6803304860371, -1.6782119618874456], [-78.68044226572748, -1.6784970290318812], [-78.68016676973507, -1.6786108649656761]], [[-78.68112213552239, -1.6815783036238792], [-78.68213722096431, -1.6825630199242847], [-78.6808738263916, -1.6821690769905302], [-78.68112213552239, -1.6815783036238792]], [[-78.6822181712279, -1.6835857753494823], [-78.68180292916377, -1.6848958185226082], [-78.68093753728745, -1.6838544040154846], [-78.6822181712279, -1.6835857753494823]], [[-78.6843746503081, -1.6813655953945448], [-78.68406665949392, -1.682683961435743], [-78.68292753110654, -1.682161229191206], [-78.6843746503081, -1.6813655953945448]], [[-78.68436829295901, -1.6835679021771872], [-78.68339117365863, -1.6846966101338845], [-78.6830443401067, -1.6840510213503934], [-78.68436829295901, -1.6835679021771872]], [[-78.68355671745599, -1.680477271416754], [-78.68356272483163, -1.6811681549297302], [-78.6832355088205, -1.6810442389017939], [-78.68355671745599, -1.680477271416754]], [[-78.68562395731249, -1.680253700648657], [-78.68518571008839, -1.6807418520927804], [-78.68512677924805, -1.6802974723173278], [-78.68562395731249, -1.680253700648657]], [[-78.68634195675362, -1.6840682503896964], [-78.6863335923242, -1.6848765730839523], [-78.68563030380633, -1.683919871596243], [-78.68634195675362, -1.6840682503896964]]]]}}]}