{
  "type": "FeatureCollection",
  "features": [
    {
      "type": "Feature",
      "properties": {
        "CELL_ID": "GIU100-12-64",
        "AMBITO": "URBANO",
        "CATEGORIA": "CONVIVENCIA",
        "PLATAFORMA": "PLATAFORMA P",
        "PARROQUIA": null,
        "DISTANCE_M": 200,
        "CELL_SIZE_M": 100,
        "COUNT": 4,
        "GI_ZSCORE": 2.3370163142842943,
        "GI_PVALUE": 0.019438335809464875,
        "GI_CLASS": "HOTSPOT 95%",
        "GI_STAR": 2.3370163142842943,
        "SIGNIFICANCIA": 95,
        "SUMA_LOCAL": 76,
        "NIVEL": 95,
        "COB_A_PCT": 78.10215253691335,
        "ESTADO_A": "PARCIALMENTE CUBIERTO",
        "COB_B_PCT": 78.10215253691335,
        "ESTADO_B": "PARCIALMENTE CUBIERTO",
        "COB_C_PCT": 78.10215253691335,
        "ESTADO_C": "PARCIALMENTE CUBIERTO",
        "COB_B_ANTERIOR_PCT": 78.10215253691335,
        "ESTADO_B_ANTERIOR": "PARCIALMENTE CUBIERTO",
        "COB_C_ANTERIOR_PCT": 78.10215253691335,
        "ESTADO_C_ANTERIOR": "PARCIALMENTE CUBIERTO"
      },
      "geometry": {
        "type": "MultiPolygon",
        "coordinates": [
          [
            [
              [
                -78.64063553900311,
                -1.6849759723977513
              ],
              [
                -78.64063662701359,
                -1.6840720209945998
              ],
              [
                -78.63973833409992,
                -1.6840709262172207
              ],
              [
                -78.63973724567616,
                -1.684974877032408
              ],
              [
                -78.64063553900311,
                -1.6849759723977513
              ]
            ]
          ]
        ]
      }
    },
    {
      "type": "Feature",
      "properties": {
        "CELL_ID": "GIU100-13-61",
        "AMBITO": "URBANO",
        "CATEGORIA": "CONVIVENCIA",
        "PLATAFORMA": "PLATAFORMA P",
        "PARROQUIA": null,
        "DISTANCE_M": 200,
        "CELL_SIZE_M": 100,
        "COUNT": 5,
        "GI_ZSCORE": 2.4306797820069295,
        "GI_PVALUE": 0.01507052727217208,
        "GI_CLASS": "HOTSPOT 95%",
        "GI_STAR": 2.4306797820069295,
        "SIGNIFICANCIA": 95,
        "SUMA_LOCAL": 78,
        "NIVEL": 95,
        "COB_A_PCT": 100.0,
        "ESTADO_A": "CUBIERTO",
        "COB_B_PCT": 100.0,
        "ESTADO_B": "CUBIERTO",
        "COB_C_PCT": 100.0,
        "ESTADO_C": "CUBIERTO",
        "COB_B_ANTERIOR_PCT": 100.0,
        "ESTADO_B_ANTERIOR": "CUBIERTO",
        "COB_C_ANTERIOR_PCT": 100.0,
        "ESTADO_C_ANTERIOR": "CUBIERTO"
      },
      "geometry": {
        "type": "MultiPolygon",
        "coordinates": [
          [
            [
              [
                -78.64333150926177,
                -1.684075302831935
              ],
              [
                -78.6433325954483,
                -1.6831713496571175
              ],
              [
                -78.64243430119434,
                -1.6831702567144342
              ],
              [
                -78.64243321459473,
                -1.684074209301958
              ],
              [
                -78.64333150926177,
                -1.684075302831935
              ]
            ]
          ]
        ]
      }
    },
    {
      "type": "Feature",
      "properties": {
        "CELL_ID": "GIU100-13-62",
        "AMBITO": "URBANO",
        "CATEGORIA": "CONVIVENCIA",
        "PLATAFORMA": "PLATAFORMA P",
        "PARROQUIA": null,
        "DISTANCE_M": 200,
        "CELL_SIZE_M": 100,
        "COUNT": 6,
        "GI_ZSCORE": 2.009194177255071,
        "GI_PVALUE": 0.044516544991471604,
        "GI_CLASS": "HOTSPOT 95%",
        "GI_STAR": 2.009194177255071,
        "SIGNIFICANCIA": 95,
        "SUMA_LOCAL": 69,
        "NIVEL": 95,
        "COB_A_PCT": 100.0,
        "ESTADO_A": "CUBIERTO",
        "COB_B_PCT": 100.0,
        "ESTADO_B": "CUBIERTO",
        "COB_C_PCT": 100.0,
        "ESTADO_C": "CUBIERTO",
        "COB_B_ANTERIOR_PCT": 100.0,
        "ESTADO_B_ANTERIOR": "CUBIERTO",
        "COB_C_ANTERIOR_PCT": 100.0,
        "ESTADO_C_ANTERIOR": "CUBIERTO"
      },
      "geometry": {
        "type": "MultiPolygon",
        "coordinates": [
          [
            [
              [
                -78.64243321459473,
                -1.684074209301958
              ],
              [
                -78.64243430119434,
                -1.6831702567144342
              ],
              [
                -78.64153600752462,
                -1.6831691633561718
              ],
              [
                -78.64153492051193,
                -1.6840731153561792
              ],
              [
                -78.64243321459473,
                -1.684074209301958
              ]
            ]
          ]
        ]
      }
    },
    {
      "type": "Feature",
      "properties": {
        "CELL_ID": "GIU100-13-63",
        "AMBITO": "URBANO",
        "CATEGORIA": "CONVIVENCIA",
        "PLATAFORMA": "PLATAFORMA P",
        "PARROQUIA": null,
        "DISTANCE_M": 200,
        "CELL_SIZE_M": 100,
        "COUNT": 27,
        "GI_ZSCORE": 2.290184580422977,
        "GI_PVALUE": 0.02201061890811962,
        "GI_CLASS": "HOTSPOT 95%",
        "GI_STAR": 2.290184580422977,
        "SIGNIFICANCIA": 95,
        "SUMA_LOCAL": 75,
        "NIVEL": 95,
        "COB_A_PCT": 100.0,
        "ESTADO_A": "CUBIERTO",
        "COB_B_PCT": 100.0,
        "ESTADO_B": "CUBIERTO",
        "COB_C_PCT": 100.0,
        "ESTADO_C": "CUBIERTO",
        "COB_B_ANTERIOR_PCT": 100.0,
        "ESTADO_B_ANTERIOR": "CUBIERTO",
        "COB_C_ANTERIOR_PCT": 100.0,
        "ESTADO_C_ANTERIOR": "CUBIERTO"
      },
      "geometry": {
        "type": "MultiPolygon",
        "coordinates": [
          [
            [
              [
                -78.64153492051193,
                -1.6840731153561792
              ],
              [
                -78.64153600752462,
                -1.6831691633561718
              ],
              [
                -78.64063771443936,
                -1.6831680695823323
              ],
              [
                -78.64063662701359,
                -1.6840720209945998
              ],
              [
                -78.64153492051193,
                -1.6840731153561792
              ]
            ]
          ]
        ]
      }
    },
    {
      "type": "Feature",
      "properties": {
        "CELL_ID": "GIU100-13-64",
        "AMBITO": "URBANO",
        "CATEGORIA": "CONVIVENCIA",
        "PLATAFORMA": "PLATAFORMA P",
        "PARROQUIA": null,
        "DISTANCE_M": 200,
        "CELL_SIZE_M": 100,
        "COUNT": 1,
        "GI_ZSCORE": 3.1799875237880113,
        "GI_PVALUE": 0.0014728139322186193,
        "GI_CLASS": "HOTSPOT 99%",
        "GI_STAR": 3.1799875237880113,
        "SIGNIFICANCIA": 99,
        "SUMA_LOCAL": 94,
        "NIVEL": 99,
        "COB_A_PCT": 100.0,
        "ESTADO_A": "CUBIERTO",
        "COB_B_PCT": 100.0,
        "ESTADO_B": "CUBIERTO",
        "COB_C_PCT": 100.0,
        "ESTADO_C": "CUBIERTO",
        "COB_B_ANTERIOR_PCT": 100.0,
        "ESTADO_B_ANTERIOR": "CUBIERTO",
        "COB_C_ANTERIOR_PCT": 100.0,
        "ESTADO_C_ANTERIOR": "CUBIERTO"
      },
      "geometry": {
        "type": "MultiPolygon",
        "coordinates": [
          [
            [
              [
                -78.64063662701359,
                -1.6840720209945998
              ],
              [
                -78.64063771443936,
                -1.6831680695823323
              ],
              [
                -78.63973942193878,
                -1.6831669753929164
              ],
              [
                -78.63973833409992,
                -1.6840709262172207
              ],
              [
                -78.64063662701359,
                -1.6840720209945998
              ]
            ]
          ]
        ]
      }
    },
    {
      "type": "Feature",
      "properties": {
        "CELL_ID": "GIU100-13-65",
        "AMBITO": "URBANO",
        "CATEGORIA": "CONVIVENCIA",
        "PLATAFORMA": "PLATAFORMA P",
        "PARROQUIA": null,
        "DISTANCE_M": 200,
        "CELL_SIZE_M": 100,
        "COUNT": 1,
        "GI_ZSCORE": 5.14692034596335,
        "GI_PVALUE": 2.6479769866858783e-07,
        "GI_CLASS": "HOTSPOT 99%",
        "GI_STAR": 5.14692034596335,
        "SIGNIFICANCIA": 99,
        "SUMA_LOCAL": 136,
        "NIVEL": 99,
        "COB_A_PCT": 68.76777521495627,
        "ESTADO_A": "PARCIALMENTE CUBIERTO",
        "COB_B_PCT": 68.76777521495627,
        "ESTADO_B": "PARCIALMENTE CUBIERTO",
        "COB_C_PCT": 100.0,
        "ESTADO_C": "CUBIERTO",
        "COB_B_ANTERIOR_PCT": 68.76777521495627,
        "ESTADO_B_ANTERIOR": "PARCIALMENTE CUBIERTO",
        "COB_C_ANTERIOR_PCT": 100.0,
        "ESTADO_C_ANTERIOR": "CUBIERTO"
      },
      "geometry": {
        "type": "MultiPolygon",
        "coordinates": [
          [
            [
              [
                -78.63973833409992,
                -1.6840709262172207
              ],
              [
                -78.63973942193878,
                -1.6831669753929164
              ],
              [
                -78.63884113002311,
                -1.683165880787926
              ],
              [
                -78.63884004177116,
                -1.6840698310240438
              ],
              [
                -78.63973833409992,
                -1.6840709262172207
              ]
            ]
          ]
        ]
      }
    },
    {
      "type": "Feature",
      "properties": {
        "CELL_ID": "GIU100-13-66",
        "AMBITO": "URBANO",
        "CATEGORIA": "CONVIVENCIA",
        "PLATAFORMA": "PLATAFORMA P",
        "PARROQUIA": null,
        "DISTANCE_M": 200,
        "CELL_SIZE_M": 100,
        "COUNT": 3,
        "GI_ZSCORE": 2.0560259111163885,
        "GI_PVALUE": 0.03978001871232449,
        "GI_CLASS": "HOTSPOT 95%",
        "GI_STAR": 2.0560259111163885,
        "SIGNIFICANCIA": 95,
        "SUMA_LOCAL": 70,
        "NIVEL": 95,
        "COB_A_PCT": 99.43459436086349,
        "ESTADO_A": "PARCIALMENTE CUBIERTO",
        "COB_B_PCT": 99.43459436086349,
        "ESTADO_B": "PARCIALMENTE CUBIERTO",
        "COB_C_PCT": 100.0,
        "ESTADO_C": "CUBIERTO",
        "COB_B_ANTERIOR_PCT": 99.43459436086349,
        "ESTADO_B_ANTERIOR": "PARCIALMENTE CUBIERTO",
        "COB_C_ANTERIOR_PCT": 100.0,
        "ESTADO_C_ANTERIOR": "CUBIERTO"
      },
      "geometry": {
        "type": "MultiPolygon",
        "coordinates": [
          [
            [
              [
                -78.63884004177116,
                -1.6840698310240438
              ],
              [
                -78.63884113002311,
                -1.683165880787926
              ],
              [
                -78.63794283869258,
                -1.6831647857673624
              ],
              [
                -78.63794175002754,
                -1.68406873541507
              ],
              [
                -78.63884004177116,
                -1.6840698310240438
              ]
            ]
          ]
        ]
      }
    },
    {
      "type": "Feature",
      "properties": {
        "CELL_ID": "GIU100-13-68",
        "AMBITO": "URBANO",
        "CATEGORIA": "CONVIVENCIA",
        "PLATAFORMA": "PLATAFORMA P",
        "PARROQUIA": null,
        "DISTANCE_M": 200,
        "CELL_SIZE_M": 100,
        "COUNT": 4,
        "GI_ZSCORE": 1.6813720402258479,
        "GI_PVALUE": 0.09269067286521332,
        "GI_CLASS": "HOTSPOT 90%",
        "GI_STAR": 1.6813720402258479,
        "SIGNIFICANCIA": 90,
        "SUMA_LOCAL": 62,
        "NIVEL": 90,
        "COB_A_PCT": 95.80568175949958,
        "ESTADO_A": "PARCIALMENTE CUBIERTO",
        "COB_B_PCT": 95.80568175949958,
        "ESTADO_B": "PARCIALMENTE CUBIERTO",
        "COB_C_PCT": 100.0,
        "ESTADO_C": "CUBIERTO",
        "COB_B_ANTERIOR_PCT": 95.80568175949958,
        "ESTADO_B_ANTERIOR": "PARCIALMENTE CUBIERTO",
        "COB_C_ANTERIOR_PCT": 95.80568175949958,
        "ESTADO_C_ANTERIOR": "PARCIALMENTE CUBIERTO"
      },
      "geometry": {
        "type": "MultiPolygon",
        "coordinates": [
          [
            [
              [
                -78.63704345886927,
                -1.684067639390301
              ],
              [
                -78.63704454794737,
                -1.6831636903312264
              ],
              [
                -78.63614625778774,
                -1.6831625944795199
              ],
              [
                -78.63614516829657,
                -1.684066542949738
              ],
              [
                -78.63704345886927,
                -1.684067639390301
              ]
            ]
          ]
        ]
      }
    },
    {
      "type": "Feature",
      "properties": {
        "CELL_ID": "GIU100-14-62",
        "AMBITO": "URBANO",
        "CATEGORIA": "CONVIVENCIA",
        "PLATAFORMA": "PLATAFORMA P",
        "PARROQUIA": null,
        "DISTANCE_M": 200,
        "CELL_SIZE_M": 100,
        "COUNT": 1,
        "GI_ZSCORE": 3.320482725371964,
        "GI_PVALUE": 0.0008986192016483554,
        "GI_CLASS": "HOTSPOT 99%",
        "GI_STAR": 3.320482725371964,
        "SIGNIFICANCIA": 99,
        "SUMA_LOCAL": 97,
        "NIVEL": 99,
        "COB_A_PCT": 100.0,
        "ESTADO_A": "CUBIERTO",
        "COB_B_PCT": 100.0,
        "ESTADO_B": "CUBIERTO",
        "COB_C_PCT": 100.0,
        "ESTADO_C": "CUBIERTO",
        "COB_B_ANTERIOR_PCT": 100.0,
        "ESTADO_B_ANTERIOR": "CUBIERTO",
        "COB_C_ANTERIOR_PCT": 100.0,
        "ESTADO_C_ANTERIOR": "CUBIERTO"
      },
      "geometry": {
        "type": "MultiPolygon",
        "coordinates": [
          [
            [
              [
                -78.64243430119434,
                -1.6831702567144342
              ],
              [
                -78.64243538720972,
                -1.6822663041177999
              ],
              [
                -78.64153709395286,
                -1.6822652113470542
              ],
              [
                -78.64153600752462,
                -1.6831691633561718
              ],
              [
                -78.64243430119434,
                -1.6831702567144342
              ]
            ]
          ]
        ]
      }
    },
    {
      "type": "Feature",
      "properties": {
        "CELL_ID": "GIU100-14-63",
        "AMBITO": "URBANO",
        "CATEGORIA": "CONVIVENCIA",
        "PLATAFORMA": "PLATAFORMA P",
        "PARROQUIA": null,
        "DISTANCE_M": 200,
        "CELL_SIZE_M": 100,
        "COUNT": 2,
        "GI_ZSCORE": 3.1331557899266937,
        "GI_PVALUE": 0.0017293762505099107,
        "GI_CLASS": "HOTSPOT 99%",
        "GI_STAR": 3.1331557899266937,
        "SIGNIFICANCIA": 99,
        "SUMA_LOCAL": 93,
        "NIVEL": 99,
        "COB_A_PCT": 100.0,
        "ESTADO_A": "CUBIERTO",
        "COB_B_PCT": 100.0,
        "ESTADO_B": "CUBIERTO",
        "COB_C_PCT": 100.0,
        "ESTADO_C": "CUBIERTO",
        "COB_B_ANTERIOR_PCT": 100.0,
        "ESTADO_B_ANTERIOR": "CUBIERTO",
        "COB_C_ANTERIOR_PCT": 100.0,
        "ESTADO_C_ANTERIOR": "CUBIERTO"
      },
      "geometry": {
        "type": "MultiPolygon",
        "coordinates": [
          [
            [
              [
                -78.64153600752462,
                -1.6831691633561718
              ],
              [
                -78.64153709395286,
                -1.6822652113470542
              ],
              [
                -78.64063880128046,
                -1.682264118160954
              ],
              [
                -78.64063771443936,
                -1.6831680695823323
              ],
              [
                -78.64153600752462,
                -1.6831691633561718
              ]
            ]
          ]
        ]
      }
    },
    {
      "type": "Feature",
      "properties": {
        "CELL_ID": "GIU100-14-64",
        "AMBITO": "URBANO",
        "CATEGORIA": "CONVIVENCIA",
        "PLATAFORMA": "PLATAFORMA P",
        "PARROQUIA": null,
        "DISTANCE_M": 200,
        "CELL_SIZE_M": 100,
        "COUNT": 14,
        "GI_ZSCORE": 4.538107805766222,
        "GI_PVALUE": 5.676124252115583e-06,
        "GI_CLASS": "HOTSPOT 99%",
        "GI_STAR": 4.538107805766222,
        "SIGNIFICANCIA": 99,
        "SUMA_LOCAL": 123,
        "NIVEL": 99,
        "COB_A_PCT": 100.0,
        "ESTADO_A": "CUBIERTO",
        "COB_B_PCT": 100.0,
        "ESTADO_B": "CUBIERTO",
        "COB_C_PCT": 100.0,
        "ESTADO_C": "CUBIERTO",
        "COB_B_ANTERIOR_PCT": 100.0,
        "ESTADO_B_ANTERIOR": "CUBIERTO",
        "COB_C_ANTERIOR_PCT": 100.0,
        "ESTADO_C_ANTERIOR": "CUBIERTO"
      },
      "geometry": {
        "type": "MultiPolygon",
        "coordinates": [
          [
            [
              [
                -78.64063771443936,
                -1.6831680695823323
              ],
              [
                -78.64063880128046,
                -1.682264118160954
              ],
              [
                -78.63974050919276,
                -1.6822630245595012
              ],
              [
                -78.63973942193878,
                -1.6831669753929164
              ],
              [
                -78.64063771443936,
                -1.6831680695823323
              ]
            ]
          ]
        ]
      }
    },
    {
      "type": "Feature",
      "properties": {
        "CELL_ID": "GIU100-14-65",
        "AMBITO": "URBANO",
        "CATEGORIA": "CONVIVENCIA",
        "PLATAFORMA": "PLATAFORMA P",
        "PARROQUIA": null,
        "DISTANCE_M": 200,
        "CELL_SIZE_M": 100,
        "COUNT": 26,
        "GI_ZSCORE": 4.584939539627539,
        "GI_PVALUE": 4.541178230707454e-06,
        "GI_CLASS": "HOTSPOT 99%",
        "GI_STAR": 4.584939539627539,
        "SIGNIFICANCIA": 99,
        "SUMA_LOCAL": 124,
        "NIVEL": 99,
        "COB_A_PCT": 91.83040067923584,
        "ESTADO_A": "PARCIALMENTE CUBIERTO",
        "COB_B_PCT": 91.83040067923584,
        "ESTADO_B": "PARCIALMENTE CUBIERTO",
        "COB_C_PCT": 100.0,
        "ESTADO_C": "CUBIERTO",
        "COB_B_ANTERIOR_PCT": 91.83040067923584,
        "ESTADO_B_ANTERIOR": "PARCIALMENTE CUBIERTO",
        "COB_C_ANTERIOR_PCT": 100.0,
        "ESTADO_C_ANTERIOR": "CUBIERTO"
      },
      "geometry": {
        "type": "MultiPolygon",
        "coordinates": [
          [
            [
              [
                -78.63973942193878,
                -1.6831669753929164
              ],
              [
                -78.63974050919276,
                -1.6822630245595012
              ],
              [
                -78.63884221768993,
                -1.6822619305426962
              ],
              [
                -78.63884113002311,
                -1.683165880787926
              ],
              [
                -78.63973942193878,
                -1.6831669753929164
              ]
            ]
          ]
        ]
      }
    },
    {
      "type": "Feature",
      "properties": {
        "CELL_ID": "GIU100-14-66",
        "AMBITO": "URBANO",
        "CATEGORIA": "CONVIVENCIA",
        "PLATAFORMA": "PLATAFORMA P",
        "PARROQUIA": null,
        "DISTANCE_M": 200,
        "CELL_SIZE_M": 100,
        "COUNT": 5,
        "GI_ZSCORE": 4.444444338043587,
        "GI_PVALUE": 8.811931765887117e-06,
        "GI_CLASS": "HOTSPOT 99%",
        "GI_STAR": 4.444444338043587,
        "SIGNIFICANCIA": 99,
        "SUMA_LOCAL": 121,
        "NIVEL": 99,
        "COB_A_PCT": 100.0,
        "ESTADO_A": "CUBIERTO",
        "COB_B_PCT": 100.0,
        "ESTADO_B": "CUBIERTO",
        "COB_C_PCT": 100.0,
        "ESTADO_C": "CUBIERTO",
        "COB_B_ANTERIOR_PCT": 100.0,
        "ESTADO_B_ANTERIOR": "CUBIERTO",
        "COB_C_ANTERIOR_PCT": 100.0,
        "ESTADO_C_ANTERIOR": "CUBIERTO"
      },
      "geometry": {
        "type": "MultiPolygon",
        "coordinates": [
          [
            [
              [
                -78.63884113002311,
                -1.683165880787926
              ],
              [
                -78.63884221768993,
                -1.6822619305426962
              ],
              [
                -78.63794392677225,
                -1.682260836110542
              ],
              [
                -78.63794283869258,
                -1.6831647857673624
              ],
              [
                -78.63884113002311,
                -1.683165880787926
              ]
            ]
          ]
        ]
      }
    },
    {
      "type": "Feature",
      "properties": {
        "CELL_ID": "GIU100-14-67",
        "AMBITO": "URBANO",
        "CATEGORIA": "CONVIVENCIA",
        "PLATAFORMA": "PLATAFORMA Q",
        "PARROQUIA": null,
        "DISTANCE_M": 200,
        "CELL_SIZE_M": 100,
        "COUNT": 16,
        "GI_ZSCORE": 2.5243432497295646,
        "GI_PVALUE": 0.011591468620709831,
        "GI_CLASS": "HOTSPOT 95%",
        "GI_STAR": 2.5243432497295646,
        "SIGNIFICANCIA": 95,
        "SUMA_LOCAL": 80,
        "NIVEL": 95,
        "COB_A_PCT": 100.0,
        "ESTADO_A": "CUBIERTO",
        "COB_B_PCT": 100.0,
        "ESTADO_B": "CUBIERTO",
        "COB_C_PCT": 100.0,
        "ESTADO_C": "CUBIERTO",
        "COB_B_ANTERIOR_PCT": 100.0,
        "ESTADO_B_ANTERIOR": "CUBIERTO",
        "COB_C_ANTERIOR_PCT": 100.0,
        "ESTADO_C_ANTERIOR": "CUBIERTO"
      },
      "geometry": {
        "type": "MultiPolygon",
        "coordinates": [
          [
            [
              [
                -78.63794283869258,
                -1.6831647857673624
              ],
              [
                -78.63794392677225,
                -1.682260836110542
              ],
              [
                -78.63704563643991,
                -1.6822597412630385
              ],
              [
                -78.63704454794737,
                -1.6831636903312264
              ],
              [
                -78.63794283869258,
                -1.6831647857673624
              ]
            ]
          ]
        ]
      }
    },
    {
      "type": "Feature",
      "properties": {
        "CELL_ID": "GIU100-14-68",
        "AMBITO": "URBANO",
        "CATEGORIA": "CONVIVENCIA",
        "PLATAFORMA": "PLATAFORMA Q",
        "PARROQUIA": null,
        "DISTANCE_M": 200,
        "CELL_SIZE_M": 100,
        "COUNT": 2,
        "GI_ZSCORE": 1.8686989756711183,
        "GI_PVALUE": 0.06166470661734565,
        "GI_CLASS": "HOTSPOT 90%",
        "GI_STAR": 1.8686989756711183,
        "SIGNIFICANCIA": 90,
        "SUMA_LOCAL": 66,
        "NIVEL": 90,
        "COB_A_PCT": 100.0,
        "ESTADO_A": "CUBIERTO",
        "COB_B_PCT": 100.0,
        "ESTADO_B": "CUBIERTO",
        "COB_C_PCT": 100.0,
        "ESTADO_C": "CUBIERTO",
        "COB_B_ANTERIOR_PCT": 100.0,
        "ESTADO_B_ANTERIOR": "CUBIERTO",
        "COB_C_ANTERIOR_PCT": 100.0,
        "ESTADO_C_ANTERIOR": "CUBIERTO"
      },
      "geometry": {
        "type": "MultiPolygon",
        "coordinates": [
          [
            [
              [
                -78.63704454794737,
                -1.6831636903312264
              ],
              [
                -78.63704563643991,
                -1.6822597412630385
              ],
              [
                -78.63614734669316,
                -1.682258646000188
              ],
              [
                -78.63614625778774,
                -1.6831625944795199
              ],
              [
                -78.63704454794737,
                -1.6831636903312264
              ]
            ]
          ]
        ]
      }
    },
    {
      "type": "Feature",
      "properties": {
        "CELL_ID": "GIU100-14-69",
        "AMBITO": "URBANO",
        "CATEGORIA": "CONVIVENCIA",
        "PLATAFORMA": "PLATAFORMA Q",
        "PARROQUIA": null,
        "DISTANCE_M": 200,
        "CELL_SIZE_M": 100,
        "COUNT": 5,
        "GI_ZSCORE": 2.290184580422977,
        "GI_PVALUE": 0.02201061890811962,
        "GI_CLASS": "HOTSPOT 95%",
        "GI_STAR": 2.290184580422977,
        "SIGNIFICANCIA": 95,
        "SUMA_LOCAL": 75,
        "NIVEL": 95,
        "COB_A_PCT": 38.86390834505083,
        "ESTADO_A": "PARCIALMENTE CUBIERTO",
        "COB_B_PCT": 38.86390834505083,
        "ESTADO_B": "PARCIALMENTE CUBIERTO",
        "COB_C_PCT": 100.0,
        "ESTADO_C": "CUBIERTO",
        "COB_B_ANTERIOR_PCT": 38.86390834505083,
        "ESTADO_B_ANTERIOR": "PARCIALMENTE CUBIERTO",
        "COB_C_ANTERIOR_PCT": 100.0,
        "ESTADO_C_ANTERIOR": "CUBIERTO"
      },
      "geometry": {
        "type": "MultiPolygon",
        "coordinates": [
          [
            [
              [
                -78.63614625778774,
                -1.6831625944795199
              ],
              [
                -78.63614734669316,
                -1.682258646000188
              ],
              [
                -78.63524905753216,
                -1.6822575503219912
              ],
              [
                -78.63524796821392,
                -1.683161498212244
              ],
              [
                -78.63614625778774,
                -1.6831625944795199
              ]
            ]
          ]
        ]
      }
    },
    {
      "type": "Feature",
      "properties": {
        "CELL_ID": "GIU100-14-70",
        "AMBITO": "URBANO",
        "CATEGORIA": "CONVIVENCIA",
        "PLATAFORMA": "PLATAFORMA Q",
        "PARROQUIA": null,
        "DISTANCE_M": 200,
        "CELL_SIZE_M": 100,
        "COUNT": 15,
        "GI_ZSCORE": 1.775035507948483,
        "GI_PVALUE": 0.07589202442313431,
        "GI_CLASS": "HOTSPOT 90%",
        "GI_STAR": 1.775035507948483,
        "SIGNIFICANCIA": 90,
        "SUMA_LOCAL": 64,
        "NIVEL": 90,
        "COB_A_PCT": 0.0,
        "ESTADO_A": "SIN COBERTURA",
        "COB_B_PCT": 0.0,
        "ESTADO_B": "SIN COBERTURA",
        "COB_C_PCT": 100.0,
        "ESTADO_C": "CUBIERTO",
        "COB_B_ANTERIOR_PCT": 0.0,
        "ESTADO_B_ANTERIOR": "SIN COBERTURA",
        "COB_C_ANTERIOR_PCT": 100.0,
        "ESTADO_C_ANTERIOR": "CUBIERTO"
      },
      "geometry": {
        "type": "MultiPolygon",
        "coordinates": [
          [
            [
              [
                -78.63524796821392,
                -1.683161498212244
              ],
              [
                -78.63524905753216,
                -1.6822575503219912
              ],
              [
                -78.6343507689572,
                -1.68225645422845
              ],
              [
                -78.63434967922609,
                -1.6831604015294
              ],
              [
                -78.63524796821392,
                -1.683161498212244
              ]
            ]
          ]
        ]
      }
    },
    {
      "type": "Feature",
      "properties": {
        "CELL_ID": "GIU100-15-63",
        "AMBITO": "URBANO",
        "CATEGORIA": "CONVIVENCIA",
        "PLATAFORMA": "PLATAFORMA P",
        "PARROQUIA": null,
        "DISTANCE_M": 200,
        "CELL_SIZE_M": 100,
        "COUNT": 3,
        "GI_ZSCORE": 4.491276071904904,
        "GI_PVALUE": 7.079771094885458e-06,
        "GI_CLASS": "HOTSPOT 99%",
        "GI_STAR": 4.491276071904904,
        "SIGNIFICANCIA": 99,
        "SUMA_LOCAL": 122,
        "NIVEL": 99,
        "COB_A_PCT": 87.5127042946074,
        "ESTADO_A": "PARCIALMENTE CUBIERTO",
        "COB_B_PCT": 87.5127042946074,
        "ESTADO_B": "PARCIALMENTE CUBIERTO",
        "COB_C_PCT": 93.55575152187069,
        "ESTADO_C": "PARCIALMENTE CUBIERTO",
        "COB_B_ANTERIOR_PCT": 87.5127042946074,
        "ESTADO_B_ANTERIOR": "PARCIALMENTE CUBIERTO",
        "COB_C_ANTERIOR_PCT": 93.55575152187069,
        "ESTADO_C_ANTERIOR": "PARCIALMENTE CUBIERTO"
      },
      "geometry": {
        "type": "MultiPolygon",
        "coordinates": [
          [
            [
              [
                -78.64153709395286,
                -1.6822652113470542
              ],
              [
                -78.64153817979664,
                -1.6813612593288305
              ],
              [
                -78.64063988753688,
                -1.6813601667304692
              ],
              [
                -78.64063880128046,
                -1.682264118160954
              ],
              [
                -78.64153709395286,
                -1.6822652113470542
              ]
            ]
          ]
        ]
      }
    },
    {
      "type": "Feature",
      "properties": {
        "CELL_ID": "GIU100-15-64",
        "AMBITO": "URBANO",
        "CATEGORIA": "CONVIVENCIA",
        "PLATAFORMA": "PLATAFORMA P",
        "PARROQUIA": null,
        "DISTANCE_M": 200,
        "CELL_SIZE_M": 100,
        "COUNT": 1,
        "GI_ZSCORE": 3.78880006398514,
        "GI_PVALUE": 0.00015137667721659297,
        "GI_CLASS": "HOTSPOT 99%",
        "GI_STAR": 3.78880006398514,
        "SIGNIFICANCIA": 99,
        "SUMA_LOCAL": 107,
        "NIVEL": 99,
        "COB_A_PCT": 57.57348764597169,
        "ESTADO_A": "PARCIALMENTE CUBIERTO",
        "COB_B_PCT": 57.57348764597169,
        "ESTADO_B": "PARCIALMENTE CUBIERTO",
        "COB_C_PCT": 100.0,
        "ESTADO_C": "CUBIERTO",
        "COB_B_ANTERIOR_PCT": 57.57348764597169,
        "ESTADO_B_ANTERIOR": "PARCIALMENTE CUBIERTO",
        "COB_C_ANTERIOR_PCT": 100.0,
        "ESTADO_C_ANTERIOR": "CUBIERTO"
      },
      "geometry": {
        "type": "MultiPolygon",
        "coordinates": [
          [
            [
              [
                -78.64063880128046,
                -1.682264118160954
              ],
              [
                -78.64063988753688,
                -1.6813601667304692
              ],
              [
                -78.6397415958618,
                -1.6813590737169788
              ],
              [
                -78.63974050919276,
                -1.6822630245595012
              ],
              [
                -78.64063880128046,
                -1.682264118160954
              ]
            ]
          ]
        ]
      }
    },
    {
      "type": "Feature",
      "properties": {
        "CELL_ID": "GIU100-15-65",
        "AMBITO": "URBANO",
        "CATEGORIA": "CONVIVENCIA",
        "PLATAFORMA": "PLATAFORMA P",
        "PARROQUIA": null,
        "DISTANCE_M": 200,
        "CELL_SIZE_M": 100,
        "COUNT": 38,
        "GI_ZSCORE": 3.8356317978464576,
        "GI_PVALUE": 0.0001252419213377612,
        "GI_CLASS": "HOTSPOT 99%",
        "GI_STAR": 3.8356317978464576,
        "SIGNIFICANCIA": 99,
        "SUMA_LOCAL": 108,
        "NIVEL": 99,
        "COB_A_PCT": 31.68217808073488,
        "ESTADO_A": "PARCIALMENTE CUBIERTO",
        "COB_B_PCT": 31.68217808073488,
        "ESTADO_B": "PARCIALMENTE CUBIERTO",
        "COB_C_PCT": 100.0,
        "ESTADO_C": "CUBIERTO",
        "COB_B_ANTERIOR_PCT": 31.68217808073488,
        "ESTADO_B_ANTERIOR": "PARCIALMENTE CUBIERTO",
        "COB_C_ANTERIOR_PCT": 100.0,
        "ESTADO_C_ANTERIOR": "CUBIERTO"
      },
      "geometry": {
        "type": "MultiPolygon",
        "coordinates": [
          [
            [
              [
                -78.63974050919276,
                -1.6822630245595012
              ],
              [
                -78.6397415958618,
                -1.6813590737169788
              ],
              [
                -78.63884330477163,
                -1.6813579802883596
              ],
              [
                -78.63884221768993,
                -1.6822619305426962
              ],
              [
                -78.63974050919276,
                -1.6822630245595012
              ]
            ]
          ]
        ]
      }
    },
    {
      "type": "Feature",
      "properties": {
        "CELL_ID": "GIU100-15-66",
        "AMBITO": "URBANO",
        "CATEGORIA": "CONVIVENCIA",
        "PLATAFORMA": "PLATAFORMA Q",
        "PARROQUIA": null,
        "DISTANCE_M": 200,
        "CELL_SIZE_M": 100,
        "COUNT": 10,
        "GI_ZSCORE": 4.444444338043587,
        "GI_PVALUE": 8.811931765887117e-06,
        "GI_CLASS": "HOTSPOT 99%",
        "GI_STAR": 4.444444338043587,
        "SIGNIFICANCIA": 99,
        "SUMA_LOCAL": 121,
        "NIVEL": 99,
        "COB_A_PCT": 99.81432819709978,
        "ESTADO_A": "PARCIALMENTE CUBIERTO",
        "COB_B_PCT": 99.81432819709978,
        "ESTADO_B": "PARCIALMENTE CUBIERTO",
        "COB_C_PCT": 100.0,
        "ESTADO_C": "CUBIERTO",
        "COB_B_ANTERIOR_PCT": 99.81432819709978,
        "ESTADO_B_ANTERIOR": "PARCIALMENTE CUBIERTO",
        "COB_C_ANTERIOR_PCT": 100.0,
        "ESTADO_C_ANTERIOR": "CUBIERTO"
      },
      "geometry": {
        "type": "MultiPolygon",
        "coordinates": [
          [
            [
              [
                -78.63884221768993,
                -1.6822619305426962
              ],
              [
                -78.63884330477163,
                -1.6813579802883596
              ],
              [
                -78.63794501426658,
                -1.681356886444614
              ],
              [
                -78.63794392677225,
                -1.682260836110542
              ],
              [
                -78.63884221768993,
                -1.6822619305426962
              ]
            ]
          ]
        ]
      }
    },
    {
      "type": "Feature",
      "properties": {
        "CELL_ID": "GIU100-15-67",
        "AMBITO": "URBANO",
        "CATEGORIA": "CONVIVENCIA",
        "PLATAFORMA": "PLATAFORMA Q",
        "PARROQUIA": null,
        "DISTANCE_M": 200,
        "CELL_SIZE_M": 100,
        "COUNT": 4,
        "GI_ZSCORE": 3.039492322204058,
        "GI_PVALUE": 0.002369772428476245,
        "GI_CLASS": "HOTSPOT 99%",
        "GI_STAR": 3.039492322204058,
        "SIGNIFICANCIA": 99,
        "SUMA_LOCAL": 91,
        "NIVEL": 99,
        "COB_A_PCT": 100.0,
        "ESTADO_A": "CUBIERTO",
        "COB_B_PCT": 100.0,
        "ESTADO_B": "CUBIERTO",
        "COB_C_PCT": 100.0,
        "ESTADO_C": "CUBIERTO",
        "COB_B_ANTERIOR_PCT": 100.0,
        "ESTADO_B_ANTERIOR": "CUBIERTO",
        "COB_C_ANTERIOR_PCT": 100.0,
        "ESTADO_C_ANTERIOR": "CUBIERTO"
      },
      "geometry": {
        "type": "MultiPolygon",
        "coordinates": [
          [
            [
              [
                -78.63794392677225,
                -1.682260836110542
              ],
              [
                -78.63794501426658,
                -1.681356886444614
              ],
              [
                -78.63704672434689,
                -1.6813557921857432
              ],
              [
                -78.63704563643991,
                -1.6822597412630385
              ],
              [
                -78.63794392677225,
                -1.682260836110542
              ]
            ]
          ]
        ]
      }
    },
    {
      "type": "Feature",
      "properties": {
        "CELL_ID": "GIU100-16-62",
        "AMBITO": "URBANO",
        "CATEGORIA": "CONVIVENCIA",
        "PLATAFORMA": "PLATAFORMA P",
        "PARROQUIA": null,
        "DISTANCE_M": 200,
        "CELL_SIZE_M": 100,
        "COUNT": 6,
        "GI_ZSCORE": 2.945828854481423,
        "GI_PVALUE": 0.003220905610727719,
        "GI_CLASS": "HOTSPOT 99%",
        "GI_STAR": 2.945828854481423,
        "SIGNIFICANCIA": 99,
        "SUMA_LOCAL": 89,
        "NIVEL": 99,
        "COB_A_PCT": 60.33734125397592,
        "ESTADO_A": "PARCIALMENTE CUBIERTO",
        "COB_B_PCT": 60.33734125397592,
        "ESTADO_B": "PARCIALMENTE CUBIERTO",
        "COB_C_PCT": 100.0,
        "ESTADO_C": "CUBIERTO",
        "COB_B_ANTERIOR_PCT": 60.33734125397592,
        "ESTADO_B_ANTERIOR": "PARCIALMENTE CUBIERTO",
        "COB_C_ANTERIOR_PCT": 100.0,
        "ESTADO_C_ANTERIOR": "CUBIERTO"
      },
      "geometry": {
        "type": "MultiPolygon",
        "coordinates": [
          [
            [
              [
                -78.64243647264084,
                -1.681362351512061
              ],
              [
                -78.64243755748774,
                -1.680458398897222
              ],
              [
                -78.64153926505595,
                -1.6804573073015057
              ],
              [
                -78.64153817979664,
                -1.6813612593288305
              ],
              [
                -78.64243647264084,
                -1.681362351512061
              ]
            ]
          ]
        ]
      }
    },
    {
      "type": "Feature",
      "properties": {
        "CELL_ID": "GIU100-16-64",
        "AMBITO": "URBANO",
        "CATEGORIA": "CONVIVENCIA",
        "PLATAFORMA": "PLATAFORMA P",
        "PARROQUIA": null,
        "DISTANCE_M": 200,
        "CELL_SIZE_M": 100,
        "COUNT": 0,
        "GI_ZSCORE": 2.0560259111163885,
        "GI_PVALUE": 0.03978001871232449,
        "GI_CLASS": "HOTSPOT 95%",
        "GI_STAR": 2.0560259111163885,
        "SIGNIFICANCIA": 95,
        "SUMA_LOCAL": 70,
        "NIVEL": 95,
        "COB_A_PCT": 42.919286136754344,
        "ESTADO_A": "PARCIALMENTE CUBIERTO",
        "COB_B_PCT": 42.919286136754344,
        "ESTADO_B": "PARCIALMENTE CUBIERTO",
        "COB_C_PCT": 83.82280890113908,
        "ESTADO_C": "PARCIALMENTE CUBIERTO",
        "COB_B_ANTERIOR_PCT": 42.919286136754344,
        "ESTADO_B_ANTERIOR": "PARCIALMENTE CUBIERTO",
        "COB_C_ANTERIOR_PCT": 83.82280890113908,
        "ESTADO_C_ANTERIOR": "PARCIALMENTE CUBIERTO"
      },
      "geometry": {
        "type": "MultiPolygon",
        "coordinates": [
          [
            [
              [
                -78.64063988753688,
                -1.6813601667304692
              ],
              [
                -78.64064097320862,
                -1.680456215290883
              ],
              [
                -78.63974268194596,
                -1.6804551228653541
              ],
              [
                -78.6397415958618,
                -1.6813590737169788
              ],
              [
                -78.64063988753688,
                -1.6813601667304692
              ]
            ]
          ]
        ]
      }
    },
    {
      "type": "Feature",
      "properties": {
        "CELL_ID": "GIU100-16-65",
        "AMBITO": "URBANO",
        "CATEGORIA": "CONVIVENCIA",
        "PLATAFORMA": "PLATAFORMA Q",
        "PARROQUIA": null,
        "DISTANCE_M": 200,
        "CELL_SIZE_M": 100,
        "COUNT": 5,
        "GI_ZSCORE": 2.945828854481423,
        "GI_PVALUE": 0.003220905610727719,
        "GI_CLASS": "HOTSPOT 99%",
        "GI_STAR": 2.945828854481423,
        "SIGNIFICANCIA": 99,
        "SUMA_LOCAL": 89,
        "NIVEL": 99,
        "COB_A_PCT": 0.0,
        "ESTADO_A": "SIN COBERTURA",
        "COB_B_PCT": 0.0,
        "ESTADO_B": "SIN COBERTURA",
        "COB_C_PCT": 63.8102337023173,
        "ESTADO_C": "PARCIALMENTE CUBIERTO",
        "COB_B_ANTERIOR_PCT": 0.0,
        "ESTADO_B_ANTERIOR": "SIN COBERTURA",
        "COB_C_ANTERIOR_PCT": 63.8102337023173,
        "ESTADO_C_ANTERIOR": "PARCIALMENTE CUBIERTO"
      },
      "geometry": {
        "type": "MultiPolygon",
        "coordinates": [
          [
            [
              [
                -78.6397415958618,
                -1.6813590737169788
              ],
              [
                -78.63974268194596,
                -1.6804551228653541
              ],
              [
                -78.63884439126821,
                -1.6804540300249204
              ],
              [
                -78.63884330477163,
                -1.6813579802883596
              ],
              [
                -78.6397415958618,
                -1.6813590737169788
              ]
            ]
          ]
        ]
      }
    },
    {
      "type": "Feature",
      "properties": {
        "CELL_ID": "GIU100-16-66",
        "AMBITO": "URBANO",
        "CATEGORIA": "CONVIVENCIA",
        "PLATAFORMA": "PLATAFORMA Q",
        "PARROQUIA": null,
        "DISTANCE_M": 200,
        "CELL_SIZE_M": 100,
        "COUNT": 1,
        "GI_ZSCORE": 2.477511515868247,
        "GI_PVALUE": 0.013230213927944054,
        "GI_CLASS": "HOTSPOT 95%",
        "GI_STAR": 2.477511515868247,
        "SIGNIFICANCIA": 95,
        "SUMA_LOCAL": 79,
        "NIVEL": 95,
        "COB_A_PCT": 27.415618503673045,
        "ESTADO_A": "PARCIALMENTE CUBIERTO",
        "COB_B_PCT": 27.415618503673045,
        "ESTADO_B": "PARCIALMENTE CUBIERTO",
        "COB_C_PCT": 74.56232760656387,
        "ESTADO_C": "PARCIALMENTE CUBIERTO",
        "COB_B_ANTERIOR_PCT": 36.12147279361342,
        "ESTADO_B_ANTERIOR": "PARCIALMENTE CUBIERTO",
        "COB_C_ANTERIOR_PCT": 74.56232760656387,
        "ESTADO_C_ANTERIOR": "PARCIALMENTE CUBIERTO"
      },
      "geometry": {
        "type": "MultiPolygon",
        "coordinates": [
          [
            [
              [
                -78.63884330477163,
                -1.6813579802883596
              ],
              [
                -78.63884439126821,
                -1.6804540300249204
              ],
              [
                -78.63794610117557,
                -1.680452936769583
              ],
              [
                -78.63794501426658,
                -1.681356886444614
              ],
              [
                -78.63884330477163,
                -1.6813579802883596
              ]
            ]
          ]
        ]
      }
    },
    {
      "type": "Feature",
      "properties": {
        "CELL_ID": "GIU100-17-61",
        "AMBITO": "URBANO",
        "CATEGORIA": "CONVIVENCIA",
        "PLATAFORMA": "PLATAFORMA Ñ",
        "PARROQUIA": null,
        "DISTANCE_M": 200,
        "CELL_SIZE_M": 100,
        "COUNT": 8,
        "GI_ZSCORE": 2.8989971206201055,
        "GI_PVALUE": 0.0037435833215468018,
        "GI_CLASS": "HOTSPOT 99%",
        "GI_STAR": 2.8989971206201055,
        "SIGNIFICANCIA": 99,
        "SUMA_LOCAL": 88,
        "NIVEL": 99,
        "COB_A_PCT": 53.1227089240838,
        "ESTADO_A": "PARCIALMENTE CUBIERTO",
        "COB_B_PCT": 53.1227089240838,
        "ESTADO_B": "PARCIALMENTE CUBIERTO",
        "COB_C_PCT": 100.0,
        "ESTADO_C": "CUBIERTO",
        "COB_B_ANTERIOR_PCT": 53.1227089240838,
        "ESTADO_B_ANTERIOR": "PARCIALMENTE CUBIERTO",
        "COB_C_ANTERIOR_PCT": 100.0,
        "ESTADO_C_ANTERIOR": "CUBIERTO"
      },
      "geometry": {
        "type": "MultiPolygon",
        "coordinates": [
          [
            [
              [
                -78.64333585050376,
                -1.6804594900780283
              ],
              [
                -78.64333693435422,
                -1.6795555368668027
              ],
              [
                -78.6424386417504,
                -1.679554446273287
              ],
              [
                -78.64243755748774,
                -1.680458398897222
              ],
              [
                -78.64333585050376,
                -1.6804594900780283
              ]
            ]
          ]
        ]
      }
    },
    {
      "type": "Feature",
      "properties": {
        "CELL_ID": "GIU100-17-62",
        "AMBITO": "URBANO",
        "CATEGORIA": "CONVIVENCIA",
        "PLATAFORMA": "PLATAFORMA P",
        "PARROQUIA": null,
        "DISTANCE_M": 200,
        "CELL_SIZE_M": 100,
        "COUNT": 5,
        "GI_ZSCORE": 2.9926605883427406,
        "GI_PVALUE": 0.0027655712654136473,
        "GI_CLASS": "HOTSPOT 99%",
        "GI_STAR": 2.9926605883427406,
        "SIGNIFICANCIA": 99,
        "SUMA_LOCAL": 90,
        "NIVEL": 99,
        "COB_A_PCT": 100.0,
        "ESTADO_A": "CUBIERTO",
        "COB_B_PCT": 100.0,
        "ESTADO_B": "CUBIERTO",
        "COB_C_PCT": 100.0,
        "ESTADO_C": "CUBIERTO",
        "COB_B_ANTERIOR_PCT": 100.0,
        "ESTADO_B_ANTERIOR": "CUBIERTO",
        "COB_C_ANTERIOR_PCT": 100.0,
        "ESTADO_C_ANTERIOR": "CUBIERTO"
      },
      "geometry": {
        "type": "MultiPolygon",
        "coordinates": [
          [
            [
              [
                -78.64243755748774,
                -1.680458398897222
              ],
              [
                -78.6424386417504,
                -1.679554446273287
              ],
              [
                -78.6415403497308,
                -1.6795533552650865
              ],
              [
                -78.64153926505595,
                -1.6804573073015057
              ],
              [
                -78.64243755748774,
                -1.680458398897222
              ]
            ]
          ]
        ]
      }
    },
    {
      "type": "Feature",
      "properties": {
        "CELL_ID": "GIU100-17-63",
        "AMBITO": "URBANO",
        "CATEGORIA": "CONVIVENCIA",
        "PLATAFORMA": "PLATAFORMA P",
        "PARROQUIA": null,
        "DISTANCE_M": 200,
        "CELL_SIZE_M": 100,
        "COUNT": 2,
        "GI_ZSCORE": 2.7116701851748353,
        "GI_PVALUE": 0.00669451659092863,
        "GI_CLASS": "HOTSPOT 99%",
        "GI_STAR": 2.7116701851748353,
        "SIGNIFICANCIA": 99,
        "SUMA_LOCAL": 84,
        "NIVEL": 99,
        "COB_A_PCT": 100.0,
        "ESTADO_A": "CUBIERTO",
        "COB_B_PCT": 100.0,
        "ESTADO_B": "CUBIERTO",
        "COB_C_PCT": 100.0,
        "ESTADO_C": "CUBIERTO",
        "COB_B_ANTERIOR_PCT": 100.0,
        "ESTADO_B_ANTERIOR": "CUBIERTO",
        "COB_C_ANTERIOR_PCT": 100.0,
        "ESTADO_C_ANTERIOR": "CUBIERTO"
      },
      "geometry": {
        "type": "MultiPolygon",
        "coordinates": [
          [
            [
              [
                -78.64153926505595,
                -1.6804573073015057
              ],
              [
                -78.6415403497308,
                -1.6795533552650865
              ],
              [
                -78.64064205829567,
                -1.679552263842201
              ],
              [
                -78.64064097320862,
                -1.680456215290883
              ],
              [
                -78.64153926505595,
                -1.6804573073015057
              ]
            ]
          ]
        ]
      }
    },
    {
      "type": "Feature",
      "properties": {
        "CELL_ID": "GIU100-17-65",
        "AMBITO": "URBANO",
        "CATEGORIA": "CONVIVENCIA",
        "PLATAFORMA": "PLATAFORMA Q",
        "PARROQUIA": null,
        "DISTANCE_M": 200,
        "CELL_SIZE_M": 100,
        "COUNT": 0,
        "GI_ZSCORE": 1.8686989756711183,
        "GI_PVALUE": 0.06166470661734565,
        "GI_CLASS": "HOTSPOT 90%",
        "GI_STAR": 1.8686989756711183,
        "SIGNIFICANCIA": 90,
        "SUMA_LOCAL": 66,
        "NIVEL": 90,
        "COB_A_PCT": 21.66377341082992,
        "ESTADO_A": "PARCIALMENTE CUBIERTO",
        "COB_B_PCT": 21.66377341082992,
        "ESTADO_B": "PARCIALMENTE CUBIERTO",
        "COB_C_PCT": 21.66377341082992,
        "ESTADO_C": "PARCIALMENTE CUBIERTO",
        "COB_B_ANTERIOR_PCT": 27.481754755949844,
        "ESTADO_B_ANTERIOR": "PARCIALMENTE CUBIERTO",
        "COB_C_ANTERIOR_PCT": 27.481754755949844,
        "ESTADO_C_ANTERIOR": "PARCIALMENTE CUBIERTO"
      },
      "geometry": {
        "type": "MultiPolygon",
        "coordinates": [
          [
            [
              [
                -78.63974268194596,
                -1.6804551228653541
              ],
              [
                -78.63974376744524,
                -1.6795511720046332
              ],
              [
                -78.63884547717966,
                -1.6795500797523837
              ],
              [
                -78.63884439126821,
                -1.6804540300249204
              ],
              [
                -78.63974268194596,
                -1.6804551228653541
              ]
            ]
          ]
        ]
      }
    },
    {
      "type": "Feature",
      "properties": {
        "CELL_ID": "GIU100-18-60",
        "AMBITO": "URBANO",
        "CATEGORIA": "CONVIVENCIA",
        "PLATAFORMA": "PLATAFORMA Ñ",
        "PARROQUIA": null,
        "DISTANCE_M": 200,
        "CELL_SIZE_M": 100,
        "COUNT": 6,
        "GI_ZSCORE": 1.9155307095324359,
        "GI_PVALUE": 0.055424856621911066,
        "GI_CLASS": "HOTSPOT 90%",
        "GI_STAR": 1.9155307095324359,
        "SIGNIFICANCIA": 90,
        "SUMA_LOCAL": 67,
        "NIVEL": 90,
        "COB_A_PCT": 74.52012385678064,
        "ESTADO_A": "PARCIALMENTE CUBIERTO",
        "COB_B_PCT": 74.52012385678064,
        "ESTADO_B": "PARCIALMENTE CUBIERTO",
        "COB_C_PCT": 86.10534778107845,
        "ESTADO_C": "PARCIALMENTE CUBIERTO",
        "COB_B_ANTERIOR_PCT": 74.52012385678064,
        "ESTADO_B_ANTERIOR": "PARCIALMENTE CUBIERTO",
        "COB_C_ANTERIOR_PCT": 86.10534778107845,
        "ESTADO_C_ANTERIOR": "PARCIALMENTE CUBIERTO"
      },
      "geometry": {
        "type": "MultiPolygon",
        "coordinates": [
          [
            [
              [
                -78.64423522754205,
                -1.6795566270456308
              ],
              [
                -78.64423631039652,
                -1.6786526732382474
              ],
              [
                -78.64333801762068,
                -1.6786515836464864
              ],
              [
                -78.64333693435422,
                -1.6795555368668027
              ],
              [
                -78.64423522754205,
                -1.6795566270456308
              ]
            ]
          ]
        ]
      }
    },
    {
      "type": "Feature",
      "properties": {
        "CELL_ID": "GIU100-18-61",
        "AMBITO": "URBANO",
        "CATEGORIA": "CONVIVENCIA",
        "PLATAFORMA": "PLATAFORMA Ñ",
        "PARROQUIA": null,
        "DISTANCE_M": 200,
        "CELL_SIZE_M": 100,
        "COUNT": 4,
        "GI_ZSCORE": 3.1331557899266937,
        "GI_PVALUE": 0.0017293762505099107,
        "GI_CLASS": "HOTSPOT 99%",
        "GI_STAR": 3.1331557899266937,
        "SIGNIFICANCIA": 99,
        "SUMA_LOCAL": 93,
        "NIVEL": 99,
        "COB_A_PCT": 59.24472265872252,
        "ESTADO_A": "PARCIALMENTE CUBIERTO",
        "COB_B_PCT": 59.24472265872252,
        "ESTADO_B": "PARCIALMENTE CUBIERTO",
        "COB_C_PCT": 91.01225480384736,
        "ESTADO_C": "PARCIALMENTE CUBIERTO",
        "COB_B_ANTERIOR_PCT": 59.24472265872252,
        "ESTADO_B_ANTERIOR": "PARCIALMENTE CUBIERTO",
        "COB_C_ANTERIOR_PCT": 91.01225480384736,
        "ESTADO_C_ANTERIOR": "PARCIALMENTE CUBIERTO"
      },
      "geometry": {
        "type": "MultiPolygon",
        "coordinates": [
          [
            [
              [
                -78.64333693435422,
                -1.6795555368668027
              ],
              [
                -78.64333801762068,
                -1.6786515836464864
              ],
              [
                -78.64243972542883,
                -1.6786504936402618
              ],
              [
                -78.6424386417504,
                -1.679554446273287
              ],
              [
                -78.64333693435422,
                -1.6795555368668027
              ]
            ]
          ]
        ]
      }
    },
    {
      "type": "Feature",
      "properties": {
        "CELL_ID": "GIU100-18-62",
        "AMBITO": "URBANO",
        "CATEGORIA": "CONVIVENCIA",
        "PLATAFORMA": "PLATAFORMA P",
        "PARROQUIA": null,
        "DISTANCE_M": 200,
        "CELL_SIZE_M": 100,
        "COUNT": 33,
        "GI_ZSCORE": 3.039492322204058,
        "GI_PVALUE": 0.002369772428476245,
        "GI_CLASS": "HOTSPOT 99%",
        "GI_STAR": 3.039492322204058,
        "SIGNIFICANCIA": 99,
        "SUMA_LOCAL": 91,
        "NIVEL": 99,
        "COB_A_PCT": 100.0,
        "ESTADO_A": "CUBIERTO",
        "COB_B_PCT": 100.0,
        "ESTADO_B": "CUBIERTO",
        "COB_C_PCT": 100.0,
        "ESTADO_C": "CUBIERTO",
        "COB_B_ANTERIOR_PCT": 100.0,
        "ESTADO_B_ANTERIOR": "CUBIERTO",
        "COB_C_ANTERIOR_PCT": 100.0,
        "ESTADO_C_ANTERIOR": "CUBIERTO"
      },
      "geometry": {
        "type": "MultiPolygon",
        "coordinates": [
          [
            [
              [
                -78.6424386417504,
                -1.679554446273287
              ],
              [
                -78.64243972542883,
                -1.6786504936402618
              ],
              [
                -78.64154143382122,
                -1.678649403219575
              ],
              [
                -78.6415403497308,
                -1.6795533552650865
              ],
              [
                -78.6424386417504,
                -1.679554446273287
              ]
            ]
          ]
        ]
      }
    },
    {
      "type": "Feature",
      "properties": {
        "CELL_ID": "GIU100-18-63",
        "AMBITO": "URBANO",
        "CATEGORIA": "CONVIVENCIA",
        "PLATAFORMA": "PLATAFORMA Q",
        "PARROQUIA": null,
        "DISTANCE_M": 200,
        "CELL_SIZE_M": 100,
        "COUNT": 22,
        "GI_ZSCORE": 2.2433528465616592,
        "GI_PVALUE": 0.024874070041332724,
        "GI_CLASS": "HOTSPOT 95%",
        "GI_STAR": 2.2433528465616592,
        "SIGNIFICANCIA": 95,
        "SUMA_LOCAL": 74,
        "NIVEL": 95,
        "COB_A_PCT": 100.0,
        "ESTADO_A": "CUBIERTO",
        "COB_B_PCT": 100.0,
        "ESTADO_B": "CUBIERTO",
        "COB_C_PCT": 100.0,
        "ESTADO_C": "CUBIERTO",
        "COB_B_ANTERIOR_PCT": 100.0,
        "ESTADO_B_ANTERIOR": "CUBIERTO",
        "COB_C_ANTERIOR_PCT": 100.0,
        "ESTADO_C_ANTERIOR": "CUBIERTO"
      },
      "geometry": {
        "type": "MultiPolygon",
        "coordinates": [
          [
            [
              [
                -78.6415403497308,
                -1.6795533552650865
              ],
              [
                -78.64154143382122,
                -1.678649403219575
              ],
              [
                -78.64064314279806,
                -1.678648312384427
              ],
              [
                -78.64064205829567,
                -1.679552263842201
              ],
              [
                -78.6415403497308,
                -1.6795533552650865
              ]
            ]
          ]
        ]
      }
    },
    {
      "type": "Feature",
      "properties": {
        "CELL_ID": "GIU100-18-64",
        "AMBITO": "URBANO",
        "CATEGORIA": "CONVIVENCIA",
        "PLATAFORMA": "PLATAFORMA Q",
        "PARROQUIA": null,
        "DISTANCE_M": 200,
        "CELL_SIZE_M": 100,
        "COUNT": 0,
        "GI_ZSCORE": 2.0560259111163885,
        "GI_PVALUE": 0.03978001871232449,
        "GI_CLASS": "HOTSPOT 95%",
        "GI_STAR": 2.0560259111163885,
        "SIGNIFICANCIA": 95,
        "SUMA_LOCAL": 70,
        "NIVEL": 95,
        "COB_A_PCT": 100.0,
        "ESTADO_A": "CUBIERTO",
        "COB_B_PCT": 100.0,
        "ESTADO_B": "CUBIERTO",
        "COB_C_PCT": 100.0,
        "ESTADO_C": "CUBIERTO",
        "COB_B_ANTERIOR_PCT": 100.0,
        "ESTADO_B_ANTERIOR": "CUBIERTO",
        "COB_C_ANTERIOR_PCT": 100.0,
        "ESTADO_C_ANTERIOR": "CUBIERTO"
      },
      "geometry": {
        "type": "MultiPolygon",
        "coordinates": [
          [
            [
              [
                -78.64064205829567,
                -1.679552263842201
              ],
              [
                -78.64064314279806,
                -1.678648312384427
              ],
              [
                -78.63974485235957,
                -1.6786472211348198
              ],
              [
                -78.63974376744524,
                -1.6795511720046332
              ],
              [
                -78.64064205829567,
                -1.679552263842201
              ]
            ]
          ]
        ]
      }
    },
    {
      "type": "Feature",
      "properties": {
        "CELL_ID": "GIU100-19-61",
        "AMBITO": "URBANO",
        "CATEGORIA": "CONVIVENCIA",
        "PLATAFORMA": "PLATAFORMA Ñ",
        "PARROQUIA": null,
        "DISTANCE_M": 200,
        "CELL_SIZE_M": 100,
        "COUNT": 0,
        "GI_ZSCORE": 4.1634539348756805,
        "GI_PVALUE": 3.134692908179604e-05,
        "GI_CLASS": "HOTSPOT 99%",
        "GI_STAR": 4.1634539348756805,
        "SIGNIFICANCIA": 99,
        "SUMA_LOCAL": 115,
        "NIVEL": 99,
        "COB_A_PCT": 16.912714755363613,
        "ESTADO_A": "PARCIALMENTE CUBIERTO",
        "COB_B_PCT": 65.31362496012743,
        "ESTADO_B": "PARCIALMENTE CUBIERTO",
        "COB_C_PCT": 65.31362496012743,
        "ESTADO_C": "PARCIALMENTE CUBIERTO",
        "COB_B_ANTERIOR_PCT": 16.912714755363613,
        "ESTADO_B_ANTERIOR": "PARCIALMENTE CUBIERTO",
        "COB_C_ANTERIOR_PCT": 16.912714755363613,
        "ESTADO_C_ANTERIOR": "PARCIALMENTE CUBIERTO"
      },
      "geometry": {
        "type": "MultiPolygon",
        "coordinates": [
          [
            [
              [
                -78.64333801762068,
                -1.6786515836464864
              ],
              [
                -78.64333910030312,
                -1.6777476304170853
              ],
              [
                -78.64244080852303,
                -1.6777465409981507
              ],
              [
                -78.64243972542883,
                -1.6786504936402618
              ],
              [
                -78.64333801762068,
                -1.6786515836464864
              ]
            ]
          ]
        ]
      }
    },
    {
      "type": "Feature",
      "properties": {
        "CELL_ID": "GIU100-19-62",
        "AMBITO": "URBANO",
        "CATEGORIA": "CONVIVENCIA",
        "PLATAFORMA": "PLATAFORMA Ñ",
        "PARROQUIA": null,
        "DISTANCE_M": 200,
        "CELL_SIZE_M": 100,
        "COUNT": 0,
        "GI_ZSCORE": 2.945828854481423,
        "GI_PVALUE": 0.003220905610727719,
        "GI_CLASS": "HOTSPOT 99%",
        "GI_STAR": 2.945828854481423,
        "SIGNIFICANCIA": 99,
        "SUMA_LOCAL": 89,
        "NIVEL": 99,
        "COB_A_PCT": 91.40897177015933,
        "ESTADO_A": "PARCIALMENTE CUBIERTO",
        "COB_B_PCT": 100.0,
        "ESTADO_B": "CUBIERTO",
        "COB_C_PCT": 100.0,
        "ESTADO_C": "CUBIERTO",
        "COB_B_ANTERIOR_PCT": 91.40897177015933,
        "ESTADO_B_ANTERIOR": "PARCIALMENTE CUBIERTO",
        "COB_C_ANTERIOR_PCT": 91.40897177015933,
        "ESTADO_C_ANTERIOR": "PARCIALMENTE CUBIERTO"
      },
      "geometry": {
        "type": "MultiPolygon",
        "coordinates": [
          [
            [
              [
                -78.64243972542883,
                -1.6786504936402618
              ],
              [
                -78.64244080852303,
                -1.6777465409981507
              ],
              [
                -78.64154251732718,
                -1.6777454511649772
              ],
              [
                -78.64154143382122,
                -1.678649403219575
              ],
              [
                -78.64243972542883,
                -1.6786504936402618
              ]
            ]
          ]
        ]
      }
    },
    {
      "type": "Feature",
      "properties": {
        "CELL_ID": "GIU100-19-63",
        "AMBITO": "URBANO",
        "CATEGORIA": "CONVIVENCIA",
        "PLATAFORMA": "PLATAFORMA O",
        "PARROQUIA": null,
        "DISTANCE_M": 200,
        "CELL_SIZE_M": 100,
        "COUNT": 5,
        "GI_ZSCORE": 2.2433528465616592,
        "GI_PVALUE": 0.024874070041332724,
        "GI_CLASS": "HOTSPOT 95%",
        "GI_STAR": 2.2433528465616592,
        "SIGNIFICANCIA": 95,
        "SUMA_LOCAL": 74,
        "NIVEL": 95,
        "COB_A_PCT": 100.0,
        "ESTADO_A": "CUBIERTO",
        "COB_B_PCT": 100.0,
        "ESTADO_B": "CUBIERTO",
        "COB_C_PCT": 100.0,
        "ESTADO_C": "CUBIERTO",
        "COB_B_ANTERIOR_PCT": 100.0,
        "ESTADO_B_ANTERIOR": "CUBIERTO",
        "COB_C_ANTERIOR_PCT": 100.0,
        "ESTADO_C_ANTERIOR": "CUBIERTO"
      },
      "geometry": {
        "type": "MultiPolygon",
        "coordinates": [
          [
            [
              [
                -78.64154143382122,
                -1.678649403219575
              ],
              [
                -78.64154251732718,
                -1.6777454511649772
              ],
              [
                -78.64064422671576,
                -1.6777443609175668
              ],
              [
                -78.64064314279806,
                -1.678648312384427
              ],
              [
                -78.64154143382122,
                -1.678649403219575
              ]
            ]
          ]
        ]
      }
    },
    {
      "type": "Feature",
      "properties": {
        "CELL_ID": "GIU100-20-60",
        "AMBITO": "URBANO",
        "CATEGORIA": "CONVIVENCIA",
        "PLATAFORMA": "PLATAFORMA Ñ",
        "PARROQUIA": null,
        "DISTANCE_M": 200,
        "CELL_SIZE_M": 100,
        "COUNT": 3,
        "GI_ZSCORE": 2.758501919036153,
        "GI_PVALUE": 0.005806696423975283,
        "GI_CLASS": "HOTSPOT 99%",
        "GI_STAR": 2.758501919036153,
        "SIGNIFICANCIA": 99,
        "SUMA_LOCAL": 85,
        "NIVEL": 99,
        "COB_A_PCT": 53.604358924091635,
        "ESTADO_A": "PARCIALMENTE CUBIERTO",
        "COB_B_PCT": 54.37669513683383,
        "ESTADO_B": "PARCIALMENTE CUBIERTO",
        "COB_C_PCT": 54.37669513683383,
        "ESTADO_C": "PARCIALMENTE CUBIERTO",
        "COB_B_ANTERIOR_PCT": 53.604358924091635,
        "ESTADO_B_ANTERIOR": "PARCIALMENTE CUBIERTO",
        "COB_C_ANTERIOR_PCT": 53.604358924091635,
        "ESTADO_C_ANTERIOR": "PARCIALMENTE CUBIERTO"
      },
      "geometry": {
        "type": "MultiPolygon",
        "coordinates": [
          [
            [
              [
                -78.64423739266721,
                -1.6777487194217795
              ],
              [
                -78.64423847435411,
                -1.676844765596232
              ],
              [
                -78.64334018240156,
                -1.676843677178604
              ],
              [
                -78.64333910030312,
                -1.6777476304170853
              ],
              [
                -78.64423739266721,
                -1.6777487194217795
              ]
            ]
          ]
        ]
      }
    },
    {
      "type": "Feature",
      "properties": {
        "CELL_ID": "GIU100-20-61",
        "AMBITO": "URBANO",
        "CATEGORIA": "CONVIVENCIA",
        "PLATAFORMA": "PLATAFORMA O",
        "PARROQUIA": null,
        "DISTANCE_M": 200,
        "CELL_SIZE_M": 100,
        "COUNT": 2,
        "GI_ZSCORE": 3.039492322204058,
        "GI_PVALUE": 0.002369772428476245,
        "GI_CLASS": "HOTSPOT 99%",
        "GI_STAR": 3.039492322204058,
        "SIGNIFICANCIA": 99,
        "SUMA_LOCAL": 91,
        "NIVEL": 99,
        "COB_A_PCT": 52.051829931788475,
        "ESTADO_A": "PARCIALMENTE CUBIERTO",
        "COB_B_PCT": 99.65868070956516,
        "ESTADO_B": "PARCIALMENTE CUBIERTO",
        "COB_C_PCT": 99.65868070956516,
        "ESTADO_C": "PARCIALMENTE CUBIERTO",
        "COB_B_ANTERIOR_PCT": 52.051829931788475,
        "ESTADO_B_ANTERIOR": "PARCIALMENTE CUBIERTO",
        "COB_C_ANTERIOR_PCT": 52.051829931788475,
        "ESTADO_C_ANTERIOR": "PARCIALMENTE CUBIERTO"
      },
      "geometry": {
        "type": "MultiPolygon",
        "coordinates": [
          [
            [
              [
                -78.64333910030312,
                -1.6777476304170853
              ],
              [
                -78.64334018240156,
                -1.676843677178604
              ],
              [
                -78.642441891033,
                -1.6768425883469593
              ],
              [
                -78.64244080852303,
                -1.6777465409981507
              ],
              [
                -78.64333910030312,
                -1.6777476304170853
              ]
            ]
          ]
        ]
      }
    },
    {
      "type": "Feature",
      "properties": {
        "CELL_ID": "GIU100-20-62",
        "AMBITO": "URBANO",
        "CATEGORIA": "CONVIVENCIA",
        "PLATAFORMA": "PLATAFORMA O",
        "PARROQUIA": null,
        "DISTANCE_M": 200,
        "CELL_SIZE_M": 100,
        "COUNT": 0,
        "GI_ZSCORE": 3.60147312853987,
        "GI_PVALUE": 0.00031641913254653453,
        "GI_CLASS": "HOTSPOT 99%",
        "GI_STAR": 3.60147312853987,
        "SIGNIFICANCIA": 99,
        "SUMA_LOCAL": 103,
        "NIVEL": 99,
        "COB_A_PCT": 11.140355152118362,
        "ESTADO_A": "PARCIALMENTE CUBIERTO",
        "COB_B_PCT": 100.0,
        "ESTADO_B": "CUBIERTO",
        "COB_C_PCT": 100.0,
        "ESTADO_C": "CUBIERTO",
        "COB_B_ANTERIOR_PCT": 11.140355152118362,
        "ESTADO_B_ANTERIOR": "PARCIALMENTE CUBIERTO",
        "COB_C_ANTERIOR_PCT": 11.140355152118362,
        "ESTADO_C_ANTERIOR": "PARCIALMENTE CUBIERTO"
      },
      "geometry": {
        "type": "MultiPolygon",
        "coordinates": [
          [
            [
              [
                -78.64244080852303,
                -1.6777465409981507
              ],
              [
                -78.642441891033,
                -1.6768425883469593
              ],
              [
                -78.64154360024867,
                -1.676841499101299
              ],
              [
                -78.64154251732718,
                -1.6777454511649772
              ],
              [
                -78.64244080852303,
                -1.6777465409981507
              ]
            ]
          ]
        ]
      }
    },
    {
      "type": "Feature",
      "properties": {
        "CELL_ID": "GIU100-21-46",
        "AMBITO": "URBANO",
        "CATEGORIA": "CONVIVENCIA",
        "PLATAFORMA": "PLATAFORMA J",
        "PARROQUIA": null,
        "DISTANCE_M": 200,
        "CELL_SIZE_M": 100,
        "COUNT": 7,
        "GI_ZSCORE": 3.0863240560653757,
        "GI_PVALUE": 0.002026478366141622,
        "GI_CLASS": "HOTSPOT 99%",
        "GI_STAR": 3.0863240560653757,
        "SIGNIFICANCIA": 99,
        "SUMA_LOCAL": 92,
        "NIVEL": 99,
        "COB_A_PCT": 5.871075179709664,
        "ESTADO_A": "PARCIALMENTE CUBIERTO",
        "COB_B_PCT": 5.871075179709664,
        "ESTADO_B": "PARCIALMENTE CUBIERTO",
        "COB_C_PCT": 80.39281732902874,
        "ESTADO_C": "PARCIALMENTE CUBIERTO",
        "COB_B_ANTERIOR_PCT": 5.871075179709664,
        "ESTADO_B_ANTERIOR": "PARCIALMENTE CUBIERTO",
        "COB_C_ANTERIOR_PCT": 80.39281732902874,
        "ESTADO_C_ANTERIOR": "PARCIALMENTE CUBIERTO"
      },
      "geometry": {
        "type": "MultiPolygon",
        "coordinates": [
          [
            [
              [
                -78.6568146228863,
                -1.6768599599704923
              ],
              [
                -78.6568156982309,
                -1.6759559979403957
              ],
              [
                -78.6559173985369,
                -1.6759549159030849
              ],
              [
                -78.65591632278097,
                -1.6768588773492423
              ],
              [
                -78.6568146228863,
                -1.6768599599704923
              ]
            ]
          ]
        ]
      }
    },
    {
      "type": "Feature",
      "properties": {
        "CELL_ID": "GIU100-21-59",
        "AMBITO": "URBANO",
        "CATEGORIA": "CONVIVENCIA",
        "PLATAFORMA": "PLATAFORMA Ñ",
        "PARROQUIA": null,
        "DISTANCE_M": 200,
        "CELL_SIZE_M": 100,
        "COUNT": 3,
        "GI_ZSCORE": 2.8053336528974704,
        "GI_PVALUE": 0.005026451884509495,
        "GI_CLASS": "HOTSPOT 99%",
        "GI_STAR": 2.8053336528974704,
        "SIGNIFICANCIA": 99,
        "SUMA_LOCAL": 86,
        "NIVEL": 99,
        "COB_A_PCT": 100.0,
        "ESTADO_A": "CUBIERTO",
        "COB_B_PCT": 100.0,
        "ESTADO_B": "CUBIERTO",
        "COB_C_PCT": 100.0,
        "ESTADO_C": "CUBIERTO",
        "COB_B_ANTERIOR_PCT": 100.0,
        "ESTADO_B_ANTERIOR": "CUBIERTO",
        "COB_C_ANTERIOR_PCT": 100.0,
        "ESTADO_C_ANTERIOR": "CUBIERTO"
      },
      "geometry": {
        "type": "MultiPolygon",
        "coordinates": [
          [
            [
              [
                -78.64513676689047,
                -1.6768458535998412
              ],
              [
                -78.64513784758226,
                -1.675941899178376
              ],
              [
                -78.64423955545723,
                -1.6759408117616093
              ],
              [
                -78.64423847435411,
                -1.676844765596232
              ],
              [
                -78.64513676689047,
                -1.6768458535998412
              ]
            ]
          ]
        ]
      }
    },
    {
      "type": "Feature",
      "properties": {
        "CELL_ID": "GIU100-21-60",
        "AMBITO": "URBANO",
        "CATEGORIA": "CONVIVENCIA",
        "PLATAFORMA": "PLATAFORMA O",
        "PARROQUIA": null,
        "DISTANCE_M": 200,
        "CELL_SIZE_M": 100,
        "COUNT": 10,
        "GI_ZSCORE": 3.60147312853987,
        "GI_PVALUE": 0.00031641913254653453,
        "GI_CLASS": "HOTSPOT 99%",
        "GI_STAR": 3.60147312853987,
        "SIGNIFICANCIA": 99,
        "SUMA_LOCAL": 103,
        "NIVEL": 99,
        "COB_A_PCT": 100.0,
        "ESTADO_A": "CUBIERTO",
        "COB_B_PCT": 100.0,
        "ESTADO_B": "CUBIERTO",
        "COB_C_PCT": 100.0,
        "ESTADO_C": "CUBIERTO",
        "COB_B_ANTERIOR_PCT": 100.0,
        "ESTADO_B_ANTERIOR": "CUBIERTO",
        "COB_C_ANTERIOR_PCT": 100.0,
        "ESTADO_C_ANTERIOR": "CUBIERTO"
      },
      "geometry": {
        "type": "MultiPolygon",
        "coordinates": [
          [
            [
              [
                -78.64423847435411,
                -1.676844765596232
              ],
              [
                -78.64423955545723,
                -1.6759408117616093
              ],
              [
                -78.64334126391599,
                -1.6759397239310476
              ],
              [
                -78.64334018240156,
                -1.676843677178604
              ],
              [
                -78.64423847435411,
                -1.676844765596232
              ]
            ]
          ]
        ]
      }
    },
    {
      "type": "Feature",
      "properties": {
        "CELL_ID": "GIU100-21-61",
        "AMBITO": "URBANO",
        "CATEGORIA": "CONVIVENCIA",
        "PLATAFORMA": "PLATAFORMA O",
        "PARROQUIA": null,
        "DISTANCE_M": 200,
        "CELL_SIZE_M": 100,
        "COUNT": 45,
        "GI_ZSCORE": 2.6180067174521997,
        "GI_PVALUE": 0.008844506399366079,
        "GI_CLASS": "HOTSPOT 99%",
        "GI_STAR": 2.6180067174521997,
        "SIGNIFICANCIA": 99,
        "SUMA_LOCAL": 82,
        "NIVEL": 99,
        "COB_A_PCT": 100.0,
        "ESTADO_A": "CUBIERTO",
        "COB_B_PCT": 100.0,
        "ESTADO_B": "CUBIERTO",
        "COB_C_PCT": 100.0,
        "ESTADO_C": "CUBIERTO",
        "COB_B_ANTERIOR_PCT": 100.0,
        "ESTADO_B_ANTERIOR": "CUBIERTO",
        "COB_C_ANTERIOR_PCT": 100.0,
        "ESTADO_C_ANTERIOR": "CUBIERTO"
      },
      "geometry": {
        "type": "MultiPolygon",
        "coordinates": [
          [
            [
              [
                -78.64334018240156,
                -1.676843677178604
              ],
              [
                -78.64334126391599,
                -1.6759397239310476
              ],
              [
                -78.64244297295875,
                -1.6759386356866917
              ],
              [
                -78.642441891033,
                -1.6768425883469593
              ],
              [
                -78.64334018240156,
                -1.676843677178604
              ]
            ]
          ]
        ]
      }
    },
    {
      "type": "Feature",
      "properties": {
        "CELL_ID": "GIU100-21-62",
        "AMBITO": "URBANO",
        "CATEGORIA": "CONVIVENCIA",
        "PLATAFORMA": "PLATAFORMA O",
        "PARROQUIA": null,
        "DISTANCE_M": 200,
        "CELL_SIZE_M": 100,
        "COUNT": 7,
        "GI_ZSCORE": 2.4306797820069295,
        "GI_PVALUE": 0.01507052727217208,
        "GI_CLASS": "HOTSPOT 95%",
        "GI_STAR": 2.4306797820069295,
        "SIGNIFICANCIA": 95,
        "SUMA_LOCAL": 78,
        "NIVEL": 95,
        "COB_A_PCT": 73.49739344960896,
        "ESTADO_A": "PARCIALMENTE CUBIERTO",
        "COB_B_PCT": 100.0,
        "ESTADO_B": "CUBIERTO",
        "COB_C_PCT": 100.0,
        "ESTADO_C": "CUBIERTO",
        "COB_B_ANTERIOR_PCT": 73.49739344960896,
        "ESTADO_B_ANTERIOR": "PARCIALMENTE CUBIERTO",
        "COB_C_ANTERIOR_PCT": 73.49739344960896,
        "ESTADO_C_ANTERIOR": "PARCIALMENTE CUBIERTO"
      },
      "geometry": {
        "type": "MultiPolygon",
        "coordinates": [
          [
            [
              [
                -78.642441891033,
                -1.6768425883469593
              ],
              [
                -78.64244297295875,
                -1.6759386356866917
              ],
              [
                -78.64154468258573,
                -1.675937547028544
              ],
              [
                -78.64154360024867,
                -1.676841499101299
              ],
              [
                -78.642441891033,
                -1.6768425883469593
              ]
            ]
          ]
        ]
      }
    },
    {
      "type": "Feature",
      "properties": {
        "CELL_ID": "GIU100-21-63",
        "AMBITO": "URBANO",
        "CATEGORIA": "CONVIVENCIA",
        "PLATAFORMA": "PLATAFORMA O",
        "PARROQUIA": null,
        "DISTANCE_M": 200,
        "CELL_SIZE_M": 100,
        "COUNT": 1,
        "GI_ZSCORE": 2.0560259111163885,
        "GI_PVALUE": 0.03978001871232449,
        "GI_CLASS": "HOTSPOT 95%",
        "GI_STAR": 2.0560259111163885,
        "SIGNIFICANCIA": 95,
        "SUMA_LOCAL": 70,
        "NIVEL": 95,
        "COB_A_PCT": 0.0,
        "ESTADO_A": "SIN COBERTURA",
        "COB_B_PCT": 100.0,
        "ESTADO_B": "CUBIERTO",
        "COB_C_PCT": 100.0,
        "ESTADO_C": "CUBIERTO",
        "COB_B_ANTERIOR_PCT": 74.53399802539433,
        "ESTADO_B_ANTERIOR": "PARCIALMENTE CUBIERTO",
        "COB_C_ANTERIOR_PCT": 74.53399802539433,
        "ESTADO_C_ANTERIOR": "PARCIALMENTE CUBIERTO"
      },
      "geometry": {
        "type": "MultiPolygon",
        "coordinates": [
          [
            [
              [
                -78.64154360024867,
                -1.676841499101299
              ],
              [
                -78.64154468258573,
                -1.675937547028544
              ],
              [
                -78.64064639279715,
                -1.6759364579566047
              ],
              [
                -78.6406453100488,
                -1.6768404094416243
              ],
              [
                -78.64154360024867,
                -1.676841499101299
              ]
            ]
          ]
        ]
      }
    },
    {
      "type": "Feature",
      "properties": {
        "CELL_ID": "GIU100-22-45",
        "AMBITO": "URBANO",
        "CATEGORIA": "CONVIVENCIA",
        "PLATAFORMA": "PLATAFORMA J",
        "PARROQUIA": null,
        "DISTANCE_M": 200,
        "CELL_SIZE_M": 100,
        "COUNT": 4,
        "GI_ZSCORE": 2.7116701851748353,
        "GI_PVALUE": 0.00669451659092863,
        "GI_CLASS": "HOTSPOT 99%",
        "GI_STAR": 2.7116701851748353,
        "SIGNIFICANCIA": 99,
        "SUMA_LOCAL": 84,
        "NIVEL": 99,
        "COB_A_PCT": 8.096942019927354,
        "ESTADO_A": "PARCIALMENTE CUBIERTO",
        "COB_B_PCT": 8.096942019927354,
        "ESTADO_B": "PARCIALMENTE CUBIERTO",
        "COB_C_PCT": 100.0,
        "ESTADO_C": "CUBIERTO",
        "COB_B_ANTERIOR_PCT": 8.096942019927354,
        "ESTADO_B_ANTERIOR": "PARCIALMENTE CUBIERTO",
        "COB_C_ANTERIOR_PCT": 100.0,
        "ESTADO_C_ANTERIOR": "CUBIERTO"
      },
      "geometry": {
        "type": "MultiPolygon",
        "coordinates": [
          [
            [
              [
                -78.65771399850559,
                -1.6759570795638925
              ],
              [
                -78.6577150728584,
                -1.6750531169410174
              ],
              [
                -78.65681677299483,
                -1.6750520359012364
              ],
              [
                -78.6568156982309,
                -1.6759559979403957
              ],
              [
                -78.65771399850559,
                -1.6759570795638925
              ]
            ]
          ]
        ]
      }
    },
    {
      "type": "Feature",
      "properties": {
        "CELL_ID": "GIU100-22-46",
        "AMBITO": "URBANO",
        "CATEGORIA": "CONVIVENCIA",
        "PLATAFORMA": "PLATAFORMA J",
        "PARROQUIA": null,
        "DISTANCE_M": 200,
        "CELL_SIZE_M": 100,
        "COUNT": 0,
        "GI_ZSCORE": 3.320482725371964,
        "GI_PVALUE": 0.0008986192016483554,
        "GI_CLASS": "HOTSPOT 99%",
        "GI_STAR": 3.320482725371964,
        "SIGNIFICANCIA": 99,
        "SUMA_LOCAL": 97,
        "NIVEL": 99,
        "COB_A_PCT": 0.0,
        "ESTADO_A": "SIN COBERTURA",
        "COB_B_PCT": 0.0,
        "ESTADO_B": "SIN COBERTURA",
        "COB_C_PCT": 100.0,
        "ESTADO_C": "CUBIERTO",
        "COB_B_ANTERIOR_PCT": 0.0,
        "ESTADO_B_ANTERIOR": "SIN COBERTURA",
        "COB_C_ANTERIOR_PCT": 100.0,
        "ESTADO_C_ANTERIOR": "CUBIERTO"
      },
      "geometry": {
        "type": "MultiPolygon",
        "coordinates": [
          [
            [
              [
                -78.6568156982309,
                -1.6759559979403957
              ],
              [
                -78.65681677299483,
                -1.6750520359012364
              ],
              [
                -78.65591847371194,
                -1.6750509544478642
              ],
              [
                -78.6559173985369,
                -1.6759549159030849
              ],
              [
                -78.6568156982309,
                -1.6759559979403957
              ]
            ]
          ]
        ]
      }
    },
    {
      "type": "Feature",
      "properties": {
        "CELL_ID": "GIU100-22-47",
        "AMBITO": "URBANO",
        "CATEGORIA": "CONVIVENCIA",
        "PLATAFORMA": "PLATAFORMA J",
        "PARROQUIA": null,
        "DISTANCE_M": 200,
        "CELL_SIZE_M": 100,
        "COUNT": 5,
        "GI_ZSCORE": 3.1799875237880113,
        "GI_PVALUE": 0.0014728139322186193,
        "GI_CLASS": "HOTSPOT 99%",
        "GI_STAR": 3.1799875237880113,
        "SIGNIFICANCIA": 99,
        "SUMA_LOCAL": 94,
        "NIVEL": 99,
        "COB_A_PCT": 0.0,
        "ESTADO_A": "SIN COBERTURA",
        "COB_B_PCT": 0.0,
        "ESTADO_B": "SIN COBERTURA",
        "COB_C_PCT": 100.0,
        "ESTADO_C": "CUBIERTO",
        "COB_B_ANTERIOR_PCT": 0.0,
        "ESTADO_B_ANTERIOR": "SIN COBERTURA",
        "COB_C_ANTERIOR_PCT": 100.0,
        "ESTADO_C_ANTERIOR": "CUBIERTO"
      },
      "geometry": {
        "type": "MultiPolygon",
        "coordinates": [
          [
            [
              [
                -78.6559173985369,
                -1.6759549159030849
              ],
              [
                -78.65591847371194,
                -1.6750509544478642
              ],
              [
                -78.65502017500994,
                -1.6750498725809035
              ],
              [
                -78.6550190994238,
                -1.6759538334519617
              ],
              [
                -78.6559173985369,
                -1.6759549159030849
              ]
            ]
          ]
        ]
      }
    },
    {
      "type": "Feature",
      "properties": {
        "CELL_ID": "GIU100-22-60",
        "AMBITO": "URBANO",
        "CATEGORIA": "CONVIVENCIA",
        "PLATAFORMA": "PLATAFORMA O",
        "PARROQUIA": null,
        "DISTANCE_M": 200,
        "CELL_SIZE_M": 100,
        "COUNT": 4,
        "GI_ZSCORE": 2.6648384513135177,
        "GI_PVALUE": 0.007702531482686286,
        "GI_CLASS": "HOTSPOT 99%",
        "GI_STAR": 2.6648384513135177,
        "SIGNIFICANCIA": 99,
        "SUMA_LOCAL": 83,
        "NIVEL": 99,
        "COB_A_PCT": 100.0,
        "ESTADO_A": "CUBIERTO",
        "COB_B_PCT": 100.0,
        "ESTADO_B": "CUBIERTO",
        "COB_C_PCT": 100.0,
        "ESTADO_C": "CUBIERTO",
        "COB_B_ANTERIOR_PCT": 100.0,
        "ESTADO_B_ANTERIOR": "CUBIERTO",
        "COB_C_ANTERIOR_PCT": 100.0,
        "ESTADO_C_ANTERIOR": "CUBIERTO"
      },
      "geometry": {
        "type": "MultiPolygon",
        "coordinates": [
          [
            [
              [
                -78.64423955545723,
                -1.6759408117616093
              ],
              [
                -78.64424063597657,
                -1.6750368579179165
              ],
              [
                -78.64334234484642,
                -1.6750357706744199
              ],
              [
                -78.64334126391599,
                -1.6759397239310476
              ],
              [
                -78.64423955545723,
                -1.6759408117616093
              ]
            ]
          ]
        ]
      }
    },
    {
      "type": "Feature",
      "properties": {
        "CELL_ID": "GIU100-22-61",
        "AMBITO": "URBANO",
        "CATEGORIA": "CONVIVENCIA",
        "PLATAFORMA": "PLATAFORMA O",
        "PARROQUIA": null,
        "DISTANCE_M": 200,
        "CELL_SIZE_M": 100,
        "COUNT": 7,
        "GI_ZSCORE": 2.6180067174521997,
        "GI_PVALUE": 0.008844506399366079,
        "GI_CLASS": "HOTSPOT 99%",
        "GI_STAR": 2.6180067174521997,
        "SIGNIFICANCIA": 99,
        "SUMA_LOCAL": 82,
        "NIVEL": 99,
        "COB_A_PCT": 100.0,
        "ESTADO_A": "CUBIERTO",
        "COB_B_PCT": 100.0,
        "ESTADO_B": "CUBIERTO",
        "COB_C_PCT": 100.0,
        "ESTADO_C": "CUBIERTO",
        "COB_B_ANTERIOR_PCT": 100.0,
        "ESTADO_B_ANTERIOR": "CUBIERTO",
        "COB_C_ANTERIOR_PCT": 100.0,
        "ESTADO_C_ANTERIOR": "CUBIERTO"
      },
      "geometry": {
        "type": "MultiPolygon",
        "coordinates": [
          [
            [
              [
                -78.64334126391599,
                -1.6759397239310476
              ],
              [
                -78.64334234484642,
                -1.6750357706744199
              ],
              [
                -78.64244405430026,
                -1.675034683017353
              ],
              [
                -78.64244297295875,
                -1.6759386356866917
              ],
              [
                -78.64334126391599,
                -1.6759397239310476
              ]
            ]
          ]
        ]
      }
    },
    {
      "type": "Feature",
      "properties": {
        "CELL_ID": "GIU100-22-62",
        "AMBITO": "URBANO",
        "CATEGORIA": "CONVIVENCIA",
        "PLATAFORMA": "PLATAFORMA O",
        "PARROQUIA": null,
        "DISTANCE_M": 200,
        "CELL_SIZE_M": 100,
        "COUNT": 0,
        "GI_ZSCORE": 2.009194177255071,
        "GI_PVALUE": 0.044516544991471604,
        "GI_CLASS": "HOTSPOT 95%",
        "GI_STAR": 2.009194177255071,
        "SIGNIFICANCIA": 95,
        "SUMA_LOCAL": 69,
        "NIVEL": 95,
        "COB_A_PCT": 94.64558443177303,
        "ESTADO_A": "PARCIALMENTE CUBIERTO",
        "COB_B_PCT": 97.59312469339427,
        "ESTADO_B": "PARCIALMENTE CUBIERTO",
        "COB_C_PCT": 97.59312469339427,
        "ESTADO_C": "PARCIALMENTE CUBIERTO",
        "COB_B_ANTERIOR_PCT": 94.64558443177303,
        "ESTADO_B_ANTERIOR": "PARCIALMENTE CUBIERTO",
        "COB_C_ANTERIOR_PCT": 94.64558443177303,
        "ESTADO_C_ANTERIOR": "PARCIALMENTE CUBIERTO"
      },
      "geometry": {
        "type": "MultiPolygon",
        "coordinates": [
          [
            [
              [
                -78.64244297295875,
                -1.6759386356866917
              ],
              [
                -78.64244405430026,
                -1.675034683017353
              ],
              [
                -78.64154576433833,
                -1.6750335949467172
              ],
              [
                -78.64154468258573,
                -1.675937547028544
              ],
              [
                -78.64244297295875,
                -1.6759386356866917
              ]
            ]
          ]
        ]
      }
    },
    {
      "type": "Feature",
      "properties": {
        "CELL_ID": "GIU100-23-44",
        "AMBITO": "URBANO",
        "CATEGORIA": "CONVIVENCIA",
        "PLATAFORMA": "PLATAFORMA J",
        "PARROQUIA": null,
        "DISTANCE_M": 200,
        "CELL_SIZE_M": 100,
        "COUNT": 2,
        "GI_ZSCORE": 2.9926605883427406,
        "GI_PVALUE": 0.0027655712654136473,
        "GI_CLASS": "HOTSPOT 99%",
        "GI_STAR": 2.9926605883427406,
        "SIGNIFICANCIA": 99,
        "SUMA_LOCAL": 90,
        "NIVEL": 99,
        "COB_A_PCT": 2.899267088294053,
        "ESTADO_A": "PARCIALMENTE CUBIERTO",
        "COB_B_PCT": 2.899267088294053,
        "ESTADO_B": "PARCIALMENTE CUBIERTO",
        "COB_C_PCT": 100.0,
        "ESTADO_C": "CUBIERTO",
        "COB_B_ANTERIOR_PCT": 2.899267088294053,
        "ESTADO_B_ANTERIOR": "PARCIALMENTE CUBIERTO",
        "COB_C_ANTERIOR_PCT": 100.0,
        "ESTADO_C_ANTERIOR": "CUBIERTO"
      },
      "geometry": {
        "type": "MultiPolygon",
        "coordinates": [
          [
            [
              [
                -78.6586133733024,
                -1.6750541975672075
              ],
              [
                -78.65861444666388,
                -1.6741502343517833
              ],
              [
                -78.65771614663075,
                -1.674149154309085
              ],
              [
                -78.6577150728584,
                -1.6750531169410174
              ],
              [
                -78.6586133733024,
                -1.6750541975672075
              ]
            ]
          ]
        ]
      }
    },
    {
      "type": "Feature",
      "properties": {
        "CELL_ID": "GIU100-23-45",
        "AMBITO": "URBANO",
        "CATEGORIA": "CONVIVENCIA",
        "PLATAFORMA": "PLATAFORMA J",
        "PARROQUIA": null,
        "DISTANCE_M": 200,
        "CELL_SIZE_M": 100,
        "COUNT": 8,
        "GI_ZSCORE": 3.2736509915106464,
        "GI_PVALUE": 0.0010616765207486114,
        "GI_CLASS": "HOTSPOT 99%",
        "GI_STAR": 3.2736509915106464,
        "SIGNIFICANCIA": 99,
        "SUMA_LOCAL": 96,
        "NIVEL": 99,
        "COB_A_PCT": 0.0,
        "ESTADO_A": "SIN COBERTURA",
        "COB_B_PCT": 0.0,
        "ESTADO_B": "SIN COBERTURA",
        "COB_C_PCT": 100.0,
        "ESTADO_C": "CUBIERTO",
        "COB_B_ANTERIOR_PCT": 0.0,
        "ESTADO_B_ANTERIOR": "SIN COBERTURA",
        "COB_C_ANTERIOR_PCT": 100.0,
        "ESTADO_C_ANTERIOR": "CUBIERTO"
      },
      "geometry": {
        "type": "MultiPolygon",
        "coordinates": [
          [
            [
              [
                -78.6577150728584,
                -1.6750531169410174
              ],
              [
                -78.65771614663075,
                -1.674149154309085
              ],
              [
                -78.65681784717808,
                -1.6741480738530186
              ],
              [
                -78.65681677299483,
                -1.6750520359012364
              ],
              [
                -78.6577150728584,
                -1.6750531169410174
              ]
            ]
          ]
        ]
      }
    },
    {
      "type": "Feature",
      "properties": {
        "CELL_ID": "GIU100-23-46",
        "AMBITO": "URBANO",
        "CATEGORIA": "CONVIVENCIA",
        "PLATAFORMA": "PLATAFORMA J",
        "PARROQUIA": null,
        "DISTANCE_M": 200,
        "CELL_SIZE_M": 100,
        "COUNT": 43,
        "GI_ZSCORE": 3.695136596262505,
        "GI_PVALUE": 0.00021976860497864372,
        "GI_CLASS": "HOTSPOT 99%",
        "GI_STAR": 3.695136596262505,
        "SIGNIFICANCIA": 99,
        "SUMA_LOCAL": 105,
        "NIVEL": 99,
        "COB_A_PCT": 25.366227411065356,
        "ESTADO_A": "PARCIALMENTE CUBIERTO",
        "COB_B_PCT": 25.366227411065356,
        "ESTADO_B": "PARCIALMENTE CUBIERTO",
        "COB_C_PCT": 100.0,
        "ESTADO_C": "CUBIERTO",
        "COB_B_ANTERIOR_PCT": 25.366227411065356,
        "ESTADO_B_ANTERIOR": "PARCIALMENTE CUBIERTO",
        "COB_C_ANTERIOR_PCT": 100.0,
        "ESTADO_C_ANTERIOR": "CUBIERTO"
      },
      "geometry": {
        "type": "MultiPolygon",
        "coordinates": [
          [
            [
              [
                -78.65681677299483,
                -1.6750520359012364
              ],
              [
                -78.65681784717808,
                -1.6741480738530186
              ],
              [
                -78.65591954830607,
                -1.6741469929835857
              ],
              [
                -78.65591847371194,
                -1.6750509544478642
              ],
              [
                -78.65681677299483,
                -1.6750520359012364
              ]
            ]
          ]
        ]
      }
    },
    {
      "type": "Feature",
      "properties": {
        "CELL_ID": "GIU100-23-47",
        "AMBITO": "URBANO",
        "CATEGORIA": "CONVIVENCIA",
        "PLATAFORMA": "PLATAFORMA J",
        "PARROQUIA": null,
        "DISTANCE_M": 200,
        "CELL_SIZE_M": 100,
        "COUNT": 8,
        "GI_ZSCORE": 3.695136596262505,
        "GI_PVALUE": 0.00021976860497864372,
        "GI_CLASS": "HOTSPOT 99%",
        "GI_STAR": 3.695136596262505,
        "SIGNIFICANCIA": 99,
        "SUMA_LOCAL": 105,
        "NIVEL": 99,
        "COB_A_PCT": 43.75409227866393,
        "ESTADO_A": "PARCIALMENTE CUBIERTO",
        "COB_B_PCT": 43.75409227866393,
        "ESTADO_B": "PARCIALMENTE CUBIERTO",
        "COB_C_PCT": 93.7825039692018,
        "ESTADO_C": "PARCIALMENTE CUBIERTO",
        "COB_B_ANTERIOR_PCT": 43.75409227866393,
        "ESTADO_B_ANTERIOR": "PARCIALMENTE CUBIERTO",
        "COB_C_ANTERIOR_PCT": 93.7825039692018,
        "ESTADO_C_ANTERIOR": "PARCIALMENTE CUBIERTO"
      },
      "geometry": {
        "type": "MultiPolygon",
        "coordinates": [
          [
            [
              [
                -78.65591847371194,
                -1.6750509544478642
              ],
              [
                -78.65591954830607,
                -1.6741469929835857
              ],
              [
                -78.65502125001495,
                -1.674145911700786
              ],
              [
                -78.65502017500994,
                -1.6750498725809035
              ],
              [
                -78.65591847371194,
                -1.6750509544478642
              ]
            ]
          ]
        ]
      }
    },
    {
      "type": "Feature",
      "properties": {
        "CELL_ID": "GIU100-23-48",
        "AMBITO": "URBANO",
        "CATEGORIA": "CONVIVENCIA",
        "PLATAFORMA": "PLATAFORMA J",
        "PARROQUIA": null,
        "DISTANCE_M": 200,
        "CELL_SIZE_M": 100,
        "COUNT": 4,
        "GI_ZSCORE": 3.320482725371964,
        "GI_PVALUE": 0.0008986192016483554,
        "GI_CLASS": "HOTSPOT 99%",
        "GI_STAR": 3.320482725371964,
        "SIGNIFICANCIA": 99,
        "SUMA_LOCAL": 97,
        "NIVEL": 99,
        "COB_A_PCT": 41.14278519559116,
        "ESTADO_A": "PARCIALMENTE CUBIERTO",
        "COB_B_PCT": 41.14278519559116,
        "ESTADO_B": "PARCIALMENTE CUBIERTO",
        "COB_C_PCT": 83.16716175806006,
        "ESTADO_C": "PARCIALMENTE CUBIERTO",
        "COB_B_ANTERIOR_PCT": 41.14278519559116,
        "ESTADO_B_ANTERIOR": "PARCIALMENTE CUBIERTO",
        "COB_C_ANTERIOR_PCT": 90.15257114233161,
        "ESTADO_C_ANTERIOR": "PARCIALMENTE CUBIERTO"
      },
      "geometry": {
        "type": "MultiPolygon",
        "coordinates": [
          [
            [
              [
                -78.65502017500994,
                -1.6750498725809035
              ],
              [
                -78.65502125001495,
                -1.674145911700786
              ],
              [
                -78.65412295230496,
                -1.6741448300046227
              ],
              [
                -78.65412187688905,
                -1.6750487903003548
              ],
              [
                -78.65502017500994,
                -1.6750498725809035
              ]
            ]
          ]
        ]
      }
    },
    {
      "type": "Feature",
      "properties": {
        "CELL_ID": "GIU100-23-49",
        "AMBITO": "URBANO",
        "CATEGORIA": "CONVIVENCIA",
        "PLATAFORMA": "PLATAFORMA J",
        "PARROQUIA": null,
        "DISTANCE_M": 200,
        "CELL_SIZE_M": 100,
        "COUNT": 5,
        "GI_ZSCORE": 1.7282037740871654,
        "GI_PVALUE": 0.08395169734710652,
        "GI_CLASS": "HOTSPOT 90%",
        "GI_STAR": 1.7282037740871654,
        "SIGNIFICANCIA": 90,
        "SUMA_LOCAL": 63,
        "NIVEL": 90,
        "COB_A_PCT": 16.615559251562587,
        "ESTADO_A": "PARCIALMENTE CUBIERTO",
        "COB_B_PCT": 16.615559251562587,
        "ESTADO_B": "PARCIALMENTE CUBIERTO",
        "COB_C_PCT": 28.75836799852299,
        "ESTADO_C": "PARCIALMENTE CUBIERTO",
        "COB_B_ANTERIOR_PCT": 16.615559251562587,
        "ESTADO_B_ANTERIOR": "PARCIALMENTE CUBIERTO",
        "COB_C_ANTERIOR_PCT": 100.0,
        "ESTADO_C_ANTERIOR": "CUBIERTO"
      },
      "geometry": {
        "type": "MultiPolygon",
        "coordinates": [
          [
            [
              [
                -78.65412187688905,
                -1.6750487903003548
              ],
              [
                -78.65412295230496,
                -1.6741448300046227
              ],
              [
                -78.6532246551763,
                -1.6741437478950965
              ],
              [
                -78.65322357934951,
                -1.67504770760622
              ],
              [
                -78.65412187688905,
                -1.6750487903003548
              ]
            ]
          ]
        ]
      }
    },
    {
      "type": "Feature",
      "properties": {
        "CELL_ID": "GIU100-24-42",
        "AMBITO": "URBANO",
        "CATEGORIA": "CONVIVENCIA",
        "PLATAFORMA": "PLATAFORMA J",
        "PARROQUIA": null,
        "DISTANCE_M": 200,
        "CELL_SIZE_M": 100,
        "COUNT": 3,
        "GI_ZSCORE": 1.6813720402258479,
        "GI_PVALUE": 0.09269067286521332,
        "GI_CLASS": "HOTSPOT 90%",
        "GI_STAR": 1.6813720402258479,
        "SIGNIFICANCIA": 90,
        "SUMA_LOCAL": 62,
        "NIVEL": 90,
        "COB_A_PCT": 0.0,
        "ESTADO_A": "SIN COBERTURA",
        "COB_B_PCT": 100.0,
        "ESTADO_B": "CUBIERTO",
        "COB_C_PCT": 100.0,
        "ESTADO_C": "CUBIERTO",
        "COB_B_ANTERIOR_PCT": 0.0,
        "ESTADO_B_ANTERIOR": "SIN COBERTURA",
        "COB_C_ANTERIOR_PCT": 100.0,
        "ESTADO_C_ANTERIOR": "CUBIERTO"
      },
      "geometry": {
        "type": "MultiPolygon",
        "coordinates": [
          [
            [
              [
                -78.66041104847059,
                -1.674152393197069
              ],
              [
                -78.66041212043051,
                -1.6732484288062799
              ],
              [
                -78.65951381964781,
                -1.6732473501733676
              ],
              [
                -78.65951274727723,
                -1.6741513139811113
              ],
              [
                -78.66041104847059,
                -1.674152393197069
              ]
            ]
          ]
        ]
      }
    },
    {
      "type": "Feature",
      "properties": {
        "CELL_ID": "GIU100-24-45",
        "AMBITO": "URBANO",
        "CATEGORIA": "CONVIVENCIA",
        "PLATAFORMA": "PLATAFORMA J",
        "PARROQUIA": null,
        "DISTANCE_M": 200,
        "CELL_SIZE_M": 100,
        "COUNT": 2,
        "GI_ZSCORE": 3.554641394678552,
        "GI_PVALUE": 0.00037849493700507666,
        "GI_CLASS": "HOTSPOT 99%",
        "GI_STAR": 3.554641394678552,
        "SIGNIFICANCIA": 99,
        "SUMA_LOCAL": 102,
        "NIVEL": 99,
        "COB_A_PCT": 33.956014477336375,
        "ESTADO_A": "PARCIALMENTE CUBIERTO",
        "COB_B_PCT": 33.956014477336375,
        "ESTADO_B": "PARCIALMENTE CUBIERTO",
        "COB_C_PCT": 100.0,
        "ESTADO_C": "CUBIERTO",
        "COB_B_ANTERIOR_PCT": 33.956014477336375,
        "ESTADO_B_ANTERIOR": "PARCIALMENTE CUBIERTO",
        "COB_C_ANTERIOR_PCT": 100.0,
        "ESTADO_C_ANTERIOR": "CUBIERTO"
      },
      "geometry": {
        "type": "MultiPolygon",
        "coordinates": [
          [
            [
              [
                -78.65771614663075,
                -1.674149154309085
              ],
              [
                -78.65771721982267,
                -1.6732451916681002
              ],
              [
                -78.65681892078067,
                -1.6732441117957484
              ],
              [
                -78.65681784717808,
                -1.6741480738530186
              ],
              [
                -78.65771614663075,
                -1.674149154309085
              ]
            ]
          ]
        ]
      }
    },
    {
      "type": "Feature",
      "properties": {
        "CELL_ID": "GIU100-24-46",
        "AMBITO": "URBANO",
        "CATEGORIA": "CONVIVENCIA",
        "PLATAFORMA": "PLATAFORMA J",
        "PARROQUIA": null,
        "DISTANCE_M": 200,
        "CELL_SIZE_M": 100,
        "COUNT": 12,
        "GI_ZSCORE": 4.1634539348756805,
        "GI_PVALUE": 3.134692908179604e-05,
        "GI_CLASS": "HOTSPOT 99%",
        "GI_STAR": 4.1634539348756805,
        "SIGNIFICANCIA": 99,
        "SUMA_LOCAL": 115,
        "NIVEL": 99,
        "COB_A_PCT": 99.86385336485777,
        "ESTADO_A": "PARCIALMENTE CUBIERTO",
        "COB_B_PCT": 99.86385336485777,
        "ESTADO_B": "PARCIALMENTE CUBIERTO",
        "COB_C_PCT": 100.0,
        "ESTADO_C": "CUBIERTO",
        "COB_B_ANTERIOR_PCT": 99.86385336485777,
        "ESTADO_B_ANTERIOR": "PARCIALMENTE CUBIERTO",
        "COB_C_ANTERIOR_PCT": 100.0,
        "ESTADO_C_ANTERIOR": "CUBIERTO"
      },
      "geometry": {
        "type": "MultiPolygon",
        "coordinates": [
          [
            [
              [
                -78.65681784717808,
                -1.6741480738530186
              ],
              [
                -78.65681892078067,
                -1.6732441117957484
              ],
              [
                -78.65592062231931,
                -1.673243031510253
              ],
              [
                -78.65591954830607,
                -1.6741469929835857
              ],
              [
                -78.65681784717808,
                -1.6741480738530186
              ]
            ]
          ]
        ]
      }
    },
    {
      "type": "Feature",
      "properties": {
        "CELL_ID": "GIU100-24-47",
        "AMBITO": "URBANO",
        "CATEGORIA": "CONVIVENCIA",
        "PLATAFORMA": "PLATAFORMA J",
        "PARROQUIA": null,
        "DISTANCE_M": 200,
        "CELL_SIZE_M": 100,
        "COUNT": 4,
        "GI_ZSCORE": 3.6483048624011873,
        "GI_PVALUE": 0.00026397628969026214,
        "GI_CLASS": "HOTSPOT 99%",
        "GI_STAR": 3.6483048624011873,
        "SIGNIFICANCIA": 99,
        "SUMA_LOCAL": 104,
        "NIVEL": 99,
        "COB_A_PCT": 100.0,
        "ESTADO_A": "CUBIERTO",
        "COB_B_PCT": 100.0,
        "ESTADO_B": "CUBIERTO",
        "COB_C_PCT": 100.0,
        "ESTADO_C": "CUBIERTO",
        "COB_B_ANTERIOR_PCT": 100.0,
        "ESTADO_B_ANTERIOR": "CUBIERTO",
        "COB_C_ANTERIOR_PCT": 100.0,
        "ESTADO_C_ANTERIOR": "CUBIERTO"
      },
      "geometry": {
        "type": "MultiPolygon",
        "coordinates": [
          [
            [
              [
                -78.65591954830607,
                -1.6741469929835857
              ],
              [
                -78.65592062231931,
                -1.673243031510253
              ],
              [
                -78.65502232443887,
                -1.673241950811615
              ],
              [
                -78.65502125001495,
                -1.674145911700786
              ],
              [
                -78.65591954830607,
                -1.6741469929835857
              ]
            ]
          ]
        ]
      }
    },
    {
      "type": "Feature",
      "properties": {
        "CELL_ID": "GIU100-24-48",
        "AMBITO": "URBANO",
        "CATEGORIA": "CONVIVENCIA",
        "PLATAFORMA": "PLATAFORMA J",
        "PARROQUIA": null,
        "DISTANCE_M": 200,
        "CELL_SIZE_M": 100,
        "COUNT": 7,
        "GI_ZSCORE": 2.571174983590882,
        "GI_PVALUE": 0.010135410129819897,
        "GI_CLASS": "HOTSPOT 95%",
        "GI_STAR": 2.571174983590882,
        "SIGNIFICANCIA": 95,
        "SUMA_LOCAL": 81,
        "NIVEL": 95,
        "COB_A_PCT": 100.0,
        "ESTADO_A": "CUBIERTO",
        "COB_B_PCT": 100.0,
        "ESTADO_B": "CUBIERTO",
        "COB_C_PCT": 100.0,
        "ESTADO_C": "CUBIERTO",
        "COB_B_ANTERIOR_PCT": 100.0,
        "ESTADO_B_ANTERIOR": "CUBIERTO",
        "COB_C_ANTERIOR_PCT": 100.0,
        "ESTADO_C_ANTERIOR": "CUBIERTO"
      },
      "geometry": {
        "type": "MultiPolygon",
        "coordinates": [
          [
            [
              [
                -78.65502125001495,
                -1.674145911700786
              ],
              [
                -78.65502232443887,
                -1.673241950811615
              ],
              [
                -78.65412402713953,
                -1.673240869699836
              ],
              [
                -78.65412295230496,
                -1.6741448300046227
              ],
              [
                -78.65502125001495,
                -1.674145911700786
              ]
            ]
          ]
        ]
      }
    },
    {
      "type": "Feature",
      "properties": {
        "CELL_ID": "GIU100-24-49",
        "AMBITO": "URBANO",
        "CATEGORIA": "CONVIVENCIA",
        "PLATAFORMA": "PLATAFORMA K",
        "PARROQUIA": null,
        "DISTANCE_M": 200,
        "CELL_SIZE_M": 100,
        "COUNT": 0,
        "GI_ZSCORE": 2.383848048145612,
        "GI_PVALUE": 0.017132674951699872,
        "GI_CLASS": "HOTSPOT 95%",
        "GI_STAR": 2.383848048145612,
        "SIGNIFICANCIA": 95,
        "SUMA_LOCAL": 77,
        "NIVEL": 95,
        "COB_A_PCT": 97.36481392975345,
        "ESTADO_A": "PARCIALMENTE CUBIERTO",
        "COB_B_PCT": 97.36481392975345,
        "ESTADO_B": "PARCIALMENTE CUBIERTO",
        "COB_C_PCT": 97.36481392975345,
        "ESTADO_C": "PARCIALMENTE CUBIERTO",
        "COB_B_ANTERIOR_PCT": 97.36481392975345,
        "ESTADO_B_ANTERIOR": "PARCIALMENTE CUBIERTO",
        "COB_C_ANTERIOR_PCT": 100.0,
        "ESTADO_C_ANTERIOR": "CUBIERTO"
      },
      "geometry": {
        "type": "MultiPolygon",
        "coordinates": [
          [
            [
              [
                -78.65412295230496,
                -1.6741448300046227
              ],
              [
                -78.65412402713953,
                -1.673240869699836
              ],
              [
                -78.65322573042154,
                -1.6732397881749177
              ],
              [
                -78.6532246551763,
                -1.6741437478950965
              ],
              [
                -78.65412295230496,
                -1.6741448300046227
              ]
            ]
          ]
        ]
      }
    },
    {
      "type": "Feature",
      "properties": {
        "CELL_ID": "GIU100-24-50",
        "AMBITO": "URBANO",
        "CATEGORIA": "CONVIVENCIA",
        "PLATAFORMA": "PLATAFORMA K",
        "PARROQUIA": null,
        "DISTANCE_M": 200,
        "CELL_SIZE_M": 100,
        "COUNT": 3,
        "GI_ZSCORE": 2.1496893788390237,
        "GI_PVALUE": 0.031579793147695115,
        "GI_CLASS": "HOTSPOT 95%",
        "GI_STAR": 2.1496893788390237,
        "SIGNIFICANCIA": 95,
        "SUMA_LOCAL": 72,
        "NIVEL": 95,
        "COB_A_PCT": 69.05736558912737,
        "ESTADO_A": "PARCIALMENTE CUBIERTO",
        "COB_B_PCT": 69.05736558912737,
        "ESTADO_B": "PARCIALMENTE CUBIERTO",
        "COB_C_PCT": 69.05736558912737,
        "ESTADO_C": "PARCIALMENTE CUBIERTO",
        "COB_B_ANTERIOR_PCT": 69.05736558912737,
        "ESTADO_B_ANTERIOR": "PARCIALMENTE CUBIERTO",
        "COB_C_ANTERIOR_PCT": 100.0,
        "ESTADO_C_ANTERIOR": "CUBIERTO"
      },
      "geometry": {
        "type": "MultiPolygon",
        "coordinates": [
          [
            [
              [
                -78.6532246551763,
                -1.6741437478950965
              ],
              [
                -78.65322573042154,
                -1.6732397881749177
              ],
              [
                -78.6523274342851,
                -1.673238706236861
              ],
              [
                -78.6523263586292,
                -1.6741426653722082
              ],
              [
                -78.6532246551763,
                -1.6741437478950965
              ]
            ]
          ]
        ]
      }
    },
    {
      "type": "Feature",
      "properties": {
        "CELL_ID": "GIU100-25-45",
        "AMBITO": "URBANO",
        "CATEGORIA": "CONVIVENCIA",
        "PLATAFORMA": "PLATAFORMA J",
        "PARROQUIA": null,
        "DISTANCE_M": 200,
        "CELL_SIZE_M": 100,
        "COUNT": 5,
        "GI_ZSCORE": 2.1496893788390237,
        "GI_PVALUE": 0.031579793147695115,
        "GI_CLASS": "HOTSPOT 95%",
        "GI_STAR": 2.1496893788390237,
        "SIGNIFICANCIA": 95,
        "SUMA_LOCAL": 72,
        "NIVEL": 95,
        "COB_A_PCT": 81.56382520080611,
        "ESTADO_A": "PARCIALMENTE CUBIERTO",
        "COB_B_PCT": 81.56382520080611,
        "ESTADO_B": "PARCIALMENTE CUBIERTO",
        "COB_C_PCT": 99.9486835862949,
        "ESTADO_C": "PARCIALMENTE CUBIERTO",
        "COB_B_ANTERIOR_PCT": 81.56382520080611,
        "ESTADO_B_ANTERIOR": "PARCIALMENTE CUBIERTO",
        "COB_C_ANTERIOR_PCT": 99.9486835862949,
        "ESTADO_C_ANTERIOR": "PARCIALMENTE CUBIERTO"
      },
      "geometry": {
        "type": "MultiPolygon",
        "coordinates": [
          [
            [
              [
                -78.65771721982267,
                -1.6732451916681002
              ],
              [
                -78.65771829243413,
                -1.6723412290180673
              ],
              [
                -78.65681999380256,
                -1.6723401497294297
              ],
              [
                -78.65681892078067,
                -1.6732441117957484
              ],
              [
                -78.65771721982267,
                -1.6732451916681002
              ]
            ]
          ]
        ]
      }
    },
    {
      "type": "Feature",
      "properties": {
        "CELL_ID": "GIU100-25-46",
        "AMBITO": "URBANO",
        "CATEGORIA": "CONVIVENCIA",
        "PLATAFORMA": "PLATAFORMA J",
        "PARROQUIA": null,
        "DISTANCE_M": 200,
        "CELL_SIZE_M": 100,
        "COUNT": 6,
        "GI_ZSCORE": 3.414146193094599,
        "GI_PVALUE": 0.0006398223409609499,
        "GI_CLASS": "HOTSPOT 99%",
        "GI_STAR": 3.414146193094599,
        "SIGNIFICANCIA": 99,
        "SUMA_LOCAL": 99,
        "NIVEL": 99,
        "COB_A_PCT": 100.0,
        "ESTADO_A": "CUBIERTO",
        "COB_B_PCT": 100.0,
        "ESTADO_B": "CUBIERTO",
        "COB_C_PCT": 100.0,
        "ESTADO_C": "CUBIERTO",
        "COB_B_ANTERIOR_PCT": 100.0,
        "ESTADO_B_ANTERIOR": "CUBIERTO",
        "COB_C_ANTERIOR_PCT": 100.0,
        "ESTADO_C_ANTERIOR": "CUBIERTO"
      },
      "geometry": {
        "type": "MultiPolygon",
        "coordinates": [
          [
            [
              [
                -78.65681892078067,
                -1.6732441117957484
              ],
              [
                -78.65681999380256,
                -1.6723401497294297
              ],
              [
                -78.65592169575167,
                -1.672339070027872
              ],
              [
                -78.65592062231931,
                -1.673243031510253
              ],
              [
                -78.65681892078067,
                -1.6732441117957484
              ]
            ]
          ]
        ]
      }
    },
    {
      "type": "Feature",
      "properties": {
        "CELL_ID": "GIU100-25-47",
        "AMBITO": "URBANO",
        "CATEGORIA": "CONVIVENCIA",
        "PLATAFORMA": "PLATAFORMA K",
        "PARROQUIA": null,
        "DISTANCE_M": 200,
        "CELL_SIZE_M": 100,
        "COUNT": 4,
        "GI_ZSCORE": 3.2736509915106464,
        "GI_PVALUE": 0.0010616765207486114,
        "GI_CLASS": "HOTSPOT 99%",
        "GI_STAR": 3.2736509915106464,
        "SIGNIFICANCIA": 99,
        "SUMA_LOCAL": 96,
        "NIVEL": 99,
        "COB_A_PCT": 100.0,
        "ESTADO_A": "CUBIERTO",
        "COB_B_PCT": 100.0,
        "ESTADO_B": "CUBIERTO",
        "COB_C_PCT": 100.0,
        "ESTADO_C": "CUBIERTO",
        "COB_B_ANTERIOR_PCT": 100.0,
        "ESTADO_B_ANTERIOR": "CUBIERTO",
        "COB_C_ANTERIOR_PCT": 100.0,
        "ESTADO_C_ANTERIOR": "CUBIERTO"
      },
      "geometry": {
        "type": "MultiPolygon",
        "coordinates": [
          [
            [
              [
                -78.65592062231931,
                -1.673243031510253
              ],
              [
                -78.65592169575167,
                -1.672339070027872
              ],
              [
                -78.65502339828166,
                -1.6723379899133946
              ],
              [
                -78.65502232443887,
                -1.673241950811615
              ],
              [
                -78.65592062231931,
                -1.673243031510253
              ]
            ]
          ]
        ]
      }
    },
    {
      "type": "Feature",
      "properties": {
        "CELL_ID": "GIU100-25-48",
        "AMBITO": "URBANO",
        "CATEGORIA": "CONVIVENCIA",
        "PLATAFORMA": "PLATAFORMA K",
        "PARROQUIA": null,
        "DISTANCE_M": 200,
        "CELL_SIZE_M": 100,
        "COUNT": 7,
        "GI_ZSCORE": 2.571174983590882,
        "GI_PVALUE": 0.010135410129819897,
        "GI_CLASS": "HOTSPOT 95%",
        "GI_STAR": 2.571174983590882,
        "SIGNIFICANCIA": 95,
        "SUMA_LOCAL": 81,
        "NIVEL": 95,
        "COB_A_PCT": 100.0,
        "ESTADO_A": "CUBIERTO",
        "COB_B_PCT": 100.0,
        "ESTADO_B": "CUBIERTO",
        "COB_C_PCT": 100.0,
        "ESTADO_C": "CUBIERTO",
        "COB_B_ANTERIOR_PCT": 100.0,
        "ESTADO_B_ANTERIOR": "CUBIERTO",
        "COB_C_ANTERIOR_PCT": 100.0,
        "ESTADO_C_ANTERIOR": "CUBIERTO"
      },
      "geometry": {
        "type": "MultiPolygon",
        "coordinates": [
          [
            [
              [
                -78.65502232443887,
                -1.673241950811615
              ],
              [
                -78.65502339828166,
                -1.6723379899133946
              ],
              [
                -78.65412510139276,
                -1.6723369093859997
              ],
              [
                -78.65412402713953,
                -1.673240869699836
              ],
              [
                -78.65502232443887,
                -1.673241950811615
              ]
            ]
          ]
        ]
      }
    },
    {
      "type": "Feature",
      "properties": {
        "CELL_ID": "GIU100-25-49",
        "AMBITO": "URBANO",
        "CATEGORIA": "CONVIVENCIA",
        "PLATAFORMA": "PLATAFORMA K",
        "PARROQUIA": null,
        "DISTANCE_M": 200,
        "CELL_SIZE_M": 100,
        "COUNT": 21,
        "GI_ZSCORE": 2.5243432497295646,
        "GI_PVALUE": 0.011591468620709831,
        "GI_CLASS": "HOTSPOT 95%",
        "GI_STAR": 2.5243432497295646,
        "SIGNIFICANCIA": 95,
        "SUMA_LOCAL": 80,
        "NIVEL": 95,
        "COB_A_PCT": 100.0,
        "ESTADO_A": "CUBIERTO",
        "COB_B_PCT": 100.0,
        "ESTADO_B": "CUBIERTO",
        "COB_C_PCT": 100.0,
        "ESTADO_C": "CUBIERTO",
        "COB_B_ANTERIOR_PCT": 100.0,
        "ESTADO_B_ANTERIOR": "CUBIERTO",
        "COB_C_ANTERIOR_PCT": 100.0,
        "ESTADO_C_ANTERIOR": "CUBIERTO"
      },
      "geometry": {
        "type": "MultiPolygon",
        "coordinates": [
          [
            [
              [
                -78.65412402713953,
                -1.673240869699836
              ],
              [
                -78.65412510139276,
                -1.6723369093859997
              ],
              [
                -78.65322680508521,
                -1.6723358284456888
              ],
              [
                -78.65322573042154,
                -1.6732397881749177
              ],
              [
                -78.65412402713953,
                -1.673240869699836
              ]
            ]
          ]
        ]
      }
    },
    {
      "type": "Feature",
      "properties": {
        "CELL_ID": "GIU100-25-50",
        "AMBITO": "URBANO",
        "CATEGORIA": "CONVIVENCIA",
        "PLATAFORMA": "PLATAFORMA K",
        "PARROQUIA": null,
        "DISTANCE_M": 200,
        "CELL_SIZE_M": 100,
        "COUNT": 4,
        "GI_ZSCORE": 2.1965211127003417,
        "GI_PVALUE": 0.028054665702614886,
        "GI_CLASS": "HOTSPOT 95%",
        "GI_STAR": 2.1965211127003417,
        "SIGNIFICANCIA": 95,
        "SUMA_LOCAL": 73,
        "NIVEL": 95,
        "COB_A_PCT": 100.0,
        "ESTADO_A": "CUBIERTO",
        "COB_B_PCT": 100.0,
        "ESTADO_B": "CUBIERTO",
        "COB_C_PCT": 100.0,
        "ESTADO_C": "CUBIERTO",
        "COB_B_ANTERIOR_PCT": 100.0,
        "ESTADO_B_ANTERIOR": "CUBIERTO",
        "COB_C_ANTERIOR_PCT": 100.0,
        "ESTADO_C_ANTERIOR": "CUBIERTO"
      },
      "geometry": {
        "type": "MultiPolygon",
        "coordinates": [
          [
            [
              [
                -78.65322573042154,
                -1.6732397881749177
              ],
              [
                -78.65322680508521,
                -1.6723358284456888
              ],
              [
                -78.65232850935921,
                -1.6723347470924625
              ],
              [
                -78.6523274342851,
                -1.673238706236861
              ],
              [
                -78.65322573042154,
                -1.6732397881749177
              ]
            ]
          ]
        ]
      }
    },
    {
      "type": "Feature",
      "properties": {
        "CELL_ID": "GIU100-25-51",
        "AMBITO": "URBANO",
        "CATEGORIA": "CONVIVENCIA",
        "PLATAFORMA": "PLATAFORMA K",
        "PARROQUIA": null,
        "DISTANCE_M": 200,
        "CELL_SIZE_M": 100,
        "COUNT": 3,
        "GI_ZSCORE": 2.5243432497295646,
        "GI_PVALUE": 0.011591468620709831,
        "GI_CLASS": "HOTSPOT 95%",
        "GI_STAR": 2.5243432497295646,
        "SIGNIFICANCIA": 95,
        "SUMA_LOCAL": 80,
        "NIVEL": 95,
        "COB_A_PCT": 100.0,
        "ESTADO_A": "CUBIERTO",
        "COB_B_PCT": 100.0,
        "ESTADO_B": "CUBIERTO",
        "COB_C_PCT": 100.0,
        "ESTADO_C": "CUBIERTO",
        "COB_B_ANTERIOR_PCT": 100.0,
        "ESTADO_B_ANTERIOR": "CUBIERTO",
        "COB_C_ANTERIOR_PCT": 100.0,
        "ESTADO_C_ANTERIOR": "CUBIERTO"
      },
      "geometry": {
        "type": "MultiPolygon",
        "coordinates": [
          [
            [
              [
                -78.6523274342851,
                -1.673238706236861
              ],
              [
                -78.65232850935921,
                -1.6723347470924625
              ],
              [
                -78.65143021421498,
                -1.6723336653263225
              ],
              [
                -78.65142913873044,
                -1.6732376238856663
              ],
              [
                -78.6523274342851,
                -1.673238706236861
              ]
            ]
          ]
        ]
      }
    },
    {
      "type": "Feature",
      "properties": {
        "CELL_ID": "GIU100-25-52",
        "AMBITO": "URBANO",
        "CATEGORIA": "CONVIVENCIA",
        "PLATAFORMA": "PLATAFORMA K",
        "PARROQUIA": null,
        "DISTANCE_M": 200,
        "CELL_SIZE_M": 100,
        "COUNT": 3,
        "GI_ZSCORE": 1.7282037740871654,
        "GI_PVALUE": 0.08395169734710652,
        "GI_CLASS": "HOTSPOT 90%",
        "GI_STAR": 1.7282037740871654,
        "SIGNIFICANCIA": 90,
        "SUMA_LOCAL": 63,
        "NIVEL": 90,
        "COB_A_PCT": 100.0,
        "ESTADO_A": "CUBIERTO",
        "COB_B_PCT": 100.0,
        "ESTADO_B": "CUBIERTO",
        "COB_C_PCT": 100.0,
        "ESTADO_C": "CUBIERTO",
        "COB_B_ANTERIOR_PCT": 100.0,
        "ESTADO_B_ANTERIOR": "CUBIERTO",
        "COB_C_ANTERIOR_PCT": 100.0,
        "ESTADO_C_ANTERIOR": "CUBIERTO"
      },
      "geometry": {
        "type": "MultiPolygon",
        "coordinates": [
          [
            [
              [
                -78.65142913873044,
                -1.6732376238856663
              ],
              [
                -78.65143021421498,
                -1.6723336653263225
              ],
              [
                -78.65053191965276,
                -1.6723325831472702
              ],
              [
                -78.65053084375778,
                -1.6732365411213372
              ],
              [
                -78.65142913873044,
                -1.6732376238856663
              ]
            ]
          ]
        ]
      }
    },
    {
      "type": "Feature",
      "properties": {
        "CELL_ID": "GIU100-25-53",
        "AMBITO": "URBANO",
        "CATEGORIA": "CONVIVENCIA",
        "PLATAFORMA": "PLATAFORMA K",
        "PARROQUIA": null,
        "DISTANCE_M": 200,
        "CELL_SIZE_M": 100,
        "COUNT": 6,
        "GI_ZSCORE": 2.3370163142842943,
        "GI_PVALUE": 0.019438335809464875,
        "GI_CLASS": "HOTSPOT 95%",
        "GI_STAR": 2.3370163142842943,
        "SIGNIFICANCIA": 95,
        "SUMA_LOCAL": 76,
        "NIVEL": 95,
        "COB_A_PCT": 100.0,
        "ESTADO_A": "CUBIERTO",
        "COB_B_PCT": 100.0,
        "ESTADO_B": "CUBIERTO",
        "COB_C_PCT": 100.0,
        "ESTADO_C": "CUBIERTO",
        "COB_B_ANTERIOR_PCT": 100.0,
        "ESTADO_B_ANTERIOR": "CUBIERTO",
        "COB_C_ANTERIOR_PCT": 100.0,
        "ESTADO_C_ANTERIOR": "CUBIERTO"
      },
      "geometry": {
        "type": "MultiPolygon",
        "coordinates": [
          [
            [
              [
                -78.65053084375778,
                -1.6732365411213372
              ],
              [
                -78.65053191965276,
                -1.6723325831472702
              ],
              [
                -78.64963362567275,
                -1.6723315005553068
              ],
              [
                -78.64963254936734,
                -1.673235457943873
              ],
              [
                -78.65053084375778,
                -1.6732365411213372
              ]
            ]
          ]
        ]
      }
    },
    {
      "type": "Feature",
      "properties": {
        "CELL_ID": "GIU100-26-46",
        "AMBITO": "URBANO",
        "CATEGORIA": "CONVIVENCIA",
        "PLATAFORMA": "PLATAFORMA J",
        "PARROQUIA": null,
        "DISTANCE_M": 200,
        "CELL_SIZE_M": 100,
        "COUNT": 8,
        "GI_ZSCORE": 1.8686989756711183,
        "GI_PVALUE": 0.06166470661734565,
        "GI_CLASS": "HOTSPOT 90%",
        "GI_STAR": 1.8686989756711183,
        "SIGNIFICANCIA": 90,
        "SUMA_LOCAL": 66,
        "NIVEL": 90,
        "COB_A_PCT": 100.0,
        "ESTADO_A": "CUBIERTO",
        "COB_B_PCT": 100.0,
        "ESTADO_B": "CUBIERTO",
        "COB_C_PCT": 100.0,
        "ESTADO_C": "CUBIERTO",
        "COB_B_ANTERIOR_PCT": 100.0,
        "ESTADO_B_ANTERIOR": "CUBIERTO",
        "COB_C_ANTERIOR_PCT": 100.0,
        "ESTADO_C_ANTERIOR": "CUBIERTO"
      },
      "geometry": {
        "type": "MultiPolygon",
        "coordinates": [
          [
            [
              [
                -78.65681999380256,
                -1.6723401497294297
              ],
              [
                -78.65682106624381,
                -1.6714361876540684
              ],
              [
                -78.65592276860313,
                -1.6714351085364467
              ],
              [
                -78.65592169575167,
                -1.672339070027872
              ],
              [
                -78.65681999380256,
                -1.6723401497294297
              ]
            ]
          ]
        ]
      }
    },
    {
      "type": "Feature",
      "properties": {
        "CELL_ID": "GIU100-26-47",
        "AMBITO": "URBANO",
        "CATEGORIA": "CONVIVENCIA",
        "PLATAFORMA": "PLATAFORMA K",
        "PARROQUIA": null,
        "DISTANCE_M": 200,
        "CELL_SIZE_M": 100,
        "COUNT": 2,
        "GI_ZSCORE": 2.0560259111163885,
        "GI_PVALUE": 0.03978001871232449,
        "GI_CLASS": "HOTSPOT 95%",
        "GI_STAR": 2.0560259111163885,
        "SIGNIFICANCIA": 95,
        "SUMA_LOCAL": 70,
        "NIVEL": 95,
        "COB_A_PCT": 100.0,
        "ESTADO_A": "CUBIERTO",
        "COB_B_PCT": 100.0,
        "ESTADO_B": "CUBIERTO",
        "COB_C_PCT": 100.0,
        "ESTADO_C": "CUBIERTO",
        "COB_B_ANTERIOR_PCT": 100.0,
        "ESTADO_B_ANTERIOR": "CUBIERTO",
        "COB_C_ANTERIOR_PCT": 100.0,
        "ESTADO_C_ANTERIOR": "CUBIERTO"
      },
      "geometry": {
        "type": "MultiPolygon",
        "coordinates": [
          [
            [
              [
                -78.65592169575167,
                -1.672339070027872
              ],
              [
                -78.65592276860313,
                -1.6714351085364467
              ],
              [
                -78.65502447154334,
                -1.67143402900613
              ],
              [
                -78.65502339828166,
                -1.6723379899133946
              ],
              [
                -78.65592169575167,
                -1.672339070027872
              ]
            ]
          ]
        ]
      }
    },
    {
      "type": "Feature",
      "properties": {
        "CELL_ID": "GIU100-26-48",
        "AMBITO": "URBANO",
        "CATEGORIA": "CONVIVENCIA",
        "PLATAFORMA": "PLATAFORMA K",
        "PARROQUIA": null,
        "DISTANCE_M": 200,
        "CELL_SIZE_M": 100,
        "COUNT": 3,
        "GI_ZSCORE": 3.414146193094599,
        "GI_PVALUE": 0.0006398223409609499,
        "GI_CLASS": "HOTSPOT 99%",
        "GI_STAR": 3.414146193094599,
        "SIGNIFICANCIA": 99,
        "SUMA_LOCAL": 99,
        "NIVEL": 99,
        "COB_A_PCT": 100.0,
        "ESTADO_A": "CUBIERTO",
        "COB_B_PCT": 100.0,
        "ESTADO_B": "CUBIERTO",
        "COB_C_PCT": 100.0,
        "ESTADO_C": "CUBIERTO",
        "COB_B_ANTERIOR_PCT": 100.0,
        "ESTADO_B_ANTERIOR": "CUBIERTO",
        "COB_C_ANTERIOR_PCT": 100.0,
        "ESTADO_C_ANTERIOR": "CUBIERTO"
      },
      "geometry": {
        "type": "MultiPolygon",
        "coordinates": [
          [
            [
              [
                -78.65502339828166,
                -1.6723379899133946
              ],
              [
                -78.65502447154334,
                -1.67143402900613
              ],
              [
                -78.65412617506468,
                -1.6714329490631188
              ],
              [
                -78.65412510139276,
                -1.6723369093859997
              ],
              [
                -78.65502339828166,
                -1.6723379899133946
              ]
            ]
          ]
        ]
      }
    },
    {
      "type": "Feature",
      "properties": {
        "CELL_ID": "GIU100-26-49",
        "AMBITO": "URBANO",
        "CATEGORIA": "CONVIVENCIA",
        "PLATAFORMA": "PLATAFORMA K",
        "PARROQUIA": null,
        "DISTANCE_M": 200,
        "CELL_SIZE_M": 100,
        "COUNT": 13,
        "GI_ZSCORE": 2.9926605883427406,
        "GI_PVALUE": 0.0027655712654136473,
        "GI_CLASS": "HOTSPOT 99%",
        "GI_STAR": 2.9926605883427406,
        "SIGNIFICANCIA": 99,
        "SUMA_LOCAL": 90,
        "NIVEL": 99,
        "COB_A_PCT": 100.0,
        "ESTADO_A": "CUBIERTO",
        "COB_B_PCT": 100.0,
        "ESTADO_B": "CUBIERTO",
        "COB_C_PCT": 100.0,
        "ESTADO_C": "CUBIERTO",
        "COB_B_ANTERIOR_PCT": 100.0,
        "ESTADO_B_ANTERIOR": "CUBIERTO",
        "COB_C_ANTERIOR_PCT": 100.0,
        "ESTADO_C_ANTERIOR": "CUBIERTO"
      },
      "geometry": {
        "type": "MultiPolygon",
        "coordinates": [
          [
            [
              [
                -78.65412510139276,
                -1.6723369093859997
              ],
              [
                -78.65412617506468,
                -1.6714329490631188
              ],
              [
                -78.65322787916733,
                -1.6714318687074146
              ],
              [
                -78.65322680508521,
                -1.6723358284456888
              ],
              [
                -78.65412510139276,
                -1.6723369093859997
              ]
            ]
          ]
        ]
      }
    },
    {
      "type": "Feature",
      "properties": {
        "CELL_ID": "GIU100-26-50",
        "AMBITO": "URBANO",
        "CATEGORIA": "CONVIVENCIA",
        "PLATAFORMA": "PLATAFORMA K",
        "PARROQUIA": null,
        "DISTANCE_M": 200,
        "CELL_SIZE_M": 100,
        "COUNT": 10,
        "GI_ZSCORE": 2.6648384513135177,
        "GI_PVALUE": 0.007702531482686286,
        "GI_CLASS": "HOTSPOT 99%",
        "GI_STAR": 2.6648384513135177,
        "SIGNIFICANCIA": 99,
        "SUMA_LOCAL": 83,
        "NIVEL": 99,
        "COB_A_PCT": 100.0,
        "ESTADO_A": "CUBIERTO",
        "COB_B_PCT": 100.0,
        "ESTADO_B": "CUBIERTO",
        "COB_C_PCT": 100.0,
        "ESTADO_C": "CUBIERTO",
        "COB_B_ANTERIOR_PCT": 100.0,
        "ESTADO_B_ANTERIOR": "CUBIERTO",
        "COB_C_ANTERIOR_PCT": 100.0,
        "ESTADO_C_ANTERIOR": "CUBIERTO"
      },
      "geometry": {
        "type": "MultiPolygon",
        "coordinates": [
          [
            [
              [
                -78.65322680508521,
                -1.6723358284456888
              ],
              [
                -78.65322787916733,
                -1.6714318687074146
              ],
              [
                -78.65232958385154,
                -1.6714307879390184
              ],
              [
                -78.65232850935921,
                -1.6723347470924625
              ],
              [
                -78.65322680508521,
                -1.6723358284456888
              ]
            ]
          ]
        ]
      }
    },
    {
      "type": "Feature",
      "properties": {
        "CELL_ID": "GIU100-26-51",
        "AMBITO": "URBANO",
        "CATEGORIA": "CONVIVENCIA",
        "PLATAFORMA": "PLATAFORMA K",
        "PARROQUIA": null,
        "DISTANCE_M": 200,
        "CELL_SIZE_M": 100,
        "COUNT": 1,
        "GI_ZSCORE": 1.8686989756711183,
        "GI_PVALUE": 0.06166470661734565,
        "GI_CLASS": "HOTSPOT 90%",
        "GI_STAR": 1.8686989756711183,
        "SIGNIFICANCIA": 90,
        "SUMA_LOCAL": 66,
        "NIVEL": 90,
        "COB_A_PCT": 100.0,
        "ESTADO_A": "CUBIERTO",
        "COB_B_PCT": 100.0,
        "ESTADO_B": "CUBIERTO",
        "COB_C_PCT": 100.0,
        "ESTADO_C": "CUBIERTO",
        "COB_B_ANTERIOR_PCT": 100.0,
        "ESTADO_B_ANTERIOR": "CUBIERTO",
        "COB_C_ANTERIOR_PCT": 100.0,
        "ESTADO_C_ANTERIOR": "CUBIERTO"
      },
      "geometry": {
        "type": "MultiPolygon",
        "coordinates": [
          [
            [
              [
                -78.65232850935921,
                -1.6723347470924625
              ],
              [
                -78.65232958385154,
                -1.6714307879390184
              ],
              [
                -78.65143128911753,
                -1.6714297067579318
              ],
              [
                -78.65143021421498,
                -1.6723336653263225
              ],
              [
                -78.65232850935921,
                -1.6723347470924625
              ]
            ]
          ]
        ]
      }
    },
    {
      "type": "Feature",
      "properties": {
        "CELL_ID": "GIU100-26-52",
        "AMBITO": "URBANO",
        "CATEGORIA": "CONVIVENCIA",
        "PLATAFORMA": "PLATAFORMA K",
        "PARROQUIA": null,
        "DISTANCE_M": 200,
        "CELL_SIZE_M": 100,
        "COUNT": 5,
        "GI_ZSCORE": 2.383848048145612,
        "GI_PVALUE": 0.017132674951699872,
        "GI_CLASS": "HOTSPOT 95%",
        "GI_STAR": 2.383848048145612,
        "SIGNIFICANCIA": 95,
        "SUMA_LOCAL": 77,
        "NIVEL": 95,
        "COB_A_PCT": 100.0,
        "ESTADO_A": "CUBIERTO",
        "COB_B_PCT": 100.0,
        "ESTADO_B": "CUBIERTO",
        "COB_C_PCT": 100.0,
        "ESTADO_C": "CUBIERTO",
        "COB_B_ANTERIOR_PCT": 100.0,
        "ESTADO_B_ANTERIOR": "CUBIERTO",
        "COB_C_ANTERIOR_PCT": 100.0,
        "ESTADO_C_ANTERIOR": "CUBIERTO"
      },
      "geometry": {
        "type": "MultiPolygon",
        "coordinates": [
          [
            [
              [
                -78.65143021421498,
                -1.6723336653263225
              ],
              [
                -78.65143128911753,
                -1.6714297067579318
              ],
              [
                -78.65053299496552,
                -1.6714286251641564
              ],
              [
                -78.65053191965276,
                -1.6723325831472702
              ],
              [
                -78.65143021421498,
                -1.6723336653263225
              ]
            ]
          ]
        ]
      }
    },
    {
      "type": "Feature",
      "properties": {
        "CELL_ID": "GIU100-26-53",
        "AMBITO": "URBANO",
        "CATEGORIA": "CONVIVENCIA",
        "PLATAFORMA": "PLATAFORMA K",
        "PARROQUIA": null,
        "DISTANCE_M": 200,
        "CELL_SIZE_M": 100,
        "COUNT": 5,
        "GI_ZSCORE": 2.009194177255071,
        "GI_PVALUE": 0.044516544991471604,
        "GI_CLASS": "HOTSPOT 95%",
        "GI_STAR": 2.009194177255071,
        "SIGNIFICANCIA": 95,
        "SUMA_LOCAL": 69,
        "NIVEL": 95,
        "COB_A_PCT": 100.0,
        "ESTADO_A": "CUBIERTO",
        "COB_B_PCT": 100.0,
        "ESTADO_B": "CUBIERTO",
        "COB_C_PCT": 100.0,
        "ESTADO_C": "CUBIERTO",
        "COB_B_ANTERIOR_PCT": 100.0,
        "ESTADO_B_ANTERIOR": "CUBIERTO",
        "COB_C_ANTERIOR_PCT": 100.0,
        "ESTADO_C_ANTERIOR": "CUBIERTO"
      },
      "geometry": {
        "type": "MultiPolygon",
        "coordinates": [
          [
            [
              [
                -78.65053191965276,
                -1.6723325831472702
              ],
              [
                -78.65053299496552,
                -1.6714286251641564
              ],
              [
                -78.64963470139574,
                -1.671427543157693
              ],
              [
                -78.64963362567275,
                -1.6723315005553068
              ],
              [
                -78.65053191965276,
                -1.6723325831472702
              ]
            ]
          ]
        ]
      }
    },
    {
      "type": "Feature",
      "properties": {
        "CELL_ID": "GIU100-27-46",
        "AMBITO": "URBANO",
        "CATEGORIA": "CONVIVENCIA",
        "PLATAFORMA": "PLATAFORMA J",
        "PARROQUIA": null,
        "DISTANCE_M": 200,
        "CELL_SIZE_M": 100,
        "COUNT": 1,
        "GI_ZSCORE": 1.6813720402258479,
        "GI_PVALUE": 0.09269067286521332,
        "GI_CLASS": "HOTSPOT 90%",
        "GI_STAR": 1.6813720402258479,
        "SIGNIFICANCIA": 90,
        "SUMA_LOCAL": 62,
        "NIVEL": 90,
        "COB_A_PCT": 100.0,
        "ESTADO_A": "CUBIERTO",
        "COB_B_PCT": 100.0,
        "ESTADO_B": "CUBIERTO",
        "COB_C_PCT": 100.0,
        "ESTADO_C": "CUBIERTO",
        "COB_B_ANTERIOR_PCT": 100.0,
        "ESTADO_B_ANTERIOR": "CUBIERTO",
        "COB_C_ANTERIOR_PCT": 100.0,
        "ESTADO_C_ANTERIOR": "CUBIERTO"
      },
      "geometry": {
        "type": "MultiPolygon",
        "coordinates": [
          [
            [
              [
                -78.65682106624381,
                -1.6714361876540684
              ],
              [
                -78.65682213810439,
                -1.6705322255696682
              ],
              [
                -78.6559238408737,
                -1.6705311470359836
              ],
              [
                -78.65592276860313,
                -1.6714351085364467
              ],
              [
                -78.65682106624381,
                -1.6714361876540684
              ]
            ]
          ]
        ]
      }
    },
    {
      "type": "Feature",
      "properties": {
        "CELL_ID": "GIU100-27-48",
        "AMBITO": "URBANO",
        "CATEGORIA": "CONVIVENCIA",
        "PLATAFORMA": "PLATAFORMA K",
        "PARROQUIA": null,
        "DISTANCE_M": 200,
        "CELL_SIZE_M": 100,
        "COUNT": 6,
        "GI_ZSCORE": 3.4609779269559167,
        "GI_PVALUE": 0.0005382169403015827,
        "GI_CLASS": "HOTSPOT 99%",
        "GI_STAR": 3.4609779269559167,
        "SIGNIFICANCIA": 99,
        "SUMA_LOCAL": 100,
        "NIVEL": 99,
        "COB_A_PCT": 100.0,
        "ESTADO_A": "CUBIERTO",
        "COB_B_PCT": 100.0,
        "ESTADO_B": "CUBIERTO",
        "COB_C_PCT": 100.0,
        "ESTADO_C": "CUBIERTO",
        "COB_B_ANTERIOR_PCT": 100.0,
        "ESTADO_B_ANTERIOR": "CUBIERTO",
        "COB_C_ANTERIOR_PCT": 100.0,
        "ESTADO_C_ANTERIOR": "CUBIERTO"
      },
      "geometry": {
        "type": "MultiPolygon",
        "coordinates": [
          [
            [
              [
                -78.65502447154334,
                -1.67143402900613
              ],
              [
                -78.65502554422393,
                -1.6705300680898263
              ],
              [
                -78.65412724815523,
                -1.6705289887311978
              ],
              [
                -78.65412617506468,
                -1.6714329490631188
              ],
              [
                -78.65502447154334,
                -1.67143402900613
              ]
            ]
          ]
        ]
      }
    },
    {
      "type": "Feature",
      "properties": {
        "CELL_ID": "GIU100-27-49",
        "AMBITO": "URBANO",
        "CATEGORIA": "CONVIVENCIA",
        "PLATAFORMA": "PLATAFORMA K",
        "PARROQUIA": null,
        "DISTANCE_M": 200,
        "CELL_SIZE_M": 100,
        "COUNT": 0,
        "GI_ZSCORE": 4.303949136459634,
        "GI_PVALUE": 1.677801988126097e-05,
        "GI_CLASS": "HOTSPOT 99%",
        "GI_STAR": 4.303949136459634,
        "SIGNIFICANCIA": 99,
        "SUMA_LOCAL": 118,
        "NIVEL": 99,
        "COB_A_PCT": 100.0,
        "ESTADO_A": "CUBIERTO",
        "COB_B_PCT": 100.0,
        "ESTADO_B": "CUBIERTO",
        "COB_C_PCT": 100.0,
        "ESTADO_C": "CUBIERTO",
        "COB_B_ANTERIOR_PCT": 100.0,
        "ESTADO_B_ANTERIOR": "CUBIERTO",
        "COB_C_ANTERIOR_PCT": 100.0,
        "ESTADO_C_ANTERIOR": "CUBIERTO"
      },
      "geometry": {
        "type": "MultiPolygon",
        "coordinates": [
          [
            [
              [
                -78.65412617506468,
                -1.6714329490631188
              ],
              [
                -78.65412724815523,
                -1.6705289887311978
              ],
              [
                -78.65322895266789,
                -1.6705279089600997
              ],
              [
                -78.65322787916733,
                -1.6714318687074146
              ],
              [
                -78.65412617506468,
                -1.6714329490631188
              ]
            ]
          ]
        ]
      }
    },
    {
      "type": "Feature",
      "properties": {
        "CELL_ID": "GIU100-27-50",
        "AMBITO": "URBANO",
        "CATEGORIA": "CONVIVENCIA",
        "PLATAFORMA": "PLATAFORMA K",
        "PARROQUIA": null,
        "DISTANCE_M": 200,
        "CELL_SIZE_M": 100,
        "COUNT": 1,
        "GI_ZSCORE": 2.7116701851748353,
        "GI_PVALUE": 0.00669451659092863,
        "GI_CLASS": "HOTSPOT 99%",
        "GI_STAR": 2.7116701851748353,
        "SIGNIFICANCIA": 99,
        "SUMA_LOCAL": 84,
        "NIVEL": 99,
        "COB_A_PCT": 100.0,
        "ESTADO_A": "CUBIERTO",
        "COB_B_PCT": 100.0,
        "ESTADO_B": "CUBIERTO",
        "COB_C_PCT": 100.0,
        "ESTADO_C": "CUBIERTO",
        "COB_B_ANTERIOR_PCT": 100.0,
        "ESTADO_B_ANTERIOR": "CUBIERTO",
        "COB_C_ANTERIOR_PCT": 100.0,
        "ESTADO_C_ANTERIOR": "CUBIERTO"
      },
      "geometry": {
        "type": "MultiPolygon",
        "coordinates": [
          [
            [
              [
                -78.65322787916733,
                -1.6714318687074146
              ],
              [
                -78.65322895266789,
                -1.6705279089600997
              ],
              [
                -78.65233065776209,
                -1.6705268287765336
              ],
              [
                -78.65232958385154,
                -1.6714307879390184
              ],
              [
                -78.65322787916733,
                -1.6714318687074146
              ]
            ]
          ]
        ]
      }
    },
    {
      "type": "Feature",
      "properties": {
        "CELL_ID": "GIU100-27-51",
        "AMBITO": "URBANO",
        "CATEGORIA": "CONVIVENCIA",
        "PLATAFORMA": "PLATAFORMA K",
        "PARROQUIA": null,
        "DISTANCE_M": 200,
        "CELL_SIZE_M": 100,
        "COUNT": 10,
        "GI_ZSCORE": 1.9155307095324359,
        "GI_PVALUE": 0.055424856621911066,
        "GI_CLASS": "HOTSPOT 90%",
        "GI_STAR": 1.9155307095324359,
        "SIGNIFICANCIA": 90,
        "SUMA_LOCAL": 67,
        "NIVEL": 90,
        "COB_A_PCT": 100.0,
        "ESTADO_A": "CUBIERTO",
        "COB_B_PCT": 100.0,
        "ESTADO_B": "CUBIERTO",
        "COB_C_PCT": 100.0,
        "ESTADO_C": "CUBIERTO",
        "COB_B_ANTERIOR_PCT": 100.0,
        "ESTADO_B_ANTERIOR": "CUBIERTO",
        "COB_C_ANTERIOR_PCT": 100.0,
        "ESTADO_C_ANTERIOR": "CUBIERTO"
      },
      "geometry": {
        "type": "MultiPolygon",
        "coordinates": [
          [
            [
              [
                -78.65232958385154,
                -1.6714307879390184
              ],
              [
                -78.65233065776209,
                -1.6705268287765336
              ],
              [
                -78.65143236343808,
                -1.6705257481804996
              ],
              [
                -78.65143128911753,
                -1.6714297067579318
              ],
              [
                -78.65232958385154,
                -1.6714307879390184
              ]
            ]
          ]
        ]
      }
    },
    {
      "type": "Feature",
      "properties": {
        "CELL_ID": "GIU100-28-46",
        "AMBITO": "URBANO",
        "CATEGORIA": "CONVIVENCIA",
        "PLATAFORMA": "PLATAFORMA J",
        "PARROQUIA": null,
        "DISTANCE_M": 200,
        "CELL_SIZE_M": 100,
        "COUNT": 7,
        "GI_ZSCORE": 2.3370163142842943,
        "GI_PVALUE": 0.019438335809464875,
        "GI_CLASS": "HOTSPOT 95%",
        "GI_STAR": 2.3370163142842943,
        "SIGNIFICANCIA": 95,
        "SUMA_LOCAL": 76,
        "NIVEL": 95,
        "COB_A_PCT": 100.0,
        "ESTADO_A": "CUBIERTO",
        "COB_B_PCT": 100.0,
        "ESTADO_B": "CUBIERTO",
        "COB_C_PCT": 100.0,
        "ESTADO_C": "CUBIERTO",
        "COB_B_ANTERIOR_PCT": 100.0,
        "ESTADO_B_ANTERIOR": "CUBIERTO",
        "COB_C_ANTERIOR_PCT": 100.0,
        "ESTADO_C_ANTERIOR": "CUBIERTO"
      },
      "geometry": {
        "type": "MultiPolygon",
        "coordinates": [
          [
            [
              [
                -78.65682213810439,
                -1.6705322255696682
              ],
              [
                -78.65682320938429,
                -1.6696282634762347
              ],
              [
                -78.65592491256339,
                -1.6696271855264857
              ],
              [
                -78.6559238408737,
                -1.6705311470359836
              ],
              [
                -78.65682213810439,
                -1.6705322255696682
              ]
            ]
          ]
        ]
      }
    },
    {
      "type": "Feature",
      "properties": {
        "CELL_ID": "GIU100-28-47",
        "AMBITO": "URBANO",
        "CATEGORIA": "CONVIVENCIA",
        "PLATAFORMA": "PLATAFORMA K",
        "PARROQUIA": null,
        "DISTANCE_M": 200,
        "CELL_SIZE_M": 100,
        "COUNT": 4,
        "GI_ZSCORE": 4.77226647507281,
        "GI_PVALUE": 1.8216426563463607e-06,
        "GI_CLASS": "HOTSPOT 99%",
        "GI_STAR": 4.77226647507281,
        "SIGNIFICANCIA": 99,
        "SUMA_LOCAL": 128,
        "NIVEL": 99,
        "COB_A_PCT": 100.0,
        "ESTADO_A": "CUBIERTO",
        "COB_B_PCT": 100.0,
        "ESTADO_B": "CUBIERTO",
        "COB_C_PCT": 100.0,
        "ESTADO_C": "CUBIERTO",
        "COB_B_ANTERIOR_PCT": 100.0,
        "ESTADO_B_ANTERIOR": "CUBIERTO",
        "COB_C_ANTERIOR_PCT": 100.0,
        "ESTADO_C_ANTERIOR": "CUBIERTO"
      },
      "geometry": {
        "type": "MultiPolygon",
        "coordinates": [
          [
            [
              [
                -78.6559238408737,
                -1.6705311470359836
              ],
              [
                -78.65592491256339,
                -1.6696271855264857
              ],
              [
                -78.65502661632338,
                -1.6696261071644878
              ],
              [
                -78.65502554422393,
                -1.6705300680898263
              ],
              [
                -78.6559238408737,
                -1.6705311470359836
              ]
            ]
          ]
        ]
      }
    },
    {
      "type": "Feature",
      "properties": {
        "CELL_ID": "GIU100-28-48",
        "AMBITO": "URBANO",
        "CATEGORIA": "CONVIVENCIA",
        "PLATAFORMA": "PLATAFORMA K",
        "PARROQUIA": null,
        "DISTANCE_M": 200,
        "CELL_SIZE_M": 100,
        "COUNT": 9,
        "GI_ZSCORE": 3.554641394678552,
        "GI_PVALUE": 0.00037849493700507666,
        "GI_CLASS": "HOTSPOT 99%",
        "GI_STAR": 3.554641394678552,
        "SIGNIFICANCIA": 99,
        "SUMA_LOCAL": 102,
        "NIVEL": 99,
        "COB_A_PCT": 100.0,
        "ESTADO_A": "CUBIERTO",
        "COB_B_PCT": 100.0,
        "ESTADO_B": "CUBIERTO",
        "COB_C_PCT": 100.0,
        "ESTADO_C": "CUBIERTO",
        "COB_B_ANTERIOR_PCT": 100.0,
        "ESTADO_B_ANTERIOR": "CUBIERTO",
        "COB_C_ANTERIOR_PCT": 100.0,
        "ESTADO_C_ANTERIOR": "CUBIERTO"
      },
      "geometry": {
        "type": "MultiPolygon",
        "coordinates": [
          [
            [
              [
                -78.65502554422393,
                -1.6705300680898263
              ],
              [
                -78.65502661632338,
                -1.6696261071644878
              ],
              [
                -78.65412832066447,
                -1.6696250283902418
              ],
              [
                -78.65412724815523,
                -1.6705289887311978
              ],
              [
                -78.65502554422393,
                -1.6705300680898263
              ]
            ]
          ]
        ]
      }
    },
    {
      "type": "Feature",
      "properties": {
        "CELL_ID": "GIU100-28-49",
        "AMBITO": "URBANO",
        "CATEGORIA": "CONVIVENCIA",
        "PLATAFORMA": "PLATAFORMA K",
        "PARROQUIA": null,
        "DISTANCE_M": 200,
        "CELL_SIZE_M": 100,
        "COUNT": 22,
        "GI_ZSCORE": 3.414146193094599,
        "GI_PVALUE": 0.0006398223409609499,
        "GI_CLASS": "HOTSPOT 99%",
        "GI_STAR": 3.414146193094599,
        "SIGNIFICANCIA": 99,
        "SUMA_LOCAL": 99,
        "NIVEL": 99,
        "COB_A_PCT": 100.0,
        "ESTADO_A": "CUBIERTO",
        "COB_B_PCT": 100.0,
        "ESTADO_B": "CUBIERTO",
        "COB_C_PCT": 100.0,
        "ESTADO_C": "CUBIERTO",
        "COB_B_ANTERIOR_PCT": 100.0,
        "ESTADO_B_ANTERIOR": "CUBIERTO",
        "COB_C_ANTERIOR_PCT": 100.0,
        "ESTADO_C_ANTERIOR": "CUBIERTO"
      },
      "geometry": {
        "type": "MultiPolygon",
        "coordinates": [
          [
            [
              [
                -78.65412724815523,
                -1.6705289887311978
              ],
              [
                -78.65412832066447,
                -1.6696250283902418
              ],
              [
                -78.6532300255869,
                -1.6696239492037497
              ],
              [
                -78.65322895266789,
                -1.6705279089600997
              ],
              [
                -78.65412724815523,
                -1.6705289887311978
              ]
            ]
          ]
        ]
      }
    },
    {
      "type": "Feature",
      "properties": {
        "CELL_ID": "GIU100-28-50",
        "AMBITO": "URBANO",
        "CATEGORIA": "CONVIVENCIA",
        "PLATAFORMA": "PLATAFORMA K",
        "PARROQUIA": null,
        "DISTANCE_M": 200,
        "CELL_SIZE_M": 100,
        "COUNT": 9,
        "GI_ZSCORE": 2.477511515868247,
        "GI_PVALUE": 0.013230213927944054,
        "GI_CLASS": "HOTSPOT 95%",
        "GI_STAR": 2.477511515868247,
        "SIGNIFICANCIA": 95,
        "SUMA_LOCAL": 79,
        "NIVEL": 95,
        "COB_A_PCT": 100.0,
        "ESTADO_A": "CUBIERTO",
        "COB_B_PCT": 100.0,
        "ESTADO_B": "CUBIERTO",
        "COB_C_PCT": 100.0,
        "ESTADO_C": "CUBIERTO",
        "COB_B_ANTERIOR_PCT": 100.0,
        "ESTADO_B_ANTERIOR": "CUBIERTO",
        "COB_C_ANTERIOR_PCT": 100.0,
        "ESTADO_C_ANTERIOR": "CUBIERTO"
      },
      "geometry": {
        "type": "MultiPolygon",
        "coordinates": [
          [
            [
              [
                -78.65322895266789,
                -1.6705279089600997
              ],
              [
                -78.6532300255869,
                -1.6696239492037497
              ],
              [
                -78.65233173109087,
                -1.6696228696050128
              ],
              [
                -78.65233065776209,
                -1.6705268287765336
              ],
              [
                -78.65322895266789,
                -1.6705279089600997
              ]
            ]
          ]
        ]
      }
    },
    {
      "type": "Feature",
      "properties": {
        "CELL_ID": "GIU100-28-51",
        "AMBITO": "URBANO",
        "CATEGORIA": "CONVIVENCIA",
        "PLATAFORMA": "PLATAFORMA K",
        "PARROQUIA": null,
        "DISTANCE_M": 200,
        "CELL_SIZE_M": 100,
        "COUNT": 3,
        "GI_ZSCORE": 1.8218672418098005,
        "GI_PVALUE": 0.06847513187592394,
        "GI_CLASS": "HOTSPOT 90%",
        "GI_STAR": 1.8218672418098005,
        "SIGNIFICANCIA": 90,
        "SUMA_LOCAL": 65,
        "NIVEL": 90,
        "COB_A_PCT": 100.0,
        "ESTADO_A": "CUBIERTO",
        "COB_B_PCT": 100.0,
        "ESTADO_B": "CUBIERTO",
        "COB_C_PCT": 100.0,
        "ESTADO_C": "CUBIERTO",
        "COB_B_ANTERIOR_PCT": 100.0,
        "ESTADO_B_ANTERIOR": "CUBIERTO",
        "COB_C_ANTERIOR_PCT": 100.0,
        "ESTADO_C_ANTERIOR": "CUBIERTO"
      },
      "geometry": {
        "type": "MultiPolygon",
        "coordinates": [
          [
            [
              [
                -78.65233065776209,
                -1.6705268287765336
              ],
              [
                -78.65233173109087,
                -1.6696228696050128
              ],
              [
                -78.65143343717662,
                -1.6696217895940315
              ],
              [
                -78.65143236343808,
                -1.6705257481804996
              ],
              [
                -78.65233065776209,
                -1.6705268287765336
              ]
            ]
          ]
        ]
      }
    },
    {
      "type": "Feature",
      "properties": {
        "CELL_ID": "GIU100-28-64",
        "AMBITO": "URBANO",
        "CATEGORIA": "CONVIVENCIA",
        "PLATAFORMA": "PLATAFORMA O",
        "PARROQUIA": null,
        "DISTANCE_M": 200,
        "CELL_SIZE_M": 100,
        "COUNT": 2,
        "GI_ZSCORE": 4.303949136459634,
        "GI_PVALUE": 1.677801988126097e-05,
        "GI_CLASS": "HOTSPOT 99%",
        "GI_STAR": 4.303949136459634,
        "SIGNIFICANCIA": 99,
        "SUMA_LOCAL": 118,
        "NIVEL": 99,
        "COB_A_PCT": 0.0,
        "ESTADO_A": "SIN COBERTURA",
        "COB_B_PCT": 0.0,
        "ESTADO_B": "SIN COBERTURA",
        "COB_C_PCT": 34.92398958333598,
        "ESTADO_C": "PARCIALMENTE CUBIERTO",
        "COB_B_ANTERIOR_PCT": 0.0,
        "ESTADO_B_ANTERIOR": "SIN COBERTURA",
        "COB_C_ANTERIOR_PCT": 34.92398958333598,
        "ESTADO_C_ANTERIOR": "PARCIALMENTE CUBIERTO"
      },
      "geometry": {
        "type": "MultiPolygon",
        "coordinates": [
          [
            [
              [
                -78.64065287700927,
                -1.670512748856149
              ],
              [
                -78.64065395566494,
                -1.6696087973077285
              ],
              [
                -78.63975566933398,
                -1.6696077119377
              ],
              [
                -78.63975459026855,
                -1.6705116628981644
              ],
              [
                -78.64065287700927,
                -1.670512748856149
              ]
            ]
          ]
        ]
      }
    },
    {
      "type": "Feature",
      "properties": {
        "CELL_ID": "GIU100-29-44",
        "AMBITO": "URBANO",
        "CATEGORIA": "CONVIVENCIA",
        "PLATAFORMA": "PLATAFORMA J",
        "PARROQUIA": null,
        "DISTANCE_M": 200,
        "CELL_SIZE_M": 100,
        "COUNT": 4,
        "GI_ZSCORE": 2.1965211127003417,
        "GI_PVALUE": 0.028054665702614886,
        "GI_CLASS": "HOTSPOT 95%",
        "GI_STAR": 2.1965211127003417,
        "SIGNIFICANCIA": 95,
        "SUMA_LOCAL": 73,
        "NIVEL": 95,
        "COB_A_PCT": 89.92998986214695,
        "ESTADO_A": "PARCIALMENTE CUBIERTO",
        "COB_B_PCT": 99.84554451174102,
        "ESTADO_B": "PARCIALMENTE CUBIERTO",
        "COB_C_PCT": 99.84554451174102,
        "ESTADO_C": "PARCIALMENTE CUBIERTO",
        "COB_B_ANTERIOR_PCT": 99.84554451174102,
        "ESTADO_B_ANTERIOR": "PARCIALMENTE CUBIERTO",
        "COB_C_ANTERIOR_PCT": 100.0,
        "ESTADO_C_ANTERIOR": "CUBIERTO"
      },
      "geometry": {
        "type": "MultiPolygon",
        "coordinates": [
          [
            [
              [
                -78.65861980476787,
                -1.66963041813898
              ],
              [
                -78.658620874648,
                -1.6687264548693166
              ],
              [
                -78.65772257707555,
                -1.6687253783275586
              ],
              [
                -78.65772150678588,
                -1.669629341013733
              ],
              [
                -78.65861980476787,
                -1.66963041813898
              ]
            ]
          ]
        ]
      }
    },
    {
      "type": "Feature",
      "properties": {
        "CELL_ID": "GIU100-29-45",
        "AMBITO": "URBANO",
        "CATEGORIA": "CONVIVENCIA",
        "PLATAFORMA": "PLATAFORMA J",
        "PARROQUIA": null,
        "DISTANCE_M": 200,
        "CELL_SIZE_M": 100,
        "COUNT": 6,
        "GI_ZSCORE": 1.6813720402258479,
        "GI_PVALUE": 0.09269067286521332,
        "GI_CLASS": "HOTSPOT 90%",
        "GI_STAR": 1.6813720402258479,
        "SIGNIFICANCIA": 90,
        "SUMA_LOCAL": 62,
        "NIVEL": 90,
        "COB_A_PCT": 100.0,
        "ESTADO_A": "CUBIERTO",
        "COB_B_PCT": 100.0,
        "ESTADO_B": "CUBIERTO",
        "COB_C_PCT": 100.0,
        "ESTADO_C": "CUBIERTO",
        "COB_B_ANTERIOR_PCT": 100.0,
        "ESTADO_B_ANTERIOR": "CUBIERTO",
        "COB_C_ANTERIOR_PCT": 100.0,
        "ESTADO_C_ANTERIOR": "CUBIERTO"
      },
      "geometry": {
        "type": "MultiPolygon",
        "coordinates": [
          [
            [
              [
                -78.65772150678588,
                -1.669629341013733
              ],
              [
                -78.65772257707555,
                -1.6687253783275586
              ],
              [
                -78.65682428008353,
                -1.6687243013737723
              ],
              [
                -78.65682320938429,
                -1.6696282634762347
              ],
              [
                -78.65772150678588,
                -1.669629341013733
              ]
            ]
          ]
        ]
      }
    },
    {
      "type": "Feature",
      "properties": {
        "CELL_ID": "GIU100-29-46",
        "AMBITO": "URBANO",
        "CATEGORIA": "CONVIVENCIA",
        "PLATAFORMA": "PLATAFORMA K",
        "PARROQUIA": null,
        "DISTANCE_M": 200,
        "CELL_SIZE_M": 100,
        "COUNT": 12,
        "GI_ZSCORE": 5.0064251443793975,
        "GI_PVALUE": 5.545021143628249e-07,
        "GI_CLASS": "HOTSPOT 99%",
        "GI_STAR": 5.0064251443793975,
        "SIGNIFICANCIA": 99,
        "SUMA_LOCAL": 133,
        "NIVEL": 99,
        "COB_A_PCT": 100.0,
        "ESTADO_A": "CUBIERTO",
        "COB_B_PCT": 100.0,
        "ESTADO_B": "CUBIERTO",
        "COB_C_PCT": 100.0,
        "ESTADO_C": "CUBIERTO",
        "COB_B_ANTERIOR_PCT": 100.0,
        "ESTADO_B_ANTERIOR": "CUBIERTO",
        "COB_C_ANTERIOR_PCT": 100.0,
        "ESTADO_C_ANTERIOR": "CUBIERTO"
      },
      "geometry": {
        "type": "MultiPolygon",
        "coordinates": [
          [
            [
              [
                -78.65682320938429,
                -1.6696282634762347
              ],
              [
                -78.65682428008353,
                -1.6687243013737723
              ],
              [
                -78.65592598367219,
                -1.6687232240079588
              ],
              [
                -78.65592491256339,
                -1.6696271855264857
              ],
              [
                -78.65682320938429,
                -1.6696282634762347
              ]
            ]
          ]
        ]
      }
    },
    {
      "type": "Feature",
      "properties": {
        "CELL_ID": "GIU100-29-47",
        "AMBITO": "URBANO",
        "CATEGORIA": "CONVIVENCIA",
        "PLATAFORMA": "PLATAFORMA K",
        "PARROQUIA": null,
        "DISTANCE_M": 200,
        "CELL_SIZE_M": 100,
        "COUNT": 1,
        "GI_ZSCORE": 5.474742482992574,
        "GI_PVALUE": 4.38148300884828e-08,
        "GI_CLASS": "HOTSPOT 99%",
        "GI_STAR": 5.474742482992574,
        "SIGNIFICANCIA": 99,
        "SUMA_LOCAL": 143,
        "NIVEL": 99,
        "COB_A_PCT": 100.0,
        "ESTADO_A": "CUBIERTO",
        "COB_B_PCT": 100.0,
        "ESTADO_B": "CUBIERTO",
        "COB_C_PCT": 100.0,
        "ESTADO_C": "CUBIERTO",
        "COB_B_ANTERIOR_PCT": 100.0,
        "ESTADO_B_ANTERIOR": "CUBIERTO",
        "COB_C_ANTERIOR_PCT": 100.0,
        "ESTADO_C_ANTERIOR": "CUBIERTO"
      },
      "geometry": {
        "type": "MultiPolygon",
        "coordinates": [
          [
            [
              [
                -78.65592491256339,
                -1.6696271855264857
              ],
              [
                -78.65592598367219,
                -1.6687232240079588
              ],
              [
                -78.65502768784172,
                -1.6687221462301198
              ],
              [
                -78.65502661632338,
                -1.6696261071644878
              ],
              [
                -78.65592491256339,
                -1.6696271855264857
              ]
            ]
          ]
        ]
      }
    },
    {
      "type": "Feature",
      "properties": {
        "CELL_ID": "GIU100-29-48",
        "AMBITO": "URBANO",
        "CATEGORIA": "CONVIVENCIA",
        "PLATAFORMA": "PLATAFORMA K",
        "PARROQUIA": null,
        "DISTANCE_M": 200,
        "CELL_SIZE_M": 100,
        "COUNT": 23,
        "GI_ZSCORE": 5.381079015269939,
        "GI_PVALUE": 7.404068396454464e-08,
        "GI_CLASS": "HOTSPOT 99%",
        "GI_STAR": 5.381079015269939,
        "SIGNIFICANCIA": 99,
        "SUMA_LOCAL": 141,
        "NIVEL": 99,
        "COB_A_PCT": 100.0,
        "ESTADO_A": "CUBIERTO",
        "COB_B_PCT": 100.0,
        "ESTADO_B": "CUBIERTO",
        "COB_C_PCT": 100.0,
        "ESTADO_C": "CUBIERTO",
        "COB_B_ANTERIOR_PCT": 100.0,
        "ESTADO_B_ANTERIOR": "CUBIERTO",
        "COB_C_ANTERIOR_PCT": 100.0,
        "ESTADO_C_ANTERIOR": "CUBIERTO"
      },
      "geometry": {
        "type": "MultiPolygon",
        "coordinates": [
          [
            [
              [
                -78.65502661632338,
                -1.6696261071644878
              ],
              [
                -78.65502768784172,
                -1.6687221462301198
              ],
              [
                -78.65412939259238,
                -1.6687210680402558
              ],
              [
                -78.65412832066447,
                -1.6696250283902418
              ],
              [
                -78.65502661632338,
                -1.6696261071644878
              ]
            ]
          ]
        ]
      }
    },
    {
      "type": "Feature",
      "properties": {
        "CELL_ID": "GIU100-29-49",
        "AMBITO": "URBANO",
        "CATEGORIA": "CONVIVENCIA",
        "PLATAFORMA": "PLATAFORMA K",
        "PARROQUIA": null,
        "DISTANCE_M": 200,
        "CELL_SIZE_M": 100,
        "COUNT": 5,
        "GI_ZSCORE": 2.758501919036153,
        "GI_PVALUE": 0.005806696423975283,
        "GI_CLASS": "HOTSPOT 99%",
        "GI_STAR": 2.758501919036153,
        "SIGNIFICANCIA": 99,
        "SUMA_LOCAL": 85,
        "NIVEL": 99,
        "COB_A_PCT": 100.0,
        "ESTADO_A": "CUBIERTO",
        "COB_B_PCT": 100.0,
        "ESTADO_B": "CUBIERTO",
        "COB_C_PCT": 100.0,
        "ESTADO_C": "CUBIERTO",
        "COB_B_ANTERIOR_PCT": 100.0,
        "ESTADO_B_ANTERIOR": "CUBIERTO",
        "COB_C_ANTERIOR_PCT": 100.0,
        "ESTADO_C_ANTERIOR": "CUBIERTO"
      },
      "geometry": {
        "type": "MultiPolygon",
        "coordinates": [
          [
            [
              [
                -78.65412832066447,
                -1.6696250283902418
              ],
              [
                -78.65412939259238,
                -1.6687210680402558
              ],
              [
                -78.65323109792435,
                -1.6687199894383693
              ],
              [
                -78.6532300255869,
                -1.6696239492037497
              ],
              [
                -78.65412832066447,
                -1.6696250283902418
              ]
            ]
          ]
        ]
      }
    },
    {
      "type": "Feature",
      "properties": {
        "CELL_ID": "GIU100-29-50",
        "AMBITO": "URBANO",
        "CATEGORIA": "CONVIVENCIA",
        "PLATAFORMA": "PLATAFORMA K",
        "PARROQUIA": null,
        "DISTANCE_M": 200,
        "CELL_SIZE_M": 100,
        "COUNT": 1,
        "GI_ZSCORE": 2.9926605883427406,
        "GI_PVALUE": 0.0027655712654136473,
        "GI_CLASS": "HOTSPOT 99%",
        "GI_STAR": 2.9926605883427406,
        "SIGNIFICANCIA": 99,
        "SUMA_LOCAL": 90,
        "NIVEL": 99,
        "COB_A_PCT": 100.0,
        "ESTADO_A": "CUBIERTO",
        "COB_B_PCT": 100.0,
        "ESTADO_B": "CUBIERTO",
        "COB_C_PCT": 100.0,
        "ESTADO_C": "CUBIERTO",
        "COB_B_ANTERIOR_PCT": 100.0,
        "ESTADO_B_ANTERIOR": "CUBIERTO",
        "COB_C_ANTERIOR_PCT": 100.0,
        "ESTADO_C_ANTERIOR": "CUBIERTO"
      },
      "geometry": {
        "type": "MultiPolygon",
        "coordinates": [
          [
            [
              [
                -78.6532300255869,
                -1.6696239492037497
              ],
              [
                -78.65323109792435,
                -1.6687199894383693
              ],
              [
                -78.65233280383787,
                -1.6687189104244604
              ],
              [
                -78.65233173109087,
                -1.6696228696050128
              ],
              [
                -78.6532300255869,
                -1.6696239492037497
              ]
            ]
          ]
        ]
      }
    },
    {
      "type": "Feature",
      "properties": {
        "CELL_ID": "GIU100-29-62",
        "AMBITO": "URBANO",
        "CATEGORIA": "CONVIVENCIA",
        "PLATAFORMA": "PLATAFORMA O",
        "PARROQUIA": null,
        "DISTANCE_M": 200,
        "CELL_SIZE_M": 100,
        "COUNT": 2,
        "GI_ZSCORE": 2.102857644977706,
        "GI_PVALUE": 0.035478215224922456,
        "GI_CLASS": "HOTSPOT 95%",
        "GI_STAR": 2.102857644977706,
        "SIGNIFICANCIA": 95,
        "SUMA_LOCAL": 71,
        "NIVEL": 95,
        "COB_A_PCT": 0.0,
        "ESTADO_A": "SIN COBERTURA",
        "COB_B_PCT": 0.0,
        "ESTADO_B": "SIN COBERTURA",
        "COB_C_PCT": 100.0,
        "ESTADO_C": "CUBIERTO",
        "COB_B_ANTERIOR_PCT": 0.0,
        "ESTADO_B_ANTERIOR": "SIN COBERTURA",
        "COB_C_ANTERIOR_PCT": 100.0,
        "ESTADO_C_ANTERIOR": "CUBIERTO"
      },
      "geometry": {
        "type": "MultiPolygon",
        "coordinates": [
          [
            [
              [
                -78.64245053008064,
                -1.6696109668111063
              ],
              [
                -78.64245160733259,
                -1.6687070140784075
              ],
              [
                -78.64155332024207,
                -1.668705930120341
              ],
              [
                -78.64155224258057,
                -1.6696098822655312
              ],
              [
                -78.64245053008064,
                -1.6696109668111063
              ]
            ]
          ]
        ]
      }
    },
    {
      "type": "Feature",
      "properties": {
        "CELL_ID": "GIU100-29-63",
        "AMBITO": "URBANO",
        "CATEGORIA": "CONVIVENCIA",
        "PLATAFORMA": "PLATAFORMA O",
        "PARROQUIA": null,
        "DISTANCE_M": 200,
        "CELL_SIZE_M": 100,
        "COUNT": 11,
        "GI_ZSCORE": 4.210285668736998,
        "GI_PVALUE": 2.550479858507215e-05,
        "GI_CLASS": "HOTSPOT 99%",
        "GI_STAR": 4.210285668736998,
        "SIGNIFICANCIA": 99,
        "SUMA_LOCAL": 116,
        "NIVEL": 99,
        "COB_A_PCT": 0.0,
        "ESTADO_A": "SIN COBERTURA",
        "COB_B_PCT": 0.0,
        "ESTADO_B": "SIN COBERTURA",
        "COB_C_PCT": 100.0,
        "ESTADO_C": "CUBIERTO",
        "COB_B_ANTERIOR_PCT": 0.0,
        "ESTADO_B_ANTERIOR": "SIN COBERTURA",
        "COB_C_ANTERIOR_PCT": 100.0,
        "ESTADO_C_ANTERIOR": "CUBIERTO"
      },
      "geometry": {
        "type": "MultiPolygon",
        "coordinates": [
          [
            [
              [
                -78.64155224258057,
                -1.6696098822655312
              ],
              [
                -78.64155332024207,
                -1.668705930120341
              ],
              [
                -78.64065503373597,
                -1.6687048457502704
              ],
              [
                -78.64065395566494,
                -1.6696087973077285
              ],
              [
                -78.64155224258057,
                -1.6696098822655312
              ]
            ]
          ]
        ]
      }
    },
    {
      "type": "Feature",
      "properties": {
        "CELL_ID": "GIU100-29-64",
        "AMBITO": "URBANO",
        "CATEGORIA": "CONVIVENCIA",
        "PLATAFORMA": "PLATAFORMA O",
        "PARROQUIA": null,
        "DISTANCE_M": 200,
        "CELL_SIZE_M": 100,
        "COUNT": 19,
        "GI_ZSCORE": 4.022958733291728,
        "GI_PVALUE": 5.7471569247558324e-05,
        "GI_CLASS": "HOTSPOT 99%",
        "GI_STAR": 4.022958733291728,
        "SIGNIFICANCIA": 99,
        "SUMA_LOCAL": 112,
        "NIVEL": 99,
        "COB_A_PCT": 0.0,
        "ESTADO_A": "SIN COBERTURA",
        "COB_B_PCT": 0.0,
        "ESTADO_B": "SIN COBERTURA",
        "COB_C_PCT": 83.68634629252996,
        "ESTADO_C": "PARCIALMENTE CUBIERTO",
        "COB_B_ANTERIOR_PCT": 0.0,
        "ESTADO_B_ANTERIOR": "SIN COBERTURA",
        "COB_C_ANTERIOR_PCT": 83.68634629252996,
        "ESTADO_C_ANTERIOR": "PARCIALMENTE CUBIERTO"
      },
      "geometry": {
        "type": "MultiPolygon",
        "coordinates": [
          [
            [
              [
                -78.64065395566494,
                -1.6696087973077285
              ],
              [
                -78.64065503373597,
                -1.6687048457502704
              ],
              [
                -78.63975674781453,
                -1.6687037609681965
              ],
              [
                -78.63975566933398,
                -1.6696077119377
              ],
              [
                -78.64065395566494,
                -1.6696087973077285
              ]
            ]
          ]
        ]
      }
    },
    {
      "type": "Feature",
      "properties": {
        "CELL_ID": "GIU100-29-65",
        "AMBITO": "URBANO",
        "CATEGORIA": "CONVIVENCIA",
        "PLATAFORMA": "PLATAFORMA O",
        "PARROQUIA": null,
        "DISTANCE_M": 200,
        "CELL_SIZE_M": 100,
        "COUNT": 8,
        "GI_ZSCORE": 4.022958733291728,
        "GI_PVALUE": 5.7471569247558324e-05,
        "GI_CLASS": "HOTSPOT 99%",
        "GI_STAR": 4.022958733291728,
        "SIGNIFICANCIA": 99,
        "SUMA_LOCAL": 112,
        "NIVEL": 99,
        "COB_A_PCT": 0.0,
        "ESTADO_A": "SIN COBERTURA",
        "COB_B_PCT": 0.0,
        "ESTADO_B": "SIN COBERTURA",
        "COB_C_PCT": 40.47466958245624,
        "ESTADO_C": "PARCIALMENTE CUBIERTO",
        "COB_B_ANTERIOR_PCT": 0.0,
        "ESTADO_B_ANTERIOR": "SIN COBERTURA",
        "COB_C_ANTERIOR_PCT": 40.47466958245624,
        "ESTADO_C_ANTERIOR": "PARCIALMENTE CUBIERTO"
      },
      "geometry": {
        "type": "MultiPolygon",
        "coordinates": [
          [
            [
              [
                -78.63975566933398,
                -1.6696077119377
              ],
              [
                -78.63975674781453,
                -1.6687037609681965
              ],
              [
                -78.63885846247798,
                -1.6687026757741206
              ],
              [
                -78.6388573835879,
                -1.6696066261554459
              ],
              [
                -78.63975566933398,
                -1.6696077119377
              ]
            ]
          ]
        ]
      }
    },
    {
      "type": "Feature",
      "properties": {
        "CELL_ID": "GIU100-30-43",
        "AMBITO": "URBANO",
        "CATEGORIA": "CONVIVENCIA",
        "PLATAFORMA": "PLATAFORMA J",
        "PARROQUIA": null,
        "DISTANCE_M": 200,
        "CELL_SIZE_M": 100,
        "COUNT": 5,
        "GI_ZSCORE": 1.775035507948483,
        "GI_PVALUE": 0.07589202442313431,
        "GI_CLASS": "HOTSPOT 90%",
        "GI_STAR": 1.775035507948483,
        "SIGNIFICANCIA": 90,
        "SUMA_LOCAL": 64,
        "NIVEL": 90,
        "COB_A_PCT": 0.0,
        "ESTADO_A": "SIN COBERTURA",
        "COB_B_PCT": 100.0,
        "ESTADO_B": "CUBIERTO",
        "COB_C_PCT": 100.0,
        "ESTADO_C": "CUBIERTO",
        "COB_B_ANTERIOR_PCT": 100.0,
        "ESTADO_B_ANTERIOR": "CUBIERTO",
        "COB_C_ANTERIOR_PCT": 100.0,
        "ESTADO_C_ANTERIOR": "CUBIERTO"
      },
      "geometry": {
        "type": "MultiPolygon",
        "coordinates": [
          [
            [
              [
                -78.65951917280067,
                -1.6687275309990452
              ],
              [
                -78.65952024169124,
                -1.6678235671370945
              ],
              [
                -78.6586219439479,
                -1.6678224915906312
              ],
              [
                -78.658620874648,
                -1.6687264548693166
              ],
              [
                -78.65951917280067,
                -1.6687275309990452
              ]
            ]
          ]
        ]
      }
    },
    {
      "type": "Feature",
      "properties": {
        "CELL_ID": "GIU100-30-44",
        "AMBITO": "URBANO",
        "CATEGORIA": "CONVIVENCIA",
        "PLATAFORMA": "PLATAFORMA J",
        "PARROQUIA": null,
        "DISTANCE_M": 200,
        "CELL_SIZE_M": 100,
        "COUNT": 1,
        "GI_ZSCORE": 2.6180067174521997,
        "GI_PVALUE": 0.008844506399366079,
        "GI_CLASS": "HOTSPOT 99%",
        "GI_STAR": 2.6180067174521997,
        "SIGNIFICANCIA": 99,
        "SUMA_LOCAL": 82,
        "NIVEL": 99,
        "COB_A_PCT": 85.84254805689126,
        "ESTADO_A": "PARCIALMENTE CUBIERTO",
        "COB_B_PCT": 100.0,
        "ESTADO_B": "CUBIERTO",
        "COB_C_PCT": 100.0,
        "ESTADO_C": "CUBIERTO",
        "COB_B_ANTERIOR_PCT": 100.0,
        "ESTADO_B_ANTERIOR": "CUBIERTO",
        "COB_C_ANTERIOR_PCT": 100.0,
        "ESTADO_C_ANTERIOR": "CUBIERTO"
      },
      "geometry": {
        "type": "MultiPolygon",
        "coordinates": [
          [
            [
              [
                -78.658620874648,
                -1.6687264548693166
              ],
              [
                -78.6586219439479,
                -1.6678224915906312
              ],
              [
                -78.6577236467848,
                -1.6678214156323614
              ],
              [
                -78.65772257707555,
                -1.6687253783275586
              ],
              [
                -78.658620874648,
                -1.6687264548693166
              ]
            ]
          ]
        ]
      }
    },
    {
      "type": "Feature",
      "properties": {
        "CELL_ID": "GIU100-30-45",
        "AMBITO": "URBANO",
        "CATEGORIA": "CONVIVENCIA",
        "PLATAFORMA": "PLATAFORMA J",
        "PARROQUIA": null,
        "DISTANCE_M": 200,
        "CELL_SIZE_M": 100,
        "COUNT": 5,
        "GI_ZSCORE": 6.6923675633868305,
        "GI_PVALUE": 2.1958845510824473e-11,
        "GI_CLASS": "HOTSPOT 99%",
        "GI_STAR": 6.6923675633868305,
        "SIGNIFICANCIA": 99,
        "SUMA_LOCAL": 169,
        "NIVEL": 99,
        "COB_A_PCT": 100.0,
        "ESTADO_A": "CUBIERTO",
        "COB_B_PCT": 100.0,
        "ESTADO_B": "CUBIERTO",
        "COB_C_PCT": 100.0,
        "ESTADO_C": "CUBIERTO",
        "COB_B_ANTERIOR_PCT": 100.0,
        "ESTADO_B_ANTERIOR": "CUBIERTO",
        "COB_C_ANTERIOR_PCT": 100.0,
        "ESTADO_C_ANTERIOR": "CUBIERTO"
      },
      "geometry": {
        "type": "MultiPolygon",
        "coordinates": [
          [
            [
              [
                -78.65772257707555,
                -1.6687253783275586
              ],
              [
                -78.6577236467848,
                -1.6678214156323614
              ],
              [
                -78.65682535020211,
                -1.6678203392622866
              ],
              [
                -78.65682428008353,
                -1.6687243013737723
              ],
              [
                -78.65772257707555,
                -1.6687253783275586
              ]
            ]
          ]
        ]
      }
    },
    {
      "type": "Feature",
      "properties": {
        "CELL_ID": "GIU100-30-46",
        "AMBITO": "URBANO",
        "CATEGORIA": "CONVIVENCIA",
        "PLATAFORMA": "PLATAFORMA K",
        "PARROQUIA": null,
        "DISTANCE_M": 200,
        "CELL_SIZE_M": 100,
        "COUNT": 12,
        "GI_ZSCORE": 5.0064251443793975,
        "GI_PVALUE": 5.545021143628249e-07,
        "GI_CLASS": "HOTSPOT 99%",
        "GI_STAR": 5.0064251443793975,
        "SIGNIFICANCIA": 99,
        "SUMA_LOCAL": 133,
        "NIVEL": 99,
        "COB_A_PCT": 100.0,
        "ESTADO_A": "CUBIERTO",
        "COB_B_PCT": 100.0,
        "ESTADO_B": "CUBIERTO",
        "COB_C_PCT": 100.0,
        "ESTADO_C": "CUBIERTO",
        "COB_B_ANTERIOR_PCT": 100.0,
        "ESTADO_B_ANTERIOR": "CUBIERTO",
        "COB_C_ANTERIOR_PCT": 100.0,
        "ESTADO_C_ANTERIOR": "CUBIERTO"
      },
      "geometry": {
        "type": "MultiPolygon",
        "coordinates": [
          [
            [
              [
                -78.65682428008353,
                -1.6687243013737723
              ],
              [
                -78.65682535020211,
                -1.6678203392622866
              ],
              [
                -78.6559270542001,
                -1.667819262480408
              ],
              [
                -78.65592598367219,
                -1.6687232240079588
              ],
              [
                -78.65682428008353,
                -1.6687243013737723
              ]
            ]
          ]
        ]
      }
    },
    {
      "type": "Feature",
      "properties": {
        "CELL_ID": "GIU100-30-47",
        "AMBITO": "URBANO",
        "CATEGORIA": "CONVIVENCIA",
        "PLATAFORMA": "PLATAFORMA K",
        "PARROQUIA": null,
        "DISTANCE_M": 200,
        "CELL_SIZE_M": 100,
        "COUNT": 30,
        "GI_ZSCORE": 6.411377160218925,
        "GI_PVALUE": 1.4421093264891867e-10,
        "GI_CLASS": "HOTSPOT 99%",
        "GI_STAR": 6.411377160218925,
        "SIGNIFICANCIA": 99,
        "SUMA_LOCAL": 163,
        "NIVEL": 99,
        "COB_A_PCT": 100.0,
        "ESTADO_A": "CUBIERTO",
        "COB_B_PCT": 100.0,
        "ESTADO_B": "CUBIERTO",
        "COB_C_PCT": 100.0,
        "ESTADO_C": "CUBIERTO",
        "COB_B_ANTERIOR_PCT": 100.0,
        "ESTADO_B_ANTERIOR": "CUBIERTO",
        "COB_C_ANTERIOR_PCT": 100.0,
        "ESTADO_C_ANTERIOR": "CUBIERTO"
      },
      "geometry": {
        "type": "MultiPolygon",
        "coordinates": [
          [
            [
              [
                -78.65592598367219,
                -1.6687232240079588
              ],
              [
                -78.6559270542001,
                -1.667819262480408
              ],
              [
                -78.65502875877898,
                -1.6678181852867267
              ],
              [
                -78.65502768784172,
                -1.6687221462301198
              ],
              [
                -78.65592598367219,
                -1.6687232240079588
              ]
            ]
          ]
        ]
      }
    },
    {
      "type": "Feature",
      "properties": {
        "CELL_ID": "GIU100-30-48",
        "AMBITO": "URBANO",
        "CATEGORIA": "CONVIVENCIA",
        "PLATAFORMA": "PLATAFORMA K",
        "PARROQUIA": null,
        "DISTANCE_M": 200,
        "CELL_SIZE_M": 100,
        "COUNT": 4,
        "GI_ZSCORE": 6.083555023189702,
        "GI_PVALUE": 1.1754655168486966e-09,
        "GI_CLASS": "HOTSPOT 99%",
        "GI_STAR": 6.083555023189702,
        "SIGNIFICANCIA": 99,
        "SUMA_LOCAL": 156,
        "NIVEL": 99,
        "COB_A_PCT": 100.0,
        "ESTADO_A": "CUBIERTO",
        "COB_B_PCT": 100.0,
        "ESTADO_B": "CUBIERTO",
        "COB_C_PCT": 100.0,
        "ESTADO_C": "CUBIERTO",
        "COB_B_ANTERIOR_PCT": 100.0,
        "ESTADO_B_ANTERIOR": "CUBIERTO",
        "COB_C_ANTERIOR_PCT": 100.0,
        "ESTADO_C_ANTERIOR": "CUBIERTO"
      },
      "geometry": {
        "type": "MultiPolygon",
        "coordinates": [
          [
            [
              [
                -78.65502768784172,
                -1.6687221462301198
              ],
              [
                -78.65502875877898,
                -1.6678181852867267
              ],
              [
                -78.65413046393897,
                -1.667817107681245
              ],
              [
                -78.65412939259238,
                -1.6687210680402558
              ],
              [
                -78.65502768784172,
                -1.6687221462301198
              ]
            ]
          ]
        ]
      }
    },
    {
      "type": "Feature",
      "properties": {
        "CELL_ID": "GIU100-30-49",
        "AMBITO": "URBANO",
        "CATEGORIA": "CONVIVENCIA",
        "PLATAFORMA": "PLATAFORMA K",
        "PARROQUIA": null,
        "DISTANCE_M": 200,
        "CELL_SIZE_M": 100,
        "COUNT": 3,
        "GI_ZSCORE": 5.0064251443793975,
        "GI_PVALUE": 5.545021143628249e-07,
        "GI_CLASS": "HOTSPOT 99%",
        "GI_STAR": 5.0064251443793975,
        "SIGNIFICANCIA": 99,
        "SUMA_LOCAL": 133,
        "NIVEL": 99,
        "COB_A_PCT": 100.0,
        "ESTADO_A": "CUBIERTO",
        "COB_B_PCT": 100.0,
        "ESTADO_B": "CUBIERTO",
        "COB_C_PCT": 100.0,
        "ESTADO_C": "CUBIERTO",
        "COB_B_ANTERIOR_PCT": 100.0,
        "ESTADO_B_ANTERIOR": "CUBIERTO",
        "COB_C_ANTERIOR_PCT": 100.0,
        "ESTADO_C_ANTERIOR": "CUBIERTO"
      },
      "geometry": {
        "type": "MultiPolygon",
        "coordinates": [
          [
            [
              [
                -78.65412939259238,
                -1.6687210680402558
              ],
              [
                -78.65413046393897,
                -1.667817107681245
              ],
              [
                -78.65323216968025,
                -1.6678160296639628
              ],
              [
                -78.65323109792435,
                -1.6687199894383693
              ],
              [
                -78.65412939259238,
                -1.6687210680402558
              ]
            ]
          ]
        ]
      }
    },
    {
      "type": "Feature",
      "properties": {
        "CELL_ID": "GIU100-30-50",
        "AMBITO": "URBANO",
        "CATEGORIA": "CONVIVENCIA",
        "PLATAFORMA": "PLATAFORMA K",
        "PARROQUIA": null,
        "DISTANCE_M": 200,
        "CELL_SIZE_M": 100,
        "COUNT": 3,
        "GI_ZSCORE": 2.009194177255071,
        "GI_PVALUE": 0.044516544991471604,
        "GI_CLASS": "HOTSPOT 95%",
        "GI_STAR": 2.009194177255071,
        "SIGNIFICANCIA": 95,
        "SUMA_LOCAL": 69,
        "NIVEL": 95,
        "COB_A_PCT": 100.0,
        "ESTADO_A": "CUBIERTO",
        "COB_B_PCT": 100.0,
        "ESTADO_B": "CUBIERTO",
        "COB_C_PCT": 100.0,
        "ESTADO_C": "CUBIERTO",
        "COB_B_ANTERIOR_PCT": 100.0,
        "ESTADO_B_ANTERIOR": "CUBIERTO",
        "COB_C_ANTERIOR_PCT": 100.0,
        "ESTADO_C_ANTERIOR": "CUBIERTO"
      },
      "geometry": {
        "type": "MultiPolygon",
        "coordinates": [
          [
            [
              [
                -78.65323109792435,
                -1.6687199894383693
              ],
              [
                -78.65323216968025,
                -1.6678160296639628
              ],
              [
                -78.65233387600311,
                -1.6678149512348825
              ],
              [
                -78.65233280383787,
                -1.6687189104244604
              ],
              [
                -78.65323109792435,
                -1.6687199894383693
              ]
            ]
          ]
        ]
      }
    },
    {
      "type": "Feature",
      "properties": {
        "CELL_ID": "GIU100-30-62",
        "AMBITO": "URBANO",
        "CATEGORIA": "CONVIVENCIA",
        "PLATAFORMA": "PLATAFORMA O",
        "PARROQUIA": null,
        "DISTANCE_M": 200,
        "CELL_SIZE_M": 100,
        "COUNT": 3,
        "GI_ZSCORE": 3.78880006398514,
        "GI_PVALUE": 0.00015137667721659297,
        "GI_CLASS": "HOTSPOT 99%",
        "GI_STAR": 3.78880006398514,
        "SIGNIFICANCIA": 99,
        "SUMA_LOCAL": 107,
        "NIVEL": 99,
        "COB_A_PCT": 0.0,
        "ESTADO_A": "SIN COBERTURA",
        "COB_B_PCT": 0.0,
        "ESTADO_B": "SIN COBERTURA",
        "COB_C_PCT": 100.0,
        "ESTADO_C": "CUBIERTO",
        "COB_B_ANTERIOR_PCT": 0.0,
        "ESTADO_B_ANTERIOR": "SIN COBERTURA",
        "COB_C_ANTERIOR_PCT": 100.0,
        "ESTADO_C_ANTERIOR": "CUBIERTO"
      },
      "geometry": {
        "type": "MultiPolygon",
        "coordinates": [
          [
            [
              [
                -78.64245160733259,
                -1.6687070140784075
              ],
              [
                -78.64245268400033,
                -1.6678030613366779
              ],
              [
                -78.64155439731914,
                -1.667801977966119
              ],
              [
                -78.64155332024207,
                -1.668705930120341
              ],
              [
                -78.64245160733259,
                -1.6687070140784075
              ]
            ]
          ]
        ]
      }
    },
    {
      "type": "Feature",
      "properties": {
        "CELL_ID": "GIU100-30-63",
        "AMBITO": "URBANO",
        "CATEGORIA": "CONVIVENCIA",
        "PLATAFORMA": "PLATAFORMA O",
        "PARROQUIA": null,
        "DISTANCE_M": 200,
        "CELL_SIZE_M": 100,
        "COUNT": 2,
        "GI_ZSCORE": 4.631771273488857,
        "GI_PVALUE": 3.6255055976898212e-06,
        "GI_CLASS": "HOTSPOT 99%",
        "GI_STAR": 4.631771273488857,
        "SIGNIFICANCIA": 99,
        "SUMA_LOCAL": 125,
        "NIVEL": 99,
        "COB_A_PCT": 0.0,
        "ESTADO_A": "SIN COBERTURA",
        "COB_B_PCT": 0.0,
        "ESTADO_B": "SIN COBERTURA",
        "COB_C_PCT": 100.0,
        "ESTADO_C": "CUBIERTO",
        "COB_B_ANTERIOR_PCT": 0.0,
        "ESTADO_B_ANTERIOR": "SIN COBERTURA",
        "COB_C_ANTERIOR_PCT": 100.0,
        "ESTADO_C_ANTERIOR": "CUBIERTO"
      },
      "geometry": {
        "type": "MultiPolygon",
        "coordinates": [
          [
            [
              [
                -78.64155332024207,
                -1.668705930120341
              ],
              [
                -78.64155439731914,
                -1.667801977966119
              ],
              [
                -78.64065611122234,
                -1.6678008941837794
              ],
              [
                -78.64065503373597,
                -1.6687048457502704
              ],
              [
                -78.64155332024207,
                -1.668705930120341
              ]
            ]
          ]
        ]
      }
    },
    {
      "type": "Feature",
      "properties": {
        "CELL_ID": "GIU100-30-64",
        "AMBITO": "URBANO",
        "CATEGORIA": "CONVIVENCIA",
        "PLATAFORMA": "PLATAFORMA O",
        "PARROQUIA": null,
        "DISTANCE_M": 200,
        "CELL_SIZE_M": 100,
        "COUNT": 57,
        "GI_ZSCORE": 3.9292952655690927,
        "GI_PVALUE": 8.519517728736834e-05,
        "GI_CLASS": "HOTSPOT 99%",
        "GI_STAR": 3.9292952655690927,
        "SIGNIFICANCIA": 99,
        "SUMA_LOCAL": 110,
        "NIVEL": 99,
        "COB_A_PCT": 0.0,
        "ESTADO_A": "SIN COBERTURA",
        "COB_B_PCT": 0.0,
        "ESTADO_B": "SIN COBERTURA",
        "COB_C_PCT": 100.0,
        "ESTADO_C": "CUBIERTO",
        "COB_B_ANTERIOR_PCT": 0.0,
        "ESTADO_B_ANTERIOR": "SIN COBERTURA",
        "COB_C_ANTERIOR_PCT": 100.0,
        "ESTADO_C_ANTERIOR": "CUBIERTO"
      },
      "geometry": {
        "type": "MultiPolygon",
        "coordinates": [
          [
            [
              [
                -78.64065503373597,
                -1.6687048457502704
              ],
              [
                -78.64065611122234,
                -1.6678008941837794
              ],
              [
                -78.63975782571022,
                -1.66779980998966
              ],
              [
                -78.63975674781453,
                -1.6687037609681965
              ],
              [
                -78.64065503373597,
                -1.6687048457502704
              ]
            ]
          ]
        ]
      }
    },
    {
      "type": "Feature",
      "properties": {
        "CELL_ID": "GIU100-30-65",
        "AMBITO": "URBANO",
        "CATEGORIA": "CONVIVENCIA",
        "PLATAFORMA": "PLATAFORMA O",
        "PARROQUIA": null,
        "DISTANCE_M": 200,
        "CELL_SIZE_M": 100,
        "COUNT": 2,
        "GI_ZSCORE": 3.3673144592332815,
        "GI_PVALUE": 0.0007590408318490879,
        "GI_CLASS": "HOTSPOT 99%",
        "GI_STAR": 3.3673144592332815,
        "SIGNIFICANCIA": 99,
        "SUMA_LOCAL": 98,
        "NIVEL": 99,
        "COB_A_PCT": 32.14887448384635,
        "ESTADO_A": "PARCIALMENTE CUBIERTO",
        "COB_B_PCT": 32.14887448384635,
        "ESTADO_B": "PARCIALMENTE CUBIERTO",
        "COB_C_PCT": 100.0,
        "ESTADO_C": "CUBIERTO",
        "COB_B_ANTERIOR_PCT": 32.14887448384635,
        "ESTADO_B_ANTERIOR": "PARCIALMENTE CUBIERTO",
        "COB_C_ANTERIOR_PCT": 100.0,
        "ESTADO_C_ANTERIOR": "CUBIERTO"
      },
      "geometry": {
        "type": "MultiPolygon",
        "coordinates": [
          [
            [
              [
                -78.63975674781453,
                -1.6687037609681965
              ],
              [
                -78.63975782571022,
                -1.66779980998966
              ],
              [
                -78.63885954078297,
                -1.6677987253837618
              ],
              [
                -78.63885846247798,
                -1.6687026757741206
              ],
              [
                -78.63975674781453,
                -1.6687037609681965
              ]
            ]
          ]
        ]
      }
    },
    {
      "type": "Feature",
      "properties": {
        "CELL_ID": "GIU100-30-66",
        "AMBITO": "URBANO",
        "CATEGORIA": "CONVIVENCIA",
        "PLATAFORMA": "PLATAFORMA O",
        "PARROQUIA": null,
        "DISTANCE_M": 200,
        "CELL_SIZE_M": 100,
        "COUNT": 2,
        "GI_ZSCORE": 2.6648384513135177,
        "GI_PVALUE": 0.007702531482686286,
        "GI_CLASS": "HOTSPOT 99%",
        "GI_STAR": 2.6648384513135177,
        "SIGNIFICANCIA": 99,
        "SUMA_LOCAL": 83,
        "NIVEL": 99,
        "COB_A_PCT": 65.87277856874422,
        "ESTADO_A": "PARCIALMENTE CUBIERTO",
        "COB_B_PCT": 65.87277856874422,
        "ESTADO_B": "PARCIALMENTE CUBIERTO",
        "COB_C_PCT": 75.90421470111293,
        "ESTADO_C": "PARCIALMENTE CUBIERTO",
        "COB_B_ANTERIOR_PCT": 65.87277856874422,
        "ESTADO_B_ANTERIOR": "PARCIALMENTE CUBIERTO",
        "COB_C_ANTERIOR_PCT": 75.90421470111293,
        "ESTADO_C_ANTERIOR": "PARCIALMENTE CUBIERTO"
      },
      "geometry": {
        "type": "MultiPolygon",
        "coordinates": [
          [
            [
              [
                -78.63885846247798,
                -1.6687026757741206
              ],
              [
                -78.63885954078297,
                -1.6677987253837618
              ],
              [
                -78.63796125644083,
                -1.6677976403660864
              ],
              [
                -78.63796017772654,
                -1.668701590168044
              ],
              [
                -78.63885846247798,
                -1.6687026757741206
              ]
            ]
          ]
        ]
      }
    },
    {
      "type": "Feature",
      "properties": {
        "CELL_ID": "GIU100-31-43",
        "AMBITO": "URBANO",
        "CATEGORIA": "CONVIVENCIA",
        "PLATAFORMA": "PLATAFORMA J",
        "PARROQUIA": null,
        "DISTANCE_M": 200,
        "CELL_SIZE_M": 100,
        "COUNT": 6,
        "GI_ZSCORE": 1.775035507948483,
        "GI_PVALUE": 0.07589202442313431,
        "GI_CLASS": "HOTSPOT 90%",
        "GI_STAR": 1.775035507948483,
        "SIGNIFICANCIA": 90,
        "SUMA_LOCAL": 64,
        "NIVEL": 90,
        "COB_A_PCT": 0.0,
        "ESTADO_A": "SIN COBERTURA",
        "COB_B_PCT": 100.0,
        "ESTADO_B": "CUBIERTO",
        "COB_C_PCT": 100.0,
        "ESTADO_C": "CUBIERTO",
        "COB_B_ANTERIOR_PCT": 100.0,
        "ESTADO_B_ANTERIOR": "CUBIERTO",
        "COB_C_ANTERIOR_PCT": 100.0,
        "ESTADO_C_ANTERIOR": "CUBIERTO"
      },
      "geometry": {
        "type": "MultiPolygon",
        "coordinates": [
          [
            [
              [
                -78.65952024169124,
                -1.6678235671370945
              ],
              [
                -78.65952131000182,
                -1.6669196032661273
              ],
              [
                -78.6586230126676,
                -1.6669185283029284
              ],
              [
                -78.6586219439479,
                -1.6678224915906312
              ],
              [
                -78.65952024169124,
                -1.6678235671370945
              ]
            ]
          ]
        ]
      }
    },
    {
      "type": "Feature",
      "properties": {
        "CELL_ID": "GIU100-31-44",
        "AMBITO": "URBANO",
        "CATEGORIA": "CONVIVENCIA",
        "PLATAFORMA": "PLATAFORMA J",
        "PARROQUIA": null,
        "DISTANCE_M": 200,
        "CELL_SIZE_M": 100,
        "COUNT": 28,
        "GI_ZSCORE": 5.989891555467067,
        "GI_PVALUE": 2.0998100405474895e-09,
        "GI_CLASS": "HOTSPOT 99%",
        "GI_STAR": 5.989891555467067,
        "SIGNIFICANCIA": 99,
        "SUMA_LOCAL": 154,
        "NIVEL": 99,
        "COB_A_PCT": 31.1502070246577,
        "ESTADO_A": "PARCIALMENTE CUBIERTO",
        "COB_B_PCT": 100.0,
        "ESTADO_B": "CUBIERTO",
        "COB_C_PCT": 100.0,
        "ESTADO_C": "CUBIERTO",
        "COB_B_ANTERIOR_PCT": 100.0,
        "ESTADO_B_ANTERIOR": "CUBIERTO",
        "COB_C_ANTERIOR_PCT": 100.0,
        "ESTADO_C_ANTERIOR": "CUBIERTO"
      },
      "geometry": {
        "type": "MultiPolygon",
        "coordinates": [
          [
            [
              [
                -78.6586219439479,
                -1.6678224915906312
              ],
              [
                -78.6586230126676,
                -1.6669185283029284
              ],
              [
                -78.6577247159136,
                -1.666917452928146
              ],
              [
                -78.6577236467848,
                -1.6678214156323614
              ],
              [
                -78.6586219439479,
                -1.6678224915906312
              ]
            ]
          ]
        ]
      }
    },
    {
      "type": "Feature",
      "properties": {
        "CELL_ID": "GIU100-31-45",
        "AMBITO": "URBANO",
        "CATEGORIA": "CONVIVENCIA",
        "PLATAFORMA": "PLATAFORMA J",
        "PARROQUIA": null,
        "DISTANCE_M": 200,
        "CELL_SIZE_M": 100,
        "COUNT": 1,
        "GI_ZSCORE": 5.802564620021797,
        "GI_PVALUE": 6.530821181441094e-09,
        "GI_CLASS": "HOTSPOT 99%",
        "GI_STAR": 5.802564620021797,
        "SIGNIFICANCIA": 99,
        "SUMA_LOCAL": 150,
        "NIVEL": 99,
        "COB_A_PCT": 94.28698069839697,
        "ESTADO_A": "PARCIALMENTE CUBIERTO",
        "COB_B_PCT": 100.0,
        "ESTADO_B": "CUBIERTO",
        "COB_C_PCT": 100.0,
        "ESTADO_C": "CUBIERTO",
        "COB_B_ANTERIOR_PCT": 100.0,
        "ESTADO_B_ANTERIOR": "CUBIERTO",
        "COB_C_ANTERIOR_PCT": 100.0,
        "ESTADO_C_ANTERIOR": "CUBIERTO"
      },
      "geometry": {
        "type": "MultiPolygon",
        "coordinates": [
          [
            [
              [
                -78.6577236467848,
                -1.6678214156323614
              ],
              [
                -78.6577247159136,
                -1.666917452928146
              ],
              [
                -78.65682641974004,
                -1.6669163771417825
              ],
              [
                -78.65682535020211,
                -1.6678203392622866
              ],
              [
                -78.6577236467848,
                -1.6678214156323614
              ]
            ]
          ]
        ]
      }
    },
    {
      "type": "Feature",
      "properties": {
        "CELL_ID": "GIU100-31-46",
        "AMBITO": "URBANO",
        "CATEGORIA": "CONVIVENCIA",
        "PLATAFORMA": "PLATAFORMA J",
        "PARROQUIA": null,
        "DISTANCE_M": 200,
        "CELL_SIZE_M": 100,
        "COUNT": 26,
        "GI_ZSCORE": 8.706132119423488,
        "GI_PVALUE": 3.1442031843032106e-18,
        "GI_CLASS": "HOTSPOT 99%",
        "GI_STAR": 8.706132119423488,
        "SIGNIFICANCIA": 99,
        "SUMA_LOCAL": 212,
        "NIVEL": 99,
        "COB_A_PCT": 100.0,
        "ESTADO_A": "CUBIERTO",
        "COB_B_PCT": 100.0,
        "ESTADO_B": "CUBIERTO",
        "COB_C_PCT": 100.0,
        "ESTADO_C": "CUBIERTO",
        "COB_B_ANTERIOR_PCT": 100.0,
        "ESTADO_B_ANTERIOR": "CUBIERTO",
        "COB_C_ANTERIOR_PCT": 100.0,
        "ESTADO_C_ANTERIOR": "CUBIERTO"
      },
      "geometry": {
        "type": "MultiPolygon",
        "coordinates": [
          [
            [
              [
                -78.65682535020211,
                -1.6678203392622866
              ],
              [
                -78.65682641974004,
                -1.6669163771417825
              ],
              [
                -78.65592812414714,
                -1.6669153009438378
              ],
              [
                -78.6559270542001,
                -1.667819262480408
              ],
              [
                -78.65682535020211,
                -1.6678203392622866
              ]
            ]
          ]
        ]
      }
    },
    {
      "type": "Feature",
      "properties": {
        "CELL_ID": "GIU100-31-47",
        "AMBITO": "URBANO",
        "CATEGORIA": "CONVIVENCIA",
        "PLATAFORMA": "PLATAFORMA K",
        "PARROQUIA": null,
        "DISTANCE_M": 200,
        "CELL_SIZE_M": 100,
        "COUNT": 21,
        "GI_ZSCORE": 5.849396353883114,
        "GI_PVALUE": 4.933601912973065e-09,
        "GI_CLASS": "HOTSPOT 99%",
        "GI_STAR": 5.849396353883114,
        "SIGNIFICANCIA": 99,
        "SUMA_LOCAL": 151,
        "NIVEL": 99,
        "COB_A_PCT": 100.0,
        "ESTADO_A": "CUBIERTO",
        "COB_B_PCT": 100.0,
        "ESTADO_B": "CUBIERTO",
        "COB_C_PCT": 100.0,
        "ESTADO_C": "CUBIERTO",
        "COB_B_ANTERIOR_PCT": 100.0,
        "ESTADO_B_ANTERIOR": "CUBIERTO",
        "COB_C_ANTERIOR_PCT": 100.0,
        "ESTADO_C_ANTERIOR": "CUBIERTO"
      },
      "geometry": {
        "type": "MultiPolygon",
        "coordinates": [
          [
            [
              [
                -78.6559270542001,
                -1.667819262480408
              ],
              [
                -78.65592812414714,
                -1.6669153009438378
              ],
              [
                -78.65502982913512,
                -1.6669142243343147
              ],
              [
                -78.65502875877898,
                -1.6678181852867267
              ],
              [
                -78.6559270542001,
                -1.667819262480408
              ]
            ]
          ]
        ]
      }
    },
    {
      "type": "Feature",
      "properties": {
        "CELL_ID": "GIU100-31-48",
        "AMBITO": "URBANO",
        "CATEGORIA": "CONVIVENCIA",
        "PLATAFORMA": "PLATAFORMA K",
        "PARROQUIA": null,
        "DISTANCE_M": 200,
        "CELL_SIZE_M": 100,
        "COUNT": 21,
        "GI_ZSCORE": 7.067021434277372,
        "GI_PVALUE": 1.5829450986102896e-12,
        "GI_CLASS": "HOTSPOT 99%",
        "GI_STAR": 7.067021434277372,
        "SIGNIFICANCIA": 99,
        "SUMA_LOCAL": 177,
        "NIVEL": 99,
        "COB_A_PCT": 100.0,
        "ESTADO_A": "CUBIERTO",
        "COB_B_PCT": 100.0,
        "ESTADO_B": "CUBIERTO",
        "COB_C_PCT": 100.0,
        "ESTADO_C": "CUBIERTO",
        "COB_B_ANTERIOR_PCT": 100.0,
        "ESTADO_B_ANTERIOR": "CUBIERTO",
        "COB_C_ANTERIOR_PCT": 100.0,
        "ESTADO_C_ANTERIOR": "CUBIERTO"
      },
      "geometry": {
        "type": "MultiPolygon",
        "coordinates": [
          [
            [
              [
                -78.65502875877898,
                -1.6678181852867267
              ],
              [
                -78.65502982913512,
                -1.6669142243343147
              ],
              [
                -78.65413153470419,
                -1.6669131473132135
              ],
              [
                -78.65413046393897,
                -1.667817107681245
              ],
              [
                -78.65502875877898,
                -1.6678181852867267
              ]
            ]
          ]
        ]
      }
    },
    {
      "type": "Feature",
      "properties": {
        "CELL_ID": "GIU100-31-49",
        "AMBITO": "URBANO",
        "CATEGORIA": "CONVIVENCIA",
        "PLATAFORMA": "PLATAFORMA K",
        "PARROQUIA": null,
        "DISTANCE_M": 200,
        "CELL_SIZE_M": 100,
        "COUNT": 2,
        "GI_ZSCORE": 4.350780870320952,
        "GI_PVALUE": 1.3565356819209851e-05,
        "GI_CLASS": "HOTSPOT 99%",
        "GI_STAR": 4.350780870320952,
        "SIGNIFICANCIA": 99,
        "SUMA_LOCAL": 119,
        "NIVEL": 99,
        "COB_A_PCT": 100.0,
        "ESTADO_A": "CUBIERTO",
        "COB_B_PCT": 100.0,
        "ESTADO_B": "CUBIERTO",
        "COB_C_PCT": 100.0,
        "ESTADO_C": "CUBIERTO",
        "COB_B_ANTERIOR_PCT": 100.0,
        "ESTADO_B_ANTERIOR": "CUBIERTO",
        "COB_C_ANTERIOR_PCT": 100.0,
        "ESTADO_C_ANTERIOR": "CUBIERTO"
      },
      "geometry": {
        "type": "MultiPolygon",
        "coordinates": [
          [
            [
              [
                -78.65413046393897,
                -1.667817107681245
              ],
              [
                -78.65413153470419,
                -1.6669131473132135
              ],
              [
                -78.6532332408546,
                -1.666912069880536
              ],
              [
                -78.65323216968025,
                -1.6678160296639628
              ],
              [
                -78.65413046393897,
                -1.667817107681245
              ]
            ]
          ]
        ]
      }
    },
    {
      "type": "Feature",
      "properties": {
        "CELL_ID": "GIU100-31-50",
        "AMBITO": "URBANO",
        "CATEGORIA": "CONVIVENCIA",
        "PLATAFORMA": "PLATAFORMA K",
        "PARROQUIA": null,
        "DISTANCE_M": 200,
        "CELL_SIZE_M": 100,
        "COUNT": 11,
        "GI_ZSCORE": 2.8053336528974704,
        "GI_PVALUE": 0.005026451884509495,
        "GI_CLASS": "HOTSPOT 99%",
        "GI_STAR": 2.8053336528974704,
        "SIGNIFICANCIA": 99,
        "SUMA_LOCAL": 86,
        "NIVEL": 99,
        "COB_A_PCT": 100.0,
        "ESTADO_A": "CUBIERTO",
        "COB_B_PCT": 100.0,
        "ESTADO_B": "CUBIERTO",
        "COB_C_PCT": 100.0,
        "ESTADO_C": "CUBIERTO",
        "COB_B_ANTERIOR_PCT": 100.0,
        "ESTADO_B_ANTERIOR": "CUBIERTO",
        "COB_C_ANTERIOR_PCT": 100.0,
        "ESTADO_C_ANTERIOR": "CUBIERTO"
      },
      "geometry": {
        "type": "MultiPolygon",
        "coordinates": [
          [
            [
              [
                -78.65323216968025,
                -1.6678160296639628
              ],
              [
                -78.6532332408546,
                -1.666912069880536
              ],
              [
                -78.65233494758657,
                -1.666910992036283
              ],
              [
                -78.65233387600311,
                -1.6678149512348825
              ],
              [
                -78.65323216968025,
                -1.6678160296639628
              ]
            ]
          ]
        ]
      }
    },
    {
      "type": "Feature",
      "properties": {
        "CELL_ID": "GIU100-31-51",
        "AMBITO": "URBANO",
        "CATEGORIA": "CONVIVENCIA",
        "PLATAFORMA": "PLATAFORMA K",
        "PARROQUIA": null,
        "DISTANCE_M": 200,
        "CELL_SIZE_M": 100,
        "COUNT": 1,
        "GI_ZSCORE": 2.102857644977706,
        "GI_PVALUE": 0.035478215224922456,
        "GI_CLASS": "HOTSPOT 95%",
        "GI_STAR": 2.102857644977706,
        "SIGNIFICANCIA": 95,
        "SUMA_LOCAL": 71,
        "NIVEL": 95,
        "COB_A_PCT": 100.0,
        "ESTADO_A": "CUBIERTO",
        "COB_B_PCT": 100.0,
        "ESTADO_B": "CUBIERTO",
        "COB_C_PCT": 100.0,
        "ESTADO_C": "CUBIERTO",
        "COB_B_ANTERIOR_PCT": 100.0,
        "ESTADO_B_ANTERIOR": "CUBIERTO",
        "COB_C_ANTERIOR_PCT": 100.0,
        "ESTADO_C_ANTERIOR": "CUBIERTO"
      },
      "geometry": {
        "type": "MultiPolygon",
        "coordinates": [
          [
            [
              [
                -78.65233387600311,
                -1.6678149512348825
              ],
              [
                -78.65233494758657,
                -1.666910992036283
              ],
              [
                -78.65143665490031,
                -1.666909913780456
              ],
              [
                -78.65143558290772,
                -1.6678138723940046
              ],
              [
                -78.65233387600311,
                -1.6678149512348825
              ]
            ]
          ]
        ]
      }
    },
    {
      "type": "Feature",
      "properties": {
        "CELL_ID": "GIU100-31-60",
        "AMBITO": "URBANO",
        "CATEGORIA": "CONVIVENCIA",
        "PLATAFORMA": "PLATAFORMA K",
        "PARROQUIA": null,
        "DISTANCE_M": 200,
        "CELL_SIZE_M": 100,
        "COUNT": 0,
        "GI_ZSCORE": 2.477511515868247,
        "GI_PVALUE": 0.013230213927944054,
        "GI_CLASS": "HOTSPOT 95%",
        "GI_STAR": 2.477511515868247,
        "SIGNIFICANCIA": 95,
        "SUMA_LOCAL": 79,
        "NIVEL": 95,
        "COB_A_PCT": 100.0,
        "ESTADO_A": "CUBIERTO",
        "COB_B_PCT": 100.0,
        "ESTADO_B": "CUBIERTO",
        "COB_C_PCT": 100.0,
        "ESTADO_C": "CUBIERTO",
        "COB_B_ANTERIOR_PCT": 100.0,
        "ESTADO_B_ANTERIOR": "CUBIERTO",
        "COB_C_ANTERIOR_PCT": 100.0,
        "ESTADO_C_ANTERIOR": "CUBIERTO"
      },
      "geometry": {
        "type": "MultiPolygon",
        "coordinates": [
          [
            [
              [
                -78.6442492591152,
                -1.6678052268424457
              ],
              [
                -78.64425033438054,
                -1.6669012729173442
              ],
              [
                -78.64335204694021,
                -1.6669001909574124
              ],
              [
                -78.64335097126578,
                -1.6678041442954536
              ],
              [
                -78.6442492591152,
                -1.6678052268424457
              ]
            ]
          ]
        ]
      }
    },
    {
      "type": "Feature",
      "properties": {
        "CELL_ID": "GIU100-31-61",
        "AMBITO": "URBANO",
        "CATEGORIA": "CONVIVENCIA",
        "PLATAFORMA": "PLATAFORMA K",
        "PARROQUIA": null,
        "DISTANCE_M": 200,
        "CELL_SIZE_M": 100,
        "COUNT": 4,
        "GI_ZSCORE": 1.775035507948483,
        "GI_PVALUE": 0.07589202442313431,
        "GI_CLASS": "HOTSPOT 90%",
        "GI_STAR": 1.775035507948483,
        "SIGNIFICANCIA": 90,
        "SUMA_LOCAL": 64,
        "NIVEL": 90,
        "COB_A_PCT": 99.84450738871857,
        "ESTADO_A": "PARCIALMENTE CUBIERTO",
        "COB_B_PCT": 99.84450738871857,
        "ESTADO_B": "PARCIALMENTE CUBIERTO",
        "COB_C_PCT": 100.0,
        "ESTADO_C": "CUBIERTO",
        "COB_B_ANTERIOR_PCT": 99.84450738871857,
        "ESTADO_B_ANTERIOR": "PARCIALMENTE CUBIERTO",
        "COB_C_ANTERIOR_PCT": 100.0,
        "ESTADO_C_ANTERIOR": "CUBIERTO"
      },
      "geometry": {
        "type": "MultiPolygon",
        "coordinates": [
          [
            [
              [
                -78.64335097126578,
                -1.6678041442954536
              ],
              [
                -78.64335204694021,
                -1.6669001909574124
              ],
              [
                -78.64245376008387,
                -1.6668991085859208
              ],
              [
                -78.64245268400033,
                -1.6678030613366779
              ],
              [
                -78.64335097126578,
                -1.6678041442954536
              ]
            ]
          ]
        ]
      }
    },
    {
      "type": "Feature",
      "properties": {
        "CELL_ID": "GIU100-31-63",
        "AMBITO": "URBANO",
        "CATEGORIA": "CONVIVENCIA",
        "PLATAFORMA": "PLATAFORMA O",
        "PARROQUIA": null,
        "DISTANCE_M": 200,
        "CELL_SIZE_M": 100,
        "COUNT": 0,
        "GI_ZSCORE": 3.695136596262505,
        "GI_PVALUE": 0.00021976860497864372,
        "GI_CLASS": "HOTSPOT 99%",
        "GI_STAR": 3.695136596262505,
        "SIGNIFICANCIA": 99,
        "SUMA_LOCAL": 105,
        "NIVEL": 99,
        "COB_A_PCT": 0.0,
        "ESTADO_A": "SIN COBERTURA",
        "COB_B_PCT": 0.0,
        "ESTADO_B": "SIN COBERTURA",
        "COB_C_PCT": 100.0,
        "ESTADO_C": "CUBIERTO",
        "COB_B_ANTERIOR_PCT": 0.0,
        "ESTADO_B_ANTERIOR": "SIN COBERTURA",
        "COB_C_ANTERIOR_PCT": 100.0,
        "ESTADO_C_ANTERIOR": "CUBIERTO"
      },
      "geometry": {
        "type": "MultiPolygon",
        "coordinates": [
          [
            [
              [
                -78.64155439731914,
                -1.667801977966119
              ],
              [
                -78.64155547381174,
                -1.6668980258028698
              ],
              [
                -78.64065718812404,
                -1.6668969426082603
              ],
              [
                -78.64065611122234,
                -1.6678008941837794
              ],
              [
                -78.64155439731914,
                -1.667801977966119
              ]
            ]
          ]
        ]
      }
    },
    {
      "type": "Feature",
      "properties": {
        "CELL_ID": "GIU100-31-64",
        "AMBITO": "URBANO",
        "CATEGORIA": "CONVIVENCIA",
        "PLATAFORMA": "PLATAFORMA O",
        "PARROQUIA": null,
        "DISTANCE_M": 200,
        "CELL_SIZE_M": 100,
        "COUNT": 3,
        "GI_ZSCORE": 4.069790467153045,
        "GI_PVALUE": 4.705543916598488e-05,
        "GI_CLASS": "HOTSPOT 99%",
        "GI_STAR": 4.069790467153045,
        "SIGNIFICANCIA": 99,
        "SUMA_LOCAL": 113,
        "NIVEL": 99,
        "COB_A_PCT": 20.391833791498257,
        "ESTADO_A": "PARCIALMENTE CUBIERTO",
        "COB_B_PCT": 20.391833791498257,
        "ESTADO_B": "PARCIALMENTE CUBIERTO",
        "COB_C_PCT": 100.0,
        "ESTADO_C": "CUBIERTO",
        "COB_B_ANTERIOR_PCT": 20.391833791498257,
        "ESTADO_B_ANTERIOR": "PARCIALMENTE CUBIERTO",
        "COB_C_ANTERIOR_PCT": 100.0,
        "ESTADO_C_ANTERIOR": "CUBIERTO"
      },
      "geometry": {
        "type": "MultiPolygon",
        "coordinates": [
          [
            [
              [
                -78.64065611122234,
                -1.6678008941837794
              ],
              [
                -78.64065718812404,
                -1.6668969426082603
              ],
              [
                -78.639758903021,
                -1.6668958590020948
              ],
              [
                -78.63975782571022,
                -1.66779980998966
              ],
              [
                -78.64065611122234,
                -1.6678008941837794
              ]
            ]
          ]
        ]
      }
    },
    {
      "type": "Feature",
      "properties": {
        "CELL_ID": "GIU100-31-65",
        "AMBITO": "URBANO",
        "CATEGORIA": "CONVIVENCIA",
        "PLATAFORMA": "PLATAFORMA O",
        "PARROQUIA": null,
        "DISTANCE_M": 200,
        "CELL_SIZE_M": 100,
        "COUNT": 1,
        "GI_ZSCORE": 2.477511515868247,
        "GI_PVALUE": 0.013230213927944054,
        "GI_CLASS": "HOTSPOT 95%",
        "GI_STAR": 2.477511515868247,
        "SIGNIFICANCIA": 95,
        "SUMA_LOCAL": 79,
        "NIVEL": 95,
        "COB_A_PCT": 99.47019246150279,
        "ESTADO_A": "PARCIALMENTE CUBIERTO",
        "COB_B_PCT": 99.47019246150279,
        "ESTADO_B": "PARCIALMENTE CUBIERTO",
        "COB_C_PCT": 100.0,
        "ESTADO_C": "CUBIERTO",
        "COB_B_ANTERIOR_PCT": 99.47019246150279,
        "ESTADO_B_ANTERIOR": "PARCIALMENTE CUBIERTO",
        "COB_C_ANTERIOR_PCT": 100.0,
        "ESTADO_C_ANTERIOR": "CUBIERTO"
      },
      "geometry": {
        "type": "MultiPolygon",
        "coordinates": [
          [
            [
              [
                -78.63975782571022,
                -1.66779980998966
              ],
              [
                -78.639758903021,
                -1.6668958590020948
              ],
              [
                -78.63886061850286,
                -1.666894774984374
              ],
              [
                -78.63885954078297,
                -1.6677987253837618
              ],
              [
                -78.63975782571022,
                -1.66779980998966
              ]
            ]
          ]
        ]
      }
    },
    {
      "type": "Feature",
      "properties": {
        "CELL_ID": "GIU100-32-43",
        "AMBITO": "URBANO",
        "CATEGORIA": "CONVIVENCIA",
        "PLATAFORMA": "PLATAFORMA J",
        "PARROQUIA": null,
        "DISTANCE_M": 200,
        "CELL_SIZE_M": 100,
        "COUNT": 3,
        "GI_ZSCORE": 6.598704095664195,
        "GI_PVALUE": 4.147672037379813e-11,
        "GI_CLASS": "HOTSPOT 99%",
        "GI_STAR": 6.598704095664195,
        "SIGNIFICANCIA": 99,
        "SUMA_LOCAL": 167,
        "NIVEL": 99,
        "COB_A_PCT": 84.54818759948537,
        "ESTADO_A": "PARCIALMENTE CUBIERTO",
        "COB_B_PCT": 100.0,
        "ESTADO_B": "CUBIERTO",
        "COB_C_PCT": 100.0,
        "ESTADO_C": "CUBIERTO",
        "COB_B_ANTERIOR_PCT": 100.0,
        "ESTADO_B_ANTERIOR": "CUBIERTO",
        "COB_C_ANTERIOR_PCT": 100.0,
        "ESTADO_C_ANTERIOR": "CUBIERTO"
      },
      "geometry": {
        "type": "MultiPolygon",
        "coordinates": [
          [
            [
              [
                -78.65952131000182,
                -1.6669196032661273
              ],
              [
                -78.6595223777324,
                -1.666015639386147
              ],
              [
                -78.65862408080707,
                -1.6660145650062117
              ],
              [
                -78.6586230126676,
                -1.6669185283029284
              ],
              [
                -78.65952131000182,
                -1.6669196032661273
              ]
            ]
          ]
        ]
      }
    },
    {
      "type": "Feature",
      "properties": {
        "CELL_ID": "GIU100-32-44",
        "AMBITO": "URBANO",
        "CATEGORIA": "CONVIVENCIA",
        "PLATAFORMA": "PLATAFORMA J",
        "PARROQUIA": null,
        "DISTANCE_M": 200,
        "CELL_SIZE_M": 100,
        "COUNT": 0,
        "GI_ZSCORE": 5.100088612102033,
        "GI_PVALUE": 3.394945040870727e-07,
        "GI_CLASS": "HOTSPOT 99%",
        "GI_STAR": 5.100088612102033,
        "SIGNIFICANCIA": 99,
        "SUMA_LOCAL": 135,
        "NIVEL": 99,
        "COB_A_PCT": 71.94379340875531,
        "ESTADO_A": "PARCIALMENTE CUBIERTO",
        "COB_B_PCT": 100.0,
        "ESTADO_B": "CUBIERTO",
        "COB_C_PCT": 100.0,
        "ESTADO_C": "CUBIERTO",
        "COB_B_ANTERIOR_PCT": 100.0,
        "ESTADO_B_ANTERIOR": "CUBIERTO",
        "COB_C_ANTERIOR_PCT": 100.0,
        "ESTADO_C_ANTERIOR": "CUBIERTO"
      },
      "geometry": {
        "type": "MultiPolygon",
        "coordinates": [
          [
            [
              [
                -78.6586230126676,
                -1.6669185283029284
              ],
              [
                -78.65862408080707,
                -1.6660145650062117
              ],
              [
                -78.65772578446197,
                -1.666013490214917
              ],
              [
                -78.6577247159136,
                -1.666917452928146
              ],
              [
                -78.6586230126676,
                -1.6669185283029284
              ]
            ]
          ]
        ]
      }
    },
    {
      "type": "Feature",
      "properties": {
        "CELL_ID": "GIU100-32-45",
        "AMBITO": "URBANO",
        "CATEGORIA": "CONVIVENCIA",
        "PLATAFORMA": "PLATAFORMA J",
        "PARROQUIA": null,
        "DISTANCE_M": 200,
        "CELL_SIZE_M": 100,
        "COUNT": 37,
        "GI_ZSCORE": 6.13038675705102,
        "GI_PVALUE": 8.766569800057329e-10,
        "GI_CLASS": "HOTSPOT 99%",
        "GI_STAR": 6.13038675705102,
        "SIGNIFICANCIA": 99,
        "SUMA_LOCAL": 157,
        "NIVEL": 99,
        "COB_A_PCT": 12.815713162226425,
        "ESTADO_A": "PARCIALMENTE CUBIERTO",
        "COB_B_PCT": 53.556029298301944,
        "ESTADO_B": "PARCIALMENTE CUBIERTO",
        "COB_C_PCT": 53.556029298301944,
        "ESTADO_C": "PARCIALMENTE CUBIERTO",
        "COB_B_ANTERIOR_PCT": 53.556029298301944,
        "ESTADO_B_ANTERIOR": "PARCIALMENTE CUBIERTO",
        "COB_C_ANTERIOR_PCT": 53.556029298301944,
        "ESTADO_C_ANTERIOR": "PARCIALMENTE CUBIERTO"
      },
      "geometry": {
        "type": "MultiPolygon",
        "coordinates": [
          [
            [
              [
                -78.6577247159136,
                -1.666917452928146
              ],
              [
                -78.65772578446197,
                -1.666013490214917
              ],
              [
                -78.65682748869729,
                -1.6660124150122637
              ],
              [
                -78.65682641974004,
                -1.6669163771417825
              ],
              [
                -78.6577247159136,
                -1.666917452928146
              ]
            ]
          ]
        ]
      }
    },
    {
      "type": "Feature",
      "properties": {
        "CELL_ID": "GIU100-32-46",
        "AMBITO": "URBANO",
        "CATEGORIA": "CONVIVENCIA",
        "PLATAFORMA": "PLATAFORMA J",
        "PARROQUIA": null,
        "DISTANCE_M": 200,
        "CELL_SIZE_M": 100,
        "COUNT": 7,
        "GI_ZSCORE": 5.568405950715209,
        "GI_PVALUE": 2.5708032581903328e-08,
        "GI_CLASS": "HOTSPOT 99%",
        "GI_STAR": 5.568405950715209,
        "SIGNIFICANCIA": 99,
        "SUMA_LOCAL": 145,
        "NIVEL": 99,
        "COB_A_PCT": 86.75253761595879,
        "ESTADO_A": "PARCIALMENTE CUBIERTO",
        "COB_B_PCT": 86.75253761595879,
        "ESTADO_B": "PARCIALMENTE CUBIERTO",
        "COB_C_PCT": 86.75253761595879,
        "ESTADO_C": "PARCIALMENTE CUBIERTO",
        "COB_B_ANTERIOR_PCT": 86.75253761595879,
        "ESTADO_B_ANTERIOR": "PARCIALMENTE CUBIERTO",
        "COB_C_ANTERIOR_PCT": 86.75253761595879,
        "ESTADO_C_ANTERIOR": "PARCIALMENTE CUBIERTO"
      },
      "geometry": {
        "type": "MultiPolygon",
        "coordinates": [
          [
            [
              [
                -78.65682641974004,
                -1.6669163771417825
              ],
              [
                -78.65682748869729,
                -1.6660124150122637
              ],
              [
                -78.6559291935133,
                -1.6660113393982534
              ],
              [
                -78.65592812414714,
                -1.6669153009438378
              ],
              [
                -78.65682641974004,
                -1.6669163771417825
              ]
            ]
          ]
        ]
      }
    },
    {
      "type": "Feature",
      "properties": {
        "CELL_ID": "GIU100-32-47",
        "AMBITO": "URBANO",
        "CATEGORIA": "CONVIVENCIA",
        "PLATAFORMA": "PLATAFORMA J",
        "PARROQUIA": null,
        "DISTANCE_M": 200,
        "CELL_SIZE_M": 100,
        "COUNT": 1,
        "GI_ZSCORE": 7.956824377642406,
        "GI_PVALUE": 1.7651097452890578e-15,
        "GI_CLASS": "HOTSPOT 99%",
        "GI_STAR": 7.956824377642406,
        "SIGNIFICANCIA": 99,
        "SUMA_LOCAL": 196,
        "NIVEL": 99,
        "COB_A_PCT": 100.0,
        "ESTADO_A": "CUBIERTO",
        "COB_B_PCT": 100.0,
        "ESTADO_B": "CUBIERTO",
        "COB_C_PCT": 100.0,
        "ESTADO_C": "CUBIERTO",
        "COB_B_ANTERIOR_PCT": 100.0,
        "ESTADO_B_ANTERIOR": "CUBIERTO",
        "COB_C_ANTERIOR_PCT": 100.0,
        "ESTADO_C_ANTERIOR": "CUBIERTO"
      },
      "geometry": {
        "type": "MultiPolygon",
        "coordinates": [
          [
            [
              [
                -78.65592812414714,
                -1.6669153009438378
              ],
              [
                -78.6559291935133,
                -1.6660113393982534
              ],
              [
                -78.65503089891014,
                -1.666010263372887
              ],
              [
                -78.65502982913512,
                -1.6669142243343147
              ],
              [
                -78.65592812414714,
                -1.6669153009438378
              ]
            ]
          ]
        ]
      }
    },
    {
      "type": "Feature",
      "properties": {
        "CELL_ID": "GIU100-32-48",
        "AMBITO": "URBANO",
        "CATEGORIA": "CONVIVENCIA",
        "PLATAFORMA": "PLATAFORMA K",
        "PARROQUIA": null,
        "DISTANCE_M": 200,
        "CELL_SIZE_M": 100,
        "COUNT": 22,
        "GI_ZSCORE": 4.444444338043587,
        "GI_PVALUE": 8.811931765887117e-06,
        "GI_CLASS": "HOTSPOT 99%",
        "GI_STAR": 4.444444338043587,
        "SIGNIFICANCIA": 99,
        "SUMA_LOCAL": 121,
        "NIVEL": 99,
        "COB_A_PCT": 100.0,
        "ESTADO_A": "CUBIERTO",
        "COB_B_PCT": 100.0,
        "ESTADO_B": "CUBIERTO",
        "COB_C_PCT": 100.0,
        "ESTADO_C": "CUBIERTO",
        "COB_B_ANTERIOR_PCT": 100.0,
        "ESTADO_B_ANTERIOR": "CUBIERTO",
        "COB_C_ANTERIOR_PCT": 100.0,
        "ESTADO_C_ANTERIOR": "CUBIERTO"
      },
      "geometry": {
        "type": "MultiPolygon",
        "coordinates": [
          [
            [
              [
                -78.65502982913512,
                -1.6669142243343147
              ],
              [
                -78.65503089891014,
                -1.666010263372887
              ],
              [
                -78.65413260488813,
                -1.6660091869361664
              ],
              [
                -78.65413153470419,
                -1.6669131473132135
              ],
              [
                -78.65502982913512,
                -1.6669142243343147
              ]
            ]
          ]
        ]
      }
    },
    {
      "type": "Feature",
      "properties": {
        "CELL_ID": "GIU100-32-49",
        "AMBITO": "URBANO",
        "CATEGORIA": "CONVIVENCIA",
        "PLATAFORMA": "PLATAFORMA K",
        "PARROQUIA": null,
        "DISTANCE_M": 200,
        "CELL_SIZE_M": 100,
        "COUNT": 4,
        "GI_ZSCORE": 3.9292952655690927,
        "GI_PVALUE": 8.519517728736834e-05,
        "GI_CLASS": "HOTSPOT 99%",
        "GI_STAR": 3.9292952655690927,
        "SIGNIFICANCIA": 99,
        "SUMA_LOCAL": 110,
        "NIVEL": 99,
        "COB_A_PCT": 100.0,
        "ESTADO_A": "CUBIERTO",
        "COB_B_PCT": 100.0,
        "ESTADO_B": "CUBIERTO",
        "COB_C_PCT": 100.0,
        "ESTADO_C": "CUBIERTO",
        "COB_B_ANTERIOR_PCT": 100.0,
        "ESTADO_B_ANTERIOR": "CUBIERTO",
        "COB_C_ANTERIOR_PCT": 100.0,
        "ESTADO_C_ANTERIOR": "CUBIERTO"
      },
      "geometry": {
        "type": "MultiPolygon",
        "coordinates": [
          [
            [
              [
                -78.65413153470419,
                -1.6669131473132135
              ],
              [
                -78.65413260488813,
                -1.6660091869361664
              ],
              [
                -78.65323431144743,
                -1.6660081100880926
              ],
              [
                -78.6532332408546,
                -1.666912069880536
              ],
              [
                -78.65413153470419,
                -1.6669131473132135
              ]
            ]
          ]
        ]
      }
    },
    {
      "type": "Feature",
      "properties": {
        "CELL_ID": "GIU100-32-50",
        "AMBITO": "URBANO",
        "CATEGORIA": "CONVIVENCIA",
        "PLATAFORMA": "PLATAFORMA K",
        "PARROQUIA": null,
        "DISTANCE_M": 200,
        "CELL_SIZE_M": 100,
        "COUNT": 19,
        "GI_ZSCORE": 2.5243432497295646,
        "GI_PVALUE": 0.011591468620709831,
        "GI_CLASS": "HOTSPOT 95%",
        "GI_STAR": 2.5243432497295646,
        "SIGNIFICANCIA": 95,
        "SUMA_LOCAL": 80,
        "NIVEL": 95,
        "COB_A_PCT": 100.0,
        "ESTADO_A": "CUBIERTO",
        "COB_B_PCT": 100.0,
        "ESTADO_B": "CUBIERTO",
        "COB_C_PCT": 100.0,
        "ESTADO_C": "CUBIERTO",
        "COB_B_ANTERIOR_PCT": 100.0,
        "ESTADO_B_ANTERIOR": "CUBIERTO",
        "COB_C_ANTERIOR_PCT": 100.0,
        "ESTADO_C_ANTERIOR": "CUBIERTO"
      },
      "geometry": {
        "type": "MultiPolygon",
        "coordinates": [
          [
            [
              [
                -78.6532332408546,
                -1.666912069880536
              ],
              [
                -78.65323431144743,
                -1.6660081100880926
              ],
              [
                -78.65233601858824,
                -1.6660070328286662
              ],
              [
                -78.65233494758657,
                -1.666910992036283
              ],
              [
                -78.6532332408546,
                -1.666912069880536
              ]
            ]
          ]
        ]
      }
    },
    {
      "type": "Feature",
      "properties": {
        "CELL_ID": "GIU100-32-51",
        "AMBITO": "URBANO",
        "CATEGORIA": "CONVIVENCIA",
        "PLATAFORMA": "PLATAFORMA K",
        "PARROQUIA": null,
        "DISTANCE_M": 200,
        "CELL_SIZE_M": 100,
        "COUNT": 5,
        "GI_ZSCORE": 2.1496893788390237,
        "GI_PVALUE": 0.031579793147695115,
        "GI_CLASS": "HOTSPOT 95%",
        "GI_STAR": 2.1496893788390237,
        "SIGNIFICANCIA": 95,
        "SUMA_LOCAL": 72,
        "NIVEL": 95,
        "COB_A_PCT": 100.0,
        "ESTADO_A": "CUBIERTO",
        "COB_B_PCT": 100.0,
        "ESTADO_B": "CUBIERTO",
        "COB_C_PCT": 100.0,
        "ESTADO_C": "CUBIERTO",
        "COB_B_ANTERIOR_PCT": 100.0,
        "ESTADO_B_ANTERIOR": "CUBIERTO",
        "COB_C_ANTERIOR_PCT": 100.0,
        "ESTADO_C_ANTERIOR": "CUBIERTO"
      },
      "geometry": {
        "type": "MultiPolygon",
        "coordinates": [
          [
            [
              [
                -78.65143665490031,
                -1.666909913780456
              ],
              [
                -78.65233494758657,
                -1.666910992036283
              ],
              [
                -78.65233601858824,
                -1.6660070328286662
              ],
              [
                -78.65199413570028,
                -1.6660066227243187
              ],
              [
                -78.65143715029474,
                -1.6664920061249637
              ],
              [
                -78.65143665490031,
                -1.666909913780456
              ]
            ]
          ],
          [
            [
              [
                -78.65143772631087,
                -1.66600595515789
              ],
              [
                -78.65143715029474,
                -1.6664920061236506
              ],
              [
                -78.65199413562004,
                -1.6660066227242225
              ],
              [
                -78.65143772631087,
                -1.66600595515789
              ]
            ]
          ]
        ]
      }
    },
    {
      "type": "Feature",
      "properties": {
        "CELL_ID": "GIU100-32-52",
        "AMBITO": "URBANO",
        "CATEGORIA": "CONVIVENCIA",
        "PLATAFORMA": "PLATAFORMA K",
        "PARROQUIA": null,
        "DISTANCE_M": 200,
        "CELL_SIZE_M": 100,
        "COUNT": 5,
        "GI_ZSCORE": 2.0560259111163885,
        "GI_PVALUE": 0.03978001871232449,
        "GI_CLASS": "HOTSPOT 95%",
        "GI_STAR": 2.0560259111163885,
        "SIGNIFICANCIA": 95,
        "SUMA_LOCAL": 70,
        "NIVEL": 95,
        "COB_A_PCT": 100.0,
        "ESTADO_A": "CUBIERTO",
        "COB_B_PCT": 100.0,
        "ESTADO_B": "CUBIERTO",
        "COB_C_PCT": 100.0,
        "ESTADO_C": "CUBIERTO",
        "COB_B_ANTERIOR_PCT": 100.0,
        "ESTADO_B_ANTERIOR": "CUBIERTO",
        "COB_C_ANTERIOR_PCT": 100.0,
        "ESTADO_C_ANTERIOR": "CUBIERTO"
      },
      "geometry": {
        "type": "MultiPolygon",
        "coordinates": [
          [
            [
              [
                -78.65143772631087,
                -1.66600595515789
              ],
              [
                -78.65053943461547,
                -1.666004877075765
              ],
              [
                -78.65053836279603,
                -1.666908835113057
              ],
              [
                -78.65143665490031,
                -1.666909913780456
              ],
              [
                -78.65143715029474,
                -1.6664920061249637
              ],
              [
                -78.6514264844814,
                -1.6665013008114502
              ],
              [
                -78.65143715029474,
                -1.6664920061236506
              ],
              [
                -78.65143772631087,
                -1.66600595515789
              ]
            ]
          ]
        ]
      }
    },
    {
      "type": "Feature",
      "properties": {
        "CELL_ID": "GIU100-32-54",
        "AMBITO": "URBANO",
        "CATEGORIA": "CONVIVENCIA",
        "PLATAFORMA": "PLATAFORMA K",
        "PARROQUIA": null,
        "DISTANCE_M": 200,
        "CELL_SIZE_M": 100,
        "COUNT": 2,
        "GI_ZSCORE": 1.8218672418098005,
        "GI_PVALUE": 0.06847513187592394,
        "GI_CLASS": "HOTSPOT 90%",
        "GI_STAR": 1.8218672418098005,
        "SIGNIFICANCIA": 90,
        "SUMA_LOCAL": 65,
        "NIVEL": 90,
        "COB_A_PCT": 100.0,
        "ESTADO_A": "CUBIERTO",
        "COB_B_PCT": 100.0,
        "ESTADO_B": "CUBIERTO",
        "COB_C_PCT": 100.0,
        "ESTADO_C": "CUBIERTO",
        "COB_B_ANTERIOR_PCT": 100.0,
        "ESTADO_B_ANTERIOR": "CUBIERTO",
        "COB_C_ANTERIOR_PCT": 100.0,
        "ESTADO_C_ANTERIOR": "CUBIERTO"
      },
      "geometry": {
        "type": "MultiPolygon",
        "coordinates": [
          [
            [
              [
                -78.64964007127396,
                -1.6669077560340864
              ],
              [
                -78.6496411435023,
                -1.6660037985822915
              ],
              [
                -78.64874285297154,
                -1.6660027196774714
              ],
              [
                -78.64874178033433,
                -1.6669066765435463
              ],
              [
                -78.64964007127396,
                -1.6669077560340864
              ]
            ]
          ]
        ]
      }
    },
    {
      "type": "Feature",
      "properties": {
        "CELL_ID": "GIU100-32-61",
        "AMBITO": "URBANO",
        "CATEGORIA": "CONVIVENCIA",
        "PLATAFORMA": "PLATAFORMA M",
        "PARROQUIA": null,
        "DISTANCE_M": 200,
        "CELL_SIZE_M": 100,
        "COUNT": 4,
        "GI_ZSCORE": 2.1965211127003417,
        "GI_PVALUE": 0.028054665702614886,
        "GI_CLASS": "HOTSPOT 95%",
        "GI_STAR": 2.1965211127003417,
        "SIGNIFICANCIA": 95,
        "SUMA_LOCAL": 73,
        "NIVEL": 95,
        "COB_A_PCT": 100.0,
        "ESTADO_A": "CUBIERTO",
        "COB_B_PCT": 100.0,
        "ESTADO_B": "CUBIERTO",
        "COB_C_PCT": 100.0,
        "ESTADO_C": "CUBIERTO",
        "COB_B_ANTERIOR_PCT": 100.0,
        "ESTADO_B_ANTERIOR": "CUBIERTO",
        "COB_C_ANTERIOR_PCT": 100.0,
        "ESTADO_C_ANTERIOR": "CUBIERTO"
      },
      "geometry": {
        "type": "MultiPolygon",
        "coordinates": [
          [
            [
              [
                -78.64335204694021,
                -1.6669001909574124
              ],
              [
                -78.64335312203065,
                -1.6659962376103499
              ],
              [
                -78.64245483558318,
                -1.665995155826141
              ],
              [
                -78.64245376008387,
                -1.6668991085859208
              ],
              [
                -78.64335204694021,
                -1.6669001909574124
              ]
            ]
          ]
        ]
      }
    },
    {
      "type": "Feature",
      "properties": {
        "CELL_ID": "GIU100-32-62",
        "AMBITO": "URBANO",
        "CATEGORIA": "CONVIVENCIA",
        "PLATAFORMA": "PLATAFORMA M",
        "PARROQUIA": null,
        "DISTANCE_M": 200,
        "CELL_SIZE_M": 100,
        "COUNT": 0,
        "GI_ZSCORE": 1.9155307095324359,
        "GI_PVALUE": 0.055424856621911066,
        "GI_CLASS": "HOTSPOT 90%",
        "GI_STAR": 1.9155307095324359,
        "SIGNIFICANCIA": 90,
        "SUMA_LOCAL": 67,
        "NIVEL": 90,
        "COB_A_PCT": 91.9929966396462,
        "ESTADO_A": "PARCIALMENTE CUBIERTO",
        "COB_B_PCT": 91.9929966396462,
        "ESTADO_B": "PARCIALMENTE CUBIERTO",
        "COB_C_PCT": 96.82088967777888,
        "ESTADO_C": "PARCIALMENTE CUBIERTO",
        "COB_B_ANTERIOR_PCT": 94.83213430995477,
        "ESTADO_B_ANTERIOR": "PARCIALMENTE CUBIERTO",
        "COB_C_ANTERIOR_PCT": 99.60875459457144,
        "ESTADO_C_ANTERIOR": "PARCIALMENTE CUBIERTO"
      },
      "geometry": {
        "type": "MultiPolygon",
        "coordinates": [
          [
            [
              [
                -78.64245376008387,
                -1.6668991085859208
              ],
              [
                -78.64245483558318,
                -1.665995155826141
              ],
              [
                -78.64155654971991,
                -1.665994073630597
              ],
              [
                -78.64155547381174,
                -1.6668980258028698
              ],
              [
                -78.64245376008387,
                -1.6668991085859208
              ]
            ]
          ]
        ]
      }
    },
    {
      "type": "Feature",
      "properties": {
        "CELL_ID": "GIU100-32-64",
        "AMBITO": "URBANO",
        "CATEGORIA": "CONVIVENCIA",
        "PLATAFORMA": "PLATAFORMA O",
        "PARROQUIA": null,
        "DISTANCE_M": 200,
        "CELL_SIZE_M": 100,
        "COUNT": 0,
        "GI_ZSCORE": 2.7116701851748353,
        "GI_PVALUE": 0.00669451659092863,
        "GI_CLASS": "HOTSPOT 99%",
        "GI_STAR": 2.7116701851748353,
        "SIGNIFICANCIA": 99,
        "SUMA_LOCAL": 84,
        "NIVEL": 99,
        "COB_A_PCT": 37.18273204856541,
        "ESTADO_A": "PARCIALMENTE CUBIERTO",
        "COB_B_PCT": 37.18273204856541,
        "ESTADO_B": "PARCIALMENTE CUBIERTO",
        "COB_C_PCT": 100.0,
        "ESTADO_C": "CUBIERTO",
        "COB_B_ANTERIOR_PCT": 93.59894354122903,
        "ESTADO_B_ANTERIOR": "PARCIALMENTE CUBIERTO",
        "COB_C_ANTERIOR_PCT": 100.0,
        "ESTADO_C_ANTERIOR": "CUBIERTO"
      },
      "geometry": {
        "type": "MultiPolygon",
        "coordinates": [
          [
            [
              [
                -78.64065718812404,
                -1.6668969426082603
              ],
              [
                -78.64065826444109,
                -1.6659929910237183
              ],
              [
                -78.63975997974691,
                -1.665991908005506
              ],
              [
                -78.639758903021,
                -1.6668958590020948
              ],
              [
                -78.64065718812404,
                -1.6668969426082603
              ]
            ]
          ]
        ]
      }
    },
    {
      "type": "Feature",
      "properties": {
        "CELL_ID": "GIU100-33-38",
        "AMBITO": "URBANO",
        "CATEGORIA": "CONVIVENCIA",
        "PLATAFORMA": "PLATAFORMA J",
        "PARROQUIA": null,
        "DISTANCE_M": 200,
        "CELL_SIZE_M": 100,
        "COUNT": 4,
        "GI_ZSCORE": 3.78880006398514,
        "GI_PVALUE": 0.00015137667721659297,
        "GI_CLASS": "HOTSPOT 99%",
        "GI_STAR": 3.78880006398514,
        "SIGNIFICANCIA": 99,
        "SUMA_LOCAL": 107,
        "NIVEL": 99,
        "COB_A_PCT": 92.98232699564498,
        "ESTADO_A": "PARCIALMENTE CUBIERTO",
        "COB_B_PCT": 100.0,
        "ESTADO_B": "CUBIERTO",
        "COB_C_PCT": 100.0,
        "ESTADO_C": "CUBIERTO",
        "COB_B_ANTERIOR_PCT": 100.0,
        "ESTADO_B_ANTERIOR": "CUBIERTO",
        "COB_C_ANTERIOR_PCT": 100.0,
        "ESTADO_C_ANTERIOR": "CUBIERTO"
      },
      "geometry": {
        "type": "MultiPolygon",
        "coordinates": [
          [
            [
              [
                -78.66401387105448,
                -1.6660210051153796
              ],
              [
                -78.6640149361617,
                -1.665117038313425
              ],
              [
                -78.66311663674732,
                -1.6651159665724555
              ],
              [
                -78.66311557123142,
                -1.666019932792263
              ],
              [
                -78.66401387105448,
                -1.6660210051153796
              ]
            ]
          ]
        ]
      }
    },
    {
      "type": "Feature",
      "properties": {
        "CELL_ID": "GIU100-33-42",
        "AMBITO": "URBANO",
        "CATEGORIA": "CONVIVENCIA",
        "PLATAFORMA": "PLATAFORMA J",
        "PARROQUIA": null,
        "DISTANCE_M": 200,
        "CELL_SIZE_M": 100,
        "COUNT": 0,
        "GI_ZSCORE": 5.100088612102033,
        "GI_PVALUE": 3.394945040870727e-07,
        "GI_CLASS": "HOTSPOT 99%",
        "GI_STAR": 5.100088612102033,
        "SIGNIFICANCIA": 99,
        "SUMA_LOCAL": 135,
        "NIVEL": 99,
        "COB_A_PCT": 100.0,
        "ESTADO_A": "CUBIERTO",
        "COB_B_PCT": 100.0,
        "ESTADO_B": "CUBIERTO",
        "COB_C_PCT": 100.0,
        "ESTADO_C": "CUBIERTO",
        "COB_B_ANTERIOR_PCT": 100.0,
        "ESTADO_B_ANTERIOR": "CUBIERTO",
        "COB_C_ANTERIOR_PCT": 100.0,
        "ESTADO_C_ANTERIOR": "CUBIERTO"
      },
      "geometry": {
        "type": "MultiPolygon",
        "coordinates": [
          [
            [
              [
                -78.66042067523773,
                -1.666016713354721
              ],
              [
                -78.66042174197965,
                -1.6651127488826936
              ],
              [
                -78.65952344488302,
                -1.6651116754971595
              ],
              [
                -78.6595223777324,
                -1.666015639386147
              ],
              [
                -78.66042067523773,
                -1.666016713354721
              ]
            ]
          ]
        ]
      }
    },
    {
      "type": "Feature",
      "properties": {
        "CELL_ID": "GIU100-33-43",
        "AMBITO": "URBANO",
        "CATEGORIA": "CONVIVENCIA",
        "PLATAFORMA": "PLATAFORMA J",
        "PARROQUIA": null,
        "DISTANCE_M": 200,
        "CELL_SIZE_M": 100,
        "COUNT": 9,
        "GI_ZSCORE": 5.287415547547304,
        "GI_PVALUE": 1.2405660409829855e-07,
        "GI_CLASS": "HOTSPOT 99%",
        "GI_STAR": 5.287415547547304,
        "SIGNIFICANCIA": 99,
        "SUMA_LOCAL": 139,
        "NIVEL": 99,
        "COB_A_PCT": 100.0,
        "ESTADO_A": "CUBIERTO",
        "COB_B_PCT": 100.0,
        "ESTADO_B": "CUBIERTO",
        "COB_C_PCT": 100.0,
        "ESTADO_C": "CUBIERTO",
        "COB_B_ANTERIOR_PCT": 100.0,
        "ESTADO_B_ANTERIOR": "CUBIERTO",
        "COB_C_ANTERIOR_PCT": 100.0,
        "ESTADO_C_ANTERIOR": "CUBIERTO"
      },
      "geometry": {
        "type": "MultiPolygon",
        "coordinates": [
          [
            [
              [
                -78.6595223777324,
                -1.666015639386147
              ],
              [
                -78.65952344488302,
                -1.6651116754971595
              ],
              [
                -78.65862514836634,
                -1.6651106017004875
              ],
              [
                -78.65862408080707,
                -1.6660145650062117
              ],
              [
                -78.6595223777324,
                -1.666015639386147
              ]
            ]
          ]
        ]
      }
    },
    {
      "type": "Feature",
      "properties": {
        "CELL_ID": "GIU100-33-44",
        "AMBITO": "URBANO",
        "CATEGORIA": "CONVIVENCIA",
        "PLATAFORMA": "PLATAFORMA J",
        "PARROQUIA": null,
        "DISTANCE_M": 200,
        "CELL_SIZE_M": 100,
        "COUNT": 38,
        "GI_ZSCORE": 7.2075166358613245,
        "GI_PVALUE": 5.698148039551866e-13,
        "GI_CLASS": "HOTSPOT 99%",
        "GI_STAR": 7.2075166358613245,
        "SIGNIFICANCIA": 99,
        "SUMA_LOCAL": 180,
        "NIVEL": 99,
        "COB_A_PCT": 100.0,
        "ESTADO_A": "CUBIERTO",
        "COB_B_PCT": 100.0,
        "ESTADO_B": "CUBIERTO",
        "COB_C_PCT": 100.0,
        "ESTADO_C": "CUBIERTO",
        "COB_B_ANTERIOR_PCT": 100.0,
        "ESTADO_B_ANTERIOR": "CUBIERTO",
        "COB_C_ANTERIOR_PCT": 100.0,
        "ESTADO_C_ANTERIOR": "CUBIERTO"
      },
      "geometry": {
        "type": "MultiPolygon",
        "coordinates": [
          [
            [
              [
                -78.65862408080707,
                -1.6660145650062117
              ],
              [
                -78.65862514836634,
                -1.6651106017004875
              ],
              [
                -78.65772685242989,
                -1.66510952749268
              ],
              [
                -78.65772578446197,
                -1.666013490214917
              ],
              [
                -78.65862408080707,
                -1.6660145650062117
              ]
            ]
          ]
        ]
      }
    },
    {
      "type": "Feature",
      "properties": {
        "CELL_ID": "GIU100-33-45",
        "AMBITO": "URBANO",
        "CATEGORIA": "CONVIVENCIA",
        "PLATAFORMA": "PLATAFORMA J",
        "PARROQUIA": null,
        "DISTANCE_M": 200,
        "CELL_SIZE_M": 100,
        "COUNT": 0,
        "GI_ZSCORE": 4.1634539348756805,
        "GI_PVALUE": 3.134692908179604e-05,
        "GI_CLASS": "HOTSPOT 99%",
        "GI_STAR": 4.1634539348756805,
        "SIGNIFICANCIA": 99,
        "SUMA_LOCAL": 115,
        "NIVEL": 99,
        "COB_A_PCT": 64.54192488082512,
        "ESTADO_A": "PARCIALMENTE CUBIERTO",
        "COB_B_PCT": 64.54192488082512,
        "ESTADO_B": "PARCIALMENTE CUBIERTO",
        "COB_C_PCT": 64.54192488082512,
        "ESTADO_C": "PARCIALMENTE CUBIERTO",
        "COB_B_ANTERIOR_PCT": 64.54192488082512,
        "ESTADO_B_ANTERIOR": "PARCIALMENTE CUBIERTO",
        "COB_C_ANTERIOR_PCT": 64.54192488082512,
        "ESTADO_C_ANTERIOR": "PARCIALMENTE CUBIERTO"
      },
      "geometry": {
        "type": "MultiPolygon",
        "coordinates": [
          [
            [
              [
                -78.65772578446197,
                -1.666013490214917
              ],
              [
                -78.65772685242989,
                -1.66510952749268
              ],
              [
                -78.6568285570739,
                -1.6651084528737363
              ],
              [
                -78.65682748869729,
                -1.6660124150122637
              ],
              [
                -78.65772578446197,
                -1.666013490214917
              ]
            ]
          ]
        ]
      }
    },
    {
      "type": "Feature",
      "properties": {
        "CELL_ID": "GIU100-33-46",
        "AMBITO": "URBANO",
        "CATEGORIA": "CONVIVENCIA",
        "PLATAFORMA": "PLATAFORMA I",
        "PARROQUIA": null,
        "DISTANCE_M": 200,
        "CELL_SIZE_M": 100,
        "COUNT": 11,
        "GI_ZSCORE": 5.334247281408621,
        "GI_PVALUE": 9.594170441223541e-08,
        "GI_CLASS": "HOTSPOT 99%",
        "GI_STAR": 5.334247281408621,
        "SIGNIFICANCIA": 99,
        "SUMA_LOCAL": 140,
        "NIVEL": 99,
        "COB_A_PCT": 56.96032730144424,
        "ESTADO_A": "PARCIALMENTE CUBIERTO",
        "COB_B_PCT": 56.96032730144424,
        "ESTADO_B": "PARCIALMENTE CUBIERTO",
        "COB_C_PCT": 56.96032730144424,
        "ESTADO_C": "PARCIALMENTE CUBIERTO",
        "COB_B_ANTERIOR_PCT": 56.96032730144424,
        "ESTADO_B_ANTERIOR": "PARCIALMENTE CUBIERTO",
        "COB_C_ANTERIOR_PCT": 56.96032730144424,
        "ESTADO_C_ANTERIOR": "PARCIALMENTE CUBIERTO"
      },
      "geometry": {
        "type": "MultiPolygon",
        "coordinates": [
          [
            [
              [
                -78.65682748869729,
                -1.6660124150122637
              ],
              [
                -78.6568285570739,
                -1.6651084528737363
              ],
              [
                -78.65593026229854,
                -1.6651073778436587
              ],
              [
                -78.6559291935133,
                -1.6660113393982534
              ],
              [
                -78.65682748869729,
                -1.6660124150122637
              ]
            ]
          ]
        ]
      }
    },
    {
      "type": "Feature",
      "properties": {
        "CELL_ID": "GIU100-33-47",
        "AMBITO": "URBANO",
        "CATEGORIA": "CONVIVENCIA",
        "PLATAFORMA": "PLATAFORMA I",
        "PARROQUIA": null,
        "DISTANCE_M": 200,
        "CELL_SIZE_M": 100,
        "COUNT": 3,
        "GI_ZSCORE": 3.0863240560653757,
        "GI_PVALUE": 0.002026478366141622,
        "GI_CLASS": "HOTSPOT 99%",
        "GI_STAR": 3.0863240560653757,
        "SIGNIFICANCIA": 99,
        "SUMA_LOCAL": 92,
        "NIVEL": 99,
        "COB_A_PCT": 100.0,
        "ESTADO_A": "CUBIERTO",
        "COB_B_PCT": 100.0,
        "ESTADO_B": "CUBIERTO",
        "COB_C_PCT": 100.0,
        "ESTADO_C": "CUBIERTO",
        "COB_B_ANTERIOR_PCT": 100.0,
        "ESTADO_B_ANTERIOR": "CUBIERTO",
        "COB_C_ANTERIOR_PCT": 100.0,
        "ESTADO_C_ANTERIOR": "CUBIERTO"
      },
      "geometry": {
        "type": "MultiPolygon",
        "coordinates": [
          [
            [
              [
                -78.65503089891014,
                -1.666010263372887
              ],
              [
                -78.6559291935133,
                -1.6660113393982534
              ],
              [
                -78.65593026229854,
                -1.6651073778436587
              ],
              [
                -78.65503196810408,
                -1.6651063024024497
              ],
              [
                -78.65503160749569,
                -1.6654112373677639
              ],
              [
                -78.65551499450737,
                -1.6659733333366908
              ],
              [
                -78.65536101920267,
                -1.6657942872689613
              ],
              [
                -78.65503160749508,
                -1.6654112378846948
              ],
              [
                -78.65503089891014,
                -1.666010263372887
              ]
            ]
          ]
        ]
      }
    },
    {
      "type": "Feature",
      "properties": {
        "CELL_ID": "GIU100-33-48",
        "AMBITO": "URBANO",
        "CATEGORIA": "CONVIVENCIA",
        "PLATAFORMA": "PLATAFORMA K",
        "PARROQUIA": null,
        "DISTANCE_M": 200,
        "CELL_SIZE_M": 100,
        "COUNT": 9,
        "GI_ZSCORE": 3.320482725371964,
        "GI_PVALUE": 0.0008986192016483554,
        "GI_CLASS": "HOTSPOT 99%",
        "GI_STAR": 3.320482725371964,
        "SIGNIFICANCIA": 99,
        "SUMA_LOCAL": 97,
        "NIVEL": 99,
        "COB_A_PCT": 100.00000000000003,
        "ESTADO_A": "CUBIERTO",
        "COB_B_PCT": 100.00000000000003,
        "ESTADO_B": "CUBIERTO",
        "COB_C_PCT": 100.00000000000003,
        "ESTADO_C": "CUBIERTO",
        "COB_B_ANTERIOR_PCT": 100.00000000000003,
        "ESTADO_B_ANTERIOR": "CUBIERTO",
        "COB_C_ANTERIOR_PCT": 100.00000000000003,
        "ESTADO_C_ANTERIOR": "CUBIERTO"
      },
      "geometry": {
        "type": "MultiPolygon",
        "coordinates": [
          [
            [
              [
                -78.65413367449071,
                -1.6651052265501085
              ],
              [
                -78.65413260488813,
                -1.6660091869361664
              ],
              [
                -78.65503089891014,
                -1.666010263372887
              ],
              [
                -78.65503160749508,
                -1.6654112378846948
              ],
              [
                -78.65476910083918,
                -1.665105987618876
              ],
              [
                -78.65413367449071,
                -1.6651052265501085
              ]
            ]
          ],
          [
            [
              [
                -78.65503196810408,
                -1.6651063024024497
              ],
              [
                -78.6547691011358,
                -1.6651059876192311
              ],
              [
                -78.65503160749569,
                -1.6654112373677639
              ],
              [
                -78.65503196810408,
                -1.6651063024024497
              ]
            ]
          ]
        ]
      }
    },
    {
      "type": "Feature",
      "properties": {
        "CELL_ID": "GIU100-33-49",
        "AMBITO": "URBANO",
        "CATEGORIA": "CONVIVENCIA",
        "PLATAFORMA": "PLATAFORMA K",
        "PARROQUIA": null,
        "DISTANCE_M": 200,
        "CELL_SIZE_M": 100,
        "COUNT": 3,
        "GI_ZSCORE": 2.6648384513135177,
        "GI_PVALUE": 0.007702531482686286,
        "GI_CLASS": "HOTSPOT 99%",
        "GI_STAR": 2.6648384513135177,
        "SIGNIFICANCIA": 99,
        "SUMA_LOCAL": 83,
        "NIVEL": 99,
        "COB_A_PCT": 100.0,
        "ESTADO_A": "CUBIERTO",
        "COB_B_PCT": 100.0,
        "ESTADO_B": "CUBIERTO",
        "COB_C_PCT": 100.0,
        "ESTADO_C": "CUBIERTO",
        "COB_B_ANTERIOR_PCT": 100.0,
        "ESTADO_B_ANTERIOR": "CUBIERTO",
        "COB_C_ANTERIOR_PCT": 100.0,
        "ESTADO_C_ANTERIOR": "CUBIERTO"
      },
      "geometry": {
        "type": "MultiPolygon",
        "coordinates": [
          [
            [
              [
                -78.65413260488813,
                -1.6660091869361664
              ],
              [
                -78.65413367449071,
                -1.6651052265501085
              ],
              [
                -78.65323538145867,
                -1.665104150286638
              ],
              [
                -78.65323431144743,
                -1.6660081100880926
              ],
              [
                -78.65413260488813,
                -1.6660091869361664
              ]
            ]
          ]
        ]
      }
    },
    {
      "type": "Feature",
      "properties": {
        "CELL_ID": "GIU100-33-50",
        "AMBITO": "URBANO",
        "CATEGORIA": "CONVIVENCIA",
        "PLATAFORMA": "PLATAFORMA K",
        "PARROQUIA": null,
        "DISTANCE_M": 200,
        "CELL_SIZE_M": 100,
        "COUNT": 3,
        "GI_ZSCORE": 2.0560259111163885,
        "GI_PVALUE": 0.03978001871232449,
        "GI_CLASS": "HOTSPOT 95%",
        "GI_STAR": 2.0560259111163885,
        "SIGNIFICANCIA": 95,
        "SUMA_LOCAL": 70,
        "NIVEL": 95,
        "COB_A_PCT": 100.0,
        "ESTADO_A": "CUBIERTO",
        "COB_B_PCT": 100.0,
        "ESTADO_B": "CUBIERTO",
        "COB_C_PCT": 100.0,
        "ESTADO_C": "CUBIERTO",
        "COB_B_ANTERIOR_PCT": 100.0,
        "ESTADO_B_ANTERIOR": "CUBIERTO",
        "COB_C_ANTERIOR_PCT": 100.0,
        "ESTADO_C_ANTERIOR": "CUBIERTO"
      },
      "geometry": {
        "type": "MultiPolygon",
        "coordinates": [
          [
            [
              [
                -78.65233601858824,
                -1.6660070328286662
              ],
              [
                -78.65323431144743,
                -1.6660081100880926
              ],
              [
                -78.65323538145867,
                -1.665104150286638
              ],
              [
                -78.65303001776708,
                -1.6651039041783127
              ],
              [
                -78.6523363722998,
                -1.6657083812136169
              ],
              [
                -78.65233601858824,
                -1.6660070328286662
              ]
            ]
          ],
          [
            [
              [
                -78.65233708900816,
                -1.665103073612039
              ],
              [
                -78.65233637229993,
                -1.6657083811012763
              ],
              [
                -78.65302413273918,
                -1.6651090324910187
              ],
              [
                -78.6530300176108,
                -1.6651039041781257
              ],
              [
                -78.65233708900816,
                -1.665103073612039
              ]
            ]
          ]
        ]
      }
    },
    {
      "type": "Feature",
      "properties": {
        "CELL_ID": "GIU100-33-53",
        "AMBITO": "URBANO",
        "CATEGORIA": "CONVIVENCIA",
        "PLATAFORMA": "PLATAFORMA K",
        "PARROQUIA": null,
        "DISTANCE_M": 200,
        "CELL_SIZE_M": 100,
        "COUNT": 8,
        "GI_ZSCORE": 1.7282037740871654,
        "GI_PVALUE": 0.08395169734710652,
        "GI_CLASS": "HOTSPOT 90%",
        "GI_STAR": 1.7282037740871654,
        "SIGNIFICANCIA": 90,
        "SUMA_LOCAL": 63,
        "NIVEL": 90,
        "COB_A_PCT": 100.0,
        "ESTADO_A": "CUBIERTO",
        "COB_B_PCT": 100.0,
        "ESTADO_B": "CUBIERTO",
        "COB_C_PCT": 100.0,
        "ESTADO_C": "CUBIERTO",
        "COB_B_ANTERIOR_PCT": 100.0,
        "ESTADO_B_ANTERIOR": "CUBIERTO",
        "COB_C_ANTERIOR_PCT": 100.0,
        "ESTADO_C_ANTERIOR": "CUBIERTO"
      },
      "geometry": {
        "type": "MultiPolygon",
        "coordinates": [
          [
            [
              [
                -78.6505405058527,
                -1.6651009190294603
              ],
              [
                -78.64964221514818,
                -1.6650998411214841
              ],
              [
                -78.6496411435023,
                -1.6660037985822915
              ],
              [
                -78.65053943461547,
                -1.666004877075765
              ],
              [
                -78.65054013682746,
                -1.6654123745620921
              ],
              [
                -78.65052993803768,
                -1.665399844551293
              ],
              [
                -78.65054013682774,
                -1.6654123743210798
              ],
              [
                -78.6505405058527,
                -1.6651009190294603
              ]
            ]
          ]
        ]
      }
    },
    {
      "type": "Feature",
      "properties": {
        "CELL_ID": "GIU100-33-54",
        "AMBITO": "URBANO",
        "CATEGORIA": "CONVIVENCIA",
        "PLATAFORMA": "PLATAFORMA K",
        "PARROQUIA": null,
        "DISTANCE_M": 200,
        "CELL_SIZE_M": 100,
        "COUNT": 8,
        "GI_ZSCORE": 2.1496893788390237,
        "GI_PVALUE": 0.031579793147695115,
        "GI_CLASS": "HOTSPOT 95%",
        "GI_STAR": 2.1496893788390237,
        "SIGNIFICANCIA": 95,
        "SUMA_LOCAL": 72,
        "NIVEL": 95,
        "COB_A_PCT": 100.0,
        "ESTADO_A": "CUBIERTO",
        "COB_B_PCT": 100.0,
        "ESTADO_B": "CUBIERTO",
        "COB_C_PCT": 100.0,
        "ESTADO_C": "CUBIERTO",
        "COB_B_ANTERIOR_PCT": 100.0,
        "ESTADO_B_ANTERIOR": "CUBIERTO",
        "COB_C_ANTERIOR_PCT": 100.0,
        "ESTADO_C_ANTERIOR": "CUBIERTO"
      },
      "geometry": {
        "type": "MultiPolygon",
        "coordinates": [
          [
            [
              [
                -78.6496411435023,
                -1.6660037985822915
              ],
              [
                -78.64964221514818,
                -1.6650998411214841
              ],
              [
                -78.64874392502608,
                -1.6650987628023841
              ],
              [
                -78.64874285297154,
                -1.6660027196774714
              ],
              [
                -78.6496411435023,
                -1.6660037985822915
              ]
            ]
          ]
        ]
      }
    },
    {
      "type": "Feature",
      "properties": {
        "CELL_ID": "GIU100-33-59",
        "AMBITO": "URBANO",
        "CATEGORIA": "CONVIVENCIA",
        "PLATAFORMA": "PLATAFORMA K",
        "PARROQUIA": null,
        "DISTANCE_M": 200,
        "CELL_SIZE_M": 100,
        "COUNT": 1,
        "GI_ZSCORE": 1.6813720402258479,
        "GI_PVALUE": 0.09269067286521332,
        "GI_CLASS": "HOTSPOT 90%",
        "GI_STAR": 1.6813720402258479,
        "SIGNIFICANCIA": 90,
        "SUMA_LOCAL": 62,
        "NIVEL": 90,
        "COB_A_PCT": 86.74509478055337,
        "ESTADO_A": "PARCIALMENTE CUBIERTO",
        "COB_B_PCT": 86.74509478055337,
        "ESTADO_B": "PARCIALMENTE CUBIERTO",
        "COB_C_PCT": 87.34193877517663,
        "ESTADO_C": "PARCIALMENTE CUBIERTO",
        "COB_B_ANTERIOR_PCT": 86.74509478055337,
        "ESTADO_B_ANTERIOR": "PARCIALMENTE CUBIERTO",
        "COB_C_ANTERIOR_PCT": 100.0,
        "ESTADO_C_ANTERIOR": "CUBIERTO"
      },
      "geometry": {
        "type": "MultiPolygon",
        "coordinates": [
          [
            [
              [
                -78.64514969667736,
                -1.6659983999447536
              ],
              [
                -78.64515077036651,
                -1.665094445414778
              ],
              [
                -78.64425248315992,
                -1.6650933650400819
              ],
              [
                -78.64425140906211,
                -1.6659973189832207
              ],
              [
                -78.64514969667736,
                -1.6659983999447536
              ]
            ]
          ]
        ]
      }
    },
    {
      "type": "Feature",
      "properties": {
        "CELL_ID": "GIU100-33-60",
        "AMBITO": "URBANO",
        "CATEGORIA": "CONVIVENCIA",
        "PLATAFORMA": "PLATAFORMA M",
        "PARROQUIA": null,
        "DISTANCE_M": 200,
        "CELL_SIZE_M": 100,
        "COUNT": 1,
        "GI_ZSCORE": 1.7282037740871654,
        "GI_PVALUE": 0.08395169734710652,
        "GI_CLASS": "HOTSPOT 90%",
        "GI_STAR": 1.7282037740871654,
        "SIGNIFICANCIA": 90,
        "SUMA_LOCAL": 63,
        "NIVEL": 90,
        "COB_A_PCT": 100.0,
        "ESTADO_A": "CUBIERTO",
        "COB_B_PCT": 100.0,
        "ESTADO_B": "CUBIERTO",
        "COB_C_PCT": 100.0,
        "ESTADO_C": "CUBIERTO",
        "COB_B_ANTERIOR_PCT": 100.0,
        "ESTADO_B_ANTERIOR": "CUBIERTO",
        "COB_C_ANTERIOR_PCT": 100.0,
        "ESTADO_C_ANTERIOR": "CUBIERTO"
      },
      "geometry": {
        "type": "MultiPolygon",
        "coordinates": [
          [
            [
              [
                -78.64425140906211,
                -1.6659973189832207
              ],
              [
                -78.64425248315992,
                -1.6650933650400819
              ],
              [
                -78.6433541965371,
                -1.6650922842542701
              ],
              [
                -78.64335312203065,
                -1.6659962376103499
              ],
              [
                -78.64425140906211,
                -1.6659973189832207
              ]
            ]
          ]
        ]
      }
    },
    {
      "type": "Feature",
      "properties": {
        "CELL_ID": "GIU100-33-62",
        "AMBITO": "URBANO",
        "CATEGORIA": "CONVIVENCIA",
        "PLATAFORMA": "PLATAFORMA M",
        "PARROQUIA": null,
        "DISTANCE_M": 200,
        "CELL_SIZE_M": 100,
        "COUNT": 0,
        "GI_ZSCORE": 1.7282037740871654,
        "GI_PVALUE": 0.08395169734710652,
        "GI_CLASS": "HOTSPOT 90%",
        "GI_STAR": 1.7282037740871654,
        "SIGNIFICANCIA": 90,
        "SUMA_LOCAL": 63,
        "NIVEL": 90,
        "COB_A_PCT": 78.4190465254347,
        "ESTADO_A": "PARCIALMENTE CUBIERTO",
        "COB_B_PCT": 78.4750249766058,
        "ESTADO_B": "PARCIALMENTE CUBIERTO",
        "COB_C_PCT": 78.4750249766058,
        "ESTADO_C": "PARCIALMENTE CUBIERTO",
        "COB_B_ANTERIOR_PCT": 100.0,
        "ESTADO_B_ANTERIOR": "CUBIERTO",
        "COB_C_ANTERIOR_PCT": 100.0,
        "ESTADO_C_ANTERIOR": "CUBIERTO"
      },
      "geometry": {
        "type": "MultiPolygon",
        "coordinates": [
          [
            [
              [
                -78.64245483558318,
                -1.665995155826141
              ],
              [
                -78.64245591049827,
                -1.665091203057345
              ],
              [
                -78.64155762504367,
                -1.6650901214493068
              ],
              [
                -78.64155654971991,
                -1.665994073630597
              ],
              [
                -78.64245483558318,
                -1.665995155826141
              ]
            ]
          ]
        ]
      }
    },
    {
      "type": "Feature",
      "properties": {
        "CELL_ID": "GIU100-34-36",
        "AMBITO": "URBANO",
        "CATEGORIA": "CONVIVENCIA",
        "PLATAFORMA": "PLATAFORMA H",
        "PARROQUIA": null,
        "DISTANCE_M": 200,
        "CELL_SIZE_M": 100,
        "COUNT": 2,
        "GI_ZSCORE": 3.6483048624011873,
        "GI_PVALUE": 0.00026397628969026214,
        "GI_CLASS": "HOTSPOT 99%",
        "GI_STAR": 3.6483048624011873,
        "SIGNIFICANCIA": 99,
        "SUMA_LOCAL": 104,
        "NIVEL": 99,
        "COB_A_PCT": 24.148022664158727,
        "ESTADO_A": "PARCIALMENTE CUBIERTO",
        "COB_B_PCT": 93.2062424815913,
        "ESTADO_B": "PARCIALMENTE CUBIERTO",
        "COB_C_PCT": 93.2062424815913,
        "ESTADO_C": "PARCIALMENTE CUBIERTO",
        "COB_B_ANTERIOR_PCT": 96.53900326885415,
        "ESTADO_B_ANTERIOR": "PARCIALMENTE CUBIERTO",
        "COB_C_ANTERIOR_PCT": 100.0,
        "ESTADO_C_ANTERIOR": "CUBIERTO"
      },
      "geometry": {
        "type": "MultiPolygon",
        "coordinates": [
          [
            [
              [
                -78.66581153672692,
                -1.6651191805619299
              ],
              [
                -78.66581260043834,
                -1.6642152125873524
              ],
              [
                -78.66491430027486,
                -1.6642141422503725
              ],
              [
                -78.66491323615499,
                -1.6651181096432504
              ],
              [
                -78.66581153672692,
                -1.6651191805619299
              ]
            ]
          ]
        ]
      }
    },
    {
      "type": "Feature",
      "properties": {
        "CELL_ID": "GIU100-34-37",
        "AMBITO": "URBANO",
        "CATEGORIA": "CONVIVENCIA",
        "PLATAFORMA": "PLATAFORMA J",
        "PARROQUIA": null,
        "DISTANCE_M": 200,
        "CELL_SIZE_M": 100,
        "COUNT": 6,
        "GI_ZSCORE": 4.210285668736998,
        "GI_PVALUE": 2.550479858507215e-05,
        "GI_CLASS": "HOTSPOT 99%",
        "GI_STAR": 4.210285668736998,
        "SIGNIFICANCIA": 99,
        "SUMA_LOCAL": 116,
        "NIVEL": 99,
        "COB_A_PCT": 100.0,
        "ESTADO_A": "CUBIERTO",
        "COB_B_PCT": 100.0,
        "ESTADO_B": "CUBIERTO",
        "COB_C_PCT": 100.0,
        "ESTADO_C": "CUBIERTO",
        "COB_B_ANTERIOR_PCT": 100.0,
        "ESTADO_B_ANTERIOR": "CUBIERTO",
        "COB_C_ANTERIOR_PCT": 100.0,
        "ESTADO_C_ANTERIOR": "CUBIERTO"
      },
      "geometry": {
        "type": "MultiPolygon",
        "coordinates": [
          [
            [
              [
                -78.66491323615499,
                -1.6651181096432504
              ],
              [
                -78.66491430027486,
                -1.6642141422503725
              ],
              [
                -78.66401600069005,
                -1.6642130715024706
              ],
              [
                -78.6640149361617,
                -1.665117038313425
              ],
              [
                -78.66491323615499,
                -1.6651181096432504
              ]
            ]
          ]
        ]
      }
    },
    {
      "type": "Feature",
      "properties": {
        "CELL_ID": "GIU100-34-38",
        "AMBITO": "URBANO",
        "CATEGORIA": "CONVIVENCIA",
        "PLATAFORMA": "PLATAFORMA J",
        "PARROQUIA": null,
        "DISTANCE_M": 200,
        "CELL_SIZE_M": 100,
        "COUNT": 7,
        "GI_ZSCORE": 6.364545426357608,
        "GI_PVALUE": 1.9586894810756145e-10,
        "GI_CLASS": "HOTSPOT 99%",
        "GI_STAR": 6.364545426357608,
        "SIGNIFICANCIA": 99,
        "SUMA_LOCAL": 162,
        "NIVEL": 99,
        "COB_A_PCT": 100.0,
        "ESTADO_A": "CUBIERTO",
        "COB_B_PCT": 100.0,
        "ESTADO_B": "CUBIERTO",
        "COB_C_PCT": 100.0,
        "ESTADO_C": "CUBIERTO",
        "COB_B_ANTERIOR_PCT": 100.0,
        "ESTADO_B_ANTERIOR": "CUBIERTO",
        "COB_C_ANTERIOR_PCT": 100.0,
        "ESTADO_C_ANTERIOR": "CUBIERTO"
      },
      "geometry": {
        "type": "MultiPolygon",
        "coordinates": [
          [
            [
              [
                -78.6640149361617,
                -1.665117038313425
              ],
              [
                -78.66401600069005,
                -1.6642130715024706
              ],
              [
                -78.66311770168411,
                -1.664212000343647
              ],
              [
                -78.66311663674732,
                -1.6651159665724555
              ],
              [
                -78.6640149361617,
                -1.665117038313425
              ]
            ]
          ]
        ]
      }
    },
    {
      "type": "Feature",
      "properties": {
        "CELL_ID": "GIU100-34-39",
        "AMBITO": "URBANO",
        "CATEGORIA": "CONVIVENCIA",
        "PLATAFORMA": "PLATAFORMA J",
        "PARROQUIA": null,
        "DISTANCE_M": 200,
        "CELL_SIZE_M": 100,
        "COUNT": 8,
        "GI_ZSCORE": 5.989891555467067,
        "GI_PVALUE": 2.0998100405474895e-09,
        "GI_CLASS": "HOTSPOT 99%",
        "GI_STAR": 5.989891555467067,
        "SIGNIFICANCIA": 99,
        "SUMA_LOCAL": 154,
        "NIVEL": 99,
        "COB_A_PCT": 100.0,
        "ESTADO_A": "CUBIERTO",
        "COB_B_PCT": 100.0,
        "ESTADO_B": "CUBIERTO",
        "COB_C_PCT": 100.0,
        "ESTADO_C": "CUBIERTO",
        "COB_B_ANTERIOR_PCT": 100.0,
        "ESTADO_B_ANTERIOR": "CUBIERTO",
        "COB_C_ANTERIOR_PCT": 100.0,
        "ESTADO_C_ANTERIOR": "CUBIERTO"
      },
      "geometry": {
        "type": "MultiPolygon",
        "coordinates": [
          [
            [
              [
                -78.66311663674732,
                -1.6651159665724555
              ],
              [
                -78.66311770168411,
                -1.664212000343647
              ],
              [
                -78.66221940325727,
                -1.664210928773904
              ],
              [
                -78.66221833791202,
                -1.6651148944203429
              ],
              [
                -78.66311663674732,
                -1.6651159665724555
              ]
            ]
          ]
        ]
      }
    },
    {
      "type": "Feature",
      "properties": {
        "CELL_ID": "GIU100-34-40",
        "AMBITO": "URBANO",
        "CATEGORIA": "CONVIVENCIA",
        "PLATAFORMA": "PLATAFORMA J",
        "PARROQUIA": null,
        "DISTANCE_M": 200,
        "CELL_SIZE_M": 100,
        "COUNT": 3,
        "GI_ZSCORE": 1.8686989756711183,
        "GI_PVALUE": 0.06166470661734565,
        "GI_CLASS": "HOTSPOT 90%",
        "GI_STAR": 1.8686989756711183,
        "SIGNIFICANCIA": 90,
        "SUMA_LOCAL": 66,
        "NIVEL": 90,
        "COB_A_PCT": 100.0,
        "ESTADO_A": "CUBIERTO",
        "COB_B_PCT": 100.0,
        "ESTADO_B": "CUBIERTO",
        "COB_C_PCT": 100.0,
        "ESTADO_C": "CUBIERTO",
        "COB_B_ANTERIOR_PCT": 100.0,
        "ESTADO_B_ANTERIOR": "CUBIERTO",
        "COB_C_ANTERIOR_PCT": 100.0,
        "ESTADO_C_ANTERIOR": "CUBIERTO"
      },
      "geometry": {
        "type": "MultiPolygon",
        "coordinates": [
          [
            [
              [
                -78.66221833791202,
                -1.6651148944203429
              ],
              [
                -78.66221940325727,
                -1.664210928773904
              ],
              [
                -78.66132110540977,
                -1.6642098567932422
              ],
              [
                -78.66132003965606,
                -1.665113821857088
              ],
              [
                -78.66221833791202,
                -1.6651148944203429
              ]
            ]
          ]
        ]
      }
    },
    {
      "type": "Feature",
      "properties": {
        "CELL_ID": "GIU100-34-41",
        "AMBITO": "URBANO",
        "CATEGORIA": "CONVIVENCIA",
        "PLATAFORMA": "PLATAFORMA J",
        "PARROQUIA": null,
        "DISTANCE_M": 200,
        "CELL_SIZE_M": 100,
        "COUNT": 5,
        "GI_ZSCORE": 3.8356317978464576,
        "GI_PVALUE": 0.0001252419213377612,
        "GI_CLASS": "HOTSPOT 99%",
        "GI_STAR": 3.8356317978464576,
        "SIGNIFICANCIA": 99,
        "SUMA_LOCAL": 108,
        "NIVEL": 99,
        "COB_A_PCT": 100.0,
        "ESTADO_A": "CUBIERTO",
        "COB_B_PCT": 100.0,
        "ESTADO_B": "CUBIERTO",
        "COB_C_PCT": 100.0,
        "ESTADO_C": "CUBIERTO",
        "COB_B_ANTERIOR_PCT": 100.0,
        "ESTADO_B_ANTERIOR": "CUBIERTO",
        "COB_C_ANTERIOR_PCT": 100.0,
        "ESTADO_C_ANTERIOR": "CUBIERTO"
      },
      "geometry": {
        "type": "MultiPolygon",
        "coordinates": [
          [
            [
              [
                -78.66132003965606,
                -1.665113821857088
              ],
              [
                -78.66132110540977,
                -1.6642098567932422
              ],
              [
                -78.6604228081418,
                -1.664208784401664
              ],
              [
                -78.66042174197965,
                -1.6651127488826936
              ],
              [
                -78.66132003965606,
                -1.665113821857088
              ]
            ]
          ]
        ]
      }
    },
    {
      "type": "Feature",
      "properties": {
        "CELL_ID": "GIU100-34-42",
        "AMBITO": "URBANO",
        "CATEGORIA": "CONVIVENCIA",
        "PLATAFORMA": "PLATAFORMA J",
        "PARROQUIA": null,
        "DISTANCE_M": 200,
        "CELL_SIZE_M": 100,
        "COUNT": 13,
        "GI_ZSCORE": 5.053256878240715,
        "GI_PVALUE": 4.343390990463134e-07,
        "GI_CLASS": "HOTSPOT 99%",
        "GI_STAR": 5.053256878240715,
        "SIGNIFICANCIA": 99,
        "SUMA_LOCAL": 134,
        "NIVEL": 99,
        "COB_A_PCT": 100.0,
        "ESTADO_A": "CUBIERTO",
        "COB_B_PCT": 100.0,
        "ESTADO_B": "CUBIERTO",
        "COB_C_PCT": 100.0,
        "ESTADO_C": "CUBIERTO",
        "COB_B_ANTERIOR_PCT": 100.0,
        "ESTADO_B_ANTERIOR": "CUBIERTO",
        "COB_C_ANTERIOR_PCT": 100.0,
        "ESTADO_C_ANTERIOR": "CUBIERTO"
      },
      "geometry": {
        "type": "MultiPolygon",
        "coordinates": [
          [
            [
              [
                -78.66042174197965,
                -1.6651127488826936
              ],
              [
                -78.6604228081418,
                -1.664208784401664
              ],
              [
                -78.65952451145361,
                -1.6642077115991694
              ],
              [
                -78.65952344488302,
                -1.6651116754971595
              ],
              [
                -78.66042174197965,
                -1.6651127488826936
              ]
            ]
          ]
        ]
      }
    },
    {
      "type": "Feature",
      "properties": {
        "CELL_ID": "GIU100-34-43",
        "AMBITO": "URBANO",
        "CATEGORIA": "CONVIVENCIA",
        "PLATAFORMA": "PLATAFORMA J",
        "PARROQUIA": null,
        "DISTANCE_M": 200,
        "CELL_SIZE_M": 100,
        "COUNT": 41,
        "GI_ZSCORE": 6.270881958634972,
        "GI_PVALUE": 3.590087158258293e-10,
        "GI_CLASS": "HOTSPOT 99%",
        "GI_STAR": 6.270881958634972,
        "SIGNIFICANCIA": 99,
        "SUMA_LOCAL": 160,
        "NIVEL": 99,
        "COB_A_PCT": 100.0,
        "ESTADO_A": "CUBIERTO",
        "COB_B_PCT": 100.0,
        "ESTADO_B": "CUBIERTO",
        "COB_C_PCT": 100.0,
        "ESTADO_C": "CUBIERTO",
        "COB_B_ANTERIOR_PCT": 100.0,
        "ESTADO_B_ANTERIOR": "CUBIERTO",
        "COB_C_ANTERIOR_PCT": 100.0,
        "ESTADO_C_ANTERIOR": "CUBIERTO"
      },
      "geometry": {
        "type": "MultiPolygon",
        "coordinates": [
          [
            [
              [
                -78.65952344488302,
                -1.6651116754971595
              ],
              [
                -78.65952451145361,
                -1.6642077115991694
              ],
              [
                -78.6586262153454,
                -1.6642066383857603
              ],
              [
                -78.65862514836634,
                -1.6651106017004875
              ],
              [
                -78.65952344488302,
                -1.6651116754971595
              ]
            ]
          ]
        ]
      }
    },
    {
      "type": "Feature",
      "properties": {
        "CELL_ID": "GIU100-34-44",
        "AMBITO": "URBANO",
        "CATEGORIA": "CONVIVENCIA",
        "PLATAFORMA": "PLATAFORMA I",
        "PARROQUIA": null,
        "DISTANCE_M": 200,
        "CELL_SIZE_M": 100,
        "COUNT": 5,
        "GI_ZSCORE": 5.240583813685986,
        "GI_PVALUE": 1.6006936352809754e-07,
        "GI_CLASS": "HOTSPOT 99%",
        "GI_STAR": 5.240583813685986,
        "SIGNIFICANCIA": 99,
        "SUMA_LOCAL": 138,
        "NIVEL": 99,
        "COB_A_PCT": 100.0,
        "ESTADO_A": "CUBIERTO",
        "COB_B_PCT": 100.0,
        "ESTADO_B": "CUBIERTO",
        "COB_C_PCT": 100.0,
        "ESTADO_C": "CUBIERTO",
        "COB_B_ANTERIOR_PCT": 100.0,
        "ESTADO_B_ANTERIOR": "CUBIERTO",
        "COB_C_ANTERIOR_PCT": 100.0,
        "ESTADO_C_ANTERIOR": "CUBIERTO"
      },
      "geometry": {
        "type": "MultiPolygon",
        "coordinates": [
          [
            [
              [
                -78.65862514836634,
                -1.6651106017004875
              ],
              [
                -78.6586262153454,
                -1.6642066383857603
              ],
              [
                -78.65772791981739,
                -1.6642055647614382
              ],
              [
                -78.65772685242989,
                -1.66510952749268
              ],
              [
                -78.65862514836634,
                -1.6651106017004875
              ]
            ]
          ]
        ]
      }
    },
    {
      "type": "Feature",
      "properties": {
        "CELL_ID": "GIU100-34-45",
        "AMBITO": "URBANO",
        "CATEGORIA": "CONVIVENCIA",
        "PLATAFORMA": "PLATAFORMA I",
        "PARROQUIA": null,
        "DISTANCE_M": 200,
        "CELL_SIZE_M": 100,
        "COUNT": 0,
        "GI_ZSCORE": 5.849396353883114,
        "GI_PVALUE": 4.933601912973065e-09,
        "GI_CLASS": "HOTSPOT 99%",
        "GI_STAR": 5.849396353883114,
        "SIGNIFICANCIA": 99,
        "SUMA_LOCAL": 151,
        "NIVEL": 99,
        "COB_A_PCT": 71.7833971764094,
        "ESTADO_A": "PARCIALMENTE CUBIERTO",
        "COB_B_PCT": 71.7833971764094,
        "ESTADO_B": "PARCIALMENTE CUBIERTO",
        "COB_C_PCT": 71.7833971764094,
        "ESTADO_C": "PARCIALMENTE CUBIERTO",
        "COB_B_ANTERIOR_PCT": 71.7833971764094,
        "ESTADO_B_ANTERIOR": "PARCIALMENTE CUBIERTO",
        "COB_C_ANTERIOR_PCT": 71.7833971764094,
        "ESTADO_C_ANTERIOR": "PARCIALMENTE CUBIERTO"
      },
      "geometry": {
        "type": "MultiPolygon",
        "coordinates": [
          [
            [
              [
                -78.65772685242989,
                -1.66510952749268
              ],
              [
                -78.65772791981739,
                -1.6642055647614382
              ],
              [
                -78.65682962486984,
                -1.6642044907262046
              ],
              [
                -78.6568285570739,
                -1.6651084528737363
              ],
              [
                -78.65772685242989,
                -1.66510952749268
              ]
            ]
          ]
        ]
      }
    },
    {
      "type": "Feature",
      "properties": {
        "CELL_ID": "GIU100-34-48",
        "AMBITO": "URBANO",
        "CATEGORIA": "CONVIVENCIA",
        "PLATAFORMA": "PLATAFORMA I",
        "PARROQUIA": null,
        "DISTANCE_M": 200,
        "CELL_SIZE_M": 100,
        "COUNT": 5,
        "GI_ZSCORE": 1.9623624433937534,
        "GI_PVALUE": 0.0497203020084566,
        "GI_CLASS": "HOTSPOT 95%",
        "GI_STAR": 1.9623624433937534,
        "SIGNIFICANCIA": 95,
        "SUMA_LOCAL": 68,
        "NIVEL": 95,
        "COB_A_PCT": 100.0,
        "ESTADO_A": "CUBIERTO",
        "COB_B_PCT": 100.0,
        "ESTADO_B": "CUBIERTO",
        "COB_C_PCT": 100.0,
        "ESTADO_C": "CUBIERTO",
        "COB_B_ANTERIOR_PCT": 100.0,
        "ESTADO_B_ANTERIOR": "CUBIERTO",
        "COB_C_ANTERIOR_PCT": 100.0,
        "ESTADO_C_ANTERIOR": "CUBIERTO"
      },
      "geometry": {
        "type": "MultiPolygon",
        "coordinates": [
          [
            [
              [
                -78.65503196810408,
                -1.6651063024024497
              ],
              [
                -78.6550330367169,
                -1.6642023414230072
              ],
              [
                -78.65413474351197,
                -1.6642012661550456
              ],
              [
                -78.65413367449071,
                -1.6651052265501085
              ],
              [
                -78.65476910083918,
                -1.665105987618876
              ],
              [
                -78.65424654063011,
                -1.6644983396384938
              ],
              [
                -78.6547691011358,
                -1.6651059876192311
              ],
              [
                -78.65503196810408,
                -1.6651063024024497
              ]
            ]
          ]
        ]
      }
    },
    {
      "type": "Feature",
      "properties": {
        "CELL_ID": "GIU100-34-55",
        "AMBITO": "URBANO",
        "CATEGORIA": "CONVIVENCIA",
        "PLATAFORMA": "PLATAFORMA K",
        "PARROQUIA": null,
        "DISTANCE_M": 200,
        "CELL_SIZE_M": 100,
        "COUNT": 3,
        "GI_ZSCORE": 2.009194177255071,
        "GI_PVALUE": 0.044516544991471604,
        "GI_CLASS": "HOTSPOT 95%",
        "GI_STAR": 2.009194177255071,
        "SIGNIFICANCIA": 95,
        "SUMA_LOCAL": 69,
        "NIVEL": 95,
        "COB_A_PCT": 100.0,
        "ESTADO_A": "CUBIERTO",
        "COB_B_PCT": 100.0,
        "ESTADO_B": "CUBIERTO",
        "COB_C_PCT": 100.0,
        "ESTADO_C": "CUBIERTO",
        "COB_B_ANTERIOR_PCT": 100.0,
        "ESTADO_B_ANTERIOR": "CUBIERTO",
        "COB_C_ANTERIOR_PCT": 100.0,
        "ESTADO_C_ANTERIOR": "CUBIERTO"
      },
      "geometry": {
        "type": "MultiPolygon",
        "coordinates": [
          [
            [
              [
                -78.64874392502608,
                -1.6650987628023841
              ],
              [
                -78.64874499649797,
                -1.664194805918287
              ],
              [
                -78.64784670736698,
                -1.6641937277740078
              ],
              [
                -78.64784563548665,
                -1.665097684072162
              ],
              [
                -78.64874392502608,
                -1.6650987628023841
              ]
            ]
          ]
        ]
      }
    },
    {
      "type": "Feature",
      "properties": {
        "CELL_ID": "GIU100-34-56",
        "AMBITO": "URBANO",
        "CATEGORIA": "CONVIVENCIA",
        "PLATAFORMA": "PLATAFORMA K",
        "PARROQUIA": null,
        "DISTANCE_M": 200,
        "CELL_SIZE_M": 100,
        "COUNT": 0,
        "GI_ZSCORE": 1.775035507948483,
        "GI_PVALUE": 0.07589202442313431,
        "GI_CLASS": "HOTSPOT 90%",
        "GI_STAR": 1.775035507948483,
        "SIGNIFICANCIA": 90,
        "SUMA_LOCAL": 64,
        "NIVEL": 90,
        "COB_A_PCT": 18.200971759006173,
        "ESTADO_A": "PARCIALMENTE CUBIERTO",
        "COB_B_PCT": 18.200971759006173,
        "ESTADO_B": "PARCIALMENTE CUBIERTO",
        "COB_C_PCT": 24.825989667999227,
        "ESTADO_C": "PARCIALMENTE CUBIERTO",
        "COB_B_ANTERIOR_PCT": 18.200971759006173,
        "ESTADO_B_ANTERIOR": "PARCIALMENTE CUBIERTO",
        "COB_C_ANTERIOR_PCT": 24.825989667999227,
        "ESTADO_C_ANTERIOR": "PARCIALMENTE CUBIERTO"
      },
      "geometry": {
        "type": "MultiPolygon",
        "coordinates": [
          [
            [
              [
                -78.64784563548665,
                -1.665097684072162
              ],
              [
                -78.64784670736698,
                -1.6641937277740078
              ],
              [
                -78.64694841881885,
                -1.6641926492188308
              ],
              [
                -78.6469473465301,
                -1.6650966049308196
              ],
              [
                -78.64784563548665,
                -1.665097684072162
              ]
            ]
          ]
        ]
      }
    },
    {
      "type": "Feature",
      "properties": {
        "CELL_ID": "GIU100-34-60",
        "AMBITO": "URBANO",
        "CATEGORIA": "CONVIVENCIA",
        "PLATAFORMA": "PLATAFORMA M",
        "PARROQUIA": null,
        "DISTANCE_M": 200,
        "CELL_SIZE_M": 100,
        "COUNT": 4,
        "GI_ZSCORE": 2.009194177255071,
        "GI_PVALUE": 0.044516544991471604,
        "GI_CLASS": "HOTSPOT 95%",
        "GI_STAR": 2.009194177255071,
        "SIGNIFICANCIA": 95,
        "SUMA_LOCAL": 69,
        "NIVEL": 95,
        "COB_A_PCT": 67.347758414943,
        "ESTADO_A": "PARCIALMENTE CUBIERTO",
        "COB_B_PCT": 67.347758414943,
        "ESTADO_B": "PARCIALMENTE CUBIERTO",
        "COB_C_PCT": 100.0,
        "ESTADO_C": "CUBIERTO",
        "COB_B_ANTERIOR_PCT": 67.347758414943,
        "ESTADO_B_ANTERIOR": "PARCIALMENTE CUBIERTO",
        "COB_C_ANTERIOR_PCT": 100.0,
        "ESTADO_C_ANTERIOR": "CUBIERTO"
      },
      "geometry": {
        "type": "MultiPolygon",
        "coordinates": [
          [
            [
              [
                -78.64425248315992,
                -1.6650933650400819
              ],
              [
                -78.64425355667397,
                -1.6641894110879316
              ],
              [
                -78.64335527045957,
                -1.6641883308891792
              ],
              [
                -78.6433541965371,
                -1.6650922842542701
              ],
              [
                -78.64425248315992,
                -1.6650933650400819
              ]
            ]
          ]
        ]
      }
    },
    {
      "type": "Feature",
      "properties": {
        "CELL_ID": "GIU100-34-62",
        "AMBITO": "URBANO",
        "CATEGORIA": "CONVIVENCIA",
        "PLATAFORMA": "PLATAFORMA M",
        "PARROQUIA": null,
        "DISTANCE_M": 200,
        "CELL_SIZE_M": 100,
        "COUNT": 5,
        "GI_ZSCORE": 1.7282037740871654,
        "GI_PVALUE": 0.08395169734710652,
        "GI_CLASS": "HOTSPOT 90%",
        "GI_STAR": 1.7282037740871654,
        "SIGNIFICANCIA": 90,
        "SUMA_LOCAL": 63,
        "NIVEL": 90,
        "COB_A_PCT": 13.18601191526603,
        "ESTADO_A": "PARCIALMENTE CUBIERTO",
        "COB_B_PCT": 58.58263413606182,
        "ESTADO_B": "PARCIALMENTE CUBIERTO",
        "COB_C_PCT": 58.58263413606182,
        "ESTADO_C": "PARCIALMENTE CUBIERTO",
        "COB_B_ANTERIOR_PCT": 88.34446592597837,
        "ESTADO_B_ANTERIOR": "PARCIALMENTE CUBIERTO",
        "COB_C_ANTERIOR_PCT": 100.0,
        "ESTADO_C_ANTERIOR": "CUBIERTO"
      },
      "geometry": {
        "type": "MultiPolygon",
        "coordinates": [
          [
            [
              [
                -78.64245591049827,
                -1.665091203057345
              ],
              [
                -78.64245698482917,
                -1.664187250279536
              ],
              [
                -78.64155869978296,
                -1.664186169259004
              ],
              [
                -78.64155762504367,
                -1.6650901214493068
              ],
              [
                -78.64245591049827,
                -1.665091203057345
              ]
            ]
          ]
        ]
      }
    },
    {
      "type": "Feature",
      "properties": {
        "CELL_ID": "GIU100-34-63",
        "AMBITO": "URBANO",
        "CATEGORIA": "CONVIVENCIA",
        "PLATAFORMA": "PLATAFORMA M",
        "PARROQUIA": null,
        "DISTANCE_M": 200,
        "CELL_SIZE_M": 100,
        "COUNT": 1,
        "GI_ZSCORE": 2.290184580422977,
        "GI_PVALUE": 0.02201061890811962,
        "GI_CLASS": "HOTSPOT 95%",
        "GI_STAR": 2.290184580422977,
        "SIGNIFICANCIA": 95,
        "SUMA_LOCAL": 75,
        "NIVEL": 95,
        "COB_A_PCT": 0.0,
        "ESTADO_A": "SIN COBERTURA",
        "COB_B_PCT": 100.0,
        "ESTADO_B": "CUBIERTO",
        "COB_C_PCT": 100.0,
        "ESTADO_C": "CUBIERTO",
        "COB_B_ANTERIOR_PCT": 100.0,
        "ESTADO_B_ANTERIOR": "CUBIERTO",
        "COB_C_ANTERIOR_PCT": 100.0,
        "ESTADO_C_ANTERIOR": "CUBIERTO"
      },
      "geometry": {
        "type": "MultiPolygon",
        "coordinates": [
          [
            [
              [
                -78.64155762504367,
                -1.6650901214493068
              ],
              [
                -78.64155869978296,
                -1.664186169259004
              ],
              [
                -78.64066041532122,
                -1.6641850878275837
              ],
              [
                -78.64065934017347,
                -1.6650890394301578
              ],
              [
                -78.64155762504367,
                -1.6650901214493068
              ]
            ]
          ]
        ]
      }
    },
    {
      "type": "Feature",
      "properties": {
        "CELL_ID": "GIU100-35-25",
        "AMBITO": "URBANO",
        "CATEGORIA": "CONVIVENCIA",
        "PLATAFORMA": "PLATAFORMA H",
        "PARROQUIA": null,
        "DISTANCE_M": 200,
        "CELL_SIZE_M": 100,
        "COUNT": 2,
        "GI_ZSCORE": 1.775035507948483,
        "GI_PVALUE": 0.07589202442313431,
        "GI_CLASS": "HOTSPOT 90%",
        "GI_STAR": 1.775035507948483,
        "SIGNIFICANCIA": 90,
        "SUMA_LOCAL": 64,
        "NIVEL": 90,
        "COB_A_PCT": 48.551016227822274,
        "ESTADO_A": "PARCIALMENTE CUBIERTO",
        "COB_B_PCT": 48.551016227822274,
        "ESTADO_B": "PARCIALMENTE CUBIERTO",
        "COB_C_PCT": 48.551016227822274,
        "ESTADO_C": "PARCIALMENTE CUBIERTO",
        "COB_B_ANTERIOR_PCT": 48.551016227822274,
        "ESTADO_B_ANTERIOR": "PARCIALMENTE CUBIERTO",
        "COB_C_ANTERIOR_PCT": 48.551016227822274,
        "ESTADO_C_ANTERIOR": "PARCIALMENTE CUBIERTO"
      },
      "geometry": {
        "type": "MultiPolygon",
        "coordinates": [
          [
            [
              [
                -78.67569394036444,
                -1.6642269591728798
              ],
              [
                -78.67569499900675,
                -1.6633229848053577
              ],
              [
                -78.67479669290096,
                -1.6633219195678532
              ],
              [
                -78.67479563385038,
                -1.6642258933561325
              ],
              [
                -78.67569394036444,
                -1.6642269591728798
              ]
            ]
          ]
        ]
      }
    },
    {
      "type": "Feature",
      "properties": {
        "CELL_ID": "GIU100-35-35",
        "AMBITO": "URBANO",
        "CATEGORIA": "CONVIVENCIA",
        "PLATAFORMA": "PLATAFORMA H",
        "PARROQUIA": null,
        "DISTANCE_M": 200,
        "CELL_SIZE_M": 100,
        "COUNT": 20,
        "GI_ZSCORE": 2.2433528465616592,
        "GI_PVALUE": 0.024874070041332724,
        "GI_CLASS": "HOTSPOT 95%",
        "GI_STAR": 2.2433528465616592,
        "SIGNIFICANCIA": 95,
        "SUMA_LOCAL": 74,
        "NIVEL": 95,
        "COB_A_PCT": 0.0,
        "ESTADO_A": "SIN COBERTURA",
        "COB_B_PCT": 43.27716082246415,
        "ESTADO_B": "PARCIALMENTE CUBIERTO",
        "COB_C_PCT": 43.27716082246415,
        "ESTADO_C": "PARCIALMENTE CUBIERTO",
        "COB_B_ANTERIOR_PCT": 43.27716082246415,
        "ESTADO_B_ANTERIOR": "PARCIALMENTE CUBIERTO",
        "COB_C_ANTERIOR_PCT": 100.0,
        "ESTADO_C_ANTERIOR": "CUBIERTO"
      },
      "geometry": {
        "type": "MultiPolygon",
        "coordinates": [
          [
            [
              [
                -78.66671090118025,
                -1.6642162825134088
              ],
              [
                -78.66671196390503,
                -1.6633123139483617
              ],
              [
                -78.66581366357134,
                -1.663311244603781
              ],
              [
                -78.66581260043834,
                -1.6642152125873524
              ],
              [
                -78.66671090118025,
                -1.6642162825134088
              ]
            ]
          ]
        ]
      }
    },
    {
      "type": "Feature",
      "properties": {
        "CELL_ID": "GIU100-35-36",
        "AMBITO": "URBANO",
        "CATEGORIA": "CONVIVENCIA",
        "PLATAFORMA": "PLATAFORMA H",
        "PARROQUIA": null,
        "DISTANCE_M": 200,
        "CELL_SIZE_M": 100,
        "COUNT": 2,
        "GI_ZSCORE": 5.381079015269939,
        "GI_PVALUE": 7.404068396454464e-08,
        "GI_CLASS": "HOTSPOT 99%",
        "GI_STAR": 5.381079015269939,
        "SIGNIFICANCIA": 99,
        "SUMA_LOCAL": 141,
        "NIVEL": 99,
        "COB_A_PCT": 26.42314177007169,
        "ESTADO_A": "PARCIALMENTE CUBIERTO",
        "COB_B_PCT": 27.000918946836688,
        "ESTADO_B": "PARCIALMENTE CUBIERTO",
        "COB_C_PCT": 27.000918946836688,
        "ESTADO_C": "PARCIALMENTE CUBIERTO",
        "COB_B_ANTERIOR_PCT": 27.10012705271473,
        "ESTADO_B_ANTERIOR": "PARCIALMENTE CUBIERTO",
        "COB_C_ANTERIOR_PCT": 100.0,
        "ESTADO_C_ANTERIOR": "CUBIERTO"
      },
      "geometry": {
        "type": "MultiPolygon",
        "coordinates": [
          [
            [
              [
                -78.66581260043834,
                -1.6642152125873524
              ],
              [
                -78.66581366357134,
                -1.663311244603781
              ],
              [
                -78.66491536381609,
                -1.6633101748485002
              ],
              [
                -78.66491430027486,
                -1.6642141422503725
              ],
              [
                -78.66581260043834,
                -1.6642152125873524
              ]
            ]
          ]
        ]
      }
    },
    {
      "type": "Feature",
      "properties": {
        "CELL_ID": "GIU100-35-37",
        "AMBITO": "URBANO",
        "CATEGORIA": "CONVIVENCIA",
        "PLATAFORMA": "PLATAFORMA H",
        "PARROQUIA": null,
        "DISTANCE_M": 200,
        "CELL_SIZE_M": 100,
        "COUNT": 11,
        "GI_ZSCORE": 10.860391877044098,
        "GI_PVALUE": 1.7798377438917866e-27,
        "GI_CLASS": "HOTSPOT 99%",
        "GI_STAR": 10.860391877044098,
        "SIGNIFICANCIA": 99,
        "SUMA_LOCAL": 258,
        "NIVEL": 99,
        "COB_A_PCT": 100.0,
        "ESTADO_A": "CUBIERTO",
        "COB_B_PCT": 100.0,
        "ESTADO_B": "CUBIERTO",
        "COB_C_PCT": 100.0,
        "ESTADO_C": "CUBIERTO",
        "COB_B_ANTERIOR_PCT": 100.0,
        "ESTADO_B_ANTERIOR": "CUBIERTO",
        "COB_C_ANTERIOR_PCT": 100.0,
        "ESTADO_C_ANTERIOR": "CUBIERTO"
      },
      "geometry": {
        "type": "MultiPolygon",
        "coordinates": [
          [
            [
              [
                -78.66491430027486,
                -1.6642141422503725
              ],
              [
                -78.66491536381609,
                -1.6633101748485002
              ],
              [
                -78.66401706463954,
                -1.6633091046825201
              ],
              [
                -78.66401600069005,
                -1.6642130715024706
              ],
              [
                -78.66491430027486,
                -1.6642141422503725
              ]
            ]
          ]
        ]
      }
    },
    {
      "type": "Feature",
      "properties": {
        "CELL_ID": "GIU100-35-38",
        "AMBITO": "URBANO",
        "CATEGORIA": "CONVIVENCIA",
        "PLATAFORMA": "PLATAFORMA J",
        "PARROQUIA": null,
        "DISTANCE_M": 200,
        "CELL_SIZE_M": 100,
        "COUNT": 47,
        "GI_ZSCORE": 8.752963853284806,
        "GI_PVALUE": 2.07821268975621e-18,
        "GI_CLASS": "HOTSPOT 99%",
        "GI_STAR": 8.752963853284806,
        "SIGNIFICANCIA": 99,
        "SUMA_LOCAL": 213,
        "NIVEL": 99,
        "COB_A_PCT": 100.0,
        "ESTADO_A": "CUBIERTO",
        "COB_B_PCT": 100.0,
        "ESTADO_B": "CUBIERTO",
        "COB_C_PCT": 100.0,
        "ESTADO_C": "CUBIERTO",
        "COB_B_ANTERIOR_PCT": 100.0,
        "ESTADO_B_ANTERIOR": "CUBIERTO",
        "COB_C_ANTERIOR_PCT": 100.0,
        "ESTADO_C_ANTERIOR": "CUBIERTO"
      },
      "geometry": {
        "type": "MultiPolygon",
        "coordinates": [
          [
            [
              [
                -78.66401600069005,
                -1.6642130715024706
              ],
              [
                -78.66401706463954,
                -1.6633091046825201
              ],
              [
                -78.6631187660418,
                -1.6633080341058426
              ],
              [
                -78.66311770168411,
                -1.664212000343647
              ],
              [
                -78.66401600069005,
                -1.6642130715024706
              ]
            ]
          ]
        ]
      }
    },
    {
      "type": "Feature",
      "properties": {
        "CELL_ID": "GIU100-35-39",
        "AMBITO": "URBANO",
        "CATEGORIA": "CONVIVENCIA",
        "PLATAFORMA": "PLATAFORMA J",
        "PARROQUIA": null,
        "DISTANCE_M": 200,
        "CELL_SIZE_M": 100,
        "COUNT": 2,
        "GI_ZSCORE": 9.221281191897981,
        "GI_PVALUE": 2.935712143669341e-20,
        "GI_CLASS": "HOTSPOT 99%",
        "GI_STAR": 9.221281191897981,
        "SIGNIFICANCIA": 99,
        "SUMA_LOCAL": 223,
        "NIVEL": 99,
        "COB_A_PCT": 100.0,
        "ESTADO_A": "CUBIERTO",
        "COB_B_PCT": 100.0,
        "ESTADO_B": "CUBIERTO",
        "COB_C_PCT": 100.0,
        "ESTADO_C": "CUBIERTO",
        "COB_B_ANTERIOR_PCT": 100.0,
        "ESTADO_B_ANTERIOR": "CUBIERTO",
        "COB_C_ANTERIOR_PCT": 100.0,
        "ESTADO_C_ANTERIOR": "CUBIERTO"
      },
      "geometry": {
        "type": "MultiPolygon",
        "coordinates": [
          [
            [
              [
                -78.66311770168411,
                -1.664212000343647
              ],
              [
                -78.6631187660418,
                -1.6633080341058426
              ],
              [
                -78.66222046802321,
                -1.6633069631184687
              ],
              [
                -78.66221940325727,
                -1.664210928773904
              ],
              [
                -78.66311770168411,
                -1.664212000343647
              ]
            ]
          ]
        ]
      }
    },
    {
      "type": "Feature",
      "properties": {
        "CELL_ID": "GIU100-35-40",
        "AMBITO": "URBANO",
        "CATEGORIA": "CONVIVENCIA",
        "PLATAFORMA": "PLATAFORMA J",
        "PARROQUIA": null,
        "DISTANCE_M": 200,
        "CELL_SIZE_M": 100,
        "COUNT": 3,
        "GI_ZSCORE": 6.645535829525513,
        "GI_PVALUE": 3.0211595511036604e-11,
        "GI_CLASS": "HOTSPOT 99%",
        "GI_STAR": 6.645535829525513,
        "SIGNIFICANCIA": 99,
        "SUMA_LOCAL": 168,
        "NIVEL": 99,
        "COB_A_PCT": 93.21142303041671,
        "ESTADO_A": "PARCIALMENTE CUBIERTO",
        "COB_B_PCT": 93.21142303041671,
        "ESTADO_B": "PARCIALMENTE CUBIERTO",
        "COB_C_PCT": 93.21142303041671,
        "ESTADO_C": "PARCIALMENTE CUBIERTO",
        "COB_B_ANTERIOR_PCT": 93.21142303041671,
        "ESTADO_B_ANTERIOR": "PARCIALMENTE CUBIERTO",
        "COB_C_ANTERIOR_PCT": 93.21142303041671,
        "ESTADO_C_ANTERIOR": "PARCIALMENTE CUBIERTO"
      },
      "geometry": {
        "type": "MultiPolygon",
        "coordinates": [
          [
            [
              [
                -78.66221940325727,
                -1.664210928773904
              ],
              [
                -78.66222046802321,
                -1.6633069631184687
              ],
              [
                -78.66132217058393,
                -1.6633058917203996
              ],
              [
                -78.66132110540977,
                -1.6642098567932422
              ],
              [
                -78.66221940325727,
                -1.664210928773904
              ]
            ]
          ]
        ]
      }
    },
    {
      "type": "Feature",
      "properties": {
        "CELL_ID": "GIU100-35-41",
        "AMBITO": "URBANO",
        "CATEGORIA": "CONVIVENCIA",
        "PLATAFORMA": "PLATAFORMA J",
        "PARROQUIA": null,
        "DISTANCE_M": 200,
        "CELL_SIZE_M": 100,
        "COUNT": 6,
        "GI_ZSCORE": 3.414146193094599,
        "GI_PVALUE": 0.0006398223409609499,
        "GI_CLASS": "HOTSPOT 99%",
        "GI_STAR": 3.414146193094599,
        "SIGNIFICANCIA": 99,
        "SUMA_LOCAL": 99,
        "NIVEL": 99,
        "COB_A_PCT": 100.0,
        "ESTADO_A": "CUBIERTO",
        "COB_B_PCT": 100.0,
        "ESTADO_B": "CUBIERTO",
        "COB_C_PCT": 100.0,
        "ESTADO_C": "CUBIERTO",
        "COB_B_ANTERIOR_PCT": 100.0,
        "ESTADO_B_ANTERIOR": "CUBIERTO",
        "COB_C_ANTERIOR_PCT": 100.0,
        "ESTADO_C_ANTERIOR": "CUBIERTO"
      },
      "geometry": {
        "type": "MultiPolygon",
        "coordinates": [
          [
            [
              [
                -78.66132110540977,
                -1.6642098567932422
              ],
              [
                -78.66132217058393,
                -1.6633058917203996
              ],
              [
                -78.66042387372418,
                -1.6633048199116367
              ],
              [
                -78.6604228081418,
                -1.664208784401664
              ],
              [
                -78.66132110540977,
                -1.6642098567932422
              ]
            ]
          ]
        ]
      }
    },
    {
      "type": "Feature",
      "properties": {
        "CELL_ID": "GIU100-35-42",
        "AMBITO": "URBANO",
        "CATEGORIA": "CONVIVENCIA",
        "PLATAFORMA": "PLATAFORMA J",
        "PARROQUIA": null,
        "DISTANCE_M": 200,
        "CELL_SIZE_M": 100,
        "COUNT": 18,
        "GI_ZSCORE": 4.819098208934127,
        "GI_PVALUE": 1.4420855855144224e-06,
        "GI_CLASS": "HOTSPOT 99%",
        "GI_STAR": 4.819098208934127,
        "SIGNIFICANCIA": 99,
        "SUMA_LOCAL": 129,
        "NIVEL": 99,
        "COB_A_PCT": 100.0,
        "ESTADO_A": "CUBIERTO",
        "COB_B_PCT": 100.0,
        "ESTADO_B": "CUBIERTO",
        "COB_C_PCT": 100.0,
        "ESTADO_C": "CUBIERTO",
        "COB_B_ANTERIOR_PCT": 100.0,
        "ESTADO_B_ANTERIOR": "CUBIERTO",
        "COB_C_ANTERIOR_PCT": 100.0,
        "ESTADO_C_ANTERIOR": "CUBIERTO"
      },
      "geometry": {
        "type": "MultiPolygon",
        "coordinates": [
          [
            [
              [
                -78.6604228081418,
                -1.664208784401664
              ],
              [
                -78.66042387372418,
                -1.6633048199116367
              ],
              [
                -78.65952557744421,
                -1.6633037476921815
              ],
              [
                -78.65952451145361,
                -1.6642077115991694
              ],
              [
                -78.6604228081418,
                -1.664208784401664
              ]
            ]
          ]
        ]
      }
    },
    {
      "type": "Feature",
      "properties": {
        "CELL_ID": "GIU100-35-43",
        "AMBITO": "URBANO",
        "CATEGORIA": "CONVIVENCIA",
        "PLATAFORMA": "PLATAFORMA I",
        "PARROQUIA": null,
        "DISTANCE_M": 200,
        "CELL_SIZE_M": 100,
        "COUNT": 19,
        "GI_ZSCORE": 5.053256878240715,
        "GI_PVALUE": 4.343390990463134e-07,
        "GI_CLASS": "HOTSPOT 99%",
        "GI_STAR": 5.053256878240715,
        "SIGNIFICANCIA": 99,
        "SUMA_LOCAL": 134,
        "NIVEL": 99,
        "COB_A_PCT": 100.0,
        "ESTADO_A": "CUBIERTO",
        "COB_B_PCT": 100.0,
        "ESTADO_B": "CUBIERTO",
        "COB_C_PCT": 100.0,
        "ESTADO_C": "CUBIERTO",
        "COB_B_ANTERIOR_PCT": 100.0,
        "ESTADO_B_ANTERIOR": "CUBIERTO",
        "COB_C_ANTERIOR_PCT": 100.0,
        "ESTADO_C_ANTERIOR": "CUBIERTO"
      },
      "geometry": {
        "type": "MultiPolygon",
        "coordinates": [
          [
            [
              [
                -78.65952451145361,
                -1.6642077115991694
              ],
              [
                -78.65952557744421,
                -1.6633037476921815
              ],
              [
                -78.65862728174423,
                -1.663302675062035
              ],
              [
                -78.6586262153454,
                -1.6642066383857603
              ],
              [
                -78.65952451145361,
                -1.6642077115991694
              ]
            ]
          ]
        ]
      }
    },
    {
      "type": "Feature",
      "properties": {
        "CELL_ID": "GIU100-35-44",
        "AMBITO": "URBANO",
        "CATEGORIA": "CONVIVENCIA",
        "PLATAFORMA": "PLATAFORMA I",
        "PARROQUIA": null,
        "DISTANCE_M": 200,
        "CELL_SIZE_M": 100,
        "COUNT": 8,
        "GI_ZSCORE": 5.100088612102033,
        "GI_PVALUE": 3.394945040870727e-07,
        "GI_CLASS": "HOTSPOT 99%",
        "GI_STAR": 5.100088612102033,
        "SIGNIFICANCIA": 99,
        "SUMA_LOCAL": 135,
        "NIVEL": 99,
        "COB_A_PCT": 100.0,
        "ESTADO_A": "CUBIERTO",
        "COB_B_PCT": 100.0,
        "ESTADO_B": "CUBIERTO",
        "COB_C_PCT": 100.0,
        "ESTADO_C": "CUBIERTO",
        "COB_B_ANTERIOR_PCT": 100.0,
        "ESTADO_B_ANTERIOR": "CUBIERTO",
        "COB_C_ANTERIOR_PCT": 100.0,
        "ESTADO_C_ANTERIOR": "CUBIERTO"
      },
      "geometry": {
        "type": "MultiPolygon",
        "coordinates": [
          [
            [
              [
                -78.6586262153454,
                -1.6642066383857603
              ],
              [
                -78.65862728174423,
                -1.663302675062035
              ],
              [
                -78.65772898662446,
                -1.6633016020211984
              ],
              [
                -78.65772791981739,
                -1.6642055647614382
              ],
              [
                -78.6586262153454,
                -1.6642066383857603
              ]
            ]
          ]
        ]
      }
    },
    {
      "type": "Feature",
      "properties": {
        "CELL_ID": "GIU100-35-61",
        "AMBITO": "URBANO",
        "CATEGORIA": "CONVIVENCIA",
        "PLATAFORMA": "PLATAFORMA M",
        "PARROQUIA": null,
        "DISTANCE_M": 200,
        "CELL_SIZE_M": 100,
        "COUNT": 1,
        "GI_ZSCORE": 2.102857644977706,
        "GI_PVALUE": 0.035478215224922456,
        "GI_CLASS": "HOTSPOT 95%",
        "GI_STAR": 2.102857644977706,
        "SIGNIFICANCIA": 95,
        "SUMA_LOCAL": 71,
        "NIVEL": 95,
        "COB_A_PCT": 59.977031715100374,
        "ESTADO_A": "PARCIALMENTE CUBIERTO",
        "COB_B_PCT": 59.977031715100374,
        "ESTADO_B": "PARCIALMENTE CUBIERTO",
        "COB_C_PCT": 79.09949026936478,
        "ESTADO_C": "PARCIALMENTE CUBIERTO",
        "COB_B_ANTERIOR_PCT": 59.977031715100374,
        "ESTADO_B_ANTERIOR": "PARCIALMENTE CUBIERTO",
        "COB_C_ANTERIOR_PCT": 100.0,
        "ESTADO_C_ANTERIOR": "CUBIERTO"
      },
      "geometry": {
        "type": "MultiPolygon",
        "coordinates": [
          [
            [
              [
                -78.64335527045957,
                -1.6641883308891792
              ],
              [
                -78.64335634379805,
                -1.6632843775150807
              ],
              [
                -78.64245805857585,
                -1.6632832974927199
              ],
              [
                -78.64245698482917,
                -1.664187250279536
              ],
              [
                -78.64335527045957,
                -1.6641883308891792
              ]
            ]
          ]
        ]
      }
    },
    {
      "type": "Feature",
      "properties": {
        "CELL_ID": "GIU100-35-62",
        "AMBITO": "URBANO",
        "CATEGORIA": "CONVIVENCIA",
        "PLATAFORMA": "PLATAFORMA M",
        "PARROQUIA": null,
        "DISTANCE_M": 200,
        "CELL_SIZE_M": 100,
        "COUNT": 16,
        "GI_ZSCORE": 2.2433528465616592,
        "GI_PVALUE": 0.024874070041332724,
        "GI_CLASS": "HOTSPOT 95%",
        "GI_STAR": 2.2433528465616592,
        "SIGNIFICANCIA": 95,
        "SUMA_LOCAL": 74,
        "NIVEL": 95,
        "COB_A_PCT": 44.32375000717397,
        "ESTADO_A": "PARCIALMENTE CUBIERTO",
        "COB_B_PCT": 90.39290122207515,
        "ESTADO_B": "PARCIALMENTE CUBIERTO",
        "COB_C_PCT": 90.39290122207515,
        "ESTADO_C": "PARCIALMENTE CUBIERTO",
        "COB_B_ANTERIOR_PCT": 74.96451902796662,
        "ESTADO_B_ANTERIOR": "PARCIALMENTE CUBIERTO",
        "COB_C_ANTERIOR_PCT": 100.0,
        "ESTADO_C_ANTERIOR": "CUBIERTO"
      },
      "geometry": {
        "type": "MultiPolygon",
        "coordinates": [
          [
            [
              [
                -78.64245698482917,
                -1.664187250279536
              ],
              [
                -78.64245805857585,
                -1.6632832974927199
              ],
              [
                -78.64155977393784,
                -1.663282217059693
              ],
              [
                -78.64155869978296,
                -1.664186169259004
              ],
              [
                -78.64245698482917,
                -1.664187250279536
              ]
            ]
          ]
        ]
      }
    },
    {
      "type": "Feature",
      "properties": {
        "CELL_ID": "GIU100-35-63",
        "AMBITO": "URBANO",
        "CATEGORIA": "CONVIVENCIA",
        "PLATAFORMA": "PLATAFORMA M",
        "PARROQUIA": null,
        "DISTANCE_M": 200,
        "CELL_SIZE_M": 100,
        "COUNT": 20,
        "GI_ZSCORE": 2.0560259111163885,
        "GI_PVALUE": 0.03978001871232449,
        "GI_CLASS": "HOTSPOT 95%",
        "GI_STAR": 2.0560259111163885,
        "SIGNIFICANCIA": 95,
        "SUMA_LOCAL": 70,
        "NIVEL": 95,
        "COB_A_PCT": 1.4474616950119448,
        "ESTADO_A": "PARCIALMENTE CUBIERTO",
        "COB_B_PCT": 100.0,
        "ESTADO_B": "CUBIERTO",
        "COB_C_PCT": 100.0,
        "ESTADO_C": "CUBIERTO",
        "COB_B_ANTERIOR_PCT": 96.02443850983276,
        "ESTADO_B_ANTERIOR": "PARCIALMENTE CUBIERTO",
        "COB_C_ANTERIOR_PCT": 100.0,
        "ESTADO_C_ANTERIOR": "CUBIERTO"
      },
      "geometry": {
        "type": "MultiPolygon",
        "coordinates": [
          [
            [
              [
                -78.64155869978296,
                -1.664186169259004
              ],
              [
                -78.64155977393784,
                -1.663282217059693
              ],
              [
                -78.64066148988428,
                -1.6632811362160016
              ],
              [
                -78.64066041532122,
                -1.6641850878275837
              ],
              [
                -78.64155869978296,
                -1.664186169259004
              ]
            ]
          ]
        ]
      }
    },
    {
      "type": "Feature",
      "properties": {
        "CELL_ID": "GIU100-35-64",
        "AMBITO": "URBANO",
        "CATEGORIA": "CONVIVENCIA",
        "PLATAFORMA": "PLATAFORMA O",
        "PARROQUIA": null,
        "DISTANCE_M": 200,
        "CELL_SIZE_M": 100,
        "COUNT": 10,
        "GI_ZSCORE": 2.0560259111163885,
        "GI_PVALUE": 0.03978001871232449,
        "GI_CLASS": "HOTSPOT 95%",
        "GI_STAR": 2.0560259111163885,
        "SIGNIFICANCIA": 95,
        "SUMA_LOCAL": 70,
        "NIVEL": 95,
        "COB_A_PCT": 0.0,
        "ESTADO_A": "SIN COBERTURA",
        "COB_B_PCT": 100.0,
        "ESTADO_B": "CUBIERTO",
        "COB_C_PCT": 100.0,
        "ESTADO_C": "CUBIERTO",
        "COB_B_ANTERIOR_PCT": 97.97175861061815,
        "ESTADO_B_ANTERIOR": "PARCIALMENTE CUBIERTO",
        "COB_C_ANTERIOR_PCT": 100.0,
        "ESTADO_C_ANTERIOR": "CUBIERTO"
      },
      "geometry": {
        "type": "MultiPolygon",
        "coordinates": [
          [
            [
              [
                -78.64066041532122,
                -1.6641850878275837
              ],
              [
                -78.64066148988428,
                -1.6632811362160016
              ],
              [
                -78.63976320641538,
                -1.6632800549616469
              ],
              [
                -78.6397621314441,
                -1.664184005985277
              ],
              [
                -78.64066041532122,
                -1.6641850878275837
              ]
            ]
          ]
        ]
      }
    },
    {
      "type": "Feature",
      "properties": {
        "CELL_ID": "GIU100-35-65",
        "AMBITO": "URBANO",
        "CATEGORIA": "CONVIVENCIA",
        "PLATAFORMA": "PLATAFORMA O",
        "PARROQUIA": null,
        "DISTANCE_M": 200,
        "CELL_SIZE_M": 100,
        "COUNT": 0,
        "GI_ZSCORE": 1.9155307095324359,
        "GI_PVALUE": 0.055424856621911066,
        "GI_CLASS": "HOTSPOT 90%",
        "GI_STAR": 1.9155307095324359,
        "SIGNIFICANCIA": 90,
        "SUMA_LOCAL": 67,
        "NIVEL": 90,
        "COB_A_PCT": 0.0,
        "ESTADO_A": "SIN COBERTURA",
        "COB_B_PCT": 100.0,
        "ESTADO_B": "CUBIERTO",
        "COB_C_PCT": 100.0,
        "ESTADO_C": "CUBIERTO",
        "COB_B_ANTERIOR_PCT": 45.643187225108264,
        "ESTADO_B_ANTERIOR": "PARCIALMENTE CUBIERTO",
        "COB_C_ANTERIOR_PCT": 90.60760967588466,
        "ESTADO_C_ANTERIOR": "PARCIALMENTE CUBIERTO"
      },
      "geometry": {
        "type": "MultiPolygon",
        "coordinates": [
          [
            [
              [
                -78.6397621314441,
                -1.664184005985277
              ],
              [
                -78.63976320641538,
                -1.6632800549616469
              ],
              [
                -78.63886492353133,
                -1.66327897329663
              ],
              [
                -78.63886384815187,
                -1.664182923732085
              ],
              [
                -78.6397621314441,
                -1.664184005985277
              ]
            ]
          ]
        ]
      }
    },
    {
      "type": "Feature",
      "properties": {
        "CELL_ID": "GIU100-36-25",
        "AMBITO": "URBANO",
        "CATEGORIA": "CONVIVENCIA",
        "PLATAFORMA": "PLATAFORMA H",
        "PARROQUIA": null,
        "DISTANCE_M": 200,
        "CELL_SIZE_M": 100,
        "COUNT": 8,
        "GI_ZSCORE": 2.1496893788390237,
        "GI_PVALUE": 0.031579793147695115,
        "GI_CLASS": "HOTSPOT 95%",
        "GI_STAR": 2.1496893788390237,
        "SIGNIFICANCIA": 95,
        "SUMA_LOCAL": 72,
        "NIVEL": 95,
        "COB_A_PCT": 100.0,
        "ESTADO_A": "CUBIERTO",
        "COB_B_PCT": 100.0,
        "ESTADO_B": "CUBIERTO",
        "COB_C_PCT": 100.0,
        "ESTADO_C": "CUBIERTO",
        "COB_B_ANTERIOR_PCT": 100.0,
        "ESTADO_B_ANTERIOR": "CUBIERTO",
        "COB_C_ANTERIOR_PCT": 100.0,
        "ESTADO_C_ANTERIOR": "CUBIERTO"
      },
      "geometry": {
        "type": "MultiPolygon",
        "coordinates": [
          [
            [
              [
                -78.67569499900675,
                -1.6633229848053577
              ],
              [
                -78.6756960570731,
                -1.6624190104288519
              ],
              [
                -78.67479775137531,
                -1.6624179457705892
              ],
              [
                -78.67479669290096,
                -1.6633219195678532
              ],
              [
                -78.67569499900675,
                -1.6633229848053577
              ]
            ]
          ]
        ]
      }
    },
    {
      "type": "Feature",
      "properties": {
        "CELL_ID": "GIU100-36-26",
        "AMBITO": "URBANO",
        "CATEGORIA": "CONVIVENCIA",
        "PLATAFORMA": "PLATAFORMA H",
        "PARROQUIA": null,
        "DISTANCE_M": 200,
        "CELL_SIZE_M": 100,
        "COUNT": 2,
        "GI_ZSCORE": 3.8356317978464576,
        "GI_PVALUE": 0.0001252419213377612,
        "GI_CLASS": "HOTSPOT 99%",
        "GI_STAR": 3.8356317978464576,
        "SIGNIFICANCIA": 99,
        "SUMA_LOCAL": 108,
        "NIVEL": 99,
        "COB_A_PCT": 99.98538794440255,
        "ESTADO_A": "PARCIALMENTE CUBIERTO",
        "COB_B_PCT": 99.98538794440255,
        "ESTADO_B": "PARCIALMENTE CUBIERTO",
        "COB_C_PCT": 99.98538794440255,
        "ESTADO_C": "PARCIALMENTE CUBIERTO",
        "COB_B_ANTERIOR_PCT": 99.98538794440255,
        "ESTADO_B_ANTERIOR": "PARCIALMENTE CUBIERTO",
        "COB_C_ANTERIOR_PCT": 99.98538794440255,
        "ESTADO_C_ANTERIOR": "PARCIALMENTE CUBIERTO"
      },
      "geometry": {
        "type": "MultiPolygon",
        "coordinates": [
          [
            [
              [
                -78.67479669290096,
                -1.6633219195678532
              ],
              [
                -78.67479775137531,
                -1.6624179457705892
              ],
              [
                -78.67389944625376,
                -1.6624168807018365
              ],
              [
                -78.67389838737137,
                -1.663320853919635
              ],
              [
                -78.67479669290096,
                -1.6633219195678532
              ]
            ]
          ]
        ]
      }
    },
    {
      "type": "Feature",
      "properties": {
        "CELL_ID": "GIU100-36-27",
        "AMBITO": "URBANO",
        "CATEGORIA": "CONVIVENCIA",
        "PLATAFORMA": "PLATAFORMA H",
        "PARROQUIA": null,
        "DISTANCE_M": 200,
        "CELL_SIZE_M": 100,
        "COUNT": 1,
        "GI_ZSCORE": 1.775035507948483,
        "GI_PVALUE": 0.07589202442313431,
        "GI_CLASS": "HOTSPOT 90%",
        "GI_STAR": 1.775035507948483,
        "SIGNIFICANCIA": 90,
        "SUMA_LOCAL": 64,
        "NIVEL": 90,
        "COB_A_PCT": 35.1833145104287,
        "ESTADO_A": "PARCIALMENTE CUBIERTO",
        "COB_B_PCT": 35.1833145104287,
        "ESTADO_B": "PARCIALMENTE CUBIERTO",
        "COB_C_PCT": 96.22331427317637,
        "ESTADO_C": "PARCIALMENTE CUBIERTO",
        "COB_B_ANTERIOR_PCT": 35.1833145104287,
        "ESTADO_B_ANTERIOR": "PARCIALMENTE CUBIERTO",
        "COB_C_ANTERIOR_PCT": 96.22331427317637,
        "ESTADO_C_ANTERIOR": "PARCIALMENTE CUBIERTO"
      },
      "geometry": {
        "type": "MultiPolygon",
        "coordinates": [
          [
            [
              [
                -78.67389838737137,
                -1.663320853919635
              ],
              [
                -78.67389944625376,
                -1.6624168807018365
              ],
              [
                -78.67300114170864,
                -1.6624158152225947
              ],
              [
                -78.67300008241821,
                -1.6633197878607044
              ],
              [
                -78.67389838737137,
                -1.663320853919635
              ]
            ]
          ]
        ]
      }
    },
    {
      "type": "Feature",
      "properties": {
        "CELL_ID": "GIU100-36-34",
        "AMBITO": "URBANO",
        "CATEGORIA": "CONVIVENCIA",
        "PLATAFORMA": "PLATAFORMA H",
        "PARROQUIA": null,
        "DISTANCE_M": 200,
        "CELL_SIZE_M": 100,
        "COUNT": 3,
        "GI_ZSCORE": 1.8218672418098005,
        "GI_PVALUE": 0.06847513187592394,
        "GI_CLASS": "HOTSPOT 90%",
        "GI_STAR": 1.8218672418098005,
        "SIGNIFICANCIA": 90,
        "SUMA_LOCAL": 65,
        "NIVEL": 90,
        "COB_A_PCT": 84.08246930976537,
        "ESTADO_A": "PARCIALMENTE CUBIERTO",
        "COB_B_PCT": 84.08246930976537,
        "ESTADO_B": "PARCIALMENTE CUBIERTO",
        "COB_C_PCT": 84.08246930976537,
        "ESTADO_C": "PARCIALMENTE CUBIERTO",
        "COB_B_ANTERIOR_PCT": 84.08246930976537,
        "ESTADO_B_ANTERIOR": "PARCIALMENTE CUBIERTO",
        "COB_C_ANTERIOR_PCT": 100.0,
        "ESTADO_C_ANTERIOR": "CUBIERTO"
      },
      "geometry": {
        "type": "MultiPolygon",
        "coordinates": [
          [
            [
              [
                -78.66761026481691,
                -1.6633133828822404
              ],
              [
                -78.66761132655542,
                -1.6624094137269525
              ],
              [
                -78.66671302605155,
                -1.6624083453743257
              ],
              [
                -78.66671196390503,
                -1.6633123139483617
              ],
              [
                -78.66761026481691,
                -1.6633133828822404
              ]
            ]
          ]
        ]
      }
    },
    {
      "type": "Feature",
      "properties": {
        "CELL_ID": "GIU100-36-35",
        "AMBITO": "URBANO",
        "CATEGORIA": "CONVIVENCIA",
        "PLATAFORMA": "PLATAFORMA H",
        "PARROQUIA": null,
        "DISTANCE_M": 200,
        "CELL_SIZE_M": 100,
        "COUNT": 0,
        "GI_ZSCORE": 1.8686989756711183,
        "GI_PVALUE": 0.06166470661734565,
        "GI_CLASS": "HOTSPOT 90%",
        "GI_STAR": 1.8686989756711183,
        "SIGNIFICANCIA": 90,
        "SUMA_LOCAL": 66,
        "NIVEL": 90,
        "COB_A_PCT": 72.91748363228496,
        "ESTADO_A": "PARCIALMENTE CUBIERTO",
        "COB_B_PCT": 72.91748363228496,
        "ESTADO_B": "PARCIALMENTE CUBIERTO",
        "COB_C_PCT": 72.91748363228496,
        "ESTADO_C": "PARCIALMENTE CUBIERTO",
        "COB_B_ANTERIOR_PCT": 72.91748363228496,
        "ESTADO_B_ANTERIOR": "PARCIALMENTE CUBIERTO",
        "COB_C_ANTERIOR_PCT": 100.0,
        "ESTADO_C_ANTERIOR": "CUBIERTO"
      },
      "geometry": {
        "type": "MultiPolygon",
        "coordinates": [
          [
            [
              [
                -78.66671196390503,
                -1.6633123139483617
              ],
              [
                -78.66671302605155,
                -1.6624083453743257
              ],
              [
                -78.66581472612589,
                -1.6624072766112206
              ],
              [
                -78.66581366357134,
                -1.663311244603781
              ],
              [
                -78.66671196390503,
                -1.6633123139483617
              ]
            ]
          ]
        ]
      }
    },
    {
      "type": "Feature",
      "properties": {
        "CELL_ID": "GIU100-36-36",
        "AMBITO": "URBANO",
        "CATEGORIA": "CONVIVENCIA",
        "PLATAFORMA": "PLATAFORMA H",
        "PARROQUIA": null,
        "DISTANCE_M": 200,
        "CELL_SIZE_M": 100,
        "COUNT": 29,
        "GI_ZSCORE": 7.863160909919771,
        "GI_PVALUE": 3.745593597302485e-15,
        "GI_CLASS": "HOTSPOT 99%",
        "GI_STAR": 7.863160909919771,
        "SIGNIFICANCIA": 99,
        "SUMA_LOCAL": 194,
        "NIVEL": 99,
        "COB_A_PCT": 12.837730360883473,
        "ESTADO_A": "PARCIALMENTE CUBIERTO",
        "COB_B_PCT": 12.837730360883473,
        "ESTADO_B": "PARCIALMENTE CUBIERTO",
        "COB_C_PCT": 12.837730360883473,
        "ESTADO_C": "PARCIALMENTE CUBIERTO",
        "COB_B_ANTERIOR_PCT": 12.837730360883473,
        "ESTADO_B_ANTERIOR": "PARCIALMENTE CUBIERTO",
        "COB_C_ANTERIOR_PCT": 100.0,
        "ESTADO_C_ANTERIOR": "CUBIERTO"
      },
      "geometry": {
        "type": "MultiPolygon",
        "coordinates": [
          [
            [
              [
                -78.66581366357134,
                -1.663311244603781
              ],
              [
                -78.66581472612589,
                -1.6624072766112206
              ],
              [
                -78.66491642677867,
                -1.662406207437638
              ],
              [
                -78.66491536381609,
                -1.6633101748485002
              ],
              [
                -78.66581366357134,
                -1.663311244603781
              ]
            ]
          ]
        ]
      }
    },
    {
      "type": "Feature",
      "properties": {
        "CELL_ID": "GIU100-36-37",
        "AMBITO": "URBANO",
        "CATEGORIA": "CONVIVENCIA",
        "PLATAFORMA": "PLATAFORMA H",
        "PARROQUIA": null,
        "DISTANCE_M": 200,
        "CELL_SIZE_M": 100,
        "COUNT": 4,
        "GI_ZSCORE": 11.984353489715721,
        "GI_PVALUE": 4.291795370722851e-33,
        "GI_CLASS": "HOTSPOT 99%",
        "GI_STAR": 11.984353489715721,
        "SIGNIFICANCIA": 99,
        "SUMA_LOCAL": 282,
        "NIVEL": 99,
        "COB_A_PCT": 71.41025161690494,
        "ESTADO_A": "PARCIALMENTE CUBIERTO",
        "COB_B_PCT": 71.41025161690494,
        "ESTADO_B": "PARCIALMENTE CUBIERTO",
        "COB_C_PCT": 71.41025161690494,
        "ESTADO_C": "PARCIALMENTE CUBIERTO",
        "COB_B_ANTERIOR_PCT": 71.41025161690494,
        "ESTADO_B_ANTERIOR": "PARCIALMENTE CUBIERTO",
        "COB_C_ANTERIOR_PCT": 100.0,
        "ESTADO_C_ANTERIOR": "CUBIERTO"
      },
      "geometry": {
        "type": "MultiPolygon",
        "coordinates": [
          [
            [
              [
                -78.66491536381609,
                -1.6633101748485002
              ],
              [
                -78.66491642677867,
                -1.662406207437638
              ],
              [
                -78.6640181280101,
                -1.66240513785358
              ],
              [
                -78.66401706463954,
                -1.6633091046825201
              ],
              [
                -78.66491536381609,
                -1.6633101748485002
              ]
            ]
          ]
        ]
      }
    },
    {
      "type": "Feature",
      "properties": {
        "CELL_ID": "GIU100-36-38",
        "AMBITO": "URBANO",
        "CATEGORIA": "CONVIVENCIA",
        "PLATAFORMA": "PLATAFORMA J",
        "PARROQUIA": null,
        "DISTANCE_M": 200,
        "CELL_SIZE_M": 100,
        "COUNT": 57,
        "GI_ZSCORE": 12.874156433080756,
        "GI_PVALUE": 6.292279007127793e-38,
        "GI_CLASS": "HOTSPOT 99%",
        "GI_STAR": 12.874156433080756,
        "SIGNIFICANCIA": 99,
        "SUMA_LOCAL": 301,
        "NIVEL": 99,
        "COB_A_PCT": 100.0,
        "ESTADO_A": "CUBIERTO",
        "COB_B_PCT": 100.0,
        "ESTADO_B": "CUBIERTO",
        "COB_C_PCT": 100.0,
        "ESTADO_C": "CUBIERTO",
        "COB_B_ANTERIOR_PCT": 100.0,
        "ESTADO_B_ANTERIOR": "CUBIERTO",
        "COB_C_ANTERIOR_PCT": 100.0,
        "ESTADO_C_ANTERIOR": "CUBIERTO"
      },
      "geometry": {
        "type": "MultiPolygon",
        "coordinates": [
          [
            [
              [
                -78.66401706463954,
                -1.6633091046825201
              ],
              [
                -78.6640181280101,
                -1.66240513785358
              ],
              [
                -78.6631198298204,
                -1.662404067859048
              ],
              [
                -78.6631187660418,
                -1.6633080341058426
              ],
              [
                -78.66401706463954,
                -1.6633091046825201
              ]
            ]
          ]
        ]
      }
    },
    {
      "type": "Feature",
      "properties": {
        "CELL_ID": "GIU100-36-39",
        "AMBITO": "URBANO",
        "CATEGORIA": "CONVIVENCIA",
        "PLATAFORMA": "PLATAFORMA J",
        "PARROQUIA": null,
        "DISTANCE_M": 200,
        "CELL_SIZE_M": 100,
        "COUNT": 60,
        "GI_ZSCORE": 8.378309982394265,
        "GI_PVALUE": 5.369308009238957e-17,
        "GI_CLASS": "HOTSPOT 99%",
        "GI_STAR": 8.378309982394265,
        "SIGNIFICANCIA": 99,
        "SUMA_LOCAL": 205,
        "NIVEL": 99,
        "COB_A_PCT": 100.0,
        "ESTADO_A": "CUBIERTO",
        "COB_B_PCT": 100.0,
        "ESTADO_B": "CUBIERTO",
        "COB_C_PCT": 100.0,
        "ESTADO_C": "CUBIERTO",
        "COB_B_ANTERIOR_PCT": 100.0,
        "ESTADO_B_ANTERIOR": "CUBIERTO",
        "COB_C_ANTERIOR_PCT": 100.0,
        "ESTADO_C_ANTERIOR": "CUBIERTO"
      },
      "geometry": {
        "type": "MultiPolygon",
        "coordinates": [
          [
            [
              [
                -78.6631187660418,
                -1.6633080341058426
              ],
              [
                -78.6631198298204,
                -1.662404067859048
              ],
              [
                -78.66222153220981,
                -1.662402997454042
              ],
              [
                -78.66222046802321,
                -1.6633069631184687
              ],
              [
                -78.6631187660418,
                -1.6633080341058426
              ]
            ]
          ]
        ]
      }
    },
    {
      "type": "Feature",
      "properties": {
        "CELL_ID": "GIU100-36-40",
        "AMBITO": "URBANO",
        "CATEGORIA": "CONVIVENCIA",
        "PLATAFORMA": "PLATAFORMA J",
        "PARROQUIA": null,
        "DISTANCE_M": 200,
        "CELL_SIZE_M": 100,
        "COUNT": 6,
        "GI_ZSCORE": 6.6923675633868305,
        "GI_PVALUE": 2.1958845510824473e-11,
        "GI_CLASS": "HOTSPOT 99%",
        "GI_STAR": 6.6923675633868305,
        "SIGNIFICANCIA": 99,
        "SUMA_LOCAL": 169,
        "NIVEL": 99,
        "COB_A_PCT": 84.82358609704933,
        "ESTADO_A": "PARCIALMENTE CUBIERTO",
        "COB_B_PCT": 84.82358609704933,
        "ESTADO_B": "PARCIALMENTE CUBIERTO",
        "COB_C_PCT": 84.82358609704933,
        "ESTADO_C": "PARCIALMENTE CUBIERTO",
        "COB_B_ANTERIOR_PCT": 84.82358609704933,
        "ESTADO_B_ANTERIOR": "PARCIALMENTE CUBIERTO",
        "COB_C_ANTERIOR_PCT": 84.82358609704933,
        "ESTADO_C_ANTERIOR": "PARCIALMENTE CUBIERTO"
      },
      "geometry": {
        "type": "MultiPolygon",
        "coordinates": [
          [
            [
              [
                -78.66222046802321,
                -1.6633069631184687
              ],
              [
                -78.66222153220981,
                -1.662402997454042
              ],
              [
                -78.66132323517853,
                -1.6624019266385652
              ],
              [
                -78.66132217058393,
                -1.6633058917203996
              ],
              [
                -78.66222046802321,
                -1.6633069631184687
              ]
            ]
          ]
        ]
      }
    },
    {
      "type": "Feature",
      "properties": {
        "CELL_ID": "GIU100-36-41",
        "AMBITO": "URBANO",
        "CATEGORIA": "CONVIVENCIA",
        "PLATAFORMA": "PLATAFORMA J",
        "PARROQUIA": null,
        "DISTANCE_M": 200,
        "CELL_SIZE_M": 100,
        "COUNT": 3,
        "GI_ZSCORE": 4.631771273488857,
        "GI_PVALUE": 3.6255055976898212e-06,
        "GI_CLASS": "HOTSPOT 99%",
        "GI_STAR": 4.631771273488857,
        "SIGNIFICANCIA": 99,
        "SUMA_LOCAL": 125,
        "NIVEL": 99,
        "COB_A_PCT": 29.92918892770492,
        "ESTADO_A": "PARCIALMENTE CUBIERTO",
        "COB_B_PCT": 29.92918892770492,
        "ESTADO_B": "PARCIALMENTE CUBIERTO",
        "COB_C_PCT": 29.92918892770492,
        "ESTADO_C": "PARCIALMENTE CUBIERTO",
        "COB_B_ANTERIOR_PCT": 29.92918892770492,
        "ESTADO_B_ANTERIOR": "PARCIALMENTE CUBIERTO",
        "COB_C_ANTERIOR_PCT": 56.13618854447778,
        "ESTADO_C_ANTERIOR": "PARCIALMENTE CUBIERTO"
      },
      "geometry": {
        "type": "MultiPolygon",
        "coordinates": [
          [
            [
              [
                -78.66132217058393,
                -1.6633058917203996
              ],
              [
                -78.66132323517853,
                -1.6624019266385652
              ],
              [
                -78.6604249387268,
                -1.6624008554126177
              ],
              [
                -78.66042387372418,
                -1.6633048199116367
              ],
              [
                -78.66132217058393,
                -1.6633058917203996
              ]
            ]
          ]
        ]
      }
    },
    {
      "type": "Feature",
      "properties": {
        "CELL_ID": "GIU100-36-42",
        "AMBITO": "URBANO",
        "CATEGORIA": "CONVIVENCIA",
        "PLATAFORMA": "PLATAFORMA I",
        "PARROQUIA": null,
        "DISTANCE_M": 200,
        "CELL_SIZE_M": 100,
        "COUNT": 10,
        "GI_ZSCORE": 3.0863240560653757,
        "GI_PVALUE": 0.002026478366141622,
        "GI_CLASS": "HOTSPOT 99%",
        "GI_STAR": 3.0863240560653757,
        "SIGNIFICANCIA": 99,
        "SUMA_LOCAL": 92,
        "NIVEL": 99,
        "COB_A_PCT": 26.548437109160673,
        "ESTADO_A": "PARCIALMENTE CUBIERTO",
        "COB_B_PCT": 26.548437109160673,
        "ESTADO_B": "PARCIALMENTE CUBIERTO",
        "COB_C_PCT": 26.548437109160673,
        "ESTADO_C": "PARCIALMENTE CUBIERTO",
        "COB_B_ANTERIOR_PCT": 26.548437109160673,
        "ESTADO_B_ANTERIOR": "PARCIALMENTE CUBIERTO",
        "COB_C_ANTERIOR_PCT": 100.0,
        "ESTADO_C_ANTERIOR": "CUBIERTO"
      },
      "geometry": {
        "type": "MultiPolygon",
        "coordinates": [
          [
            [
              [
                -78.66042387372418,
                -1.6633048199116367
              ],
              [
                -78.6604249387268,
                -1.6624008554126177
              ],
              [
                -78.65952664285483,
                -1.6623997837762006
              ],
              [
                -78.65952557744421,
                -1.6633037476921815
              ],
              [
                -78.66042387372418,
                -1.6633048199116367
              ]
            ]
          ]
        ]
      }
    },
    {
      "type": "Feature",
      "properties": {
        "CELL_ID": "GIU100-36-43",
        "AMBITO": "URBANO",
        "CATEGORIA": "CONVIVENCIA",
        "PLATAFORMA": "PLATAFORMA I",
        "PARROQUIA": null,
        "DISTANCE_M": 200,
        "CELL_SIZE_M": 100,
        "COUNT": 1,
        "GI_ZSCORE": 4.069790467153045,
        "GI_PVALUE": 4.705543916598488e-05,
        "GI_CLASS": "HOTSPOT 99%",
        "GI_STAR": 4.069790467153045,
        "SIGNIFICANCIA": 99,
        "SUMA_LOCAL": 113,
        "NIVEL": 99,
        "COB_A_PCT": 57.14727748937531,
        "ESTADO_A": "PARCIALMENTE CUBIERTO",
        "COB_B_PCT": 57.14727748937531,
        "ESTADO_B": "PARCIALMENTE CUBIERTO",
        "COB_C_PCT": 57.14727748937531,
        "ESTADO_C": "PARCIALMENTE CUBIERTO",
        "COB_B_ANTERIOR_PCT": 57.14727748937531,
        "ESTADO_B_ANTERIOR": "PARCIALMENTE CUBIERTO",
        "COB_C_ANTERIOR_PCT": 100.0,
        "ESTADO_C_ANTERIOR": "CUBIERTO"
      },
      "geometry": {
        "type": "MultiPolygon",
        "coordinates": [
          [
            [
              [
                -78.65952557744421,
                -1.6633037476921815
              ],
              [
                -78.65952664285483,
                -1.6623997837762006
              ],
              [
                -78.65862834756287,
                -1.662398711729316
              ],
              [
                -78.65862728174423,
                -1.663302675062035
              ],
              [
                -78.65952557744421,
                -1.6633037476921815
              ]
            ]
          ]
        ]
      }
    },
    {
      "type": "Feature",
      "properties": {
        "CELL_ID": "GIU100-36-44",
        "AMBITO": "URBANO",
        "CATEGORIA": "CONVIVENCIA",
        "PLATAFORMA": "PLATAFORMA I",
        "PARROQUIA": null,
        "DISTANCE_M": 200,
        "CELL_SIZE_M": 100,
        "COUNT": 1,
        "GI_ZSCORE": 1.7282037740871654,
        "GI_PVALUE": 0.08395169734710652,
        "GI_CLASS": "HOTSPOT 90%",
        "GI_STAR": 1.7282037740871654,
        "SIGNIFICANCIA": 90,
        "SUMA_LOCAL": 63,
        "NIVEL": 90,
        "COB_A_PCT": 100.0,
        "ESTADO_A": "CUBIERTO",
        "COB_B_PCT": 100.0,
        "ESTADO_B": "CUBIERTO",
        "COB_C_PCT": 100.0,
        "ESTADO_C": "CUBIERTO",
        "COB_B_ANTERIOR_PCT": 100.0,
        "ESTADO_B_ANTERIOR": "CUBIERTO",
        "COB_C_ANTERIOR_PCT": 100.0,
        "ESTADO_C_ANTERIOR": "CUBIERTO"
      },
      "geometry": {
        "type": "MultiPolygon",
        "coordinates": [
          [
            [
              [
                -78.65862728174423,
                -1.663302675062035
              ],
              [
                -78.65862834756287,
                -1.662398711729316
              ],
              [
                -78.65773005285108,
                -1.662397639271965
              ],
              [
                -78.65772898662446,
                -1.6633016020211984
              ],
              [
                -78.65862728174423,
                -1.663302675062035
              ]
            ]
          ]
        ]
      }
    },
    {
      "type": "Feature",
      "properties": {
        "CELL_ID": "GIU100-36-57",
        "AMBITO": "URBANO",
        "CATEGORIA": "CONVIVENCIA",
        "PLATAFORMA": "PLATAFORMA M",
        "PARROQUIA": null,
        "DISTANCE_M": 200,
        "CELL_SIZE_M": 100,
        "COUNT": 1,
        "GI_ZSCORE": 1.6813720402258479,
        "GI_PVALUE": 0.09269067286521332,
        "GI_CLASS": "HOTSPOT 90%",
        "GI_STAR": 1.6813720402258479,
        "SIGNIFICANCIA": 90,
        "SUMA_LOCAL": 62,
        "NIVEL": 90,
        "COB_A_PCT": 0.0,
        "ESTADO_A": "SIN COBERTURA",
        "COB_B_PCT": 60.433667278374,
        "ESTADO_B": "PARCIALMENTE CUBIERTO",
        "COB_C_PCT": 79.88486220625995,
        "ESTADO_C": "PARCIALMENTE CUBIERTO",
        "COB_B_ANTERIOR_PCT": 60.433667278374,
        "ESTADO_B_ANTERIOR": "PARCIALMENTE CUBIERTO",
        "COB_C_ANTERIOR_PCT": 79.88486220625995,
        "ESTADO_C_ANTERIOR": "PARCIALMENTE CUBIERTO"
      },
      "geometry": {
        "type": "MultiPolygon",
        "coordinates": [
          [
            [
              [
                -78.6469494905245,
                -1.663288693497838
              ],
              [
                -78.64695056164706,
                -1.6623847377678451
              ],
              [
                -78.64605227449823,
                -1.6623836599745496
              ],
              [
                -78.64605120296768,
                -1.6632876151181544
              ],
              [
                -78.6469494905245,
                -1.663288693497838
              ]
            ]
          ]
        ]
      }
    },
    {
      "type": "Feature",
      "properties": {
        "CELL_ID": "GIU100-36-62",
        "AMBITO": "URBANO",
        "CATEGORIA": "CONVIVENCIA",
        "PLATAFORMA": "PLATAFORMA M",
        "PARROQUIA": null,
        "DISTANCE_M": 200,
        "CELL_SIZE_M": 100,
        "COUNT": 0,
        "GI_ZSCORE": 2.2433528465616592,
        "GI_PVALUE": 0.024874070041332724,
        "GI_CLASS": "HOTSPOT 95%",
        "GI_STAR": 2.2433528465616592,
        "SIGNIFICANCIA": 95,
        "SUMA_LOCAL": 74,
        "NIVEL": 95,
        "COB_A_PCT": 100.0,
        "ESTADO_A": "CUBIERTO",
        "COB_B_PCT": 100.0,
        "ESTADO_B": "CUBIERTO",
        "COB_C_PCT": 100.0,
        "ESTADO_C": "CUBIERTO",
        "COB_B_ANTERIOR_PCT": 100.0,
        "ESTADO_B_ANTERIOR": "CUBIERTO",
        "COB_C_ANTERIOR_PCT": 100.0,
        "ESTADO_C_ANTERIOR": "CUBIERTO"
      },
      "geometry": {
        "type": "MultiPolygon",
        "coordinates": [
          [
            [
              [
                -78.64245805857585,
                -1.6632832974927199
              ],
              [
                -78.64245913173832,
                -1.6623793446969015
              ],
              [
                -78.6415608475083,
                -1.662378264851379
              ],
              [
                -78.64155977393784,
                -1.663282217059693
              ],
              [
                -78.64245805857585,
                -1.6632832974927199
              ]
            ]
          ]
        ]
      }
    },
    {
      "type": "Feature",
      "properties": {
        "CELL_ID": "GIU100-36-63",
        "AMBITO": "URBANO",
        "CATEGORIA": "CONVIVENCIA",
        "PLATAFORMA": "PLATAFORMA M",
        "PARROQUIA": null,
        "DISTANCE_M": 200,
        "CELL_SIZE_M": 100,
        "COUNT": 1,
        "GI_ZSCORE": 2.8053336528974704,
        "GI_PVALUE": 0.005026451884509495,
        "GI_CLASS": "HOTSPOT 99%",
        "GI_STAR": 2.8053336528974704,
        "SIGNIFICANCIA": 99,
        "SUMA_LOCAL": 86,
        "NIVEL": 99,
        "COB_A_PCT": 91.09752989618005,
        "ESTADO_A": "PARCIALMENTE CUBIERTO",
        "COB_B_PCT": 100.0,
        "ESTADO_B": "CUBIERTO",
        "COB_C_PCT": 100.0,
        "ESTADO_C": "CUBIERTO",
        "COB_B_ANTERIOR_PCT": 93.58224992602737,
        "ESTADO_B_ANTERIOR": "PARCIALMENTE CUBIERTO",
        "COB_C_ANTERIOR_PCT": 100.0,
        "ESTADO_C_ANTERIOR": "CUBIERTO"
      },
      "geometry": {
        "type": "MultiPolygon",
        "coordinates": [
          [
            [
              [
                -78.64155977393784,
                -1.663282217059693
              ],
              [
                -78.6415608475083,
                -1.662378264851379
              ],
              [
                -78.6406625638627,
                -1.662377184595416
              ],
              [
                -78.64066148988428,
                -1.6632811362160016
              ],
              [
                -78.64155977393784,
                -1.663282217059693
              ]
            ]
          ]
        ]
      }
    },
    {
      "type": "Feature",
      "properties": {
        "CELL_ID": "GIU100-37-23",
        "AMBITO": "URBANO",
        "CATEGORIA": "CONVIVENCIA",
        "PLATAFORMA": "PLATAFORMA H",
        "PARROQUIA": null,
        "DISTANCE_M": 200,
        "CELL_SIZE_M": 100,
        "COUNT": 0,
        "GI_ZSCORE": 1.9155307095324359,
        "GI_PVALUE": 0.055424856621911066,
        "GI_CLASS": "HOTSPOT 90%",
        "GI_STAR": 1.9155307095324359,
        "SIGNIFICANCIA": 90,
        "SUMA_LOCAL": 67,
        "NIVEL": 90,
        "COB_A_PCT": 33.31974279368388,
        "ESTADO_A": "PARCIALMENTE CUBIERTO",
        "COB_B_PCT": 33.31974279368388,
        "ESTADO_B": "PARCIALMENTE CUBIERTO",
        "COB_C_PCT": 100.0,
        "ESTADO_C": "CUBIERTO",
        "COB_B_ANTERIOR_PCT": 33.31974279368388,
        "ESTADO_B_ANTERIOR": "PARCIALMENTE CUBIERTO",
        "COB_C_ANTERIOR_PCT": 33.31974279368388,
        "ESTADO_C_ANTERIOR": "PARCIALMENTE CUBIERTO"
      },
      "geometry": {
        "type": "MultiPolygon",
        "coordinates": [
          [
            [
              [
                -78.67749267019637,
                -1.6624211385139016
              ],
              [
                -78.67749372687109,
                -1.6615171629706043
              ],
              [
                -78.67659542042938,
                -1.6615160997121206
              ],
              [
                -78.67659436334684,
                -1.6624200746766231
              ],
              [
                -78.67749267019637,
                -1.6624211385139016
              ]
            ]
          ]
        ]
      }
    },
    {
      "type": "Feature",
      "properties": {
        "CELL_ID": "GIU100-37-24",
        "AMBITO": "URBANO",
        "CATEGORIA": "CONVIVENCIA",
        "PLATAFORMA": "PLATAFORMA H",
        "PARROQUIA": null,
        "DISTANCE_M": 200,
        "CELL_SIZE_M": 100,
        "COUNT": 0,
        "GI_ZSCORE": 2.3370163142842943,
        "GI_PVALUE": 0.019438335809464875,
        "GI_CLASS": "HOTSPOT 95%",
        "GI_STAR": 2.3370163142842943,
        "SIGNIFICANCIA": 95,
        "SUMA_LOCAL": 76,
        "NIVEL": 95,
        "COB_A_PCT": 100.0,
        "ESTADO_A": "CUBIERTO",
        "COB_B_PCT": 100.0,
        "ESTADO_B": "CUBIERTO",
        "COB_C_PCT": 100.0,
        "ESTADO_C": "CUBIERTO",
        "COB_B_ANTERIOR_PCT": 100.0,
        "ESTADO_B_ANTERIOR": "CUBIERTO",
        "COB_C_ANTERIOR_PCT": 100.0,
        "ESTADO_C_ANTERIOR": "CUBIERTO"
      },
      "geometry": {
        "type": "MultiPolygon",
        "coordinates": [
          [
            [
              [
                -78.67659436334684,
                -1.6624200746766231
              ],
              [
                -78.67659542042938,
                -1.6615160997121206
              ],
              [
                -78.67569711456342,
                -1.6615150360433673
              ],
              [
                -78.6756960570731,
                -1.6624190104288519
              ],
              [
                -78.67659436334684,
                -1.6624200746766231
              ]
            ]
          ]
        ]
      }
    },
    {
      "type": "Feature",
      "properties": {
        "CELL_ID": "GIU100-37-25",
        "AMBITO": "URBANO",
        "CATEGORIA": "CONVIVENCIA",
        "PLATAFORMA": "PLATAFORMA H",
        "PARROQUIA": null,
        "DISTANCE_M": 200,
        "CELL_SIZE_M": 100,
        "COUNT": 33,
        "GI_ZSCORE": 3.226819257649329,
        "GI_PVALUE": 0.001251745020972618,
        "GI_CLASS": "HOTSPOT 99%",
        "GI_STAR": 3.226819257649329,
        "SIGNIFICANCIA": 99,
        "SUMA_LOCAL": 95,
        "NIVEL": 99,
        "COB_A_PCT": 100.0,
        "ESTADO_A": "CUBIERTO",
        "COB_B_PCT": 100.0,
        "ESTADO_B": "CUBIERTO",
        "COB_C_PCT": 100.0,
        "ESTADO_C": "CUBIERTO",
        "COB_B_ANTERIOR_PCT": 100.0,
        "ESTADO_B_ANTERIOR": "CUBIERTO",
        "COB_C_ANTERIOR_PCT": 100.0,
        "ESTADO_C_ANTERIOR": "CUBIERTO"
      },
      "geometry": {
        "type": "MultiPolygon",
        "coordinates": [
          [
            [
              [
                -78.6756960570731,
                -1.6624190104288519
              ],
              [
                -78.67569711456342,
                -1.6615150360433673
              ],
              [
                -78.67479880927345,
                -1.6615139719643464
              ],
              [
                -78.67479775137531,
                -1.6624179457705892
              ],
              [
                -78.6756960570731,
                -1.6624190104288519
              ]
            ]
          ]
        ]
      }
    },
    {
      "type": "Feature",
      "properties": {
        "CELL_ID": "GIU100-37-26",
        "AMBITO": "URBANO",
        "CATEGORIA": "CONVIVENCIA",
        "PLATAFORMA": "PLATAFORMA H",
        "PARROQUIA": null,
        "DISTANCE_M": 200,
        "CELL_SIZE_M": 100,
        "COUNT": 9,
        "GI_ZSCORE": 4.912761676656762,
        "GI_PVALUE": 8.98024095135203e-07,
        "GI_CLASS": "HOTSPOT 99%",
        "GI_STAR": 4.912761676656762,
        "SIGNIFICANCIA": 99,
        "SUMA_LOCAL": 131,
        "NIVEL": 99,
        "COB_A_PCT": 100.0,
        "ESTADO_A": "CUBIERTO",
        "COB_B_PCT": 100.0,
        "ESTADO_B": "CUBIERTO",
        "COB_C_PCT": 100.0,
        "ESTADO_C": "CUBIERTO",
        "COB_B_ANTERIOR_PCT": 100.0,
        "ESTADO_B_ANTERIOR": "CUBIERTO",
        "COB_C_ANTERIOR_PCT": 100.0,
        "ESTADO_C_ANTERIOR": "CUBIERTO"
      },
      "geometry": {
        "type": "MultiPolygon",
        "coordinates": [
          [
            [
              [
                -78.67479775137531,
                -1.6624179457705892
              ],
              [
                -78.67479880927345,
                -1.6615139719643464
              ],
              [
                -78.6739005045597,
                -1.6615129074750585
              ],
              [
                -78.67389944625376,
                -1.6624168807018365
              ],
              [
                -78.67479775137531,
                -1.6624179457705892
              ]
            ]
          ]
        ]
      }
    },
    {
      "type": "Feature",
      "properties": {
        "CELL_ID": "GIU100-37-27",
        "AMBITO": "URBANO",
        "CATEGORIA": "CONVIVENCIA",
        "PLATAFORMA": "PLATAFORMA H",
        "PARROQUIA": null,
        "DISTANCE_M": 200,
        "CELL_SIZE_M": 100,
        "COUNT": 1,
        "GI_ZSCORE": 4.022958733291728,
        "GI_PVALUE": 5.7471569247558324e-05,
        "GI_CLASS": "HOTSPOT 99%",
        "GI_STAR": 4.022958733291728,
        "SIGNIFICANCIA": 99,
        "SUMA_LOCAL": 112,
        "NIVEL": 99,
        "COB_A_PCT": 62.44574709015035,
        "ESTADO_A": "PARCIALMENTE CUBIERTO",
        "COB_B_PCT": 62.44574709015035,
        "ESTADO_B": "PARCIALMENTE CUBIERTO",
        "COB_C_PCT": 100.0,
        "ESTADO_C": "CUBIERTO",
        "COB_B_ANTERIOR_PCT": 62.44574709015035,
        "ESTADO_B_ANTERIOR": "PARCIALMENTE CUBIERTO",
        "COB_C_ANTERIOR_PCT": 100.0,
        "ESTADO_C_ANTERIOR": "CUBIERTO"
      },
      "geometry": {
        "type": "MultiPolygon",
        "coordinates": [
          [
            [
              [
                -78.67389944625376,
                -1.6624168807018365
              ],
              [
                -78.6739005045597,
                -1.6615129074750585
              ],
              [
                -78.67300220042237,
                -1.6615118425755044
              ],
              [
                -78.67300114170864,
                -1.6624158152225947
              ],
              [
                -78.67389944625376,
                -1.6624168807018365
              ]
            ]
          ]
        ]
      }
    },
    {
      "type": "Feature",
      "properties": {
        "CELL_ID": "GIU100-37-30",
        "AMBITO": "URBANO",
        "CATEGORIA": "CONVIVENCIA",
        "PLATAFORMA": "PLATAFORMA H",
        "PARROQUIA": null,
        "DISTANCE_M": 200,
        "CELL_SIZE_M": 100,
        "COUNT": 3,
        "GI_ZSCORE": 3.554641394678552,
        "GI_PVALUE": 0.00037849493700507666,
        "GI_CLASS": "HOTSPOT 99%",
        "GI_STAR": 3.554641394678552,
        "SIGNIFICANCIA": 99,
        "SUMA_LOCAL": 102,
        "NIVEL": 99,
        "COB_A_PCT": 0.0,
        "ESTADO_A": "SIN COBERTURA",
        "COB_B_PCT": 0.0,
        "ESTADO_B": "SIN COBERTURA",
        "COB_C_PCT": 14.56099684098445,
        "ESTADO_C": "PARCIALMENTE CUBIERTO",
        "COB_B_ANTERIOR_PCT": 0.0,
        "ESTADO_B_ANTERIOR": "SIN COBERTURA",
        "COB_C_ANTERIOR_PCT": 14.56099684098445,
        "ESTADO_C_ANTERIOR": "PARCIALMENTE CUBIERTO"
      },
      "geometry": {
        "type": "MultiPolygon",
        "coordinates": [
          [
            [
              [
                -78.67120453434858,
                -1.6624136830326504
              ],
              [
                -78.67120559387793,
                -1.6615097115456063
              ],
              [
                -78.67030729147123,
                -1.6615086454152643
              ],
              [
                -78.67030623153408,
                -1.6624126163219497
              ],
              [
                -78.67120453434858,
                -1.6624136830326504
              ]
            ]
          ]
        ]
      }
    },
    {
      "type": "Feature",
      "properties": {
        "CELL_ID": "GIU100-37-31",
        "AMBITO": "URBANO",
        "CATEGORIA": "CONVIVENCIA",
        "PLATAFORMA": "PLATAFORMA H",
        "PARROQUIA": null,
        "DISTANCE_M": 200,
        "CELL_SIZE_M": 100,
        "COUNT": 3,
        "GI_ZSCORE": 1.8218672418098005,
        "GI_PVALUE": 0.06847513187592394,
        "GI_CLASS": "HOTSPOT 90%",
        "GI_STAR": 1.8218672418098005,
        "SIGNIFICANCIA": 90,
        "SUMA_LOCAL": 65,
        "NIVEL": 90,
        "COB_A_PCT": 0.0,
        "ESTADO_A": "SIN COBERTURA",
        "COB_B_PCT": 0.0,
        "ESTADO_B": "SIN COBERTURA",
        "COB_C_PCT": 23.52021711684839,
        "ESTADO_C": "PARCIALMENTE CUBIERTO",
        "COB_B_ANTERIOR_PCT": 0.0,
        "ESTADO_B_ANTERIOR": "SIN COBERTURA",
        "COB_C_ANTERIOR_PCT": 23.52021711684839,
        "ESTADO_C_ANTERIOR": "PARCIALMENTE CUBIERTO"
      },
      "geometry": {
        "type": "MultiPolygon",
        "coordinates": [
          [
            [
              [
                -78.67030623153408,
                -1.6624126163219497
              ],
              [
                -78.67030729147123,
                -1.6615086454152643
              ],
              [
                -78.66940898964185,
                -1.6615075788746614
              ],
              [
                -78.66940792929691,
                -1.6624115492007658
              ],
              [
                -78.67030623153408,
                -1.6624126163219497
              ]
            ]
          ]
        ]
      }
    },
    {
      "type": "Feature",
      "properties": {
        "CELL_ID": "GIU100-37-35",
        "AMBITO": "URBANO",
        "CATEGORIA": "CONVIVENCIA",
        "PLATAFORMA": "PLATAFORMA H",
        "PARROQUIA": null,
        "DISTANCE_M": 200,
        "CELL_SIZE_M": 100,
        "COUNT": 0,
        "GI_ZSCORE": 4.584939539627539,
        "GI_PVALUE": 4.541178230707454e-06,
        "GI_CLASS": "HOTSPOT 99%",
        "GI_STAR": 4.584939539627539,
        "SIGNIFICANCIA": 99,
        "SUMA_LOCAL": 124,
        "NIVEL": 99,
        "COB_A_PCT": 100.0,
        "ESTADO_A": "CUBIERTO",
        "COB_B_PCT": 100.0,
        "ESTADO_B": "CUBIERTO",
        "COB_C_PCT": 100.0,
        "ESTADO_C": "CUBIERTO",
        "COB_B_ANTERIOR_PCT": 100.0,
        "ESTADO_B_ANTERIOR": "CUBIERTO",
        "COB_C_ANTERIOR_PCT": 100.0,
        "ESTADO_C_ANTERIOR": "CUBIERTO"
      },
      "geometry": {
        "type": "MultiPolygon",
        "coordinates": [
          [
            [
              [
                -78.66671302605155,
                -1.6624083453743257
              ],
              [
                -78.6667140876199,
                -1.6615043767913056
              ],
              [
                -78.66581578810202,
                -1.6615033086096753
              ],
              [
                -78.66581472612589,
                -1.6624072766112206
              ],
              [
                -78.66671302605155,
                -1.6624083453743257
              ]
            ]
          ]
        ]
      }
    },
    {
      "type": "Feature",
      "properties": {
        "CELL_ID": "GIU100-37-36",
        "AMBITO": "URBANO",
        "CATEGORIA": "CONVIVENCIA",
        "PLATAFORMA": "PLATAFORMA H",
        "PARROQUIA": null,
        "DISTANCE_M": 200,
        "CELL_SIZE_M": 100,
        "COUNT": 0,
        "GI_ZSCORE": 3.695136596262505,
        "GI_PVALUE": 0.00021976860497864372,
        "GI_CLASS": "HOTSPOT 99%",
        "GI_STAR": 3.695136596262505,
        "SIGNIFICANCIA": 99,
        "SUMA_LOCAL": 105,
        "NIVEL": 99,
        "COB_A_PCT": 67.13472926541235,
        "ESTADO_A": "PARCIALMENTE CUBIERTO",
        "COB_B_PCT": 67.13472926541235,
        "ESTADO_B": "PARCIALMENTE CUBIERTO",
        "COB_C_PCT": 90.13189384496985,
        "ESTADO_C": "PARCIALMENTE CUBIERTO",
        "COB_B_ANTERIOR_PCT": 67.13472926541235,
        "ESTADO_B_ANTERIOR": "PARCIALMENTE CUBIERTO",
        "COB_C_ANTERIOR_PCT": 100.0,
        "ESTADO_C_ANTERIOR": "CUBIERTO"
      },
      "geometry": {
        "type": "MultiPolygon",
        "coordinates": [
          [
            [
              [
                -78.66581472612589,
                -1.6624072766112206
              ],
              [
                -78.66581578810202,
                -1.6615033086096753
              ],
              [
                -78.66491748916259,
                -1.6615022400177908
              ],
              [
                -78.66491642677867,
                -1.662406207437638
              ],
              [
                -78.66581472612589,
                -1.6624072766112206
              ]
            ]
          ]
        ]
      }
    },
    {
      "type": "Feature",
      "properties": {
        "CELL_ID": "GIU100-37-37",
        "AMBITO": "URBANO",
        "CATEGORIA": "CONVIVENCIA",
        "PLATAFORMA": "PLATAFORMA H",
        "PARROQUIA": null,
        "DISTANCE_M": 200,
        "CELL_SIZE_M": 100,
        "COUNT": 64,
        "GI_ZSCORE": 7.30118010358396,
        "GI_PVALUE": 2.852546014633762e-13,
        "GI_CLASS": "HOTSPOT 99%",
        "GI_STAR": 7.30118010358396,
        "SIGNIFICANCIA": 99,
        "SUMA_LOCAL": 182,
        "NIVEL": 99,
        "COB_A_PCT": 63.060128590073774,
        "ESTADO_A": "PARCIALMENTE CUBIERTO",
        "COB_B_PCT": 63.060128590073774,
        "ESTADO_B": "PARCIALMENTE CUBIERTO",
        "COB_C_PCT": 92.07187444384459,
        "ESTADO_C": "PARCIALMENTE CUBIERTO",
        "COB_B_ANTERIOR_PCT": 63.060128590073774,
        "ESTADO_B_ANTERIOR": "PARCIALMENTE CUBIERTO",
        "COB_C_ANTERIOR_PCT": 100.0,
        "ESTADO_C_ANTERIOR": "CUBIERTO"
      },
      "geometry": {
        "type": "MultiPolygon",
        "coordinates": [
          [
            [
              [
                -78.66491642677867,
                -1.662406207437638
              ],
              [
                -78.66491748916259,
                -1.6615022400177908
              ],
              [
                -78.6640191908018,
                -1.6615011710156544
              ],
              [
                -78.6640181280101,
                -1.66240513785358
              ],
              [
                -78.66491642677867,
                -1.662406207437638
              ]
            ]
          ]
        ]
      }
    },
    {
      "type": "Feature",
      "properties": {
        "CELL_ID": "GIU100-37-38",
        "AMBITO": "URBANO",
        "CATEGORIA": "CONVIVENCIA",
        "PLATAFORMA": "PLATAFORMA H",
        "PARROQUIA": null,
        "DISTANCE_M": 200,
        "CELL_SIZE_M": 100,
        "COUNT": 2,
        "GI_ZSCORE": 10.532569740014875,
        "GI_PVALUE": 6.11421523954745e-26,
        "GI_CLASS": "HOTSPOT 99%",
        "GI_STAR": 10.532569740014875,
        "SIGNIFICANCIA": 99,
        "SUMA_LOCAL": 251,
        "NIVEL": 99,
        "COB_A_PCT": 100.0,
        "ESTADO_A": "CUBIERTO",
        "COB_B_PCT": 100.0,
        "ESTADO_B": "CUBIERTO",
        "COB_C_PCT": 100.0,
        "ESTADO_C": "CUBIERTO",
        "COB_B_ANTERIOR_PCT": 100.0,
        "ESTADO_B_ANTERIOR": "CUBIERTO",
        "COB_C_ANTERIOR_PCT": 100.0,
        "ESTADO_C_ANTERIOR": "CUBIERTO"
      },
      "geometry": {
        "type": "MultiPolygon",
        "coordinates": [
          [
            [
              [
                -78.6640181280101,
                -1.66240513785358
              ],
              [
                -78.6640191908018,
                -1.6615011710156544
              ],
              [
                -78.6631208930199,
                -1.6615001016032669
              ],
              [
                -78.6631198298204,
                -1.662404067859048
              ],
              [
                -78.6640181280101,
                -1.66240513785358
              ]
            ]
          ]
        ]
      }
    },
    {
      "type": "Feature",
      "properties": {
        "CELL_ID": "GIU100-37-39",
        "AMBITO": "URBANO",
        "CATEGORIA": "CONVIVENCIA",
        "PLATAFORMA": "PLATAFORMA J",
        "PARROQUIA": null,
        "DISTANCE_M": 200,
        "CELL_SIZE_M": 100,
        "COUNT": 9,
        "GI_ZSCORE": 8.752963853284806,
        "GI_PVALUE": 2.07821268975621e-18,
        "GI_CLASS": "HOTSPOT 99%",
        "GI_STAR": 8.752963853284806,
        "SIGNIFICANCIA": 99,
        "SUMA_LOCAL": 213,
        "NIVEL": 99,
        "COB_A_PCT": 100.0,
        "ESTADO_A": "CUBIERTO",
        "COB_B_PCT": 100.0,
        "ESTADO_B": "CUBIERTO",
        "COB_C_PCT": 100.0,
        "ESTADO_C": "CUBIERTO",
        "COB_B_ANTERIOR_PCT": 100.0,
        "ESTADO_B_ANTERIOR": "CUBIERTO",
        "COB_C_ANTERIOR_PCT": 100.0,
        "ESTADO_C_ANTERIOR": "CUBIERTO"
      },
      "geometry": {
        "type": "MultiPolygon",
        "coordinates": [
          [
            [
              [
                -78.6631198298204,
                -1.662404067859048
              ],
              [
                -78.6631208930199,
                -1.6615001016032669
              ],
              [
                -78.66222259581708,
                -1.6614990317806297
              ],
              [
                -78.66222153220981,
                -1.662402997454042
              ],
              [
                -78.6631198298204,
                -1.662404067859048
              ]
            ]
          ]
        ]
      }
    },
    {
      "type": "Feature",
      "properties": {
        "CELL_ID": "GIU100-37-40",
        "AMBITO": "URBANO",
        "CATEGORIA": "CONVIVENCIA",
        "PLATAFORMA": "PLATAFORMA J",
        "PARROQUIA": null,
        "DISTANCE_M": 200,
        "CELL_SIZE_M": 100,
        "COUNT": 4,
        "GI_ZSCORE": 3.7419683301238225,
        "GI_PVALUE": 0.00018258452945318533,
        "GI_CLASS": "HOTSPOT 99%",
        "GI_STAR": 3.7419683301238225,
        "SIGNIFICANCIA": 99,
        "SUMA_LOCAL": 106,
        "NIVEL": 99,
        "COB_A_PCT": 100.0,
        "ESTADO_A": "CUBIERTO",
        "COB_B_PCT": 100.0,
        "ESTADO_B": "CUBIERTO",
        "COB_C_PCT": 100.0,
        "ESTADO_C": "CUBIERTO",
        "COB_B_ANTERIOR_PCT": 100.0,
        "ESTADO_B_ANTERIOR": "CUBIERTO",
        "COB_C_ANTERIOR_PCT": 100.0,
        "ESTADO_C_ANTERIOR": "CUBIERTO"
      },
      "geometry": {
        "type": "MultiPolygon",
        "coordinates": [
          [
            [
              [
                -78.66222153220981,
                -1.662402997454042
              ],
              [
                -78.66222259581708,
                -1.6614990317806297
              ],
              [
                -78.66132429919361,
                -1.6614979615477439
              ],
              [
                -78.66132323517853,
                -1.6624019266385652
              ],
              [
                -78.66222153220981,
                -1.662402997454042
              ]
            ]
          ]
        ]
      }
    },
    {
      "type": "Feature",
      "properties": {
        "CELL_ID": "GIU100-37-62",
        "AMBITO": "URBANO",
        "CATEGORIA": "CONVIVENCIA",
        "PLATAFORMA": "PLATAFORMA M",
        "PARROQUIA": null,
        "DISTANCE_M": 200,
        "CELL_SIZE_M": 100,
        "COUNT": 11,
        "GI_ZSCORE": 1.8218672418098005,
        "GI_PVALUE": 0.06847513187592394,
        "GI_CLASS": "HOTSPOT 90%",
        "GI_STAR": 1.8218672418098005,
        "SIGNIFICANCIA": 90,
        "SUMA_LOCAL": 65,
        "NIVEL": 90,
        "COB_A_PCT": 100.0,
        "ESTADO_A": "CUBIERTO",
        "COB_B_PCT": 100.0,
        "ESTADO_B": "CUBIERTO",
        "COB_C_PCT": 100.0,
        "ESTADO_C": "CUBIERTO",
        "COB_B_ANTERIOR_PCT": 100.0,
        "ESTADO_B_ANTERIOR": "CUBIERTO",
        "COB_C_ANTERIOR_PCT": 100.0,
        "ESTADO_C_ANTERIOR": "CUBIERTO"
      },
      "geometry": {
        "type": "MultiPolygon",
        "coordinates": [
          [
            [
              [
                -78.64245913173832,
                -1.6623793446969015
              ],
              [
                -78.64246020431658,
                -1.6614753918920853
              ],
              [
                -78.64156192049431,
                -1.6614743126340674
              ],
              [
                -78.6415608475083,
                -1.662378264851379
              ],
              [
                -78.64245913173832,
                -1.6623793446969015
              ]
            ]
          ]
        ]
      }
    },
    {
      "type": "Feature",
      "properties": {
        "CELL_ID": "GIU100-37-63",
        "AMBITO": "URBANO",
        "CATEGORIA": "CONVIVENCIA",
        "PLATAFORMA": "PLATAFORMA M",
        "PARROQUIA": null,
        "DISTANCE_M": 200,
        "CELL_SIZE_M": 100,
        "COUNT": 7,
        "GI_ZSCORE": 1.8218672418098005,
        "GI_PVALUE": 0.06847513187592394,
        "GI_CLASS": "HOTSPOT 90%",
        "GI_STAR": 1.8218672418098005,
        "SIGNIFICANCIA": 90,
        "SUMA_LOCAL": 65,
        "NIVEL": 90,
        "COB_A_PCT": 100.0,
        "ESTADO_A": "CUBIERTO",
        "COB_B_PCT": 100.0,
        "ESTADO_B": "CUBIERTO",
        "COB_C_PCT": 100.0,
        "ESTADO_C": "CUBIERTO",
        "COB_B_ANTERIOR_PCT": 100.0,
        "ESTADO_B_ANTERIOR": "CUBIERTO",
        "COB_C_ANTERIOR_PCT": 100.0,
        "ESTADO_C_ANTERIOR": "CUBIERTO"
      },
      "geometry": {
        "type": "MultiPolygon",
        "coordinates": [
          [
            [
              [
                -78.6415608475083,
                -1.662378264851379
              ],
              [
                -78.64156192049431,
                -1.6614743126340674
              ],
              [
                -78.6406636372565,
                -1.661473232965832
              ],
              [
                -78.6406625638627,
                -1.662377184595416
              ],
              [
                -78.6415608475083,
                -1.662378264851379
              ]
            ]
          ]
        ]
      }
    },
    {
      "type": "Feature",
      "properties": {
        "CELL_ID": "GIU100-38-24",
        "AMBITO": "URBANO",
        "CATEGORIA": "CONVIVENCIA",
        "PLATAFORMA": "PLATAFORMA E",
        "PARROQUIA": null,
        "DISTANCE_M": 200,
        "CELL_SIZE_M": 100,
        "COUNT": 0,
        "GI_ZSCORE": 2.7116701851748353,
        "GI_PVALUE": 0.00669451659092863,
        "GI_CLASS": "HOTSPOT 99%",
        "GI_STAR": 2.7116701851748353,
        "SIGNIFICANCIA": 99,
        "SUMA_LOCAL": 84,
        "NIVEL": 99,
        "COB_A_PCT": 94.21142477260675,
        "ESTADO_A": "PARCIALMENTE CUBIERTO",
        "COB_B_PCT": 94.21142477260675,
        "ESTADO_B": "PARCIALMENTE CUBIERTO",
        "COB_C_PCT": 100.0,
        "ESTADO_C": "CUBIERTO",
        "COB_B_ANTERIOR_PCT": 94.21142477260675,
        "ESTADO_B_ANTERIOR": "PARCIALMENTE CUBIERTO",
        "COB_C_ANTERIOR_PCT": 94.21142477260675,
        "ESTADO_C_ANTERIOR": "PARCIALMENTE CUBIERTO"
      },
      "geometry": {
        "type": "MultiPolygon",
        "coordinates": [
          [
            [
              [
                -78.67659542042938,
                -1.6615160997121206
              ],
              [
                -78.67659647693615,
                -1.6606121247386443
              ],
              [
                -78.67569817147778,
                -1.660611061648909
              ],
              [
                -78.67569711456342,
                -1.6615150360433673
              ],
              [
                -78.67659542042938,
                -1.6615160997121206
              ]
            ]
          ]
        ]
      }
    },
    {
      "type": "Feature",
      "properties": {
        "CELL_ID": "GIU100-38-25",
        "AMBITO": "URBANO",
        "CATEGORIA": "CONVIVENCIA",
        "PLATAFORMA": "PLATAFORMA E",
        "PARROQUIA": null,
        "DISTANCE_M": 200,
        "CELL_SIZE_M": 100,
        "COUNT": 2,
        "GI_ZSCORE": 4.538107805766222,
        "GI_PVALUE": 5.676124252115583e-06,
        "GI_CLASS": "HOTSPOT 99%",
        "GI_STAR": 4.538107805766222,
        "SIGNIFICANCIA": 99,
        "SUMA_LOCAL": 123,
        "NIVEL": 99,
        "COB_A_PCT": 100.0,
        "ESTADO_A": "CUBIERTO",
        "COB_B_PCT": 100.0,
        "ESTADO_B": "CUBIERTO",
        "COB_C_PCT": 100.0,
        "ESTADO_C": "CUBIERTO",
        "COB_B_ANTERIOR_PCT": 100.0,
        "ESTADO_B_ANTERIOR": "CUBIERTO",
        "COB_C_ANTERIOR_PCT": 100.0,
        "ESTADO_C_ANTERIOR": "CUBIERTO"
      },
      "geometry": {
        "type": "MultiPolygon",
        "coordinates": [
          [
            [
              [
                -78.67569711456342,
                -1.6615150360433673
              ],
              [
                -78.67569817147778,
                -1.660611061648909
              ],
              [
                -78.67479986659542,
                -1.6606099981491287
              ],
              [
                -78.67479880927345,
                -1.6615139719643464
              ],
              [
                -78.67569711456342,
                -1.6615150360433673
              ]
            ]
          ]
        ]
      }
    },
    {
      "type": "Feature",
      "properties": {
        "CELL_ID": "GIU100-38-26",
        "AMBITO": "URBANO",
        "CATEGORIA": "CONVIVENCIA",
        "PLATAFORMA": "PLATAFORMA H",
        "PARROQUIA": null,
        "DISTANCE_M": 200,
        "CELL_SIZE_M": 100,
        "COUNT": 28,
        "GI_ZSCORE": 4.303949136459634,
        "GI_PVALUE": 1.677801988126097e-05,
        "GI_CLASS": "HOTSPOT 99%",
        "GI_STAR": 4.303949136459634,
        "SIGNIFICANCIA": 99,
        "SUMA_LOCAL": 118,
        "NIVEL": 99,
        "COB_A_PCT": 99.90844654126322,
        "ESTADO_A": "PARCIALMENTE CUBIERTO",
        "COB_B_PCT": 99.90844654126322,
        "ESTADO_B": "PARCIALMENTE CUBIERTO",
        "COB_C_PCT": 100.0,
        "ESTADO_C": "CUBIERTO",
        "COB_B_ANTERIOR_PCT": 99.90844654126322,
        "ESTADO_B_ANTERIOR": "PARCIALMENTE CUBIERTO",
        "COB_C_ANTERIOR_PCT": 100.0,
        "ESTADO_C_ANTERIOR": "CUBIERTO"
      },
      "geometry": {
        "type": "MultiPolygon",
        "coordinates": [
          [
            [
              [
                -78.67479880927345,
                -1.6615139719643464
              ],
              [
                -78.67479986659542,
                -1.6606099981491287
              ],
              [
                -78.67390156228923,
                -1.660608934239305
              ],
              [
                -78.6739005045597,
                -1.6615129074750585
              ],
              [
                -78.67479880927345,
                -1.6615139719643464
              ]
            ]
          ]
        ]
      }
    },
    {
      "type": "Feature",
      "properties": {
        "CELL_ID": "GIU100-38-27",
        "AMBITO": "URBANO",
        "CATEGORIA": "CONVIVENCIA",
        "PLATAFORMA": "PLATAFORMA H",
        "PARROQUIA": null,
        "DISTANCE_M": 200,
        "CELL_SIZE_M": 100,
        "COUNT": 14,
        "GI_ZSCORE": 3.3673144592332815,
        "GI_PVALUE": 0.0007590408318490879,
        "GI_CLASS": "HOTSPOT 99%",
        "GI_STAR": 3.3673144592332815,
        "SIGNIFICANCIA": 99,
        "SUMA_LOCAL": 98,
        "NIVEL": 99,
        "COB_A_PCT": 33.771569132507814,
        "ESTADO_A": "PARCIALMENTE CUBIERTO",
        "COB_B_PCT": 33.771569132507814,
        "ESTADO_B": "PARCIALMENTE CUBIERTO",
        "COB_C_PCT": 100.0,
        "ESTADO_C": "CUBIERTO",
        "COB_B_ANTERIOR_PCT": 33.771569132507814,
        "ESTADO_B_ANTERIOR": "PARCIALMENTE CUBIERTO",
        "COB_C_ANTERIOR_PCT": 100.0,
        "ESTADO_C_ANTERIOR": "CUBIERTO"
      },
      "geometry": {
        "type": "MultiPolygon",
        "coordinates": [
          [
            [
              [
                -78.6739005045597,
                -1.6615129074750585
              ],
              [
                -78.67390156228923,
                -1.660608934239305
              ],
              [
                -78.67300325855949,
                -1.6606078699194387
              ],
              [
                -78.67300220042237,
                -1.6615118425755044
              ],
              [
                -78.6739005045597,
                -1.6615129074750585
              ]
            ]
          ]
        ]
      }
    },
    {
      "type": "Feature",
      "properties": {
        "CELL_ID": "GIU100-38-28",
        "AMBITO": "URBANO",
        "CATEGORIA": "CONVIVENCIA",
        "PLATAFORMA": "PLATAFORMA H",
        "PARROQUIA": null,
        "DISTANCE_M": 200,
        "CELL_SIZE_M": 100,
        "COUNT": 2,
        "GI_ZSCORE": 2.009194177255071,
        "GI_PVALUE": 0.044516544991471604,
        "GI_CLASS": "HOTSPOT 95%",
        "GI_STAR": 2.009194177255071,
        "SIGNIFICANCIA": 95,
        "SUMA_LOCAL": 69,
        "NIVEL": 95,
        "COB_A_PCT": 0.0,
        "ESTADO_A": "SIN COBERTURA",
        "COB_B_PCT": 0.0,
        "ESTADO_B": "SIN COBERTURA",
        "COB_C_PCT": 100.0,
        "ESTADO_C": "CUBIERTO",
        "COB_B_ANTERIOR_PCT": 0.0,
        "ESTADO_B_ANTERIOR": "SIN COBERTURA",
        "COB_C_ANTERIOR_PCT": 100.0,
        "ESTADO_C_ANTERIOR": "CUBIERTO"
      },
      "geometry": {
        "type": "MultiPolygon",
        "coordinates": [
          [
            [
              [
                -78.67300220042237,
                -1.6615118425755044
              ],
              [
                -78.67300325855949,
                -1.6606078699194387
              ],
              [
                -78.6721049554064,
                -1.6606068051895322
              ],
              [
                -78.67210389686171,
                -1.661510777265687
              ],
              [
                -78.67300220042237,
                -1.6615118425755044
              ]
            ]
          ]
        ]
      }
    },
    {
      "type": "Feature",
      "properties": {
        "CELL_ID": "GIU100-38-29",
        "AMBITO": "URBANO",
        "CATEGORIA": "CONVIVENCIA",
        "PLATAFORMA": "PLATAFORMA H",
        "PARROQUIA": null,
        "DISTANCE_M": 200,
        "CELL_SIZE_M": 100,
        "COUNT": 0,
        "GI_ZSCORE": 6.177218490912337,
        "GI_PVALUE": 6.524075905331452e-10,
        "GI_CLASS": "HOTSPOT 99%",
        "GI_STAR": 6.177218490912337,
        "SIGNIFICANCIA": 99,
        "SUMA_LOCAL": 158,
        "NIVEL": 99,
        "COB_A_PCT": 0.0,
        "ESTADO_A": "SIN COBERTURA",
        "COB_B_PCT": 0.0,
        "ESTADO_B": "SIN COBERTURA",
        "COB_C_PCT": 100.0,
        "ESTADO_C": "CUBIERTO",
        "COB_B_ANTERIOR_PCT": 0.0,
        "ESTADO_B_ANTERIOR": "SIN COBERTURA",
        "COB_C_ANTERIOR_PCT": 100.0,
        "ESTADO_C_ANTERIOR": "CUBIERTO"
      },
      "geometry": {
        "type": "MultiPolygon",
        "coordinates": [
          [
            [
              [
                -78.67210389686171,
                -1.661510777265687
              ],
              [
                -78.6721049554064,
                -1.6606068051895322
              ],
              [
                -78.67120665283018,
                -1.660605740049586
              ],
              [
                -78.67120559387793,
                -1.6615097115456063
              ],
              [
                -78.67210389686171,
                -1.661510777265687
              ]
            ]
          ]
        ]
      }
    },
    {
      "type": "Feature",
      "properties": {
        "CELL_ID": "GIU100-38-30",
        "AMBITO": "URBANO",
        "CATEGORIA": "CONVIVENCIA",
        "PLATAFORMA": "PLATAFORMA H",
        "PARROQUIA": null,
        "DISTANCE_M": 200,
        "CELL_SIZE_M": 100,
        "COUNT": 1,
        "GI_ZSCORE": 4.6786030073501745,
        "GI_PVALUE": 2.8883605769279698e-06,
        "GI_CLASS": "HOTSPOT 99%",
        "GI_STAR": 4.6786030073501745,
        "SIGNIFICANCIA": 99,
        "SUMA_LOCAL": 126,
        "NIVEL": 99,
        "COB_A_PCT": 0.0,
        "ESTADO_A": "SIN COBERTURA",
        "COB_B_PCT": 0.0,
        "ESTADO_B": "SIN COBERTURA",
        "COB_C_PCT": 91.46684152292904,
        "ESTADO_C": "PARCIALMENTE CUBIERTO",
        "COB_B_ANTERIOR_PCT": 0.0,
        "ESTADO_B_ANTERIOR": "SIN COBERTURA",
        "COB_C_ANTERIOR_PCT": 91.46684152292904,
        "ESTADO_C_ANTERIOR": "PARCIALMENTE CUBIERTO"
      },
      "geometry": {
        "type": "MultiPolygon",
        "coordinates": [
          [
            [
              [
                -78.67120559387793,
                -1.6615097115456063
              ],
              [
                -78.67120665283018,
                -1.660605740049586
              ],
              [
                -78.67030835083106,
                -1.6606046744996015
              ],
              [
                -78.67030729147123,
                -1.6615086454152643
              ],
              [
                -78.67120559387793,
                -1.6615097115456063
              ]
            ]
          ]
        ]
      }
    },
    {
      "type": "Feature",
      "properties": {
        "CELL_ID": "GIU100-38-31",
        "AMBITO": "URBANO",
        "CATEGORIA": "CONVIVENCIA",
        "PLATAFORMA": "PLATAFORMA H",
        "PARROQUIA": null,
        "DISTANCE_M": 200,
        "CELL_SIZE_M": 100,
        "COUNT": 23,
        "GI_ZSCORE": 3.320482725371964,
        "GI_PVALUE": 0.0008986192016483554,
        "GI_CLASS": "HOTSPOT 99%",
        "GI_STAR": 3.320482725371964,
        "SIGNIFICANCIA": 99,
        "SUMA_LOCAL": 97,
        "NIVEL": 99,
        "COB_A_PCT": 0.0,
        "ESTADO_A": "SIN COBERTURA",
        "COB_B_PCT": 0.0,
        "ESTADO_B": "SIN COBERTURA",
        "COB_C_PCT": 100.0,
        "ESTADO_C": "CUBIERTO",
        "COB_B_ANTERIOR_PCT": 0.0,
        "ESTADO_B_ANTERIOR": "SIN COBERTURA",
        "COB_C_ANTERIOR_PCT": 100.0,
        "ESTADO_C_ANTERIOR": "CUBIERTO"
      },
      "geometry": {
        "type": "MultiPolygon",
        "coordinates": [
          [
            [
              [
                -78.67030729147123,
                -1.6615086454152643
              ],
              [
                -78.67030835083106,
                -1.6606046744996015
              ],
              [
                -78.66941004940927,
                -1.66060360853958
              ],
              [
                -78.66940898964185,
                -1.6615075788746614
              ],
              [
                -78.67030729147123,
                -1.6615086454152643
              ]
            ]
          ]
        ]
      }
    },
    {
      "type": "Feature",
      "properties": {
        "CELL_ID": "GIU100-38-36",
        "AMBITO": "URBANO",
        "CATEGORIA": "CONVIVENCIA",
        "PLATAFORMA": "PLATAFORMA H",
        "PARROQUIA": null,
        "DISTANCE_M": 200,
        "CELL_SIZE_M": 100,
        "COUNT": 2,
        "GI_ZSCORE": 3.60147312853987,
        "GI_PVALUE": 0.00031641913254653453,
        "GI_CLASS": "HOTSPOT 99%",
        "GI_STAR": 3.60147312853987,
        "SIGNIFICANCIA": 99,
        "SUMA_LOCAL": 103,
        "NIVEL": 99,
        "COB_A_PCT": 73.34991977647569,
        "ESTADO_A": "PARCIALMENTE CUBIERTO",
        "COB_B_PCT": 73.34991977647569,
        "ESTADO_B": "PARCIALMENTE CUBIERTO",
        "COB_C_PCT": 100.0,
        "ESTADO_C": "CUBIERTO",
        "COB_B_ANTERIOR_PCT": 73.34991977647569,
        "ESTADO_B_ANTERIOR": "PARCIALMENTE CUBIERTO",
        "COB_C_ANTERIOR_PCT": 100.0,
        "ESTADO_C_ANTERIOR": "CUBIERTO"
      },
      "geometry": {
        "type": "MultiPolygon",
        "coordinates": [
          [
            [
              [
                -78.66581578810202,
                -1.6615033086096753
              ],
              [
                -78.66581684949972,
                -1.6605993405991506
              ],
              [
                -78.66491855096785,
                -1.6605982725889636
              ],
              [
                -78.66491748916259,
                -1.6615022400177908
              ],
              [
                -78.66581578810202,
                -1.6615033086096753
              ]
            ]
          ]
        ]
      }
    },
    {
      "type": "Feature",
      "properties": {
        "CELL_ID": "GIU100-38-37",
        "AMBITO": "URBANO",
        "CATEGORIA": "CONVIVENCIA",
        "PLATAFORMA": "PLATAFORMA H",
        "PARROQUIA": null,
        "DISTANCE_M": 200,
        "CELL_SIZE_M": 100,
        "COUNT": 0,
        "GI_ZSCORE": 2.5243432497295646,
        "GI_PVALUE": 0.011591468620709831,
        "GI_CLASS": "HOTSPOT 95%",
        "GI_STAR": 2.5243432497295646,
        "SIGNIFICANCIA": 95,
        "SUMA_LOCAL": 80,
        "NIVEL": 95,
        "COB_A_PCT": 46.949287412859775,
        "ESTADO_A": "PARCIALMENTE CUBIERTO",
        "COB_B_PCT": 46.949287412859775,
        "ESTADO_B": "PARCIALMENTE CUBIERTO",
        "COB_C_PCT": 99.99999999999997,
        "ESTADO_C": "CUBIERTO",
        "COB_B_ANTERIOR_PCT": 46.949287412859775,
        "ESTADO_B_ANTERIOR": "PARCIALMENTE CUBIERTO",
        "COB_C_ANTERIOR_PCT": 99.99999999999997,
        "ESTADO_C_ANTERIOR": "CUBIERTO"
      },
      "geometry": {
        "type": "MultiPolygon",
        "coordinates": [
          [
            [
              [
                -78.6640191908018,
                -1.6615011710156544
              ],
              [
                -78.66491748916259,
                -1.6615022400177908
              ],
              [
                -78.66491855096785,
                -1.6605982725889636
              ],
              [
                -78.66463181724025,
                -1.6605979315974007
              ],
              [
                -78.66428885755461,
                -1.6608719078551963
              ],
              [
                -78.66420790051035,
                -1.6609365808652257
              ],
              [
                -78.664019678212,
                -1.6610864352220411
              ],
              [
                -78.6640191908018,
                -1.6615011710156544
              ]
            ]
          ],
          [
            [
              [
                -78.66402025301464,
                -1.6605972041687485
              ],
              [
                -78.66401967821211,
                -1.6610864351191121
              ],
              [
                -78.66402409016109,
                -1.6610829225169899
              ],
              [
                -78.66460678102209,
                -1.6606087566389482
              ],
              [
                -78.66462089444882,
                -1.6605979186068918
              ],
              [
                -78.66402025301464,
                -1.6605972041687485
              ]
            ]
          ]
        ]
      }
    },
    {
      "type": "Feature",
      "properties": {
        "CELL_ID": "GIU100-38-38",
        "AMBITO": "URBANO",
        "CATEGORIA": "CONVIVENCIA",
        "PLATAFORMA": "PLATAFORMA J",
        "PARROQUIA": null,
        "DISTANCE_M": 200,
        "CELL_SIZE_M": 100,
        "COUNT": 3,
        "GI_ZSCORE": 5.287415547547304,
        "GI_PVALUE": 1.2405660409829855e-07,
        "GI_CLASS": "HOTSPOT 99%",
        "GI_STAR": 5.287415547547304,
        "SIGNIFICANCIA": 99,
        "SUMA_LOCAL": 139,
        "NIVEL": 99,
        "COB_A_PCT": 100.00000000000003,
        "ESTADO_A": "CUBIERTO",
        "COB_B_PCT": 100.00000000000003,
        "ESTADO_B": "CUBIERTO",
        "COB_C_PCT": 100.00000000000003,
        "ESTADO_C": "CUBIERTO",
        "COB_B_ANTERIOR_PCT": 100.00000000000003,
        "ESTADO_B_ANTERIOR": "CUBIERTO",
        "COB_C_ANTERIOR_PCT": 100.00000000000003,
        "ESTADO_C_ANTERIOR": "CUBIERTO"
      },
      "geometry": {
        "type": "MultiPolygon",
        "coordinates": [
          [
            [
              [
                -78.66402025301464,
                -1.6605972041687485
              ],
              [
                -78.66312195564029,
                -1.6605961353385048
              ],
              [
                -78.6631208930199,
                -1.6615001016032669
              ],
              [
                -78.6640191908018,
                -1.6615011710156544
              ],
              [
                -78.664019678212,
                -1.6610864352220411
              ],
              [
                -78.66381917696783,
                -1.6612460654570171
              ],
              [
                -78.66401967821211,
                -1.6610864351191121
              ],
              [
                -78.66402025301464,
                -1.6605972041687485
              ]
            ]
          ]
        ]
      }
    },
    {
      "type": "Feature",
      "properties": {
        "CELL_ID": "GIU100-38-39",
        "AMBITO": "URBANO",
        "CATEGORIA": "CONVIVENCIA",
        "PLATAFORMA": "PLATAFORMA J",
        "PARROQUIA": null,
        "DISTANCE_M": 200,
        "CELL_SIZE_M": 100,
        "COUNT": 0,
        "GI_ZSCORE": 3.039492322204058,
        "GI_PVALUE": 0.002369772428476245,
        "GI_CLASS": "HOTSPOT 99%",
        "GI_STAR": 3.039492322204058,
        "SIGNIFICANCIA": 99,
        "SUMA_LOCAL": 91,
        "NIVEL": 99,
        "COB_A_PCT": 100.0,
        "ESTADO_A": "CUBIERTO",
        "COB_B_PCT": 100.0,
        "ESTADO_B": "CUBIERTO",
        "COB_C_PCT": 100.0,
        "ESTADO_C": "CUBIERTO",
        "COB_B_ANTERIOR_PCT": 100.0,
        "ESTADO_B_ANTERIOR": "CUBIERTO",
        "COB_C_ANTERIOR_PCT": 100.0,
        "ESTADO_C_ANTERIOR": "CUBIERTO"
      },
      "geometry": {
        "type": "MultiPolygon",
        "coordinates": [
          [
            [
              [
                -78.6631208930199,
                -1.6615001016032669
              ],
              [
                -78.66312195564029,
                -1.6605961353385048
              ],
              [
                -78.66222365884505,
                -1.660595066098235
              ],
              [
                -78.66222259581708,
                -1.6614990317806297
              ],
              [
                -78.6631208930199,
                -1.6615001016032669
              ]
            ]
          ]
        ]
      }
    },
    {
      "type": "Feature",
      "properties": {
        "CELL_ID": "GIU100-38-58",
        "AMBITO": "URBANO",
        "CATEGORIA": "CONVIVENCIA",
        "PLATAFORMA": "PLATAFORMA M",
        "PARROQUIA": null,
        "DISTANCE_M": 200,
        "CELL_SIZE_M": 100,
        "COUNT": 0,
        "GI_ZSCORE": 2.8053336528974704,
        "GI_PVALUE": 0.005026451884509495,
        "GI_CLASS": "HOTSPOT 99%",
        "GI_STAR": 2.8053336528974704,
        "SIGNIFICANCIA": 99,
        "SUMA_LOCAL": 86,
        "NIVEL": 99,
        "COB_A_PCT": 0.0,
        "ESTADO_A": "SIN COBERTURA",
        "COB_B_PCT": 74.69525222028349,
        "ESTADO_B": "PARCIALMENTE CUBIERTO",
        "COB_C_PCT": 74.69525222028349,
        "ESTADO_C": "PARCIALMENTE CUBIERTO",
        "COB_B_ANTERIOR_PCT": 74.69525222028349,
        "ESTADO_B_ANTERIOR": "PARCIALMENTE CUBIERTO",
        "COB_C_ANTERIOR_PCT": 74.69525222028349,
        "ESTADO_C_ANTERIOR": "PARCIALMENTE CUBIERTO"
      },
      "geometry": {
        "type": "MultiPolygon",
        "coordinates": [
          [
            [
              [
                -78.64605334544545,
                -1.6614797048219496
              ],
              [
                -78.64605441580936,
                -1.6605757496603581
              ],
              [
                -78.64515613005915,
                -1.6605746726298365
              ],
              [
                -78.6451550592877,
                -1.661478627204817
              ],
              [
                -78.64605334544545,
                -1.6614797048219496
              ]
            ]
          ]
        ]
      }
    },
    {
      "type": "Feature",
      "properties": {
        "CELL_ID": "GIU100-38-61",
        "AMBITO": "URBANO",
        "CATEGORIA": "CONVIVENCIA",
        "PLATAFORMA": "PLATAFORMA M",
        "PARROQUIA": null,
        "DISTANCE_M": 200,
        "CELL_SIZE_M": 100,
        "COUNT": 5,
        "GI_ZSCORE": 1.9155307095324359,
        "GI_PVALUE": 0.055424856621911066,
        "GI_CLASS": "HOTSPOT 90%",
        "GI_STAR": 1.9155307095324359,
        "SIGNIFICANCIA": 90,
        "SUMA_LOCAL": 67,
        "NIVEL": 90,
        "COB_A_PCT": 100.0,
        "ESTADO_A": "CUBIERTO",
        "COB_B_PCT": 100.0,
        "ESTADO_B": "CUBIERTO",
        "COB_C_PCT": 100.0,
        "ESTADO_C": "CUBIERTO",
        "COB_B_ANTERIOR_PCT": 100.0,
        "ESTADO_B_ANTERIOR": "CUBIERTO",
        "COB_C_ANTERIOR_PCT": 100.0,
        "ESTADO_C_ANTERIOR": "CUBIERTO"
      },
      "geometry": {
        "type": "MultiPolygon",
        "coordinates": [
          [
            [
              [
                -78.64335848872304,
                -1.6614764707398837
              ],
              [
                -78.64335956030956,
                -1.6605725173387942
              ],
              [
                -78.64246127631063,
                -1.660571439078276
              ],
              [
                -78.64246020431658,
                -1.6614753918920853
              ],
              [
                -78.64335848872304,
                -1.6614764707398837
              ]
            ]
          ]
        ]
      }
    },
    {
      "type": "Feature",
      "properties": {
        "CELL_ID": "GIU100-38-62",
        "AMBITO": "URBANO",
        "CATEGORIA": "CONVIVENCIA",
        "PLATAFORMA": "PLATAFORMA M",
        "PARROQUIA": null,
        "DISTANCE_M": 200,
        "CELL_SIZE_M": 100,
        "COUNT": 3,
        "GI_ZSCORE": 1.6813720402258479,
        "GI_PVALUE": 0.09269067286521332,
        "GI_CLASS": "HOTSPOT 90%",
        "GI_STAR": 1.6813720402258479,
        "SIGNIFICANCIA": 90,
        "SUMA_LOCAL": 62,
        "NIVEL": 90,
        "COB_A_PCT": 100.0,
        "ESTADO_A": "CUBIERTO",
        "COB_B_PCT": 100.0,
        "ESTADO_B": "CUBIERTO",
        "COB_C_PCT": 100.0,
        "ESTADO_C": "CUBIERTO",
        "COB_B_ANTERIOR_PCT": 100.0,
        "ESTADO_B_ANTERIOR": "CUBIERTO",
        "COB_C_ANTERIOR_PCT": 100.0,
        "ESTADO_C_ANTERIOR": "CUBIERTO"
      },
      "geometry": {
        "type": "MultiPolygon",
        "coordinates": [
          [
            [
              [
                -78.64246020431658,
                -1.6614753918920853
              ],
              [
                -78.64246127631063,
                -1.660571439078276
              ],
              [
                -78.6415629928959,
                -1.6605703604077622
              ],
              [
                -78.64156192049431,
                -1.6614743126340674
              ],
              [
                -78.64246020431658,
                -1.6614753918920853
              ]
            ]
          ]
        ]
      }
    },
    {
      "type": "Feature",
      "properties": {
        "CELL_ID": "GIU100-39-25",
        "AMBITO": "URBANO",
        "CATEGORIA": "CONVIVENCIA",
        "PLATAFORMA": "PLATAFORMA E",
        "PARROQUIA": null,
        "DISTANCE_M": 200,
        "CELL_SIZE_M": 100,
        "COUNT": 2,
        "GI_ZSCORE": 2.9926605883427406,
        "GI_PVALUE": 0.0027655712654136473,
        "GI_CLASS": "HOTSPOT 99%",
        "GI_STAR": 2.9926605883427406,
        "SIGNIFICANCIA": 99,
        "SUMA_LOCAL": 90,
        "NIVEL": 99,
        "COB_A_PCT": 46.12530397749166,
        "ESTADO_A": "PARCIALMENTE CUBIERTO",
        "COB_B_PCT": 46.12530397749166,
        "ESTADO_B": "PARCIALMENTE CUBIERTO",
        "COB_C_PCT": 46.89018811348667,
        "ESTADO_C": "PARCIALMENTE CUBIERTO",
        "COB_B_ANTERIOR_PCT": 46.12530397749166,
        "ESTADO_B_ANTERIOR": "PARCIALMENTE CUBIERTO",
        "COB_C_ANTERIOR_PCT": 46.12530397749166,
        "ESTADO_C_ANTERIOR": "PARCIALMENTE CUBIERTO"
      },
      "geometry": {
        "type": "MultiPolygon",
        "coordinates": [
          [
            [
              [
                -78.67569817147778,
                -1.660611061648909
              ],
              [
                -78.67569922781614,
                -1.6597070872454809
              ],
              [
                -78.67480092334112,
                -1.6597060243249415
              ],
              [
                -78.67479986659542,
                -1.6606099981491287
              ],
              [
                -78.67569817147778,
                -1.660611061648909
              ]
            ]
          ]
        ]
      }
    },
    {
      "type": "Feature",
      "properties": {
        "CELL_ID": "GIU100-39-26",
        "AMBITO": "URBANO",
        "CATEGORIA": "CONVIVENCIA",
        "PLATAFORMA": "PLATAFORMA F",
        "PARROQUIA": null,
        "DISTANCE_M": 200,
        "CELL_SIZE_M": 100,
        "COUNT": 23,
        "GI_ZSCORE": 2.945828854481423,
        "GI_PVALUE": 0.003220905610727719,
        "GI_CLASS": "HOTSPOT 99%",
        "GI_STAR": 2.945828854481423,
        "SIGNIFICANCIA": 99,
        "SUMA_LOCAL": 89,
        "NIVEL": 99,
        "COB_A_PCT": 26.808251153856684,
        "ESTADO_A": "PARCIALMENTE CUBIERTO",
        "COB_B_PCT": 26.808251153856684,
        "ESTADO_B": "PARCIALMENTE CUBIERTO",
        "COB_C_PCT": 35.65095049550806,
        "ESTADO_C": "PARCIALMENTE CUBIERTO",
        "COB_B_ANTERIOR_PCT": 26.808251153856684,
        "ESTADO_B_ANTERIOR": "PARCIALMENTE CUBIERTO",
        "COB_C_ANTERIOR_PCT": 35.65095049550806,
        "ESTADO_C_ANTERIOR": "PARCIALMENTE CUBIERTO"
      },
      "geometry": {
        "type": "MultiPolygon",
        "coordinates": [
          [
            [
              [
                -78.67479986659542,
                -1.6606099981491287
              ],
              [
                -78.67480092334112,
                -1.6597060243249415
              ],
              [
                -78.67390261944232,
                -1.6597049609945813
              ],
              [
                -78.67390156228923,
                -1.660608934239305
              ],
              [
                -78.67479986659542,
                -1.6606099981491287
              ]
            ]
          ]
        ]
      }
    },
    {
      "type": "Feature",
      "properties": {
        "CELL_ID": "GIU100-39-27",
        "AMBITO": "URBANO",
        "CATEGORIA": "CONVIVENCIA",
        "PLATAFORMA": "PLATAFORMA H",
        "PARROQUIA": null,
        "DISTANCE_M": 200,
        "CELL_SIZE_M": 100,
        "COUNT": 2,
        "GI_ZSCORE": 2.8989971206201055,
        "GI_PVALUE": 0.0037435833215468018,
        "GI_CLASS": "HOTSPOT 99%",
        "GI_STAR": 2.8989971206201055,
        "SIGNIFICANCIA": 99,
        "SUMA_LOCAL": 88,
        "NIVEL": 99,
        "COB_A_PCT": 23.234379940394813,
        "ESTADO_A": "PARCIALMENTE CUBIERTO",
        "COB_B_PCT": 23.234379940394813,
        "ESTADO_B": "PARCIALMENTE CUBIERTO",
        "COB_C_PCT": 86.25891790067489,
        "ESTADO_C": "PARCIALMENTE CUBIERTO",
        "COB_B_ANTERIOR_PCT": 23.234379940394813,
        "ESTADO_B_ANTERIOR": "PARCIALMENTE CUBIERTO",
        "COB_C_ANTERIOR_PCT": 86.25891790067489,
        "ESTADO_C_ANTERIOR": "PARCIALMENTE CUBIERTO"
      },
      "geometry": {
        "type": "MultiPolygon",
        "coordinates": [
          [
            [
              [
                -78.67390156228923,
                -1.660608934239305
              ],
              [
                -78.67390261944232,
                -1.6597049609945813
              ],
              [
                -78.67300431611993,
                -1.6597038972544027
              ],
              [
                -78.67300325855949,
                -1.6606078699194387
              ],
              [
                -78.67390156228923,
                -1.660608934239305
              ]
            ]
          ]
        ]
      }
    },
    {
      "type": "Feature",
      "properties": {
        "CELL_ID": "GIU100-39-28",
        "AMBITO": "URBANO",
        "CATEGORIA": "CONVIVENCIA",
        "PLATAFORMA": "PLATAFORMA H",
        "PARROQUIA": null,
        "DISTANCE_M": 200,
        "CELL_SIZE_M": 100,
        "COUNT": 1,
        "GI_ZSCORE": 12.452670828328898,
        "GI_PVALUE": 1.3524238933410376e-35,
        "GI_CLASS": "HOTSPOT 99%",
        "GI_STAR": 12.452670828328898,
        "SIGNIFICANCIA": 99,
        "SUMA_LOCAL": 292,
        "NIVEL": 99,
        "COB_A_PCT": 57.03433608304318,
        "ESTADO_A": "PARCIALMENTE CUBIERTO",
        "COB_B_PCT": 57.03433608304318,
        "ESTADO_B": "PARCIALMENTE CUBIERTO",
        "COB_C_PCT": 100.0,
        "ESTADO_C": "CUBIERTO",
        "COB_B_ANTERIOR_PCT": 57.03433608304318,
        "ESTADO_B_ANTERIOR": "PARCIALMENTE CUBIERTO",
        "COB_C_ANTERIOR_PCT": 100.0,
        "ESTADO_C_ANTERIOR": "CUBIERTO"
      },
      "geometry": {
        "type": "MultiPolygon",
        "coordinates": [
          [
            [
              [
                -78.67300325855949,
                -1.6606078699194387
              ],
              [
                -78.67300431611993,
                -1.6597038972544027
              ],
              [
                -78.67210601337419,
                -1.6597028331044068
              ],
              [
                -78.6721049554064,
                -1.6606068051895322
              ],
              [
                -78.67300325855949,
                -1.6606078699194387
              ]
            ]
          ]
        ]
      }
    },
    {
      "type": "Feature",
      "properties": {
        "CELL_ID": "GIU100-39-29",
        "AMBITO": "URBANO",
        "CATEGORIA": "CONVIVENCIA",
        "PLATAFORMA": "PLATAFORMA H",
        "PARROQUIA": null,
        "DISTANCE_M": 200,
        "CELL_SIZE_M": 100,
        "COUNT": 5,
        "GI_ZSCORE": 5.287415547547304,
        "GI_PVALUE": 1.2405660409829855e-07,
        "GI_CLASS": "HOTSPOT 99%",
        "GI_STAR": 5.287415547547304,
        "SIGNIFICANCIA": 99,
        "SUMA_LOCAL": 139,
        "NIVEL": 99,
        "COB_A_PCT": 36.52159798636886,
        "ESTADO_A": "PARCIALMENTE CUBIERTO",
        "COB_B_PCT": 36.52159798636886,
        "ESTADO_B": "PARCIALMENTE CUBIERTO",
        "COB_C_PCT": 93.05108774298607,
        "ESTADO_C": "PARCIALMENTE CUBIERTO",
        "COB_B_ANTERIOR_PCT": 36.52159798636886,
        "ESTADO_B_ANTERIOR": "PARCIALMENTE CUBIERTO",
        "COB_C_ANTERIOR_PCT": 93.05108774298607,
        "ESTADO_C_ANTERIOR": "PARCIALMENTE CUBIERTO"
      },
      "geometry": {
        "type": "MultiPolygon",
        "coordinates": [
          [
            [
              [
                -78.6721049554064,
                -1.6606068051895322
              ],
              [
                -78.67210601337419,
                -1.6597028331044068
              ],
              [
                -78.67120771120534,
                -1.659701768544594
              ],
              [
                -78.67120665283018,
                -1.660605740049586
              ],
              [
                -78.6721049554064,
                -1.6606068051895322
              ]
            ]
          ]
        ]
      }
    },
    {
      "type": "Feature",
      "properties": {
        "CELL_ID": "GIU100-39-30",
        "AMBITO": "URBANO",
        "CATEGORIA": "CONVIVENCIA",
        "PLATAFORMA": "PLATAFORMA H",
        "PARROQUIA": null,
        "DISTANCE_M": 200,
        "CELL_SIZE_M": 100,
        "COUNT": 50,
        "GI_ZSCORE": 6.036723289328385,
        "GI_PVALUE": 1.5727507348675734e-09,
        "GI_CLASS": "HOTSPOT 99%",
        "GI_STAR": 6.036723289328385,
        "SIGNIFICANCIA": 99,
        "SUMA_LOCAL": 155,
        "NIVEL": 99,
        "COB_A_PCT": 0.12502331453190893,
        "ESTADO_A": "PARCIALMENTE CUBIERTO",
        "COB_B_PCT": 0.12502331453190893,
        "ESTADO_B": "PARCIALMENTE CUBIERTO",
        "COB_C_PCT": 100.0,
        "ESTADO_C": "CUBIERTO",
        "COB_B_ANTERIOR_PCT": 0.12502331453190893,
        "ESTADO_B_ANTERIOR": "PARCIALMENTE CUBIERTO",
        "COB_C_ANTERIOR_PCT": 100.0,
        "ESTADO_C_ANTERIOR": "CUBIERTO"
      },
      "geometry": {
        "type": "MultiPolygon",
        "coordinates": [
          [
            [
              [
                -78.67120665283018,
                -1.660605740049586
              ],
              [
                -78.67120771120534,
                -1.659701768544594
              ],
              [
                -78.67030940961358,
                -1.6597007035749667
              ],
              [
                -78.67030835083106,
                -1.6606046744996015
              ],
              [
                -78.67120665283018,
                -1.660605740049586
              ]
            ]
          ]
        ]
      }
    },
    {
      "type": "Feature",
      "properties": {
        "CELL_ID": "GIU100-39-31",
        "AMBITO": "URBANO",
        "CATEGORIA": "CONVIVENCIA",
        "PLATAFORMA": "PLATAFORMA H",
        "PARROQUIA": null,
        "DISTANCE_M": 200,
        "CELL_SIZE_M": 100,
        "COUNT": 8,
        "GI_ZSCORE": 4.397612604182269,
        "GI_PVALUE": 1.0944810520426036e-05,
        "GI_CLASS": "HOTSPOT 99%",
        "GI_STAR": 4.397612604182269,
        "SIGNIFICANCIA": 99,
        "SUMA_LOCAL": 120,
        "NIVEL": 99,
        "COB_A_PCT": 0.0,
        "ESTADO_A": "SIN COBERTURA",
        "COB_B_PCT": 0.0,
        "ESTADO_B": "SIN COBERTURA",
        "COB_C_PCT": 100.0,
        "ESTADO_C": "CUBIERTO",
        "COB_B_ANTERIOR_PCT": 0.0,
        "ESTADO_B_ANTERIOR": "SIN COBERTURA",
        "COB_C_ANTERIOR_PCT": 100.0,
        "ESTADO_C_ANTERIOR": "CUBIERTO"
      },
      "geometry": {
        "type": "MultiPolygon",
        "coordinates": [
          [
            [
              [
                -78.67030835083106,
                -1.6606046744996015
              ],
              [
                -78.67030940961358,
                -1.6597007035749667
              ],
              [
                -78.66941110859912,
                -1.6596996381955254
              ],
              [
                -78.66941004940927,
                -1.66060360853958
              ],
              [
                -78.67030835083106,
                -1.6606046744996015
              ]
            ]
          ]
        ]
      }
    },
    {
      "type": "Feature",
      "properties": {
        "CELL_ID": "GIU100-39-32",
        "AMBITO": "URBANO",
        "CATEGORIA": "CONVIVENCIA",
        "PLATAFORMA": "PLATAFORMA H",
        "PARROQUIA": null,
        "DISTANCE_M": 200,
        "CELL_SIZE_M": 100,
        "COUNT": 0,
        "GI_ZSCORE": 3.3673144592332815,
        "GI_PVALUE": 0.0007590408318490879,
        "GI_CLASS": "HOTSPOT 99%",
        "GI_STAR": 3.3673144592332815,
        "SIGNIFICANCIA": 99,
        "SUMA_LOCAL": 98,
        "NIVEL": 99,
        "COB_A_PCT": 3.213442412504636e-05,
        "ESTADO_A": "PARCIALMENTE CUBIERTO",
        "COB_B_PCT": 3.213442412504636e-05,
        "ESTADO_B": "PARCIALMENTE CUBIERTO",
        "COB_C_PCT": 100.0,
        "ESTADO_C": "CUBIERTO",
        "COB_B_ANTERIOR_PCT": 3.213442412504636e-05,
        "ESTADO_B_ANTERIOR": "PARCIALMENTE CUBIERTO",
        "COB_C_ANTERIOR_PCT": 100.0,
        "ESTADO_C_ANTERIOR": "CUBIERTO"
      },
      "geometry": {
        "type": "MultiPolygon",
        "coordinates": [
          [
            [
              [
                -78.66941004940927,
                -1.66060360853958
              ],
              [
                -78.66941110859912,
                -1.6596996381955254
              ],
              [
                -78.66851280816222,
                -1.6596985724062723
              ],
              [
                -78.66851174856501,
                -1.660602542169522
              ],
              [
                -78.66941004940927,
                -1.66060360853958
              ]
            ]
          ]
        ]
      }
    },
    {
      "type": "Feature",
      "properties": {
        "CELL_ID": "GIU100-39-37",
        "AMBITO": "URBANO",
        "CATEGORIA": "CONVIVENCIA",
        "PLATAFORMA": "PLATAFORMA J",
        "PARROQUIA": null,
        "DISTANCE_M": 200,
        "CELL_SIZE_M": 100,
        "COUNT": 1,
        "GI_ZSCORE": 2.3370163142842943,
        "GI_PVALUE": 0.019438335809464875,
        "GI_CLASS": "HOTSPOT 95%",
        "GI_STAR": 2.3370163142842943,
        "SIGNIFICANCIA": 95,
        "SUMA_LOCAL": 76,
        "NIVEL": 95,
        "COB_A_PCT": 1.828287982894208,
        "ESTADO_A": "PARCIALMENTE CUBIERTO",
        "COB_B_PCT": 1.828287982894208,
        "ESTADO_B": "PARCIALMENTE CUBIERTO",
        "COB_C_PCT": 100.0,
        "ESTADO_C": "CUBIERTO",
        "COB_B_ANTERIOR_PCT": 1.828287982894208,
        "ESTADO_B_ANTERIOR": "PARCIALMENTE CUBIERTO",
        "COB_C_ANTERIOR_PCT": 100.0,
        "ESTADO_C_ANTERIOR": "CUBIERTO"
      },
      "geometry": {
        "type": "MultiPolygon",
        "coordinates": [
          [
            [
              [
                -78.66491855096785,
                -1.6605982725889636
              ],
              [
                -78.66491961219447,
                -1.659694305151162
              ],
              [
                -78.6640213146486,
                -1.6596932373128659
              ],
              [
                -78.66402025301464,
                -1.6605972041687485
              ],
              [
                -78.66462089444882,
                -1.6605979186068918
              ],
              [
                -78.6648100959023,
                -1.6604526263262311
              ],
              [
                -78.66455299048991,
                -1.6602036524197992
              ],
              [
                -78.66481172895044,
                -1.6604542075012845
              ],
              [
                -78.66463181724025,
                -1.6605979315974007
              ],
              [
                -78.66491855096785,
                -1.6605982725889636
              ]
            ]
          ]
        ]
      }
    },
    {
      "type": "Feature",
      "properties": {
        "CELL_ID": "GIU100-39-57",
        "AMBITO": "URBANO",
        "CATEGORIA": "CONVIVENCIA",
        "PLATAFORMA": "PLATAFORMA M",
        "PARROQUIA": null,
        "DISTANCE_M": 200,
        "CELL_SIZE_M": 100,
        "COUNT": 1,
        "GI_ZSCORE": 3.039492322204058,
        "GI_PVALUE": 0.002369772428476245,
        "GI_CLASS": "HOTSPOT 99%",
        "GI_STAR": 3.039492322204058,
        "SIGNIFICANCIA": 99,
        "SUMA_LOCAL": 91,
        "NIVEL": 99,
        "COB_A_PCT": 0.0,
        "ESTADO_A": "SIN COBERTURA",
        "COB_B_PCT": 97.8113211717856,
        "ESTADO_B": "PARCIALMENTE CUBIERTO",
        "COB_C_PCT": 97.8113211717856,
        "ESTADO_C": "PARCIALMENTE CUBIERTO",
        "COB_B_ANTERIOR_PCT": 97.8113211717856,
        "ESTADO_B_ANTERIOR": "PARCIALMENTE CUBIERTO",
        "COB_C_ANTERIOR_PCT": 97.8113211717856,
        "ESTADO_C_ANTERIOR": "PARCIALMENTE CUBIERTO"
      },
      "geometry": {
        "type": "MultiPolygon",
        "coordinates": [
          [
            [
              [
                -78.64695270214291,
                -1.6605768262808789
              ],
              [
                -78.64695377151615,
                -1.6596728705239152
              ],
              [
                -78.64605548558994,
                -1.6596717944897812
              ],
              [
                -78.64605441580936,
                -1.6605757496603581
              ],
              [
                -78.64695270214291,
                -1.6605768262808789
              ]
            ]
          ]
        ]
      }
    },
    {
      "type": "Feature",
      "properties": {
        "CELL_ID": "GIU100-39-58",
        "AMBITO": "URBANO",
        "CATEGORIA": "CONVIVENCIA",
        "PLATAFORMA": "PLATAFORMA M",
        "PARROQUIA": null,
        "DISTANCE_M": 200,
        "CELL_SIZE_M": 100,
        "COUNT": 8,
        "GI_ZSCORE": 3.1331557899266937,
        "GI_PVALUE": 0.0017293762505099107,
        "GI_CLASS": "HOTSPOT 99%",
        "GI_STAR": 3.1331557899266937,
        "SIGNIFICANCIA": 99,
        "SUMA_LOCAL": 93,
        "NIVEL": 99,
        "COB_A_PCT": 0.0,
        "ESTADO_A": "SIN COBERTURA",
        "COB_B_PCT": 31.069447454631195,
        "ESTADO_B": "PARCIALMENTE CUBIERTO",
        "COB_C_PCT": 31.069447454631195,
        "ESTADO_C": "PARCIALMENTE CUBIERTO",
        "COB_B_ANTERIOR_PCT": 31.069447454631195,
        "ESTADO_B_ANTERIOR": "PARCIALMENTE CUBIERTO",
        "COB_C_ANTERIOR_PCT": 31.069447454631195,
        "ESTADO_C_ANTERIOR": "PARCIALMENTE CUBIERTO"
      },
      "geometry": {
        "type": "MultiPolygon",
        "coordinates": [
          [
            [
              [
                -78.64605441580936,
                -1.6605757496603581
              ],
              [
                -78.64605548558994,
                -1.6596717944897812
              ],
              [
                -78.64515720024706,
                -1.6596707180458696
              ],
              [
                -78.64515613005915,
                -1.6605746726298365
              ],
              [
                -78.64605441580936,
                -1.6605757496603581
              ]
            ]
          ]
        ]
      }
    },
    {
      "type": "Feature",
      "properties": {
        "CELL_ID": "GIU100-39-59",
        "AMBITO": "URBANO",
        "CATEGORIA": "CONVIVENCIA",
        "PLATAFORMA": "PLATAFORMA M",
        "PARROQUIA": null,
        "DISTANCE_M": 200,
        "CELL_SIZE_M": 100,
        "COUNT": 0,
        "GI_ZSCORE": 3.039492322204058,
        "GI_PVALUE": 0.002369772428476245,
        "GI_CLASS": "HOTSPOT 99%",
        "GI_STAR": 3.039492322204058,
        "SIGNIFICANCIA": 99,
        "SUMA_LOCAL": 91,
        "NIVEL": 99,
        "COB_A_PCT": 11.915907827232699,
        "ESTADO_A": "PARCIALMENTE CUBIERTO",
        "COB_B_PCT": 11.915907827232699,
        "ESTADO_B": "PARCIALMENTE CUBIERTO",
        "COB_C_PCT": 11.915907827232699,
        "ESTADO_C": "PARCIALMENTE CUBIERTO",
        "COB_B_ANTERIOR_PCT": 11.915907827232699,
        "ESTADO_B_ANTERIOR": "PARCIALMENTE CUBIERTO",
        "COB_C_ANTERIOR_PCT": 11.915907827232699,
        "ESTADO_C_ANTERIOR": "PARCIALMENTE CUBIERTO"
      },
      "geometry": {
        "type": "MultiPolygon",
        "coordinates": [
          [
            [
              [
                -78.64515613005915,
                -1.6605746726298365
              ],
              [
                -78.64515720024706,
                -1.6596707180458696
              ],
              [
                -78.6442589154877,
                -1.6596696411921812
              ],
              [
                -78.64425784489248,
                -1.6605735951893146
              ],
              [
                -78.64515613005915,
                -1.6605746726298365
              ]
            ]
          ]
        ]
      }
    },
    {
      "type": "Feature",
      "properties": {
        "CELL_ID": "GIU100-39-60",
        "AMBITO": "URBANO",
        "CATEGORIA": "CONVIVENCIA",
        "PLATAFORMA": "PLATAFORMA M",
        "PARROQUIA": null,
        "DISTANCE_M": 200,
        "CELL_SIZE_M": 100,
        "COUNT": 3,
        "GI_ZSCORE": 2.383848048145612,
        "GI_PVALUE": 0.017132674951699872,
        "GI_CLASS": "HOTSPOT 95%",
        "GI_STAR": 2.383848048145612,
        "SIGNIFICANCIA": 95,
        "SUMA_LOCAL": 77,
        "NIVEL": 95,
        "COB_A_PCT": 31.59318409515464,
        "ESTADO_A": "PARCIALMENTE CUBIERTO",
        "COB_B_PCT": 31.59318409515464,
        "ESTADO_B": "PARCIALMENTE CUBIERTO",
        "COB_C_PCT": 31.59318409515464,
        "ESTADO_C": "PARCIALMENTE CUBIERTO",
        "COB_B_ANTERIOR_PCT": 31.59318409515464,
        "ESTADO_B_ANTERIOR": "PARCIALMENTE CUBIERTO",
        "COB_C_ANTERIOR_PCT": 31.59318409515464,
        "ESTADO_C_ANTERIOR": "PARCIALMENTE CUBIERTO"
      },
      "geometry": {
        "type": "MultiPolygon",
        "coordinates": [
          [
            [
              [
                -78.64425784489248,
                -1.6605735951893146
              ],
              [
                -78.6442589154877,
                -1.6596696411921812
              ],
              [
                -78.6433606313121,
                -1.6596685639287176
              ],
              [
                -78.64335956030956,
                -1.6605725173387942
              ],
              [
                -78.64425784489248,
                -1.6605735951893146
              ]
            ]
          ]
        ]
      }
    },
    {
      "type": "Feature",
      "properties": {
        "CELL_ID": "GIU100-39-62",
        "AMBITO": "URBANO",
        "CATEGORIA": "CONVIVENCIA",
        "PLATAFORMA": "PLATAFORMA M",
        "PARROQUIA": null,
        "DISTANCE_M": 200,
        "CELL_SIZE_M": 100,
        "COUNT": 1,
        "GI_ZSCORE": 2.1496893788390237,
        "GI_PVALUE": 0.031579793147695115,
        "GI_CLASS": "HOTSPOT 95%",
        "GI_STAR": 2.1496893788390237,
        "SIGNIFICANCIA": 95,
        "SUMA_LOCAL": 72,
        "NIVEL": 95,
        "COB_A_PCT": 82.92111122106142,
        "ESTADO_A": "PARCIALMENTE CUBIERTO",
        "COB_B_PCT": 82.92111122106142,
        "ESTADO_B": "PARCIALMENTE CUBIERTO",
        "COB_C_PCT": 82.92111122106142,
        "ESTADO_C": "PARCIALMENTE CUBIERTO",
        "COB_B_ANTERIOR_PCT": 82.92111122106142,
        "ESTADO_B_ANTERIOR": "PARCIALMENTE CUBIERTO",
        "COB_C_ANTERIOR_PCT": 82.92111122106142,
        "ESTADO_C_ANTERIOR": "PARCIALMENTE CUBIERTO"
      },
      "geometry": {
        "type": "MultiPolygon",
        "coordinates": [
          [
            [
              [
                -78.64246127631063,
                -1.660571439078276
              ],
              [
                -78.64246234772048,
                -1.6596674862554794
              ],
              [
                -78.64156406471308,
                -1.6596664081724686
              ],
              [
                -78.6415629928959,
                -1.6605703604077622
              ],
              [
                -78.64246127631063,
                -1.660571439078276
              ]
            ]
          ]
        ]
      }
    },
    {
      "type": "Feature",
      "properties": {
        "CELL_ID": "GIU100-40-26",
        "AMBITO": "URBANO",
        "CATEGORIA": "CONVIVENCIA",
        "PLATAFORMA": "PLATAFORMA F",
        "PARROQUIA": null,
        "DISTANCE_M": 200,
        "CELL_SIZE_M": 100,
        "COUNT": 0,
        "GI_ZSCORE": 1.8218672418098005,
        "GI_PVALUE": 0.06847513187592394,
        "GI_CLASS": "HOTSPOT 90%",
        "GI_STAR": 1.8218672418098005,
        "SIGNIFICANCIA": 90,
        "SUMA_LOCAL": 65,
        "NIVEL": 90,
        "COB_A_PCT": 15.017171611222274,
        "ESTADO_A": "PARCIALMENTE CUBIERTO",
        "COB_B_PCT": 15.017171611222274,
        "ESTADO_B": "PARCIALMENTE CUBIERTO",
        "COB_C_PCT": 15.017171611222274,
        "ESTADO_C": "PARCIALMENTE CUBIERTO",
        "COB_B_ANTERIOR_PCT": 15.017171611222274,
        "ESTADO_B_ANTERIOR": "PARCIALMENTE CUBIERTO",
        "COB_C_ANTERIOR_PCT": 15.017171611222274,
        "ESTADO_C_ANTERIOR": "PARCIALMENTE CUBIERTO"
      },
      "geometry": {
        "type": "MultiPolygon",
        "coordinates": [
          [
            [
              [
                -78.67480092334112,
                -1.6597060243249415
              ],
              [
                -78.67480197951065,
                -1.6588020504917893
              ],
              [
                -78.67390367601897,
                -1.6588009877408927
              ],
              [
                -78.67390261944232,
                -1.6597049609945813
              ],
              [
                -78.67480092334112,
                -1.6597060243249415
              ]
            ]
          ]
        ]
      }
    },
    {
      "type": "Feature",
      "properties": {
        "CELL_ID": "GIU100-40-27",
        "AMBITO": "URBANO",
        "CATEGORIA": "CONVIVENCIA",
        "PLATAFORMA": "PLATAFORMA F",
        "PARROQUIA": null,
        "DISTANCE_M": 200,
        "CELL_SIZE_M": 100,
        "COUNT": 8,
        "GI_ZSCORE": 9.970588933679062,
        "GI_PVALUE": 2.0500956407485405e-23,
        "GI_CLASS": "HOTSPOT 99%",
        "GI_STAR": 9.970588933679062,
        "SIGNIFICANCIA": 99,
        "SUMA_LOCAL": 239,
        "NIVEL": 99,
        "COB_A_PCT": 97.69279689551355,
        "ESTADO_A": "PARCIALMENTE CUBIERTO",
        "COB_B_PCT": 97.69279689551355,
        "ESTADO_B": "PARCIALMENTE CUBIERTO",
        "COB_C_PCT": 97.69279689551355,
        "ESTADO_C": "PARCIALMENTE CUBIERTO",
        "COB_B_ANTERIOR_PCT": 97.69279689551355,
        "ESTADO_B_ANTERIOR": "PARCIALMENTE CUBIERTO",
        "COB_C_ANTERIOR_PCT": 97.69279689551355,
        "ESTADO_C_ANTERIOR": "PARCIALMENTE CUBIERTO"
      },
      "geometry": {
        "type": "MultiPolygon",
        "coordinates": [
          [
            [
              [
                -78.67390261944232,
                -1.6597049609945813
              ],
              [
                -78.67390367601897,
                -1.6588009877408927
              ],
              [
                -78.67300537310372,
                -1.6587999245804004
              ],
              [
                -78.67300431611993,
                -1.6597038972544027
              ],
              [
                -78.67390261944232,
                -1.6597049609945813
              ]
            ]
          ]
        ]
      }
    },
    {
      "type": "Feature",
      "properties": {
        "CELL_ID": "GIU100-40-28",
        "AMBITO": "URBANO",
        "CATEGORIA": "CONVIVENCIA",
        "PLATAFORMA": "PLATAFORMA H",
        "PARROQUIA": null,
        "DISTANCE_M": 200,
        "CELL_SIZE_M": 100,
        "COUNT": 0,
        "GI_ZSCORE": 13.998118045752378,
        "GI_PVALUE": 1.600531160645526e-44,
        "GI_CLASS": "HOTSPOT 99%",
        "GI_STAR": 13.998118045752378,
        "SIGNIFICANCIA": 99,
        "SUMA_LOCAL": 325,
        "NIVEL": 99,
        "COB_A_PCT": 100.0,
        "ESTADO_A": "CUBIERTO",
        "COB_B_PCT": 100.0,
        "ESTADO_B": "CUBIERTO",
        "COB_C_PCT": 100.0,
        "ESTADO_C": "CUBIERTO",
        "COB_B_ANTERIOR_PCT": 100.0,
        "ESTADO_B_ANTERIOR": "CUBIERTO",
        "COB_C_ANTERIOR_PCT": 100.0,
        "ESTADO_C_ANTERIOR": "CUBIERTO"
      },
      "geometry": {
        "type": "MultiPolygon",
        "coordinates": [
          [
            [
              [
                -78.67300431611993,
                -1.6597038972544027
              ],
              [
                -78.67300537310372,
                -1.6587999245804004
              ],
              [
                -78.67210707076514,
                -1.6587988610103144
              ],
              [
                -78.67210601337419,
                -1.6597028331044068
              ],
              [
                -78.67300431611993,
                -1.6597038972544027
              ]
            ]
          ]
        ]
      }
    },
    {
      "type": "Feature",
      "properties": {
        "CELL_ID": "GIU100-40-29",
        "AMBITO": "URBANO",
        "CATEGORIA": "CONVIVENCIA",
        "PLATAFORMA": "PLATAFORMA H",
        "PARROQUIA": null,
        "DISTANCE_M": 200,
        "CELL_SIZE_M": 100,
        "COUNT": 51,
        "GI_ZSCORE": 11.235045747934638,
        "GI_PVALUE": 2.7435170810936544e-29,
        "GI_CLASS": "HOTSPOT 99%",
        "GI_STAR": 11.235045747934638,
        "SIGNIFICANCIA": 99,
        "SUMA_LOCAL": 266,
        "NIVEL": 99,
        "COB_A_PCT": 100.0,
        "ESTADO_A": "CUBIERTO",
        "COB_B_PCT": 100.0,
        "ESTADO_B": "CUBIERTO",
        "COB_C_PCT": 100.0,
        "ESTADO_C": "CUBIERTO",
        "COB_B_ANTERIOR_PCT": 100.0,
        "ESTADO_B_ANTERIOR": "CUBIERTO",
        "COB_C_ANTERIOR_PCT": 100.0,
        "ESTADO_C_ANTERIOR": "CUBIERTO"
      },
      "geometry": {
        "type": "MultiPolygon",
        "coordinates": [
          [
            [
              [
                -78.67210601337419,
                -1.6597028331044068
              ],
              [
                -78.67210707076514,
                -1.6587988610103144
              ],
              [
                -78.6712087690034,
                -1.658797797030635
              ],
              [
                -78.67120771120534,
                -1.659701768544594
              ],
              [
                -78.67210601337419,
                -1.6597028331044068
              ]
            ]
          ]
        ]
      }
    },
    {
      "type": "Feature",
      "properties": {
        "CELL_ID": "GIU100-40-30",
        "AMBITO": "URBANO",
        "CATEGORIA": "CONVIVENCIA",
        "PLATAFORMA": "PLATAFORMA H",
        "PARROQUIA": null,
        "DISTANCE_M": 200,
        "CELL_SIZE_M": 100,
        "COUNT": 13,
        "GI_ZSCORE": 5.474742482992574,
        "GI_PVALUE": 4.38148300884828e-08,
        "GI_CLASS": "HOTSPOT 99%",
        "GI_STAR": 5.474742482992574,
        "SIGNIFICANCIA": 99,
        "SUMA_LOCAL": 143,
        "NIVEL": 99,
        "COB_A_PCT": 37.99082024213518,
        "ESTADO_A": "PARCIALMENTE CUBIERTO",
        "COB_B_PCT": 37.99082024213518,
        "ESTADO_B": "PARCIALMENTE CUBIERTO",
        "COB_C_PCT": 100.0,
        "ESTADO_C": "CUBIERTO",
        "COB_B_ANTERIOR_PCT": 37.99082024213518,
        "ESTADO_B_ANTERIOR": "PARCIALMENTE CUBIERTO",
        "COB_C_ANTERIOR_PCT": 100.0,
        "ESTADO_C_ANTERIOR": "CUBIERTO"
      },
      "geometry": {
        "type": "MultiPolygon",
        "coordinates": [
          [
            [
              [
                -78.67120771120534,
                -1.659701768544594
              ],
              [
                -78.6712087690034,
                -1.658797797030635
              ],
              [
                -78.67031046781878,
                -1.658796732641364
              ],
              [
                -78.67030940961358,
                -1.6597007035749667
              ],
              [
                -78.67120771120534,
                -1.659701768544594
              ]
            ]
          ]
        ]
      }
    },
    {
      "type": "Feature",
      "properties": {
        "CELL_ID": "GIU100-40-31",
        "AMBITO": "URBANO",
        "CATEGORIA": "CONVIVENCIA",
        "PLATAFORMA": "PLATAFORMA H",
        "PARROQUIA": null,
        "DISTANCE_M": 200,
        "CELL_SIZE_M": 100,
        "COUNT": 0,
        "GI_ZSCORE": 6.13038675705102,
        "GI_PVALUE": 8.766569800057329e-10,
        "GI_CLASS": "HOTSPOT 99%",
        "GI_STAR": 6.13038675705102,
        "SIGNIFICANCIA": 99,
        "SUMA_LOCAL": 157,
        "NIVEL": 99,
        "COB_A_PCT": 5.887402504440065,
        "ESTADO_A": "PARCIALMENTE CUBIERTO",
        "COB_B_PCT": 5.887402504440065,
        "ESTADO_B": "PARCIALMENTE CUBIERTO",
        "COB_C_PCT": 100.0,
        "ESTADO_C": "CUBIERTO",
        "COB_B_ANTERIOR_PCT": 5.887402504440065,
        "ESTADO_B_ANTERIOR": "PARCIALMENTE CUBIERTO",
        "COB_C_ANTERIOR_PCT": 100.0,
        "ESTADO_C_ANTERIOR": "CUBIERTO"
      },
      "geometry": {
        "type": "MultiPolygon",
        "coordinates": [
          [
            [
              [
                -78.67030940961358,
                -1.6597007035749667
              ],
              [
                -78.67031046781878,
                -1.658796732641364
              ],
              [
                -78.66941216721146,
                -1.658795667842503
              ],
              [
                -78.66941110859912,
                -1.6596996381955254
              ],
              [
                -78.67030940961358,
                -1.6597007035749667
              ]
            ]
          ]
        ]
      }
    },
    {
      "type": "Feature",
      "properties": {
        "CELL_ID": "GIU100-40-41",
        "AMBITO": "URBANO",
        "CATEGORIA": "CONVIVENCIA",
        "PLATAFORMA": "PLATAFORMA I",
        "PARROQUIA": null,
        "DISTANCE_M": 200,
        "CELL_SIZE_M": 100,
        "COUNT": 0,
        "GI_ZSCORE": 1.8686989756711183,
        "GI_PVALUE": 0.06166470661734565,
        "GI_CLASS": "HOTSPOT 90%",
        "GI_STAR": 1.8686989756711183,
        "SIGNIFICANCIA": 90,
        "SUMA_LOCAL": 66,
        "NIVEL": 90,
        "COB_A_PCT": 100.0,
        "ESTADO_A": "CUBIERTO",
        "COB_B_PCT": 100.0,
        "ESTADO_B": "CUBIERTO",
        "COB_C_PCT": 100.0,
        "ESTADO_C": "CUBIERTO",
        "COB_B_ANTERIOR_PCT": 100.0,
        "ESTADO_B_ANTERIOR": "CUBIERTO",
        "COB_C_ANTERIOR_PCT": 100.0,
        "ESTADO_C_ANTERIOR": "CUBIERTO"
      },
      "geometry": {
        "type": "MultiPolygon",
        "coordinates": [
          [
            [
              [
                -78.66132642548511,
                -1.6596900313391596
              ],
              [
                -78.66132748776155,
                -1.6587860662214062
              ],
              [
                -78.66042919293963,
                -1.6587849973267146
              ],
              [
                -78.66042813025608,
                -1.6596889618616544
              ],
              [
                -78.66132642548511,
                -1.6596900313391596
              ]
            ]
          ]
        ]
      }
    },
    {
      "type": "Feature",
      "properties": {
        "CELL_ID": "GIU100-40-42",
        "AMBITO": "URBANO",
        "CATEGORIA": "CONVIVENCIA",
        "PLATAFORMA": "PLATAFORMA I",
        "PARROQUIA": null,
        "DISTANCE_M": 200,
        "CELL_SIZE_M": 100,
        "COUNT": 7,
        "GI_ZSCORE": 2.1496893788390237,
        "GI_PVALUE": 0.031579793147695115,
        "GI_CLASS": "HOTSPOT 95%",
        "GI_STAR": 2.1496893788390237,
        "SIGNIFICANCIA": 95,
        "SUMA_LOCAL": 72,
        "NIVEL": 95,
        "COB_A_PCT": 100.0,
        "ESTADO_A": "CUBIERTO",
        "COB_B_PCT": 100.0,
        "ESTADO_B": "CUBIERTO",
        "COB_C_PCT": 100.0,
        "ESTADO_C": "CUBIERTO",
        "COB_B_ANTERIOR_PCT": 100.0,
        "ESTADO_B_ANTERIOR": "CUBIERTO",
        "COB_C_ANTERIOR_PCT": 100.0,
        "ESTADO_C_ANTERIOR": "CUBIERTO"
      },
      "geometry": {
        "type": "MultiPolygon",
        "coordinates": [
          [
            [
              [
                -78.66042813025608,
                -1.6596889618616544
              ],
              [
                -78.66042919293963,
                -1.6587849973267146
              ],
              [
                -78.65953089869747,
                -1.6587839280224468
              ],
              [
                -78.65952983560679,
                -1.6596878919743498
              ],
              [
                -78.66042813025608,
                -1.6596889618616544
              ]
            ]
          ]
        ]
      }
    },
    {
      "type": "Feature",
      "properties": {
        "CELL_ID": "GIU100-40-56",
        "AMBITO": "URBANO",
        "CATEGORIA": "CONVIVENCIA",
        "PLATAFORMA": "PLATAFORMA L",
        "PARROQUIA": null,
        "DISTANCE_M": 200,
        "CELL_SIZE_M": 100,
        "COUNT": 3,
        "GI_ZSCORE": 2.0560259111163885,
        "GI_PVALUE": 0.03978001871232449,
        "GI_CLASS": "HOTSPOT 95%",
        "GI_STAR": 2.0560259111163885,
        "SIGNIFICANCIA": 95,
        "SUMA_LOCAL": 70,
        "NIVEL": 95,
        "COB_A_PCT": 0.0,
        "ESTADO_A": "SIN COBERTURA",
        "COB_B_PCT": 19.530639504583302,
        "ESTADO_B": "PARCIALMENTE CUBIERTO",
        "COB_C_PCT": 19.530639504583302,
        "ESTADO_C": "PARCIALMENTE CUBIERTO",
        "COB_B_ANTERIOR_PCT": 19.530639504583302,
        "ESTADO_B_ANTERIOR": "PARCIALMENTE CUBIERTO",
        "COB_C_ANTERIOR_PCT": 19.530639504583302,
        "ESTADO_C_ANTERIOR": "PARCIALMENTE CUBIERTO"
      },
      "geometry": {
        "type": "MultiPolygon",
        "coordinates": [
          [
            [
              [
                -78.64785205802545,
                -1.6596739461482692
              ],
              [
                -78.64785312640853,
                -1.6587699897961623
              ],
              [
                -78.64695484030634,
                -1.6587689147579712
              ],
              [
                -78.64695377151615,
                -1.6596728705239152
              ],
              [
                -78.64785205802545,
                -1.6596739461482692
              ]
            ]
          ]
        ]
      }
    },
    {
      "type": "Feature",
      "properties": {
        "CELL_ID": "GIU100-40-57",
        "AMBITO": "URBANO",
        "CATEGORIA": "CONVIVENCIA",
        "PLATAFORMA": "PLATAFORMA M",
        "PARROQUIA": null,
        "DISTANCE_M": 200,
        "CELL_SIZE_M": 100,
        "COUNT": 4,
        "GI_ZSCORE": 3.507809660817234,
        "GI_PVALUE": 0.0004518121859807232,
        "GI_CLASS": "HOTSPOT 99%",
        "GI_STAR": 3.507809660817234,
        "SIGNIFICANCIA": 99,
        "SUMA_LOCAL": 101,
        "NIVEL": 99,
        "COB_A_PCT": 0.0,
        "ESTADO_A": "SIN COBERTURA",
        "COB_B_PCT": 10.157839551247243,
        "ESTADO_B": "PARCIALMENTE CUBIERTO",
        "COB_C_PCT": 10.157839551247243,
        "ESTADO_C": "PARCIALMENTE CUBIERTO",
        "COB_B_ANTERIOR_PCT": 10.157839551247243,
        "ESTADO_B_ANTERIOR": "PARCIALMENTE CUBIERTO",
        "COB_C_ANTERIOR_PCT": 10.157839551247243,
        "ESTADO_C_ANTERIOR": "PARCIALMENTE CUBIERTO"
      },
      "geometry": {
        "type": "MultiPolygon",
        "coordinates": [
          [
            [
              [
                -78.64695377151615,
                -1.6596728705239152
              ],
              [
                -78.64695484030634,
                -1.6587689147579712
              ],
              [
                -78.64605655478722,
                -1.6587678393102236
              ],
              [
                -78.64605548558994,
                -1.6596717944897812
              ],
              [
                -78.64695377151615,
                -1.6596728705239152
              ]
            ]
          ]
        ]
      }
    },
    {
      "type": "Feature",
      "properties": {
        "CELL_ID": "GIU100-40-58",
        "AMBITO": "URBANO",
        "CATEGORIA": "CONVIVENCIA",
        "PLATAFORMA": "PLATAFORMA M",
        "PARROQUIA": null,
        "DISTANCE_M": 200,
        "CELL_SIZE_M": 100,
        "COUNT": 42,
        "GI_ZSCORE": 5.662069418437844,
        "GI_PVALUE": 1.4955829448844033e-08,
        "GI_CLASS": "HOTSPOT 99%",
        "GI_STAR": 5.662069418437844,
        "SIGNIFICANCIA": 99,
        "SUMA_LOCAL": 147,
        "NIVEL": 99,
        "COB_A_PCT": 33.153087359635286,
        "ESTADO_A": "PARCIALMENTE CUBIERTO",
        "COB_B_PCT": 33.153087359635286,
        "ESTADO_B": "PARCIALMENTE CUBIERTO",
        "COB_C_PCT": 33.153087359635286,
        "ESTADO_C": "PARCIALMENTE CUBIERTO",
        "COB_B_ANTERIOR_PCT": 33.153087359635286,
        "ESTADO_B_ANTERIOR": "PARCIALMENTE CUBIERTO",
        "COB_C_ANTERIOR_PCT": 33.153087359635286,
        "ESTADO_C_ANTERIOR": "PARCIALMENTE CUBIERTO"
      },
      "geometry": {
        "type": "MultiPolygon",
        "coordinates": [
          [
            [
              [
                -78.64605548558994,
                -1.6596717944897812
              ],
              [
                -78.64605655478722,
                -1.6587678393102236
              ],
              [
                -78.64515826985142,
                -1.6587667634529213
              ],
              [
                -78.64515720024706,
                -1.6596707180458696
              ],
              [
                -78.64605548558994,
                -1.6596717944897812
              ]
            ]
          ]
        ]
      }
    },
    {
      "type": "Feature",
      "properties": {
        "CELL_ID": "GIU100-40-59",
        "AMBITO": "URBANO",
        "CATEGORIA": "CONVIVENCIA",
        "PLATAFORMA": "PLATAFORMA M",
        "PARROQUIA": null,
        "DISTANCE_M": 200,
        "CELL_SIZE_M": 100,
        "COUNT": 14,
        "GI_ZSCORE": 4.819098208934127,
        "GI_PVALUE": 1.4420855855144224e-06,
        "GI_CLASS": "HOTSPOT 99%",
        "GI_STAR": 4.819098208934127,
        "SIGNIFICANCIA": 99,
        "SUMA_LOCAL": 129,
        "NIVEL": 99,
        "COB_A_PCT": 98.41705808044227,
        "ESTADO_A": "PARCIALMENTE CUBIERTO",
        "COB_B_PCT": 98.41705808044227,
        "ESTADO_B": "PARCIALMENTE CUBIERTO",
        "COB_C_PCT": 98.41705808044227,
        "ESTADO_C": "PARCIALMENTE CUBIERTO",
        "COB_B_ANTERIOR_PCT": 98.41705808044227,
        "ESTADO_B_ANTERIOR": "PARCIALMENTE CUBIERTO",
        "COB_C_ANTERIOR_PCT": 98.41705808044227,
        "ESTADO_C_ANTERIOR": "PARCIALMENTE CUBIERTO"
      },
      "geometry": {
        "type": "MultiPolygon",
        "coordinates": [
          [
            [
              [
                -78.64515720024706,
                -1.6596707180458696
              ],
              [
                -78.64515826985142,
                -1.6587667634529213
              ],
              [
                -78.64425998549916,
                -1.6587656871860659
              ],
              [
                -78.6442589154877,
                -1.6596696411921812
              ],
              [
                -78.64515720024706,
                -1.6596707180458696
              ]
            ]
          ]
        ]
      }
    },
    {
      "type": "Feature",
      "properties": {
        "CELL_ID": "GIU100-40-60",
        "AMBITO": "URBANO",
        "CATEGORIA": "CONVIVENCIA",
        "PLATAFORMA": "PLATAFORMA M",
        "PARROQUIA": null,
        "DISTANCE_M": 200,
        "CELL_SIZE_M": 100,
        "COUNT": 0,
        "GI_ZSCORE": 5.0064251443793975,
        "GI_PVALUE": 5.545021143628249e-07,
        "GI_CLASS": "HOTSPOT 99%",
        "GI_STAR": 5.0064251443793975,
        "SIGNIFICANCIA": 99,
        "SUMA_LOCAL": 133,
        "NIVEL": 99,
        "COB_A_PCT": 100.0,
        "ESTADO_A": "CUBIERTO",
        "COB_B_PCT": 100.0,
        "ESTADO_B": "CUBIERTO",
        "COB_C_PCT": 100.0,
        "ESTADO_C": "CUBIERTO",
        "COB_B_ANTERIOR_PCT": 100.0,
        "ESTADO_B_ANTERIOR": "CUBIERTO",
        "COB_C_ANTERIOR_PCT": 100.0,
        "ESTADO_C_ANTERIOR": "CUBIERTO"
      },
      "geometry": {
        "type": "MultiPolygon",
        "coordinates": [
          [
            [
              [
                -78.6442589154877,
                -1.6596696411921812
              ],
              [
                -78.64425998549916,
                -1.6587656871860659
              ],
              [
                -78.64336170173065,
                -1.6587646105096578
              ],
              [
                -78.6433606313121,
                -1.6596685639287176
              ],
              [
                -78.6442589154877,
                -1.6596696411921812
              ]
            ]
          ]
        ]
      }
    },
    {
      "type": "Feature",
      "properties": {
        "CELL_ID": "GIU100-40-61",
        "AMBITO": "URBANO",
        "CATEGORIA": "CONVIVENCIA",
        "PLATAFORMA": "PLATAFORMA M",
        "PARROQUIA": null,
        "DISTANCE_M": 200,
        "CELL_SIZE_M": 100,
        "COUNT": 16,
        "GI_ZSCORE": 2.758501919036153,
        "GI_PVALUE": 0.005806696423975283,
        "GI_CLASS": "HOTSPOT 99%",
        "GI_STAR": 2.758501919036153,
        "SIGNIFICANCIA": 99,
        "SUMA_LOCAL": 85,
        "NIVEL": 99,
        "COB_A_PCT": 95.63373290642689,
        "ESTADO_A": "PARCIALMENTE CUBIERTO",
        "COB_B_PCT": 95.63373290642689,
        "ESTADO_B": "PARCIALMENTE CUBIERTO",
        "COB_C_PCT": 95.63373290642689,
        "ESTADO_C": "PARCIALMENTE CUBIERTO",
        "COB_B_ANTERIOR_PCT": 95.63373290642689,
        "ESTADO_B_ANTERIOR": "PARCIALMENTE CUBIERTO",
        "COB_C_ANTERIOR_PCT": 95.63373290642689,
        "ESTADO_C_ANTERIOR": "PARCIALMENTE CUBIERTO"
      },
      "geometry": {
        "type": "MultiPolygon",
        "coordinates": [
          [
            [
              [
                -78.6433606313121,
                -1.6596685639287176
              ],
              [
                -78.64336170173065,
                -1.6587646105096578
              ],
              [
                -78.64246341854614,
                -1.6587635334236996
              ],
              [
                -78.64246234772048,
                -1.6596674862554794
              ],
              [
                -78.6433606313121,
                -1.6596685639287176
              ]
            ]
          ]
        ]
      }
    },
    {
      "type": "Feature",
      "properties": {
        "CELL_ID": "GIU100-41-26",
        "AMBITO": "URBANO",
        "CATEGORIA": "CONVIVENCIA",
        "PLATAFORMA": "PLATAFORMA E",
        "PARROQUIA": null,
        "DISTANCE_M": 200,
        "CELL_SIZE_M": 100,
        "COUNT": 0,
        "GI_ZSCORE": 6.786031031109466,
        "GI_PVALUE": 1.1526037007675903e-11,
        "GI_CLASS": "HOTSPOT 99%",
        "GI_STAR": 6.786031031109466,
        "SIGNIFICANCIA": 99,
        "SUMA_LOCAL": 171,
        "NIVEL": 99,
        "COB_A_PCT": 35.010005432535,
        "ESTADO_A": "PARCIALMENTE CUBIERTO",
        "COB_B_PCT": 35.010005432535,
        "ESTADO_B": "PARCIALMENTE CUBIERTO",
        "COB_C_PCT": 35.010005432535,
        "ESTADO_C": "PARCIALMENTE CUBIERTO",
        "COB_B_ANTERIOR_PCT": 35.010005432535,
        "ESTADO_B_ANTERIOR": "PARCIALMENTE CUBIERTO",
        "COB_C_ANTERIOR_PCT": 35.010005432535,
        "ESTADO_C_ANTERIOR": "PARCIALMENTE CUBIERTO"
      },
      "geometry": {
        "type": "MultiPolygon",
        "coordinates": [
          [
            [
              [
                -78.67480197951065,
                -1.6588020504917893
              ],
              [
                -78.67480303510396,
                -1.6578980766496774
              ],
              [
                -78.6739047320192,
                -1.6578970144782437
              ],
              [
                -78.67390367601897,
                -1.6588009877408927
              ],
              [
                -78.67480197951065,
                -1.6588020504917893
              ]
            ]
          ]
        ]
      }
    },
    {
      "type": "Feature",
      "properties": {
        "CELL_ID": "GIU100-41-27",
        "AMBITO": "URBANO",
        "CATEGORIA": "CONVIVENCIA",
        "PLATAFORMA": "PLATAFORMA F",
        "PARROQUIA": null,
        "DISTANCE_M": 200,
        "CELL_SIZE_M": 100,
        "COUNT": 2,
        "GI_ZSCORE": 11.047718812489368,
        "GI_PVALUE": 2.24855995851384e-28,
        "GI_CLASS": "HOTSPOT 99%",
        "GI_STAR": 11.047718812489368,
        "SIGNIFICANCIA": 99,
        "SUMA_LOCAL": 262,
        "NIVEL": 99,
        "COB_A_PCT": 100.0,
        "ESTADO_A": "CUBIERTO",
        "COB_B_PCT": 100.0,
        "ESTADO_B": "CUBIERTO",
        "COB_C_PCT": 100.0,
        "ESTADO_C": "CUBIERTO",
        "COB_B_ANTERIOR_PCT": 100.0,
        "ESTADO_B_ANTERIOR": "CUBIERTO",
        "COB_C_ANTERIOR_PCT": 100.0,
        "ESTADO_C_ANTERIOR": "CUBIERTO"
      },
      "geometry": {
        "type": "MultiPolygon",
        "coordinates": [
          [
            [
              [
                -78.67390367601897,
                -1.6588009877408927
              ],
              [
                -78.6739047320192,
                -1.6578970144782437
              ],
              [
                -78.67300642951086,
                -1.6578959518974374
              ],
              [
                -78.67300537310372,
                -1.6587999245804004
              ],
              [
                -78.67390367601897,
                -1.6588009877408927
              ]
            ]
          ]
        ]
      }
    },
    {
      "type": "Feature",
      "properties": {
        "CELL_ID": "GIU100-41-28",
        "AMBITO": "URBANO",
        "CATEGORIA": "CONVIVENCIA",
        "PLATAFORMA": "PLATAFORMA F",
        "PARROQUIA": null,
        "DISTANCE_M": 200,
        "CELL_SIZE_M": 100,
        "COUNT": 129,
        "GI_ZSCORE": 13.717127642584472,
        "GI_PVALUE": 8.017937437956533e-43,
        "GI_CLASS": "HOTSPOT 99%",
        "GI_STAR": 13.717127642584472,
        "SIGNIFICANCIA": 99,
        "SUMA_LOCAL": 319,
        "NIVEL": 99,
        "COB_A_PCT": 100.0,
        "ESTADO_A": "CUBIERTO",
        "COB_B_PCT": 100.0,
        "ESTADO_B": "CUBIERTO",
        "COB_C_PCT": 100.0,
        "ESTADO_C": "CUBIERTO",
        "COB_B_ANTERIOR_PCT": 100.0,
        "ESTADO_B_ANTERIOR": "CUBIERTO",
        "COB_C_ANTERIOR_PCT": 100.0,
        "ESTADO_C_ANTERIOR": "CUBIERTO"
      },
      "geometry": {
        "type": "MultiPolygon",
        "coordinates": [
          [
            [
              [
                -78.67300537310372,
                -1.6587999245804004
              ],
              [
                -78.67300642951086,
                -1.6578959518974374
              ],
              [
                -78.67210812757918,
                -1.6578948889072607
              ],
              [
                -78.67210707076514,
                -1.6587988610103144
              ],
              [
                -78.67300537310372,
                -1.6587999245804004
              ]
            ]
          ]
        ]
      }
    },
    {
      "type": "Feature",
      "properties": {
        "CELL_ID": "GIU100-41-29",
        "AMBITO": "URBANO",
        "CATEGORIA": "CONVIVENCIA",
        "PLATAFORMA": "PLATAFORMA F",
        "PARROQUIA": null,
        "DISTANCE_M": 200,
        "CELL_SIZE_M": 100,
        "COUNT": 6,
        "GI_ZSCORE": 14.091781513475013,
        "GI_PVALUE": 4.266607627334315e-45,
        "GI_CLASS": "HOTSPOT 99%",
        "GI_STAR": 14.091781513475013,
        "SIGNIFICANCIA": 99,
        "SUMA_LOCAL": 327,
        "NIVEL": 99,
        "COB_A_PCT": 100.0,
        "ESTADO_A": "CUBIERTO",
        "COB_B_PCT": 100.0,
        "ESTADO_B": "CUBIERTO",
        "COB_C_PCT": 100.0,
        "ESTADO_C": "CUBIERTO",
        "COB_B_ANTERIOR_PCT": 100.0,
        "ESTADO_B_ANTERIOR": "CUBIERTO",
        "COB_C_ANTERIOR_PCT": 100.0,
        "ESTADO_C_ANTERIOR": "CUBIERTO"
      },
      "geometry": {
        "type": "MultiPolygon",
        "coordinates": [
          [
            [
              [
                -78.67210707076514,
                -1.6587988610103144
              ],
              [
                -78.67210812757918,
                -1.6578948889072607
              ],
              [
                -78.67120982622437,
                -1.657893825507714
              ],
              [
                -78.6712087690034,
                -1.658797797030635
              ],
              [
                -78.67210707076514,
                -1.6587988610103144
              ]
            ]
          ]
        ]
      }
    },
    {
      "type": "Feature",
      "properties": {
        "CELL_ID": "GIU100-41-30",
        "AMBITO": "URBANO",
        "CATEGORIA": "CONVIVENCIA",
        "PLATAFORMA": "PLATAFORMA H",
        "PARROQUIA": null,
        "DISTANCE_M": 200,
        "CELL_SIZE_M": 100,
        "COUNT": 0,
        "GI_ZSCORE": 10.907223610905415,
        "GI_PVALUE": 1.0645812077272122e-27,
        "GI_CLASS": "HOTSPOT 99%",
        "GI_STAR": 10.907223610905415,
        "SIGNIFICANCIA": 99,
        "SUMA_LOCAL": 259,
        "NIVEL": 99,
        "COB_A_PCT": 64.50744193235805,
        "ESTADO_A": "PARCIALMENTE CUBIERTO",
        "COB_B_PCT": 64.50744193235805,
        "ESTADO_B": "PARCIALMENTE CUBIERTO",
        "COB_C_PCT": 86.32895557703858,
        "ESTADO_C": "PARCIALMENTE CUBIERTO",
        "COB_B_ANTERIOR_PCT": 64.50744193235805,
        "ESTADO_B_ANTERIOR": "PARCIALMENTE CUBIERTO",
        "COB_C_ANTERIOR_PCT": 86.32895557703858,
        "ESTADO_C_ANTERIOR": "PARCIALMENTE CUBIERTO"
      },
      "geometry": {
        "type": "MultiPolygon",
        "coordinates": [
          [
            [
              [
                -78.6712087690034,
                -1.658797797030635
              ],
              [
                -78.67120982622437,
                -1.657893825507714
              ],
              [
                -78.67031152544665,
                -1.6578927616987995
              ],
              [
                -78.67031046781878,
                -1.658796732641364
              ],
              [
                -78.6712087690034,
                -1.658797797030635
              ]
            ]
          ]
        ]
      }
    },
    {
      "type": "Feature",
      "properties": {
        "CELL_ID": "GIU100-41-40",
        "AMBITO": "URBANO",
        "CATEGORIA": "CONVIVENCIA",
        "PLATAFORMA": "PLATAFORMA I",
        "PARROQUIA": null,
        "DISTANCE_M": 200,
        "CELL_SIZE_M": 100,
        "COUNT": 6,
        "GI_ZSCORE": 1.7262435021238363,
        "GI_PVALUE": 0.08430361482710345,
        "GI_CLASS": "HOTSPOT 90%",
        "GI_STAR": 1.7262435021238363,
        "SIGNIFICANCIA": 90,
        "SUMA_LOCAL": 56,
        "NIVEL": 90,
        "COB_A_PCT": 100.0,
        "ESTADO_A": "CUBIERTO",
        "COB_B_PCT": 100.0,
        "ESTADO_B": "CUBIERTO",
        "COB_C_PCT": 100.0,
        "ESTADO_C": "CUBIERTO",
        "COB_B_ANTERIOR_PCT": 100.0,
        "ESTADO_B_ANTERIOR": "CUBIERTO",
        "COB_C_ANTERIOR_PCT": 100.0,
        "ESTADO_C_ANTERIOR": "CUBIERTO"
      },
      "geometry": {
        "type": "MultiPolygon",
        "coordinates": [
          [
            [
              [
                -78.66132854945849,
                -1.6578821010946856
              ],
              [
                -78.66132748776155,
                -1.6587860662214062
              ],
              [
                -78.66222578316302,
                -1.6587871347065208
              ],
              [
                -78.66222678675926,
                -1.6579323230063734
              ],
              [
                -78.66211148579276,
                -1.6578830318805715
              ],
              [
                -78.66132854945849,
                -1.6578821010946856
              ]
            ]
          ]
        ]
      }
    },
    {
      "type": "Feature",
      "properties": {
        "CELL_ID": "GIU100-41-41",
        "AMBITO": "URBANO",
        "CATEGORIA": "CONVIVENCIA",
        "PLATAFORMA": "PLATAFORMA I",
        "PARROQUIA": null,
        "DISTANCE_M": 200,
        "CELL_SIZE_M": 100,
        "COUNT": 22,
        "GI_ZSCORE": 2.4306797820069295,
        "GI_PVALUE": 0.01507052727217208,
        "GI_CLASS": "HOTSPOT 95%",
        "GI_STAR": 2.4306797820069295,
        "SIGNIFICANCIA": 95,
        "SUMA_LOCAL": 78,
        "NIVEL": 95,
        "COB_A_PCT": 100.0,
        "ESTADO_A": "CUBIERTO",
        "COB_B_PCT": 100.0,
        "ESTADO_B": "CUBIERTO",
        "COB_C_PCT": 100.0,
        "ESTADO_C": "CUBIERTO",
        "COB_B_ANTERIOR_PCT": 100.0,
        "ESTADO_B_ANTERIOR": "CUBIERTO",
        "COB_C_ANTERIOR_PCT": 100.0,
        "ESTADO_C_ANTERIOR": "CUBIERTO"
      },
      "geometry": {
        "type": "MultiPolygon",
        "coordinates": [
          [
            [
              [
                -78.66132748776155,
                -1.6587860662214062
              ],
              [
                -78.66132854945849,
                -1.6578821010946856
              ],
              [
                -78.66043025504344,
                -1.6578810327828066
              ],
              [
                -78.66042919293963,
                -1.6587849973267146
              ],
              [
                -78.66132748776155,
                -1.6587860662214062
              ]
            ]
          ]
        ]
      }
    },
    {
      "type": "Feature",
      "properties": {
        "CELL_ID": "GIU100-41-42",
        "AMBITO": "URBANO",
        "CATEGORIA": "CONVIVENCIA",
        "PLATAFORMA": "PLATAFORMA I",
        "PARROQUIA": null,
        "DISTANCE_M": 200,
        "CELL_SIZE_M": 100,
        "COUNT": 7,
        "GI_ZSCORE": 2.8053336528974704,
        "GI_PVALUE": 0.005026451884509495,
        "GI_CLASS": "HOTSPOT 99%",
        "GI_STAR": 2.8053336528974704,
        "SIGNIFICANCIA": 99,
        "SUMA_LOCAL": 86,
        "NIVEL": 99,
        "COB_A_PCT": 100.0,
        "ESTADO_A": "CUBIERTO",
        "COB_B_PCT": 100.0,
        "ESTADO_B": "CUBIERTO",
        "COB_C_PCT": 100.0,
        "ESTADO_C": "CUBIERTO",
        "COB_B_ANTERIOR_PCT": 100.0,
        "ESTADO_B_ANTERIOR": "CUBIERTO",
        "COB_C_ANTERIOR_PCT": 100.0,
        "ESTADO_C_ANTERIOR": "CUBIERTO"
      },
      "geometry": {
        "type": "MultiPolygon",
        "coordinates": [
          [
            [
              [
                -78.66042919293963,
                -1.6587849973267146
              ],
              [
                -78.66043025504344,
                -1.6578810327828066
              ],
              [
                -78.65953196120816,
                -1.6578799640615747
              ],
              [
                -78.65953089869747,
                -1.6587839280224468
              ],
              [
                -78.66042919293963,
                -1.6587849973267146
              ]
            ]
          ]
        ]
      }
    },
    {
      "type": "Feature",
      "properties": {
        "CELL_ID": "GIU100-41-43",
        "AMBITO": "URBANO",
        "CATEGORIA": "CONVIVENCIA",
        "PLATAFORMA": "PLATAFORMA I",
        "PARROQUIA": null,
        "DISTANCE_M": 200,
        "CELL_SIZE_M": 100,
        "COUNT": 10,
        "GI_ZSCORE": 2.3370163142842943,
        "GI_PVALUE": 0.019438335809464875,
        "GI_CLASS": "HOTSPOT 95%",
        "GI_STAR": 2.3370163142842943,
        "SIGNIFICANCIA": 95,
        "SUMA_LOCAL": 76,
        "NIVEL": 95,
        "COB_A_PCT": 99.64396247140832,
        "ESTADO_A": "PARCIALMENTE CUBIERTO",
        "COB_B_PCT": 99.64396247140832,
        "ESTADO_B": "PARCIALMENTE CUBIERTO",
        "COB_C_PCT": 99.64396247140832,
        "ESTADO_C": "PARCIALMENTE CUBIERTO",
        "COB_B_ANTERIOR_PCT": 99.64396247140832,
        "ESTADO_B_ANTERIOR": "PARCIALMENTE CUBIERTO",
        "COB_C_ANTERIOR_PCT": 99.64396247140832,
        "ESTADO_C_ANTERIOR": "PARCIALMENTE CUBIERTO"
      },
      "geometry": {
        "type": "MultiPolygon",
        "coordinates": [
          [
            [
              [
                -78.65953089869747,
                -1.6587839280224468
              ],
              [
                -78.65953196120816,
                -1.6578799640615747
              ],
              [
                -78.65863366795287,
                -1.6578788949309917
              ],
              [
                -78.65863260503528,
                -1.6587828583086042
              ],
              [
                -78.65953089869747,
                -1.6587839280224468
              ]
            ]
          ]
        ]
      }
    },
    {
      "type": "Feature",
      "properties": {
        "CELL_ID": "GIU100-41-57",
        "AMBITO": "URBANO",
        "CATEGORIA": "CONVIVENCIA",
        "PLATAFORMA": "PLATAFORMA L",
        "PARROQUIA": null,
        "DISTANCE_M": 200,
        "CELL_SIZE_M": 100,
        "COUNT": 14,
        "GI_ZSCORE": 4.6786030073501745,
        "GI_PVALUE": 2.8883605769279698e-06,
        "GI_CLASS": "HOTSPOT 99%",
        "GI_STAR": 4.6786030073501745,
        "SIGNIFICANCIA": 99,
        "SUMA_LOCAL": 126,
        "NIVEL": 99,
        "COB_A_PCT": 66.74629596916002,
        "ESTADO_A": "PARCIALMENTE CUBIERTO",
        "COB_B_PCT": 66.74629596916002,
        "ESTADO_B": "PARCIALMENTE CUBIERTO",
        "COB_C_PCT": 66.74629596916002,
        "ESTADO_C": "PARCIALMENTE CUBIERTO",
        "COB_B_ANTERIOR_PCT": 66.74629596916002,
        "ESTADO_B_ANTERIOR": "PARCIALMENTE CUBIERTO",
        "COB_C_ANTERIOR_PCT": 66.74629596916002,
        "ESTADO_C_ANTERIOR": "PARCIALMENTE CUBIERTO"
      },
      "geometry": {
        "type": "MultiPolygon",
        "coordinates": [
          [
            [
              [
                -78.64695484030634,
                -1.6587689147579712
              ],
              [
                -78.6469559085134,
                -1.6578649589830514
              ],
              [
                -78.64605762340119,
                -1.6578638841216895
              ],
              [
                -78.64605655478722,
                -1.6587678393102236
              ],
              [
                -78.64695484030634,
                -1.6587689147579712
              ]
            ]
          ]
        ]
      }
    },
    {
      "type": "Feature",
      "properties": {
        "CELL_ID": "GIU100-41-58",
        "AMBITO": "URBANO",
        "CATEGORIA": "CONVIVENCIA",
        "PLATAFORMA": "PLATAFORMA M",
        "PARROQUIA": null,
        "DISTANCE_M": 200,
        "CELL_SIZE_M": 100,
        "COUNT": 10,
        "GI_ZSCORE": 6.551872361802878,
        "GI_PVALUE": 5.682009906502148e-11,
        "GI_CLASS": "HOTSPOT 99%",
        "GI_STAR": 6.551872361802878,
        "SIGNIFICANCIA": 99,
        "SUMA_LOCAL": 166,
        "NIVEL": 99,
        "COB_A_PCT": 99.61333168129356,
        "ESTADO_A": "PARCIALMENTE CUBIERTO",
        "COB_B_PCT": 99.61333168129356,
        "ESTADO_B": "PARCIALMENTE CUBIERTO",
        "COB_C_PCT": 99.61333168129356,
        "ESTADO_C": "PARCIALMENTE CUBIERTO",
        "COB_B_ANTERIOR_PCT": 99.61333168129356,
        "ESTADO_B_ANTERIOR": "PARCIALMENTE CUBIERTO",
        "COB_C_ANTERIOR_PCT": 99.61333168129356,
        "ESTADO_C_ANTERIOR": "PARCIALMENTE CUBIERTO"
      },
      "geometry": {
        "type": "MultiPolygon",
        "coordinates": [
          [
            [
              [
                -78.64605655478722,
                -1.6587678393102236
              ],
              [
                -78.64605762340119,
                -1.6578638841216895
              ],
              [
                -78.64515933887226,
                -1.6578628088509964
              ],
              [
                -78.64515826985142,
                -1.6587667634529213
              ],
              [
                -78.64605655478722,
                -1.6587678393102236
              ]
            ]
          ]
        ]
      }
    },
    {
      "type": "Feature",
      "properties": {
        "CELL_ID": "GIU100-41-59",
        "AMBITO": "URBANO",
        "CATEGORIA": "CONVIVENCIA",
        "PLATAFORMA": "PLATAFORMA M",
        "PARROQUIA": null,
        "DISTANCE_M": 200,
        "CELL_SIZE_M": 100,
        "COUNT": 9,
        "GI_ZSCORE": 6.551872361802878,
        "GI_PVALUE": 5.682009906502148e-11,
        "GI_CLASS": "HOTSPOT 99%",
        "GI_STAR": 6.551872361802878,
        "SIGNIFICANCIA": 99,
        "SUMA_LOCAL": 166,
        "NIVEL": 99,
        "COB_A_PCT": 100.0,
        "ESTADO_A": "CUBIERTO",
        "COB_B_PCT": 100.0,
        "ESTADO_B": "CUBIERTO",
        "COB_C_PCT": 100.0,
        "ESTADO_C": "CUBIERTO",
        "COB_B_ANTERIOR_PCT": 100.0,
        "ESTADO_B_ANTERIOR": "CUBIERTO",
        "COB_C_ANTERIOR_PCT": 100.0,
        "ESTADO_C_ANTERIOR": "CUBIERTO"
      },
      "geometry": {
        "type": "MultiPolygon",
        "coordinates": [
          [
            [
              [
                -78.64515826985142,
                -1.6587667634529213
              ],
              [
                -78.64515933887226,
                -1.6578628088509964
              ],
              [
                -78.64426105492689,
                -1.657861733170973
              ],
              [
                -78.64425998549916,
                -1.6587656871860659
              ],
              [
                -78.64515826985142,
                -1.6587667634529213
              ]
            ]
          ]
        ]
      }
    },
    {
      "type": "Feature",
      "properties": {
        "CELL_ID": "GIU100-41-60",
        "AMBITO": "URBANO",
        "CATEGORIA": "CONVIVENCIA",
        "PLATAFORMA": "PLATAFORMA M",
        "PARROQUIA": null,
        "DISTANCE_M": 200,
        "CELL_SIZE_M": 100,
        "COUNT": 21,
        "GI_ZSCORE": 2.852165386758788,
        "GI_PVALUE": 0.004342250191648193,
        "GI_CLASS": "HOTSPOT 99%",
        "GI_STAR": 2.852165386758788,
        "SIGNIFICANCIA": 99,
        "SUMA_LOCAL": 87,
        "NIVEL": 99,
        "COB_A_PCT": 100.0,
        "ESTADO_A": "CUBIERTO",
        "COB_B_PCT": 100.0,
        "ESTADO_B": "CUBIERTO",
        "COB_C_PCT": 100.0,
        "ESTADO_C": "CUBIERTO",
        "COB_B_ANTERIOR_PCT": 100.0,
        "ESTADO_B_ANTERIOR": "CUBIERTO",
        "COB_C_ANTERIOR_PCT": 100.0,
        "ESTADO_C_ANTERIOR": "CUBIERTO"
      },
      "geometry": {
        "type": "MultiPolygon",
        "coordinates": [
          [
            [
              [
                -78.64425998549916,
                -1.6587656871860659
              ],
              [
                -78.64426105492689,
                -1.657861733170973
              ],
              [
                -78.64336277156525,
                -1.657860657081621
              ],
              [
                -78.64336170173065,
                -1.6587646105096578
              ],
              [
                -78.64425998549916,
                -1.6587656871860659
              ]
            ]
          ]
        ]
      }
    },
    {
      "type": "Feature",
      "properties": {
        "CELL_ID": "GIU100-41-61",
        "AMBITO": "URBANO",
        "CATEGORIA": "CONVIVENCIA",
        "PLATAFORMA": "PLATAFORMA M",
        "PARROQUIA": null,
        "DISTANCE_M": 200,
        "CELL_SIZE_M": 100,
        "COUNT": 9,
        "GI_ZSCORE": 2.4306797820069295,
        "GI_PVALUE": 0.01507052727217208,
        "GI_CLASS": "HOTSPOT 95%",
        "GI_STAR": 2.4306797820069295,
        "SIGNIFICANCIA": 95,
        "SUMA_LOCAL": 78,
        "NIVEL": 95,
        "COB_A_PCT": 100.0,
        "ESTADO_A": "CUBIERTO",
        "COB_B_PCT": 100.0,
        "ESTADO_B": "CUBIERTO",
        "COB_C_PCT": 100.0,
        "ESTADO_C": "CUBIERTO",
        "COB_B_ANTERIOR_PCT": 100.0,
        "ESTADO_B_ANTERIOR": "CUBIERTO",
        "COB_C_ANTERIOR_PCT": 100.0,
        "ESTADO_C_ANTERIOR": "CUBIERTO"
      },
      "geometry": {
        "type": "MultiPolygon",
        "coordinates": [
          [
            [
              [
                -78.64336170173065,
                -1.6587646105096578
              ],
              [
                -78.64336277156525,
                -1.657860657081621
              ],
              [
                -78.64246448878758,
                -1.6578595805829413
              ],
              [
                -78.64246341854614,
                -1.6587635334236996
              ],
              [
                -78.64336170173065,
                -1.6587646105096578
              ]
            ]
          ]
        ]
      }
    },
    {
      "type": "Feature",
      "properties": {
        "CELL_ID": "GIU100-41-62",
        "AMBITO": "URBANO",
        "CATEGORIA": "CONVIVENCIA",
        "PLATAFORMA": "PLATAFORMA M",
        "PARROQUIA": null,
        "DISTANCE_M": 200,
        "CELL_SIZE_M": 100,
        "COUNT": 0,
        "GI_ZSCORE": 1.8218672418098005,
        "GI_PVALUE": 0.06847513187592394,
        "GI_CLASS": "HOTSPOT 90%",
        "GI_STAR": 1.8218672418098005,
        "SIGNIFICANCIA": 90,
        "SUMA_LOCAL": 65,
        "NIVEL": 90,
        "COB_A_PCT": 83.8324554708706,
        "ESTADO_A": "PARCIALMENTE CUBIERTO",
        "COB_B_PCT": 83.8324554708706,
        "ESTADO_B": "PARCIALMENTE CUBIERTO",
        "COB_C_PCT": 83.8324554708706,
        "ESTADO_C": "PARCIALMENTE CUBIERTO",
        "COB_B_ANTERIOR_PCT": 83.8324554708706,
        "ESTADO_B_ANTERIOR": "PARCIALMENTE CUBIERTO",
        "COB_C_ANTERIOR_PCT": 83.8324554708706,
        "ESTADO_C_ANTERIOR": "PARCIALMENTE CUBIERTO"
      },
      "geometry": {
        "type": "MultiPolygon",
        "coordinates": [
          [
            [
              [
                -78.64246341854614,
                -1.6587635334236996
              ],
              [
                -78.64246448878758,
                -1.6578595805829413
              ],
              [
                -78.64156620659413,
                -1.6578585036749354
              ],
              [
                -78.64156513594581,
                -1.6587624559281913
              ],
              [
                -78.64246341854614,
                -1.6587635334236996
              ]
            ]
          ]
        ]
      }
    },
    {
      "type": "Feature",
      "properties": {
        "CELL_ID": "GIU100-42-26",
        "AMBITO": "URBANO",
        "CATEGORIA": "CONVIVENCIA",
        "PLATAFORMA": "PLATAFORMA E",
        "PARROQUIA": null,
        "DISTANCE_M": 200,
        "CELL_SIZE_M": 100,
        "COUNT": 0,
        "GI_ZSCORE": 4.257117402598316,
        "GI_PVALUE": 2.070796238928782e-05,
        "GI_CLASS": "HOTSPOT 99%",
        "GI_STAR": 4.257117402598316,
        "SIGNIFICANCIA": 99,
        "SUMA_LOCAL": 117,
        "NIVEL": 99,
        "COB_A_PCT": 25.54611092782731,
        "ESTADO_A": "PARCIALMENTE CUBIERTO",
        "COB_B_PCT": 25.54611092782731,
        "ESTADO_B": "PARCIALMENTE CUBIERTO",
        "COB_C_PCT": 25.54611092782731,
        "ESTADO_C": "PARCIALMENTE CUBIERTO",
        "COB_B_ANTERIOR_PCT": 25.54611092782731,
        "ESTADO_B_ANTERIOR": "PARCIALMENTE CUBIERTO",
        "COB_C_ANTERIOR_PCT": 25.54611092782731,
        "ESTADO_C_ANTERIOR": "PARCIALMENTE CUBIERTO"
      },
      "geometry": {
        "type": "MultiPolygon",
        "coordinates": [
          [
            [
              [
                -78.67480303510396,
                -1.6578980766496774
              ],
              [
                -78.67480409012107,
                -1.6569941027986106
              ],
              [
                -78.673905787443,
                -1.656993041206639
              ],
              [
                -78.6739047320192,
                -1.6578970144782437
              ],
              [
                -78.67480303510396,
                -1.6578980766496774
              ]
            ]
          ]
        ]
      }
    },
    {
      "type": "Feature",
      "properties": {
        "CELL_ID": "GIU100-42-27",
        "AMBITO": "URBANO",
        "CATEGORIA": "CONVIVENCIA",
        "PLATAFORMA": "PLATAFORMA E",
        "PARROQUIA": null,
        "DISTANCE_M": 200,
        "CELL_SIZE_M": 100,
        "COUNT": 9,
        "GI_ZSCORE": 11.00088707862805,
        "GI_PVALUE": 3.783910778122703e-28,
        "GI_CLASS": "HOTSPOT 99%",
        "GI_STAR": 11.00088707862805,
        "SIGNIFICANCIA": 99,
        "SUMA_LOCAL": 261,
        "NIVEL": 99,
        "COB_A_PCT": 100.0,
        "ESTADO_A": "CUBIERTO",
        "COB_B_PCT": 100.0,
        "ESTADO_B": "CUBIERTO",
        "COB_C_PCT": 100.0,
        "ESTADO_C": "CUBIERTO",
        "COB_B_ANTERIOR_PCT": 100.0,
        "ESTADO_B_ANTERIOR": "CUBIERTO",
        "COB_C_ANTERIOR_PCT": 100.0,
        "ESTADO_C_ANTERIOR": "CUBIERTO"
      },
      "geometry": {
        "type": "MultiPolygon",
        "coordinates": [
          [
            [
              [
                -78.6739047320192,
                -1.6578970144782437
              ],
              [
                -78.673905787443,
                -1.656993041206639
              ],
              [
                -78.67300748534136,
                -1.6569919792055186
              ],
              [
                -78.67300642951086,
                -1.6578959518974374
              ],
              [
                -78.6739047320192,
                -1.6578970144782437
              ]
            ]
          ]
        ]
      }
    },
    {
      "type": "Feature",
      "properties": {
        "CELL_ID": "GIU100-42-28",
        "AMBITO": "URBANO",
        "CATEGORIA": "CONVIVENCIA",
        "PLATAFORMA": "PLATAFORMA F",
        "PARROQUIA": null,
        "DISTANCE_M": 200,
        "CELL_SIZE_M": 100,
        "COUNT": 106,
        "GI_ZSCORE": 11.235045747934638,
        "GI_PVALUE": 2.7435170810936544e-29,
        "GI_CLASS": "HOTSPOT 99%",
        "GI_STAR": 11.235045747934638,
        "SIGNIFICANCIA": 99,
        "SUMA_LOCAL": 266,
        "NIVEL": 99,
        "COB_A_PCT": 100.0,
        "ESTADO_A": "CUBIERTO",
        "COB_B_PCT": 100.0,
        "ESTADO_B": "CUBIERTO",
        "COB_C_PCT": 100.0,
        "ESTADO_C": "CUBIERTO",
        "COB_B_ANTERIOR_PCT": 100.0,
        "ESTADO_B_ANTERIOR": "CUBIERTO",
        "COB_C_ANTERIOR_PCT": 100.0,
        "ESTADO_C_ANTERIOR": "CUBIERTO"
      },
      "geometry": {
        "type": "MultiPolygon",
        "coordinates": [
          [
            [
              [
                -78.67300642951086,
                -1.6578959518974374
              ],
              [
                -78.67300748534136,
                -1.6569919792055186
              ],
              [
                -78.67210918381636,
                -1.6569909167952508
              ],
              [
                -78.67210812757918,
                -1.6578948889072607
              ],
              [
                -78.67300642951086,
                -1.6578959518974374
              ]
            ]
          ]
        ]
      }
    },
    {
      "type": "Feature",
      "properties": {
        "CELL_ID": "GIU100-42-29",
        "AMBITO": "URBANO",
        "CATEGORIA": "CONVIVENCIA",
        "PLATAFORMA": "PLATAFORMA F",
        "PARROQUIA": null,
        "DISTANCE_M": 200,
        "CELL_SIZE_M": 100,
        "COUNT": 3,
        "GI_ZSCORE": 13.482968973277885,
        "GI_PVALUE": 1.970164012989716e-41,
        "GI_CLASS": "HOTSPOT 99%",
        "GI_STAR": 13.482968973277885,
        "SIGNIFICANCIA": 99,
        "SUMA_LOCAL": 314,
        "NIVEL": 99,
        "COB_A_PCT": 100.0,
        "ESTADO_A": "CUBIERTO",
        "COB_B_PCT": 100.0,
        "ESTADO_B": "CUBIERTO",
        "COB_C_PCT": 100.0,
        "ESTADO_C": "CUBIERTO",
        "COB_B_ANTERIOR_PCT": 100.0,
        "ESTADO_B_ANTERIOR": "CUBIERTO",
        "COB_C_ANTERIOR_PCT": 100.0,
        "ESTADO_C_ANTERIOR": "CUBIERTO"
      },
      "geometry": {
        "type": "MultiPolygon",
        "coordinates": [
          [
            [
              [
                -78.67210812757918,
                -1.6578948889072607
              ],
              [
                -78.67210918381636,
                -1.6569909167952508
              ],
              [
                -78.67121088286827,
                -1.6569898539758365
              ],
              [
                -78.67120982622437,
                -1.657893825507714
              ],
              [
                -78.67210812757918,
                -1.6578948889072607
              ]
            ]
          ]
        ]
      }
    },
    {
      "type": "Feature",
      "properties": {
        "CELL_ID": "GIU100-42-30",
        "AMBITO": "URBANO",
        "CATEGORIA": "CONVIVENCIA",
        "PLATAFORMA": "PLATAFORMA H",
        "PARROQUIA": null,
        "DISTANCE_M": 200,
        "CELL_SIZE_M": 100,
        "COUNT": 0,
        "GI_ZSCORE": 6.6923675633868305,
        "GI_PVALUE": 2.1958845510824473e-11,
        "GI_CLASS": "HOTSPOT 99%",
        "GI_STAR": 6.6923675633868305,
        "SIGNIFICANCIA": 99,
        "SUMA_LOCAL": 169,
        "NIVEL": 99,
        "COB_A_PCT": 100.0,
        "ESTADO_A": "CUBIERTO",
        "COB_B_PCT": 100.0,
        "ESTADO_B": "CUBIERTO",
        "COB_C_PCT": 100.0,
        "ESTADO_C": "CUBIERTO",
        "COB_B_ANTERIOR_PCT": 100.0,
        "ESTADO_B_ANTERIOR": "CUBIERTO",
        "COB_C_ANTERIOR_PCT": 100.0,
        "ESTADO_C_ANTERIOR": "CUBIERTO"
      },
      "geometry": {
        "type": "MultiPolygon",
        "coordinates": [
          [
            [
              [
                -78.67120982622437,
                -1.657893825507714
              ],
              [
                -78.67121088286827,
                -1.6569898539758365
              ],
              [
                -78.6703125824972,
                -1.6569887907472776
              ],
              [
                -78.67031152544665,
                -1.6578927616987995
              ],
              [
                -78.67120982622437,
                -1.657893825507714
              ]
            ]
          ]
        ]
      }
    },
    {
      "type": "Feature",
      "properties": {
        "CELL_ID": "GIU100-42-41",
        "AMBITO": "URBANO",
        "CATEGORIA": "CONVIVENCIA",
        "PLATAFORMA": "PLATAFORMA I",
        "PARROQUIA": null,
        "DISTANCE_M": 200,
        "CELL_SIZE_M": 100,
        "COUNT": 6,
        "GI_ZSCORE": 2.5044423607686723,
        "GI_PVALUE": 0.012264458681734695,
        "GI_CLASS": "HOTSPOT 95%",
        "GI_STAR": 2.5044423607686723,
        "SIGNIFICANCIA": 95,
        "SUMA_LOCAL": 67,
        "NIVEL": 95,
        "COB_A_PCT": 100.0,
        "ESTADO_A": "CUBIERTO",
        "COB_B_PCT": 100.0,
        "ESTADO_B": "CUBIERTO",
        "COB_C_PCT": 100.0,
        "ESTADO_C": "CUBIERTO",
        "COB_B_ANTERIOR_PCT": 100.0,
        "ESTADO_B_ANTERIOR": "CUBIERTO",
        "COB_C_ANTERIOR_PCT": 100.0,
        "ESTADO_C_ANTERIOR": "CUBIERTO"
      },
      "geometry": {
        "type": "MultiPolygon",
        "coordinates": [
          [
            [
              [
                -78.66043131656748,
                -1.6569770682299356
              ],
              [
                -78.66043025504344,
                -1.6578810327828066
              ],
              [
                -78.66132854945849,
                -1.6578821010946856
              ],
              [
                -78.66132911359604,
                -1.6574015741710764
              ],
              [
                -78.6608348319922,
                -1.6570891379630377
              ],
              [
                -78.66065796109281,
                -1.656977337662515
              ],
              [
                -78.66043131656748,
                -1.6569770682299356
              ]
            ]
          ]
        ]
      }
    },
    {
      "type": "Feature",
      "properties": {
        "CELL_ID": "GIU100-42-42",
        "AMBITO": "URBANO",
        "CATEGORIA": "CONVIVENCIA",
        "PLATAFORMA": "PLATAFORMA I",
        "PARROQUIA": null,
        "DISTANCE_M": 200,
        "CELL_SIZE_M": 100,
        "COUNT": 16,
        "GI_ZSCORE": 2.773582206466265,
        "GI_PVALUE": 0.005544283050079329,
        "GI_CLASS": "HOTSPOT 99%",
        "GI_STAR": 2.773582206466265,
        "SIGNIFICANCIA": 99,
        "SUMA_LOCAL": 81,
        "NIVEL": 99,
        "COB_A_PCT": 100.0,
        "ESTADO_A": "CUBIERTO",
        "COB_B_PCT": 100.0,
        "ESTADO_B": "CUBIERTO",
        "COB_C_PCT": 100.0,
        "ESTADO_C": "CUBIERTO",
        "COB_B_ANTERIOR_PCT": 100.0,
        "ESTADO_B_ANTERIOR": "CUBIERTO",
        "COB_C_ANTERIOR_PCT": 100.0,
        "ESTADO_C_ANTERIOR": "CUBIERTO"
      },
      "geometry": {
        "type": "MultiPolygon",
        "coordinates": [
          [
            [
              [
                -78.66043025504344,
                -1.6578810327828066
              ],
              [
                -78.66043131656748,
                -1.6569770682299356
              ],
              [
                -78.65953302313888,
                -1.6569760000917393
              ],
              [
                -78.65953196120816,
                -1.6578799640615747
              ],
              [
                -78.66043025504344,
                -1.6578810327828066
              ]
            ]
          ]
        ]
      }
    },
    {
      "type": "Feature",
      "properties": {
        "CELL_ID": "GIU100-42-56",
        "AMBITO": "URBANO",
        "CATEGORIA": "CONVIVENCIA",
        "PLATAFORMA": "PLATAFORMA L",
        "PARROQUIA": null,
        "DISTANCE_M": 200,
        "CELL_SIZE_M": 100,
        "COUNT": 1,
        "GI_ZSCORE": 1.6813720402258479,
        "GI_PVALUE": 0.09269067286521332,
        "GI_CLASS": "HOTSPOT 90%",
        "GI_STAR": 1.6813720402258479,
        "SIGNIFICANCIA": 90,
        "SUMA_LOCAL": 62,
        "NIVEL": 90,
        "COB_A_PCT": 30.22803485530029,
        "ESTADO_A": "PARCIALMENTE CUBIERTO",
        "COB_B_PCT": 30.22803485530029,
        "ESTADO_B": "PARCIALMENTE CUBIERTO",
        "COB_C_PCT": 30.22803485530029,
        "ESTADO_C": "PARCIALMENTE CUBIERTO",
        "COB_B_ANTERIOR_PCT": 30.22803485530029,
        "ESTADO_B_ANTERIOR": "PARCIALMENTE CUBIERTO",
        "COB_C_ANTERIOR_PCT": 30.22803485530029,
        "ESTADO_C_ANTERIOR": "PARCIALMENTE CUBIERTO"
      },
      "geometry": {
        "type": "MultiPolygon",
        "coordinates": [
          [
            [
              [
                -78.64785419420875,
                -1.6578660334350803
              ],
              [
                -78.64785526142609,
                -1.6569620770650282
              ],
              [
                -78.64695697613742,
                -1.656961003199161
              ],
              [
                -78.6469559085134,
                -1.6578649589830514
              ],
              [
                -78.64785419420875,
                -1.6578660334350803
              ]
            ]
          ]
        ]
      }
    },
    {
      "type": "Feature",
      "properties": {
        "CELL_ID": "GIU100-42-57",
        "AMBITO": "URBANO",
        "CATEGORIA": "CONVIVENCIA",
        "PLATAFORMA": "PLATAFORMA L",
        "PARROQUIA": null,
        "DISTANCE_M": 200,
        "CELL_SIZE_M": 100,
        "COUNT": 0,
        "GI_ZSCORE": 2.5243432497295646,
        "GI_PVALUE": 0.011591468620709831,
        "GI_CLASS": "HOTSPOT 95%",
        "GI_STAR": 2.5243432497295646,
        "SIGNIFICANCIA": 95,
        "SUMA_LOCAL": 80,
        "NIVEL": 95,
        "COB_A_PCT": 100.0,
        "ESTADO_A": "CUBIERTO",
        "COB_B_PCT": 100.0,
        "ESTADO_B": "CUBIERTO",
        "COB_C_PCT": 100.0,
        "ESTADO_C": "CUBIERTO",
        "COB_B_ANTERIOR_PCT": 100.0,
        "ESTADO_B_ANTERIOR": "CUBIERTO",
        "COB_C_ANTERIOR_PCT": 100.0,
        "ESTADO_C_ANTERIOR": "CUBIERTO"
      },
      "geometry": {
        "type": "MultiPolygon",
        "coordinates": [
          [
            [
              [
                -78.6469559085134,
                -1.6578649589830514
              ],
              [
                -78.64695697613742,
                -1.656961003199161
              ],
              [
                -78.64605869143183,
                -1.6569599289241848
              ],
              [
                -78.64605762340119,
                -1.6578638841216895
              ],
              [
                -78.6469559085134,
                -1.6578649589830514
              ]
            ]
          ]
        ]
      }
    },
    {
      "type": "Feature",
      "properties": {
        "CELL_ID": "GIU100-42-58",
        "AMBITO": "URBANO",
        "CATEGORIA": "CONVIVENCIA",
        "PLATAFORMA": "PLATAFORMA M",
        "PARROQUIA": null,
        "DISTANCE_M": 200,
        "CELL_SIZE_M": 100,
        "COUNT": 42,
        "GI_ZSCORE": 4.631771273488857,
        "GI_PVALUE": 3.6255055976898212e-06,
        "GI_CLASS": "HOTSPOT 99%",
        "GI_STAR": 4.631771273488857,
        "SIGNIFICANCIA": 99,
        "SUMA_LOCAL": 125,
        "NIVEL": 99,
        "COB_A_PCT": 100.0,
        "ESTADO_A": "CUBIERTO",
        "COB_B_PCT": 100.0,
        "ESTADO_B": "CUBIERTO",
        "COB_C_PCT": 100.0,
        "ESTADO_C": "CUBIERTO",
        "COB_B_ANTERIOR_PCT": 100.0,
        "ESTADO_B_ANTERIOR": "CUBIERTO",
        "COB_C_ANTERIOR_PCT": 100.0,
        "ESTADO_C_ANTERIOR": "CUBIERTO"
      },
      "geometry": {
        "type": "MultiPolygon",
        "coordinates": [
          [
            [
              [
                -78.64605762340119,
                -1.6578638841216895
              ],
              [
                -78.64605869143183,
                -1.6569599289241848
              ],
              [
                -78.64516040730956,
                -1.6569588542401
              ],
              [
                -78.64515933887226,
                -1.6578628088509964
              ],
              [
                -78.64605762340119,
                -1.6578638841216895
              ]
            ]
          ]
        ]
      }
    },
    {
      "type": "Feature",
      "properties": {
        "CELL_ID": "GIU100-42-59",
        "AMBITO": "URBANO",
        "CATEGORIA": "CONVIVENCIA",
        "PLATAFORMA": "PLATAFORMA M",
        "PARROQUIA": null,
        "DISTANCE_M": 200,
        "CELL_SIZE_M": 100,
        "COUNT": 1,
        "GI_ZSCORE": 3.78880006398514,
        "GI_PVALUE": 0.00015137667721659297,
        "GI_CLASS": "HOTSPOT 99%",
        "GI_STAR": 3.78880006398514,
        "SIGNIFICANCIA": 99,
        "SUMA_LOCAL": 107,
        "NIVEL": 99,
        "COB_A_PCT": 100.0,
        "ESTADO_A": "CUBIERTO",
        "COB_B_PCT": 100.0,
        "ESTADO_B": "CUBIERTO",
        "COB_C_PCT": 100.0,
        "ESTADO_C": "CUBIERTO",
        "COB_B_ANTERIOR_PCT": 100.0,
        "ESTADO_B_ANTERIOR": "CUBIERTO",
        "COB_C_ANTERIOR_PCT": 100.0,
        "ESTADO_C_ANTERIOR": "CUBIERTO"
      },
      "geometry": {
        "type": "MultiPolygon",
        "coordinates": [
          [
            [
              [
                -78.64515933887226,
                -1.6578628088509964
              ],
              [
                -78.64516040730956,
                -1.6569588542401
              ],
              [
                -78.64426212377082,
                -1.6569577791469086
              ],
              [
                -78.64426105492689,
                -1.657861733170973
              ],
              [
                -78.64515933887226,
                -1.6578628088509964
              ]
            ]
          ]
        ]
      }
    },
    {
      "type": "Feature",
      "properties": {
        "CELL_ID": "GIU100-42-60",
        "AMBITO": "URBANO",
        "CATEGORIA": "CONVIVENCIA",
        "PLATAFORMA": "PLATAFORMA M",
        "PARROQUIA": null,
        "DISTANCE_M": 200,
        "CELL_SIZE_M": 100,
        "COUNT": 4,
        "GI_ZSCORE": 2.852165386758788,
        "GI_PVALUE": 0.004342250191648193,
        "GI_CLASS": "HOTSPOT 99%",
        "GI_STAR": 2.852165386758788,
        "SIGNIFICANCIA": 99,
        "SUMA_LOCAL": 87,
        "NIVEL": 99,
        "COB_A_PCT": 100.0,
        "ESTADO_A": "CUBIERTO",
        "COB_B_PCT": 100.0,
        "ESTADO_B": "CUBIERTO",
        "COB_C_PCT": 100.0,
        "ESTADO_C": "CUBIERTO",
        "COB_B_ANTERIOR_PCT": 100.0,
        "ESTADO_B_ANTERIOR": "CUBIERTO",
        "COB_C_ANTERIOR_PCT": 100.0,
        "ESTADO_C_ANTERIOR": "CUBIERTO"
      },
      "geometry": {
        "type": "MultiPolygon",
        "coordinates": [
          [
            [
              [
                -78.64426105492689,
                -1.657861733170973
              ],
              [
                -78.64426212377082,
                -1.6569577791469086
              ],
              [
                -78.64336384081584,
                -1.6569567036446116
              ],
              [
                -78.64336277156525,
                -1.657860657081621
              ],
              [
                -78.64426105492689,
                -1.657861733170973
              ]
            ]
          ]
        ]
      }
    },
    {
      "type": "Feature",
      "properties": {
        "CELL_ID": "GIU100-43-27",
        "AMBITO": "URBANO",
        "CATEGORIA": "CONVIVENCIA",
        "PLATAFORMA": "PLATAFORMA E",
        "PARROQUIA": null,
        "DISTANCE_M": 200,
        "CELL_SIZE_M": 100,
        "COUNT": 0,
        "GI_ZSCORE": 4.77226647507281,
        "GI_PVALUE": 1.8216426563463607e-06,
        "GI_CLASS": "HOTSPOT 99%",
        "GI_STAR": 4.77226647507281,
        "SIGNIFICANCIA": 99,
        "SUMA_LOCAL": 128,
        "NIVEL": 99,
        "COB_A_PCT": 98.27939876206803,
        "ESTADO_A": "PARCIALMENTE CUBIERTO",
        "COB_B_PCT": 98.27939876206803,
        "ESTADO_B": "PARCIALMENTE CUBIERTO",
        "COB_C_PCT": 98.27939876206803,
        "ESTADO_C": "PARCIALMENTE CUBIERTO",
        "COB_B_ANTERIOR_PCT": 98.27939876206803,
        "ESTADO_B_ANTERIOR": "PARCIALMENTE CUBIERTO",
        "COB_C_ANTERIOR_PCT": 98.27939876206803,
        "ESTADO_C_ANTERIOR": "PARCIALMENTE CUBIERTO"
      },
      "geometry": {
        "type": "MultiPolygon",
        "coordinates": [
          [
            [
              [
                -78.673905787443,
                -1.656993041206639
              ],
              [
                -78.67390684229038,
                -1.6560890679260838
              ],
              [
                -78.6730085405952,
                -1.6560880065046484
              ],
              [
                -78.67300748534136,
                -1.6569919792055186
              ],
              [
                -78.673905787443,
                -1.656993041206639
              ]
            ]
          ]
        ]
      }
    },
    {
      "type": "Feature",
      "properties": {
        "CELL_ID": "GIU100-43-28",
        "AMBITO": "URBANO",
        "CATEGORIA": "CONVIVENCIA",
        "PLATAFORMA": "PLATAFORMA F",
        "PARROQUIA": null,
        "DISTANCE_M": 200,
        "CELL_SIZE_M": 100,
        "COUNT": 4,
        "GI_ZSCORE": 11.00088707862805,
        "GI_PVALUE": 3.783910778122703e-28,
        "GI_CLASS": "HOTSPOT 99%",
        "GI_STAR": 11.00088707862805,
        "SIGNIFICANCIA": 99,
        "SUMA_LOCAL": 261,
        "NIVEL": 99,
        "COB_A_PCT": 100.0,
        "ESTADO_A": "CUBIERTO",
        "COB_B_PCT": 100.0,
        "ESTADO_B": "CUBIERTO",
        "COB_C_PCT": 100.0,
        "ESTADO_C": "CUBIERTO",
        "COB_B_ANTERIOR_PCT": 100.0,
        "ESTADO_B_ANTERIOR": "CUBIERTO",
        "COB_C_ANTERIOR_PCT": 100.0,
        "ESTADO_C_ANTERIOR": "CUBIERTO"
      },
      "geometry": {
        "type": "MultiPolygon",
        "coordinates": [
          [
            [
              [
                -78.67300748534136,
                -1.6569919792055186
              ],
              [
                -78.6730085405952,
                -1.6560880065046484
              ],
              [
                -78.67211023947668,
                -1.6560869446742896
              ],
              [
                -78.67210918381636,
                -1.6569909167952508
              ],
              [
                -78.67300748534136,
                -1.6569919792055186
              ]
            ]
          ]
        ]
      }
    },
    {
      "type": "Feature",
      "properties": {
        "CELL_ID": "GIU100-43-29",
        "AMBITO": "URBANO",
        "CATEGORIA": "CONVIVENCIA",
        "PLATAFORMA": "PLATAFORMA F",
        "PARROQUIA": null,
        "DISTANCE_M": 200,
        "CELL_SIZE_M": 100,
        "COUNT": 6,
        "GI_ZSCORE": 5.474742482992574,
        "GI_PVALUE": 4.38148300884828e-08,
        "GI_CLASS": "HOTSPOT 99%",
        "GI_STAR": 5.474742482992574,
        "SIGNIFICANCIA": 99,
        "SUMA_LOCAL": 143,
        "NIVEL": 99,
        "COB_A_PCT": 100.0,
        "ESTADO_A": "CUBIERTO",
        "COB_B_PCT": 100.0,
        "ESTADO_B": "CUBIERTO",
        "COB_C_PCT": 100.0,
        "ESTADO_C": "CUBIERTO",
        "COB_B_ANTERIOR_PCT": 100.0,
        "ESTADO_B_ANTERIOR": "CUBIERTO",
        "COB_C_ANTERIOR_PCT": 100.0,
        "ESTADO_C_ANTERIOR": "CUBIERTO"
      },
      "geometry": {
        "type": "MultiPolygon",
        "coordinates": [
          [
            [
              [
                -78.67210918381636,
                -1.6569909167952508
              ],
              [
                -78.67211023947668,
                -1.6560869446742896
              ],
              [
                -78.67121193893503,
                -1.6560858824350069
              ],
              [
                -78.67121088286827,
                -1.6569898539758365
              ],
              [
                -78.67210918381636,
                -1.6569909167952508
              ]
            ]
          ]
        ]
      }
    },
    {
      "type": "Feature",
      "properties": {
        "CELL_ID": "GIU100-43-57",
        "AMBITO": "URBANO",
        "CATEGORIA": "CONVIVENCIA",
        "PLATAFORMA": "PLATAFORMA L",
        "PARROQUIA": null,
        "DISTANCE_M": 200,
        "CELL_SIZE_M": 100,
        "COUNT": 0,
        "GI_ZSCORE": 1.8686989756711183,
        "GI_PVALUE": 0.06166470661734565,
        "GI_CLASS": "HOTSPOT 90%",
        "GI_STAR": 1.8686989756711183,
        "SIGNIFICANCIA": 90,
        "SUMA_LOCAL": 66,
        "NIVEL": 90,
        "COB_A_PCT": 100.0,
        "ESTADO_A": "CUBIERTO",
        "COB_B_PCT": 100.0,
        "ESTADO_B": "CUBIERTO",
        "COB_C_PCT": 100.0,
        "ESTADO_C": "CUBIERTO",
        "COB_B_ANTERIOR_PCT": 100.0,
        "ESTADO_B_ANTERIOR": "CUBIERTO",
        "COB_C_ANTERIOR_PCT": 100.0,
        "ESTADO_C_ANTERIOR": "CUBIERTO"
      },
      "geometry": {
        "type": "MultiPolygon",
        "coordinates": [
          [
            [
              [
                -78.64695697613742,
                -1.656961003199161
              ],
              [
                -78.64695804317832,
                -1.6560570474063052
              ],
              [
                -78.64605975887916,
                -1.6560559737177138
              ],
              [
                -78.64605869143183,
                -1.6569599289241848
              ],
              [
                -78.64695697613742,
                -1.656961003199161
              ]
            ]
          ]
        ]
      }
    },
    {
      "type": "Feature",
      "properties": {
        "CELL_ID": "GIU100-43-58",
        "AMBITO": "URBANO",
        "CATEGORIA": "CONVIVENCIA",
        "PLATAFORMA": "PLATAFORMA L",
        "PARROQUIA": null,
        "DISTANCE_M": 200,
        "CELL_SIZE_M": 100,
        "COUNT": 1,
        "GI_ZSCORE": 1.8686989756711183,
        "GI_PVALUE": 0.06166470661734565,
        "GI_CLASS": "HOTSPOT 90%",
        "GI_STAR": 1.8686989756711183,
        "SIGNIFICANCIA": 90,
        "SUMA_LOCAL": 66,
        "NIVEL": 90,
        "COB_A_PCT": 100.0,
        "ESTADO_A": "CUBIERTO",
        "COB_B_PCT": 100.0,
        "ESTADO_B": "CUBIERTO",
        "COB_C_PCT": 100.0,
        "ESTADO_C": "CUBIERTO",
        "COB_B_ANTERIOR_PCT": 100.0,
        "ESTADO_B_ANTERIOR": "CUBIERTO",
        "COB_C_ANTERIOR_PCT": 100.0,
        "ESTADO_C_ANTERIOR": "CUBIERTO"
      },
      "geometry": {
        "type": "MultiPolygon",
        "coordinates": [
          [
            [
              [
                -78.64605869143183,
                -1.6569599289241848
              ],
              [
                -78.64605975887916,
                -1.6560559737177138
              ],
              [
                -78.64516147516332,
                -1.6560548996202369
              ],
              [
                -78.64516040730956,
                -1.6569588542401
              ],
              [
                -78.64605869143183,
                -1.6569599289241848
              ]
            ]
          ]
        ]
      }
    },
    {
      "type": "Feature",
      "properties": {
        "CELL_ID": "GIU100-43-59",
        "AMBITO": "URBANO",
        "CATEGORIA": "CONVIVENCIA",
        "PLATAFORMA": "PLATAFORMA M",
        "PARROQUIA": null,
        "DISTANCE_M": 200,
        "CELL_SIZE_M": 100,
        "COUNT": 0,
        "GI_ZSCORE": 1.775035507948483,
        "GI_PVALUE": 0.07589202442313431,
        "GI_CLASS": "HOTSPOT 90%",
        "GI_STAR": 1.775035507948483,
        "SIGNIFICANCIA": 90,
        "SUMA_LOCAL": 64,
        "NIVEL": 90,
        "COB_A_PCT": 100.0,
        "ESTADO_A": "CUBIERTO",
        "COB_B_PCT": 100.0,
        "ESTADO_B": "CUBIERTO",
        "COB_C_PCT": 100.0,
        "ESTADO_C": "CUBIERTO",
        "COB_B_ANTERIOR_PCT": 100.0,
        "ESTADO_B_ANTERIOR": "CUBIERTO",
        "COB_C_ANTERIOR_PCT": 100.0,
        "ESTADO_C_ANTERIOR": "CUBIERTO"
      },
      "geometry": {
        "type": "MultiPolygon",
        "coordinates": [
          [
            [
              [
                -78.64516040730956,
                -1.6569588542401
              ],
              [
                -78.64516147516332,
                -1.6560548996202369
              ],
              [
                -78.644263192031,
                -1.6560538251138768
              ],
              [
                -78.64426212377082,
                -1.6569577791469086
              ],
              [
                -78.64516040730956,
                -1.6569588542401
              ]
            ]
          ]
        ]
      }
    },
    {
      "type": "Feature",
      "properties": {
        "CELL_ID": "GIU100-44-28",
        "AMBITO": "URBANO",
        "CATEGORIA": "CONVIVENCIA",
        "PLATAFORMA": "PLATAFORMA E",
        "PARROQUIA": null,
        "DISTANCE_M": 200,
        "CELL_SIZE_M": 100,
        "COUNT": 1,
        "GI_ZSCORE": 5.100088612102033,
        "GI_PVALUE": 3.394945040870727e-07,
        "GI_CLASS": "HOTSPOT 99%",
        "GI_STAR": 5.100088612102033,
        "SIGNIFICANCIA": 99,
        "SUMA_LOCAL": 135,
        "NIVEL": 99,
        "COB_A_PCT": 72.11151104242084,
        "ESTADO_A": "PARCIALMENTE CUBIERTO",
        "COB_B_PCT": 72.11151104242084,
        "ESTADO_B": "PARCIALMENTE CUBIERTO",
        "COB_C_PCT": 72.11151104242084,
        "ESTADO_C": "PARCIALMENTE CUBIERTO",
        "COB_B_ANTERIOR_PCT": 72.11151104242084,
        "ESTADO_B_ANTERIOR": "PARCIALMENTE CUBIERTO",
        "COB_C_ANTERIOR_PCT": 72.11151104242084,
        "ESTADO_C_ANTERIOR": "PARCIALMENTE CUBIERTO"
      },
      "geometry": {
        "type": "MultiPolygon",
        "coordinates": [
          [
            [
              [
                -78.6730085405952,
                -1.6560880065046484
              ],
              [
                -78.6730095952724,
                -1.6551840337948327
              ],
              [
                -78.67211129456012,
                -1.655182972544381
              ],
              [
                -78.67211023947668,
                -1.6560869446742896
              ],
              [
                -78.6730085405952,
                -1.6560880065046484
              ]
            ]
          ]
        ]
      }
    },
    {
      "type": "Feature",
      "properties": {
        "CELL_ID": "GIU100-44-58",
        "AMBITO": "URBANO",
        "CATEGORIA": "CONVIVENCIA",
        "PLATAFORMA": "PLATAFORMA L",
        "PARROQUIA": null,
        "DISTANCE_M": 200,
        "CELL_SIZE_M": 100,
        "COUNT": 1,
        "GI_ZSCORE": 2.1496893788390237,
        "GI_PVALUE": 0.031579793147695115,
        "GI_CLASS": "HOTSPOT 95%",
        "GI_STAR": 2.1496893788390237,
        "SIGNIFICANCIA": 95,
        "SUMA_LOCAL": 72,
        "NIVEL": 95,
        "COB_A_PCT": 100.0,
        "ESTADO_A": "CUBIERTO",
        "COB_B_PCT": 100.0,
        "ESTADO_B": "CUBIERTO",
        "COB_C_PCT": 100.0,
        "ESTADO_C": "CUBIERTO",
        "COB_B_ANTERIOR_PCT": 100.0,
        "ESTADO_B_ANTERIOR": "CUBIERTO",
        "COB_C_ANTERIOR_PCT": 100.0,
        "ESTADO_C_ANTERIOR": "CUBIERTO"
      },
      "geometry": {
        "type": "MultiPolygon",
        "coordinates": [
          [
            [
              [
                -78.64605975887916,
                -1.6560559737177138
              ],
              [
                -78.64606082574319,
                -1.6551520185022806
              ],
              [
                -78.64516254243355,
                -1.6551509449914117
              ],
              [
                -78.64516147516332,
                -1.6560548996202369
              ],
              [
                -78.64605975887916,
                -1.6560559737177138
              ]
            ]
          ]
        ]
      }
    },
    {
      "type": "Feature",
      "properties": {
        "CELL_ID": "GIU100-45-33",
        "AMBITO": "URBANO",
        "CATEGORIA": "CONVIVENCIA",
        "PLATAFORMA": "PLATAFORMA H",
        "PARROQUIA": null,
        "DISTANCE_M": 200,
        "CELL_SIZE_M": 100,
        "COUNT": 0,
        "GI_ZSCORE": 6.832862764970784,
        "GI_PVALUE": 8.323657709758322e-12,
        "GI_CLASS": "HOTSPOT 99%",
        "GI_STAR": 6.832862764970784,
        "SIGNIFICANCIA": 99,
        "SUMA_LOCAL": 172,
        "NIVEL": 99,
        "COB_A_PCT": 100.0,
        "ESTADO_A": "CUBIERTO",
        "COB_B_PCT": 100.0,
        "ESTADO_B": "CUBIERTO",
        "COB_C_PCT": 100.0,
        "ESTADO_C": "CUBIERTO",
        "COB_B_ANTERIOR_PCT": 100.0,
        "ESTADO_B_ANTERIOR": "CUBIERTO",
        "COB_C_ANTERIOR_PCT": 100.0,
        "ESTADO_C_ANTERIOR": "CUBIERTO"
      },
      "geometry": {
        "type": "MultiPolygon",
        "coordinates": [
          [
            [
              [
                -78.66851809748191,
                -1.6551787234555921
              ],
              [
                -78.66851915361259,
                -1.654274753638605
              ],
              [
                -78.66762085619287,
                -1.6542736909256925
              ],
              [
                -78.6676197996562,
                -1.6551776601616557
              ],
              [
                -78.66851809748191,
                -1.6551787234555921
              ]
            ]
          ]
        ]
      }
    },
    {
      "type": "Feature",
      "properties": {
        "CELL_ID": "GIU100-46-3",
        "AMBITO": "URBANO",
        "CATEGORIA": "CONVIVENCIA",
        "PLATAFORMA": "PLATAFORMA D",
        "PARROQUIA": null,
        "DISTANCE_M": 200,
        "CELL_SIZE_M": 100,
        "COUNT": 0,
        "GI_ZSCORE": 1.7263302136934178,
        "GI_PVALUE": 0.08428802275153499,
        "GI_CLASS": "HOTSPOT 90%",
        "GI_STAR": 1.7263302136934178,
        "SIGNIFICANCIA": 90,
        "SUMA_LOCAL": 45,
        "NIVEL": 90,
        "COB_A_PCT": 0.0,
        "ESTADO_A": "SIN COBERTURA",
        "COB_B_PCT": 0.0,
        "ESTADO_B": "SIN COBERTURA",
        "COB_C_PCT": 100.0,
        "ESTADO_C": "CUBIERTO",
        "COB_B_ANTERIOR_PCT": 0.0,
        "ESTADO_B_ANTERIOR": "SIN COBERTURA",
        "COB_C_ANTERIOR_PCT": 100.0,
        "ESTADO_C_ANTERIOR": "CUBIERTO"
      },
      "geometry": {
        "type": "MultiPolygon",
        "coordinates": [
          [
            [
              [
                -78.69457107298969,
                -1.6534014080444095
              ],
              [
                -78.69457085029137,
                -1.6535943211315436
              ],
              [
                -78.69477410376318,
                -1.6534016453676743
              ],
              [
                -78.69457107298969,
                -1.6534014080444095
              ]
            ]
          ]
        ]
      }
    },
    {
      "type": "Feature",
      "properties": {
        "CELL_ID": "GIU100-46-32",
        "AMBITO": "URBANO",
        "CATEGORIA": "CONVIVENCIA",
        "PLATAFORMA": "PLATAFORMA F",
        "PARROQUIA": null,
        "DISTANCE_M": 200,
        "CELL_SIZE_M": 100,
        "COUNT": 15,
        "GI_ZSCORE": 6.645535829525513,
        "GI_PVALUE": 3.0211595511036604e-11,
        "GI_CLASS": "HOTSPOT 99%",
        "GI_STAR": 6.645535829525513,
        "SIGNIFICANCIA": 99,
        "SUMA_LOCAL": 168,
        "NIVEL": 99,
        "COB_A_PCT": 95.48823821286001,
        "ESTADO_A": "PARCIALMENTE CUBIERTO",
        "COB_B_PCT": 95.48823821286001,
        "ESTADO_B": "PARCIALMENTE CUBIERTO",
        "COB_C_PCT": 95.48823821286001,
        "ESTADO_C": "PARCIALMENTE CUBIERTO",
        "COB_B_ANTERIOR_PCT": 95.48823821286001,
        "ESTADO_B_ANTERIOR": "PARCIALMENTE CUBIERTO",
        "COB_C_ANTERIOR_PCT": 95.48823821286001,
        "ESTADO_C_ANTERIOR": "PARCIALMENTE CUBIERTO"
      },
      "geometry": {
        "type": "MultiPolygon",
        "coordinates": [
          [
            [
              [
                -78.66941745161003,
                -1.6542758159430464
              ],
              [
                -78.66941850675714,
                -1.6533718455363198
              ],
              [
                -78.66852020916548,
                -1.6533707838126788
              ],
              [
                -78.66851915361259,
                -1.654274753638605
              ],
              [
                -78.66941745161003,
                -1.6542758159430464
              ]
            ]
          ]
        ]
      }
    },
    {
      "type": "Feature",
      "properties": {
        "CELL_ID": "GIU100-46-33",
        "AMBITO": "URBANO",
        "CATEGORIA": "CONVIVENCIA",
        "PLATAFORMA": "PLATAFORMA H",
        "PARROQUIA": null,
        "DISTANCE_M": 200,
        "CELL_SIZE_M": 100,
        "COUNT": 1,
        "GI_ZSCORE": 7.113853168138689,
        "GI_PVALUE": 1.1284720665008213e-12,
        "GI_CLASS": "HOTSPOT 99%",
        "GI_STAR": 7.113853168138689,
        "SIGNIFICANCIA": 99,
        "SUMA_LOCAL": 178,
        "NIVEL": 99,
        "COB_A_PCT": 100.0,
        "ESTADO_A": "CUBIERTO",
        "COB_B_PCT": 100.0,
        "ESTADO_B": "CUBIERTO",
        "COB_C_PCT": 100.0,
        "ESTADO_C": "CUBIERTO",
        "COB_B_ANTERIOR_PCT": 100.0,
        "ESTADO_B_ANTERIOR": "CUBIERTO",
        "COB_C_ANTERIOR_PCT": 100.0,
        "ESTADO_C_ANTERIOR": "CUBIERTO"
      },
      "geometry": {
        "type": "MultiPolygon",
        "coordinates": [
          [
            [
              [
                -78.66851915361259,
                -1.654274753638605
              ],
              [
                -78.66852020916548,
                -1.6533707838126788
              ],
              [
                -78.66762191215157,
                -1.65336972168079
              ],
              [
                -78.66762085619287,
                -1.6542736909256925
              ],
              [
                -78.66851915361259,
                -1.654274753638605
              ]
            ]
          ]
        ]
      }
    },
    {
      "type": "Feature",
      "properties": {
        "CELL_ID": "GIU100-46-34",
        "AMBITO": "URBANO",
        "CATEGORIA": "CONVIVENCIA",
        "PLATAFORMA": "PLATAFORMA H",
        "PARROQUIA": null,
        "DISTANCE_M": 200,
        "CELL_SIZE_M": 100,
        "COUNT": 12,
        "GI_ZSCORE": 7.535338772890547,
        "GI_PVALUE": 4.870686494822802e-14,
        "GI_CLASS": "HOTSPOT 99%",
        "GI_STAR": 7.535338772890547,
        "SIGNIFICANCIA": 99,
        "SUMA_LOCAL": 187,
        "NIVEL": 99,
        "COB_A_PCT": 100.0,
        "ESTADO_A": "CUBIERTO",
        "COB_B_PCT": 100.0,
        "ESTADO_B": "CUBIERTO",
        "COB_C_PCT": 100.0,
        "ESTADO_C": "CUBIERTO",
        "COB_B_ANTERIOR_PCT": 100.0,
        "ESTADO_B_ANTERIOR": "CUBIERTO",
        "COB_C_ANTERIOR_PCT": 100.0,
        "ESTADO_C_ANTERIOR": "CUBIERTO"
      },
      "geometry": {
        "type": "MultiPolygon",
        "coordinates": [
          [
            [
              [
                -78.66762085619287,
                -1.6542736909256925
              ],
              [
                -78.66762191215157,
                -1.65336972168079
              ],
              [
                -78.66672361571564,
                -1.6533686591406545
              ],
              [
                -78.66672255935114,
                -1.6542726278043105
              ],
              [
                -78.66762085619287,
                -1.6542736909256925
              ]
            ]
          ]
        ]
      }
    },
    {
      "type": "Feature",
      "properties": {
        "CELL_ID": "GIU100-47-28",
        "AMBITO": "URBANO",
        "CATEGORIA": "CONVIVENCIA",
        "PLATAFORMA": "PLATAFORMA F",
        "PARROQUIA": null,
        "DISTANCE_M": 200,
        "CELL_SIZE_M": 100,
        "COUNT": 2,
        "GI_ZSCORE": 1.8686989756711183,
        "GI_PVALUE": 0.06166470661734565,
        "GI_CLASS": "HOTSPOT 90%",
        "GI_STAR": 1.8686989756711183,
        "SIGNIFICANCIA": 90,
        "SUMA_LOCAL": 66,
        "NIVEL": 90,
        "COB_A_PCT": 0.0,
        "ESTADO_A": "SIN COBERTURA",
        "COB_B_PCT": 0.0,
        "ESTADO_B": "SIN COBERTURA",
        "COB_C_PCT": 0.0,
        "ESTADO_C": "SIN COBERTURA",
        "COB_B_ANTERIOR_PCT": 30.646297169534638,
        "ESTADO_B_ANTERIOR": "PARCIALMENTE CUBIERTO",
        "COB_C_ANTERIOR_PCT": 30.646297169534638,
        "ESTADO_C_ANTERIOR": "PARCIALMENTE CUBIERTO"
      },
      "geometry": {
        "type": "MultiPolygon",
        "coordinates": [
          [
            [
              [
                -78.67301170289687,
                -1.6533760883483803
              ],
              [
                -78.67301275584413,
                -1.652472115611755
              ],
              [
                -78.67211445634926,
                -1.6524710561010243
              ],
              [
                -78.67211340299642,
                -1.6533750282577433
              ],
              [
                -78.67301170289687,
                -1.6533760883483803
              ]
            ]
          ]
        ]
      }
    },
    {
      "type": "Feature",
      "properties": {
        "CELL_ID": "GIU100-47-31",
        "AMBITO": "URBANO",
        "CATEGORIA": "CONVIVENCIA",
        "PLATAFORMA": "PLATAFORMA F",
        "PARROQUIA": null,
        "DISTANCE_M": 200,
        "CELL_SIZE_M": 100,
        "COUNT": 0,
        "GI_ZSCORE": 6.786031031109466,
        "GI_PVALUE": 1.1526037007675903e-11,
        "GI_CLASS": "HOTSPOT 99%",
        "GI_STAR": 6.786031031109466,
        "SIGNIFICANCIA": 99,
        "SUMA_LOCAL": 171,
        "NIVEL": 99,
        "COB_A_PCT": 0.0,
        "ESTADO_A": "SIN COBERTURA",
        "COB_B_PCT": 0.0,
        "ESTADO_B": "SIN COBERTURA",
        "COB_C_PCT": 0.0,
        "ESTADO_C": "SIN COBERTURA",
        "COB_B_ANTERIOR_PCT": 0.0,
        "ESTADO_B_ANTERIOR": "SIN COBERTURA",
        "COB_C_ANTERIOR_PCT": 0.0,
        "ESTADO_C_ANTERIOR": "SIN COBERTURA"
      },
      "geometry": {
        "type": "MultiPolygon",
        "coordinates": [
          [
            [
              [
                -78.67031680492633,
                -1.6533729068517116
              ],
              [
                -78.67031785909033,
                -1.6524689358554754
              ],
              [
                -78.66941956132672,
                -1.6524678751206598
              ],
              [
                -78.66941850675714,
                -1.6533718455363198
              ],
              [
                -78.67031680492633,
                -1.6533729068517116
              ]
            ]
          ]
        ]
      }
    },
    {
      "type": "Feature",
      "properties": {
        "CELL_ID": "GIU100-47-32",
        "AMBITO": "URBANO",
        "CATEGORIA": "CONVIVENCIA",
        "PLATAFORMA": "PLATAFORMA F",
        "PARROQUIA": null,
        "DISTANCE_M": 200,
        "CELL_SIZE_M": 100,
        "COUNT": 0,
        "GI_ZSCORE": 7.582170506751865,
        "GI_PVALUE": 3.398212677501381e-14,
        "GI_CLASS": "HOTSPOT 99%",
        "GI_STAR": 7.582170506751865,
        "SIGNIFICANCIA": 99,
        "SUMA_LOCAL": 188,
        "NIVEL": 99,
        "COB_A_PCT": 89.64690112413601,
        "ESTADO_A": "PARCIALMENTE CUBIERTO",
        "COB_B_PCT": 89.64690112413601,
        "ESTADO_B": "PARCIALMENTE CUBIERTO",
        "COB_C_PCT": 89.64690112413601,
        "ESTADO_C": "PARCIALMENTE CUBIERTO",
        "COB_B_ANTERIOR_PCT": 89.64690112413601,
        "ESTADO_B_ANTERIOR": "PARCIALMENTE CUBIERTO",
        "COB_C_ANTERIOR_PCT": 89.64690112413601,
        "ESTADO_C_ANTERIOR": "PARCIALMENTE CUBIERTO"
      },
      "geometry": {
        "type": "MultiPolygon",
        "coordinates": [
          [
            [
              [
                -78.66941850675714,
                -1.6533718455363198
              ],
              [
                -78.66941956132672,
                -1.6524678751206598
              ],
              [
                -78.66852126414064,
                -1.6524668139778187
              ],
              [
                -78.66852020916548,
                -1.6533707838126788
              ],
              [
                -78.66941850675714,
                -1.6533718455363198
              ]
            ]
          ]
        ]
      }
    },
    {
      "type": "Feature",
      "properties": {
        "CELL_ID": "GIU100-47-33",
        "AMBITO": "URBANO",
        "CATEGORIA": "CONVIVENCIA",
        "PLATAFORMA": "PLATAFORMA F",
        "PARROQUIA": null,
        "DISTANCE_M": 200,
        "CELL_SIZE_M": 100,
        "COUNT": 117,
        "GI_ZSCORE": 7.441675305167912,
        "GI_PVALUE": 9.941633856285272e-14,
        "GI_CLASS": "HOTSPOT 99%",
        "GI_STAR": 7.441675305167912,
        "SIGNIFICANCIA": 99,
        "SUMA_LOCAL": 185,
        "NIVEL": 99,
        "COB_A_PCT": 100.0,
        "ESTADO_A": "CUBIERTO",
        "COB_B_PCT": 100.0,
        "ESTADO_B": "CUBIERTO",
        "COB_C_PCT": 100.0,
        "ESTADO_C": "CUBIERTO",
        "COB_B_ANTERIOR_PCT": 100.0,
        "ESTADO_B_ANTERIOR": "CUBIERTO",
        "COB_C_ANTERIOR_PCT": 100.0,
        "ESTADO_C_ANTERIOR": "CUBIERTO"
      },
      "geometry": {
        "type": "MultiPolygon",
        "coordinates": [
          [
            [
              [
                -78.66852020916548,
                -1.6533707838126788
              ],
              [
                -78.66852126414064,
                -1.6524668139778187
              ],
              [
                -78.66762296753231,
                -1.6524657524269533
              ],
              [
                -78.66762191215157,
                -1.65336972168079
              ],
              [
                -78.66852020916548,
                -1.6533707838126788
              ]
            ]
          ]
        ]
      }
    },
    {
      "type": "Feature",
      "properties": {
        "CELL_ID": "GIU100-47-34",
        "AMBITO": "URBANO",
        "CATEGORIA": "CONVIVENCIA",
        "PLATAFORMA": "PLATAFORMA G",
        "PARROQUIA": null,
        "DISTANCE_M": 200,
        "CELL_SIZE_M": 100,
        "COUNT": 13,
        "GI_ZSCORE": 6.551872361802878,
        "GI_PVALUE": 5.682009906502148e-11,
        "GI_CLASS": "HOTSPOT 99%",
        "GI_STAR": 6.551872361802878,
        "SIGNIFICANCIA": 99,
        "SUMA_LOCAL": 166,
        "NIVEL": 99,
        "COB_A_PCT": 100.0,
        "ESTADO_A": "CUBIERTO",
        "COB_B_PCT": 100.0,
        "ESTADO_B": "CUBIERTO",
        "COB_C_PCT": 100.0,
        "ESTADO_C": "CUBIERTO",
        "COB_B_ANTERIOR_PCT": 100.0,
        "ESTADO_B_ANTERIOR": "CUBIERTO",
        "COB_C_ANTERIOR_PCT": 100.0,
        "ESTADO_C_ANTERIOR": "CUBIERTO"
      },
      "geometry": {
        "type": "MultiPolygon",
        "coordinates": [
          [
            [
              [
                -78.66762191215157,
                -1.65336972168079
              ],
              [
                -78.66762296753231,
                -1.6524657524269533
              ],
              [
                -78.66672467150195,
                -1.6524646904680642
              ],
              [
                -78.66672361571564,
                -1.6533686591406545
              ],
              [
                -78.66762191215157,
                -1.65336972168079
              ]
            ]
          ]
        ]
      }
    },
    {
      "type": "Feature",
      "properties": {
        "CELL_ID": "GIU100-47-35",
        "AMBITO": "URBANO",
        "CATEGORIA": "CONVIVENCIA",
        "PLATAFORMA": "PLATAFORMA G",
        "PARROQUIA": null,
        "DISTANCE_M": 200,
        "CELL_SIZE_M": 100,
        "COUNT": 3,
        "GI_ZSCORE": 6.645535829525513,
        "GI_PVALUE": 3.0211595511036604e-11,
        "GI_CLASS": "HOTSPOT 99%",
        "GI_STAR": 6.645535829525513,
        "SIGNIFICANCIA": 99,
        "SUMA_LOCAL": 168,
        "NIVEL": 99,
        "COB_A_PCT": 96.32662192908651,
        "ESTADO_A": "PARCIALMENTE CUBIERTO",
        "COB_B_PCT": 96.32662192908651,
        "ESTADO_B": "PARCIALMENTE CUBIERTO",
        "COB_C_PCT": 100.0,
        "ESTADO_C": "CUBIERTO",
        "COB_B_ANTERIOR_PCT": 96.32662192908651,
        "ESTADO_B_ANTERIOR": "PARCIALMENTE CUBIERTO",
        "COB_C_ANTERIOR_PCT": 96.32662192908651,
        "ESTADO_C_ANTERIOR": "PARCIALMENTE CUBIERTO"
      },
      "geometry": {
        "type": "MultiPolygon",
        "coordinates": [
          [
            [
              [
                -78.66672361571564,
                -1.6533686591406545
              ],
              [
                -78.66672467150195,
                -1.6524646904680642
              ],
              [
                -78.66582637604978,
                -1.6524636281011535
              ],
              [
                -78.66582531985792,
                -1.6533675961922745
              ],
              [
                -78.66672361571564,
                -1.6533686591406545
              ]
            ]
          ]
        ]
      }
    },
    {
      "type": "Feature",
      "properties": {
        "CELL_ID": "GIU100-48-27",
        "AMBITO": "URBANO",
        "CATEGORIA": "CONVIVENCIA",
        "PLATAFORMA": "PLATAFORMA F",
        "PARROQUIA": null,
        "DISTANCE_M": 200,
        "CELL_SIZE_M": 100,
        "COUNT": 2,
        "GI_ZSCORE": 2.383848048145612,
        "GI_PVALUE": 0.017132674951699872,
        "GI_CLASS": "HOTSPOT 95%",
        "GI_STAR": 2.383848048145612,
        "SIGNIFICANCIA": 95,
        "SUMA_LOCAL": 77,
        "NIVEL": 95,
        "COB_A_PCT": 0.0,
        "ESTADO_A": "SIN COBERTURA",
        "COB_B_PCT": 0.0,
        "ESTADO_B": "SIN COBERTURA",
        "COB_C_PCT": 0.0,
        "ESTADO_C": "SIN COBERTURA",
        "COB_B_ANTERIOR_PCT": 97.70404149549238,
        "ESTADO_B_ANTERIOR": "PARCIALMENTE CUBIERTO",
        "COB_C_ANTERIOR_PCT": 97.70404149549238,
        "ESTADO_C_ANTERIOR": "PARCIALMENTE CUBIERTO"
      },
      "geometry": {
        "type": "MultiPolygon",
        "coordinates": [
          [
            [
              [
                -78.67391105591565,
                -1.6524731747144545
              ],
              [
                -78.67391210788092,
                -1.6515692013892194
              ],
              [
                -78.67301380821476,
                -1.651568142866202
              ],
              [
                -78.67301275584413,
                -1.652472115611755
              ],
              [
                -78.67391105591565,
                -1.6524731747144545
              ]
            ]
          ]
        ]
      }
    },
    {
      "type": "Feature",
      "properties": {
        "CELL_ID": "GIU100-48-29",
        "AMBITO": "URBANO",
        "CATEGORIA": "CONVIVENCIA",
        "PLATAFORMA": "PLATAFORMA F",
        "PARROQUIA": null,
        "DISTANCE_M": 200,
        "CELL_SIZE_M": 100,
        "COUNT": 4,
        "GI_ZSCORE": 2.1965211127003417,
        "GI_PVALUE": 0.028054665702614886,
        "GI_CLASS": "HOTSPOT 95%",
        "GI_STAR": 2.1965211127003417,
        "SIGNIFICANCIA": 95,
        "SUMA_LOCAL": 73,
        "NIVEL": 95,
        "COB_A_PCT": 0.0,
        "ESTADO_A": "SIN COBERTURA",
        "COB_B_PCT": 0.0,
        "ESTADO_B": "SIN COBERTURA",
        "COB_C_PCT": 0.0,
        "ESTADO_C": "SIN COBERTURA",
        "COB_B_ANTERIOR_PCT": 0.0,
        "ESTADO_B_ANTERIOR": "SIN COBERTURA",
        "COB_C_ANTERIOR_PCT": 0.0,
        "ESTADO_C_ANTERIOR": "SIN COBERTURA"
      },
      "geometry": {
        "type": "MultiPolygon",
        "coordinates": [
          [
            [
              [
                -78.67211445634926,
                -1.6524710561010243
              ],
              [
                -78.67211550912525,
                -1.6515670839353775
              ],
              [
                -78.6712172106126,
                -1.6515660245967465
              ],
              [
                -78.67121615743125,
                -1.652469996182264
              ],
              [
                -78.67211445634926,
                -1.6524710561010243
              ]
            ]
          ]
        ]
      }
    },
    {
      "type": "Feature",
      "properties": {
        "CELL_ID": "GIU100-48-30",
        "AMBITO": "URBANO",
        "CATEGORIA": "CONVIVENCIA",
        "PLATAFORMA": "PLATAFORMA F",
        "PARROQUIA": null,
        "DISTANCE_M": 200,
        "CELL_SIZE_M": 100,
        "COUNT": 0,
        "GI_ZSCORE": 2.1965211127003417,
        "GI_PVALUE": 0.028054665702614886,
        "GI_CLASS": "HOTSPOT 95%",
        "GI_STAR": 2.1965211127003417,
        "SIGNIFICANCIA": 95,
        "SUMA_LOCAL": 73,
        "NIVEL": 95,
        "COB_A_PCT": 0.0,
        "ESTADO_A": "SIN COBERTURA",
        "COB_B_PCT": 0.0,
        "ESTADO_B": "SIN COBERTURA",
        "COB_C_PCT": 0.0,
        "ESTADO_C": "SIN COBERTURA",
        "COB_B_ANTERIOR_PCT": 0.0,
        "ESTADO_B_ANTERIOR": "SIN COBERTURA",
        "COB_C_ANTERIOR_PCT": 0.0,
        "ESTADO_C_ANTERIOR": "SIN COBERTURA"
      },
      "geometry": {
        "type": "MultiPolygon",
        "coordinates": [
          [
            [
              [
                -78.67121615743125,
                -1.652469996182264
              ],
              [
                -78.6712172106126,
                -1.6515660245967465
              ],
              [
                -78.67031891267702,
                -1.6515649648503106
              ],
              [
                -78.67031785909033,
                -1.6524689358554754
              ],
              [
                -78.67121615743125,
                -1.652469996182264
              ]
            ]
          ]
        ]
      }
    },
    {
      "type": "Feature",
      "properties": {
        "CELL_ID": "GIU100-48-32",
        "AMBITO": "URBANO",
        "CATEGORIA": "CONVIVENCIA",
        "PLATAFORMA": "PLATAFORMA F",
        "PARROQUIA": null,
        "DISTANCE_M": 200,
        "CELL_SIZE_M": 100,
        "COUNT": 14,
        "GI_ZSCORE": 7.30118010358396,
        "GI_PVALUE": 2.852546014633762e-13,
        "GI_CLASS": "HOTSPOT 99%",
        "GI_STAR": 7.30118010358396,
        "SIGNIFICANCIA": 99,
        "SUMA_LOCAL": 182,
        "NIVEL": 99,
        "COB_A_PCT": 87.82789108931453,
        "ESTADO_A": "PARCIALMENTE CUBIERTO",
        "COB_B_PCT": 87.82789108931453,
        "ESTADO_B": "PARCIALMENTE CUBIERTO",
        "COB_C_PCT": 87.82789108931453,
        "ESTADO_C": "PARCIALMENTE CUBIERTO",
        "COB_B_ANTERIOR_PCT": 87.82789108931453,
        "ESTADO_B_ANTERIOR": "PARCIALMENTE CUBIERTO",
        "COB_C_ANTERIOR_PCT": 87.82789108931453,
        "ESTADO_C_ANTERIOR": "PARCIALMENTE CUBIERTO"
      },
      "geometry": {
        "type": "MultiPolygon",
        "coordinates": [
          [
            [
              [
                -78.66941956132672,
                -1.6524678751206598
              ],
              [
                -78.66942061531877,
                -1.651563904696071
              ],
              [
                -78.66852231853804,
                -1.6515628441340289
              ],
              [
                -78.66852126414064,
                -1.6524668139778187
              ],
              [
                -78.66941956132672,
                -1.6524678751206598
              ]
            ]
          ]
        ]
      }
    },
    {
      "type": "Feature",
      "properties": {
        "CELL_ID": "GIU100-48-33",
        "AMBITO": "URBANO",
        "CATEGORIA": "CONVIVENCIA",
        "PLATAFORMA": "PLATAFORMA F",
        "PARROQUIA": null,
        "DISTANCE_M": 200,
        "CELL_SIZE_M": 100,
        "COUNT": 5,
        "GI_ZSCORE": 7.348011837445277,
        "GI_PVALUE": 2.0117668694413815e-13,
        "GI_CLASS": "HOTSPOT 99%",
        "GI_STAR": 7.348011837445277,
        "SIGNIFICANCIA": 99,
        "SUMA_LOCAL": 183,
        "NIVEL": 99,
        "COB_A_PCT": 100.0,
        "ESTADO_A": "CUBIERTO",
        "COB_B_PCT": 100.0,
        "ESTADO_B": "CUBIERTO",
        "COB_C_PCT": 100.0,
        "ESTADO_C": "CUBIERTO",
        "COB_B_ANTERIOR_PCT": 100.0,
        "ESTADO_B_ANTERIOR": "CUBIERTO",
        "COB_C_ANTERIOR_PCT": 100.0,
        "ESTADO_C_ANTERIOR": "CUBIERTO"
      },
      "geometry": {
        "type": "MultiPolygon",
        "coordinates": [
          [
            [
              [
                -78.66852126414064,
                -1.6524668139778187
              ],
              [
                -78.66852231853804,
                -1.6515628441340289
              ],
              [
                -78.66762402233505,
                -1.6515617831641862
              ],
              [
                -78.66762296753231,
                -1.6524657524269533
              ],
              [
                -78.66852126414064,
                -1.6524668139778187
              ]
            ]
          ]
        ]
      }
    },
    {
      "type": "Feature",
      "properties": {
        "CELL_ID": "GIU100-48-34",
        "AMBITO": "URBANO",
        "CATEGORIA": "CONVIVENCIA",
        "PLATAFORMA": "PLATAFORMA G",
        "PARROQUIA": null,
        "DISTANCE_M": 200,
        "CELL_SIZE_M": 100,
        "COUNT": 4,
        "GI_ZSCORE": 6.973357966554737,
        "GI_PVALUE": 3.0946385791430692e-12,
        "GI_CLASS": "HOTSPOT 99%",
        "GI_STAR": 6.973357966554737,
        "SIGNIFICANCIA": 99,
        "SUMA_LOCAL": 175,
        "NIVEL": 99,
        "COB_A_PCT": 100.0,
        "ESTADO_A": "CUBIERTO",
        "COB_B_PCT": 100.0,
        "ESTADO_B": "CUBIERTO",
        "COB_C_PCT": 100.0,
        "ESTADO_C": "CUBIERTO",
        "COB_B_ANTERIOR_PCT": 100.0,
        "ESTADO_B_ANTERIOR": "CUBIERTO",
        "COB_C_ANTERIOR_PCT": 100.0,
        "ESTADO_C_ANTERIOR": "CUBIERTO"
      },
      "geometry": {
        "type": "MultiPolygon",
        "coordinates": [
          [
            [
              [
                -78.66762296753231,
                -1.6524657524269533
              ],
              [
                -78.66762402233505,
                -1.6515617831641862
              ],
              [
                -78.66672572671004,
                -1.6515607217865431
              ],
              [
                -78.66672467150195,
                -1.6524646904680642
              ],
              [
                -78.66762296753231,
                -1.6524657524269533
              ]
            ]
          ]
        ]
      }
    },
    {
      "type": "Feature",
      "properties": {
        "CELL_ID": "GIU100-49-28",
        "AMBITO": "URBANO",
        "CATEGORIA": "CONVIVENCIA",
        "PLATAFORMA": "PLATAFORMA F",
        "PARROQUIA": null,
        "DISTANCE_M": 200,
        "CELL_SIZE_M": 100,
        "COUNT": 8,
        "GI_ZSCORE": 2.290184580422977,
        "GI_PVALUE": 0.02201061890811962,
        "GI_CLASS": "HOTSPOT 95%",
        "GI_STAR": 2.290184580422977,
        "SIGNIFICANCIA": 95,
        "SUMA_LOCAL": 75,
        "NIVEL": 95,
        "COB_A_PCT": 0.0,
        "ESTADO_A": "SIN COBERTURA",
        "COB_B_PCT": 0.0,
        "ESTADO_B": "SIN COBERTURA",
        "COB_C_PCT": 0.0,
        "ESTADO_C": "SIN COBERTURA",
        "COB_B_ANTERIOR_PCT": 0.0,
        "ESTADO_B_ANTERIOR": "SIN COBERTURA",
        "COB_C_ANTERIOR_PCT": 0.0,
        "ESTADO_C_ANTERIOR": "SIN COBERTURA"
      },
      "geometry": {
        "type": "MultiPolygon",
        "coordinates": [
          [
            [
              [
                -78.67301380821476,
                -1.651568142866202
              ],
              [
                -78.67301486000876,
                -1.6506641701117282
              ],
              [
                -78.67211656132437,
                -1.6506631117608088
              ],
              [
                -78.67211550912525,
                -1.6515670839353775
              ],
              [
                -78.67301380821476,
                -1.651568142866202
              ]
            ]
          ]
        ]
      }
    },
    {
      "type": "Feature",
      "properties": {
        "CELL_ID": "GIU100-49-29",
        "AMBITO": "URBANO",
        "CATEGORIA": "CONVIVENCIA",
        "PLATAFORMA": "PLATAFORMA F",
        "PARROQUIA": null,
        "DISTANCE_M": 200,
        "CELL_SIZE_M": 100,
        "COUNT": 0,
        "GI_ZSCORE": 2.1965211127003417,
        "GI_PVALUE": 0.028054665702614886,
        "GI_CLASS": "HOTSPOT 95%",
        "GI_STAR": 2.1965211127003417,
        "SIGNIFICANCIA": 95,
        "SUMA_LOCAL": 73,
        "NIVEL": 95,
        "COB_A_PCT": 0.0,
        "ESTADO_A": "SIN COBERTURA",
        "COB_B_PCT": 0.0,
        "ESTADO_B": "SIN COBERTURA",
        "COB_C_PCT": 0.0,
        "ESTADO_C": "SIN COBERTURA",
        "COB_B_ANTERIOR_PCT": 0.0,
        "ESTADO_B_ANTERIOR": "SIN COBERTURA",
        "COB_C_ANTERIOR_PCT": 0.0,
        "ESTADO_C_ANTERIOR": "SIN COBERTURA"
      },
      "geometry": {
        "type": "MultiPolygon",
        "coordinates": [
          [
            [
              [
                -78.67211550912525,
                -1.6515670839353775
              ],
              [
                -78.67211656132437,
                -1.6506631117608088
              ],
              [
                -78.67121826321686,
                -1.6506620530023064
              ],
              [
                -78.6712172106126,
                -1.6515660245967465
              ],
              [
                -78.67211550912525,
                -1.6515670839353775
              ]
            ]
          ]
        ]
      }
    },
    {
      "type": "Feature",
      "properties": {
        "CELL_ID": "GIU100-49-33",
        "AMBITO": "URBANO",
        "CATEGORIA": "CONVIVENCIA",
        "PLATAFORMA": "PLATAFORMA G",
        "PARROQUIA": null,
        "DISTANCE_M": 200,
        "CELL_SIZE_M": 100,
        "COUNT": 1,
        "GI_ZSCORE": 6.645535829525513,
        "GI_PVALUE": 3.0211595511036604e-11,
        "GI_CLASS": "HOTSPOT 99%",
        "GI_STAR": 6.645535829525513,
        "SIGNIFICANCIA": 99,
        "SUMA_LOCAL": 168,
        "NIVEL": 99,
        "COB_A_PCT": 93.05616694214937,
        "ESTADO_A": "PARCIALMENTE CUBIERTO",
        "COB_B_PCT": 93.05616694214937,
        "ESTADO_B": "PARCIALMENTE CUBIERTO",
        "COB_C_PCT": 93.05616694214937,
        "ESTADO_C": "PARCIALMENTE CUBIERTO",
        "COB_B_ANTERIOR_PCT": 93.05616694214937,
        "ESTADO_B_ANTERIOR": "PARCIALMENTE CUBIERTO",
        "COB_C_ANTERIOR_PCT": 93.05616694214937,
        "ESTADO_C_ANTERIOR": "PARCIALMENTE CUBIERTO"
      },
      "geometry": {
        "type": "MultiPolygon",
        "coordinates": [
          [
            [
              [
                -78.66852231853804,
                -1.6515628441340289
              ],
              [
                -78.6685233723577,
                -1.650658874281315
              ],
              [
                -78.66762507655983,
                -1.6506578138924943
              ],
              [
                -78.66762402233505,
                -1.6515617831641862
              ],
              [
                -78.66852231853804,
                -1.6515628441340289
              ]
            ]
          ]
        ]
      }
    },
    {
      "type": "Feature",
      "properties": {
        "CELL_ID": "GIU100-50-28",
        "AMBITO": "URBANO",
        "CATEGORIA": "CONVIVENCIA",
        "PLATAFORMA": "PLATAFORMA F",
        "PARROQUIA": null,
        "DISTANCE_M": 200,
        "CELL_SIZE_M": 100,
        "COUNT": 2,
        "GI_ZSCORE": 1.8686989756711183,
        "GI_PVALUE": 0.06166470661734565,
        "GI_CLASS": "HOTSPOT 90%",
        "GI_STAR": 1.8686989756711183,
        "SIGNIFICANCIA": 90,
        "SUMA_LOCAL": 66,
        "NIVEL": 90,
        "COB_A_PCT": 0.0,
        "ESTADO_A": "SIN COBERTURA",
        "COB_B_PCT": 0.0,
        "ESTADO_B": "SIN COBERTURA",
        "COB_C_PCT": 0.0,
        "ESTADO_C": "SIN COBERTURA",
        "COB_B_ANTERIOR_PCT": 0.0,
        "ESTADO_B_ANTERIOR": "SIN COBERTURA",
        "COB_C_ANTERIOR_PCT": 0.0,
        "ESTADO_C_ANTERIOR": "SIN COBERTURA"
      },
      "geometry": {
        "type": "MultiPolygon",
        "coordinates": [
          [
            [
              [
                -78.67301486000876,
                -1.6506641701117282
              ],
              [
                -78.6730159112261,
                -1.6497601973483371
              ],
              [
                -78.67211761294664,
                -1.6497591395773226
              ],
              [
                -78.67211656132437,
                -1.6506631117608088
              ],
              [
                -78.67301486000876,
                -1.6506641701117282
              ]
            ]
          ]
        ]
      }
    },
    {
      "type": "Feature",
      "properties": {
        "CELL_ID": "R-1000-25-28",
        "AMBITO": "RURAL",
        "CATEGORIA": "CONVIVENCIA",
        "PLATAFORMA": null,
        "PARROQUIA": "SAN LUIS",
        "DISTANCE_M": 2000,
        "CELL_SIZE_M": 1000,
        "COUNT": 2,
        "GI_ZSCORE": 2.9178935472817846,
        "GI_PVALUE": 0.003524046360265696,
        "GI_CLASS": "HOTSPOT 99%",
        "NIVEL": 99,
        "COB_A_PCT": 0.0,
        "ESTADO_A": "SIN COBERTURA",
        "COB_B_PCT": 0.0,
        "ESTADO_B": "SIN COBERTURA",
        "COB_C_PCT": 0.0,
        "ESTADO_C": "SIN COBERTURA",
        "COB_B_ANTERIOR_PCT": 0.0,
        "ESTADO_B_ANTERIOR": "SIN COBERTURA",
        "COB_C_ANTERIOR_PCT": 0.0,
        "ESTADO_C_ANTERIOR": "SIN COBERTURA"
      },
      "geometry": {
        "type": "MultiPolygon",
        "coordinates": [
          [
            [
              [
                -78.65405961718844,
                -1.7265745120311826
              ],
              [
                -78.6540706765684,
                -1.7175349138962805
              ],
              [
                -78.64508753175205,
                -1.7175237930996778
              ],
              [
                -78.64507643011822,
                -1.7265633326705194
              ],
              [
                -78.65405961718844,
                -1.7265745120311826
              ]
            ]
          ]
        ]
      }
    },
    {
      "type": "Feature",
      "properties": {
        "CELL_ID": "R-1000-25-30",
        "AMBITO": "RURAL",
        "CATEGORIA": "CONVIVENCIA",
        "PLATAFORMA": null,
        "PARROQUIA": "SAN LUIS",
        "DISTANCE_M": 2000,
        "CELL_SIZE_M": 1000,
        "COUNT": 1,
        "GI_ZSCORE": 2.853335128395966,
        "GI_PVALUE": 0.004326297058927799,
        "GI_CLASS": "HOTSPOT 99%",
        "NIVEL": 99,
        "COB_A_PCT": 0.0,
        "ESTADO_A": "SIN COBERTURA",
        "COB_B_PCT": 0.0,
        "ESTADO_B": "SIN COBERTURA",
        "COB_C_PCT": 0.0,
        "ESTADO_C": "SIN COBERTURA",
        "COB_B_ANTERIOR_PCT": 0.0,
        "ESTADO_B_ANTERIOR": "SIN COBERTURA",
        "COB_C_ANTERIOR_PCT": 0.0,
        "ESTADO_C_ANTERIOR": "SIN COBERTURA"
      },
      "geometry": {
        "type": "MultiPolygon",
        "coordinates": [
          [
            [
              [
                -78.63609330141168,
                -1.7265521106796509
              ],
              [
                -78.636104445298,
                -1.717512629896192
              ],
              [
                -78.62712141742836,
                -1.7175014242871953
              ],
              [
                -78.62711641431987,
                -1.721550269215386
              ],
              [
                -78.62712288280473,
                -1.7215518798921727
              ],
              [
                -78.62718748628664,
                -1.7215633252009477
              ],
              [
                -78.62720856600652,
                -1.7215653927121775
              ],
              [
                -78.62722667260067,
                -1.721570156578544
              ],
              [
                -78.62724595953041,
                -1.7215705920332873
              ],
              [
                -78.62730140855284,
                -1.721578291680931
              ],
              [
                -78.62735612085588,
                -1.7215766427225307
              ],
              [
                -78.6273765822912,
                -1.721577463823367
              ],
              [
                -78.62741038620052,
                -1.7215833890323484
              ],
              [
                -78.6274244551848,
                -1.721586490007333
              ],
              [
                -78.62744515513681,
                -1.7215956493839903
              ],
              [
                -78.62747351291861,
                -1.7215998927628817
              ],
              [
                -78.62747953477724,
                -1.7216038207100748
              ],
              [
                -78.62748988346617,
                -1.7216123461115873
              ],
              [
                -78.62749609079512,
                -1.7216152085413583
              ],
              [
                -78.62750007680589,
                -1.7216186467128312
              ],
              [
                -78.62750466398533,
                -1.7216219202155973
              ],
              [
                -78.62750948515914,
                -1.721626294111107
              ],
              [
                -78.62751160168378,
                -1.7216298266629173
              ],
              [
                -78.62751595246127,
                -1.721635398598807
              ],
              [
                -78.62751767251645,
                -1.7216399141449306
              ],
              [
                -78.62752142891175,
                -1.7216467002368874
              ],
              [
                -78.62752220685157,
                -1.7216510500851676
              ],
              [
                -78.62752399233,
                -1.7216564154204972
              ],
              [
                -78.62752421548588,
                -1.7216604680803036
              ],
              [
                -78.62752498344187,
                -1.7216656269458626
              ],
              [
                -78.62752435446617,
                -1.7216701160471126
              ],
              [
                -78.62752440317627,
                -1.7216750362744961
              ],
              [
                -78.6275238092123,
                -1.7216780908607021
              ],
              [
                -78.62751898558166,
                -1.721692405097001
              ],
              [
                -78.62751505438781,
                -1.7217027476178846
              ],
              [
                -78.62747958955191,
                -1.7217512504000547
              ],
              [
                -78.62744520458364,
                -1.7218061996510983
              ],
              [
                -78.62743374202925,
                -1.7218245154636154
              ],
              [
                -78.62739019229275,
                -1.721880410504738
              ],
              [
                -78.62738504146407,
                -1.721886183868041
              ],
              [
                -78.6273770121384,
                -1.7218944042164814
              ],
              [
                -78.62737156915075,
                -1.7218988954213632
              ],
              [
                -78.62736716887753,
                -1.7219013829853236
              ],
              [
                -78.6273637040251,
                -1.7219029126369072
              ],
              [
                -78.62735512318596,
                -1.7219089185358525
              ],
              [
                -78.62735152025226,
                -1.7219102401073247
              ],
              [
                -78.62734808343713,
                -1.721910890256711
              ],
              [
                -78.62734142855284,
                -1.721911820212594
              ],
              [
                -78.62733777472201,
                -1.7219114423060387
              ],
              [
                -78.62732629717239,
                -1.721906300757302
              ],
              [
                -78.62730724059054,
                -1.7219055528227363
              ],
              [
                -78.62730359280727,
                -1.7219046434048135
              ],
              [
                -78.62730059626277,
                -1.7219037592093078
              ],
              [
                -78.62729632815564,
                -1.721903249461269
              ],
              [
                -78.62729206701144,
                -1.7219036463774489
              ],
              [
                -78.62728814950644,
                -1.7219043754715053
              ],
              [
                -78.62728183901716,
                -1.7219072050443414
              ],
              [
                -78.62727716923332,
                -1.7219097085412418
              ],
              [
                -78.62727450270886,
                -1.7219121774863044
              ],
              [
                -78.62727217390471,
                -1.7219154061671875
              ],
              [
                -78.62727021681495,
                -1.7219173309230618
              ],
              [
                -78.62726839498117,
                -1.7219217471171524
              ],
              [
                -78.62726706310305,
                -1.7219244039467894
              ],
              [
                -78.62726584684879,
                -1.721927994695087
              ],
              [
                -78.62726507423365,
                -1.7219309586623193
              ],
              [
                -78.62726392703917,
                -1.7219353639503991
              ],
              [
                -78.62726318141682,
                -1.721939018564416
              ],
              [
                -78.62726282372711,
                -1.7219500417093818
              ],
              [
                -78.62726238173084,
                -1.7219595045419145
              ],
              [
                -78.62726475067831,
                -1.721994253297157
              ],
              [
                -78.62726798652038,
                -1.7220311536207356
              ],
              [
                -78.62726685123063,
                -1.72203610128985
              ],
              [
                -78.6272669737966,
                -1.722042314248329
              ],
              [
                -78.62726578634904,
                -1.7220451294489427
              ],
              [
                -78.62726434814584,
                -1.7220509526599144
              ],
              [
                -78.62726211856048,
                -1.7220538533332765
              ],
              [
                -78.62725982261028,
                -1.7220559394702395
              ],
              [
                -78.62725401481802,
                -1.7220670389488169
              ],
              [
                -78.62725080927042,
                -1.7220695406640074
              ],
              [
                -78.62724794527472,
                -1.722074061313353
              ],
              [
                -78.62724749298829,
                -1.7220765945007193
              ],
              [
                -78.6272479665523,
                -1.7220873556394962
              ],
              [
                -78.62724586681405,
                -1.7220971183118305
              ],
              [
                -78.62724528347067,
                -1.7221010262332623
              ],
              [
                -78.62724332581605,
                -1.7221092144137147
              ],
              [
                -78.62724193718562,
                -1.722112725398742
              ],
              [
                -78.62724059317041,
                -1.7221157528297886
              ],
              [
                -78.62723871171572,
                -1.7221218891535826
              ],
              [
                -78.62723657611515,
                -1.7221250620315647
              ],
              [
                -78.62723061175548,
                -1.7221312917689175
              ],
              [
                -78.62723071011895,
                -1.7221534321840852
              ],
              [
                -78.62722648699847,
                -1.7221572198396196
              ],
              [
                -78.62722535686115,
                -1.7221768764859764
              ],
              [
                -78.62723454189192,
                -1.722187137813079
              ],
              [
                -78.62723568603246,
                -1.7221931857259527
              ],
              [
                -78.62723689125642,
                -1.7221985087525713
              ],
              [
                -78.62723825466652,
                -1.7222023115442007
              ],
              [
                -78.6272454879755,
                -1.722220321742626
              ],
              [
                -78.62726361343609,
                -1.722259203187097
              ],
              [
                -78.62727827028607,
                -1.7222816004883037
              ],
              [
                -78.62729379123795,
                -1.7223069547686232
              ],
              [
                -78.62730707545566,
                -1.7223264685778839
              ],
              [
                -78.62731271764673,
                -1.7223373998083134
              ],
              [
                -78.62732940181135,
                -1.7223722632273724
              ],
              [
                -78.627339523045,
                -1.7224114202903986
              ],
              [
                -78.62735112517028,
                -1.7224501832825214
              ],
              [
                -78.6273625427571,
                -1.7225204665620677
              ],
              [
                -78.627369477169,
                -1.7225557019405935
              ],
              [
                -78.62737123395922,
                -1.7225653727246866
              ],
              [
                -78.62737277557738,
                -1.7225754292231148
              ],
              [
                -78.62738604975296,
                -1.722649503259876
              ],
              [
                -78.62739855476835,
                -1.7227201178449933
              ],
              [
                -78.62744380151824,
                -1.7228847818180342
              ],
              [
                -78.62749622567519,
                -1.7230683372807771
              ],
              [
                -78.62753902004893,
                -1.72319380952187
              ],
              [
                -78.62757879931118,
                -1.7233174267123472
              ],
              [
                -78.62759169601163,
                -1.723343024493633
              ],
              [
                -78.62760261826242,
                -1.7233562701183511
              ],
              [
                -78.62760579856378,
                -1.723361102974022
              ],
              [
                -78.62761058163677,
                -1.7233657769372364
              ],
              [
                -78.62762894328498,
                -1.7233785871492402
              ],
              [
                -78.62763336728248,
                -1.7233823368316592
              ],
              [
                -78.62763931706021,
                -1.7233864409652122
              ],
              [
                -78.62765701156006,
                -1.7233968395225754
              ],
              [
                -78.62766999769849,
                -1.7234038921039352
              ],
              [
                -78.62771929515874,
                -1.7234210520117463
              ],
              [
                -78.62777200186531,
                -1.7234395187771536
              ],
              [
                -78.6277829632787,
                -1.7234421765562804
              ],
              [
                -78.62781338181999,
                -1.723451482831441
              ],
              [
                -78.62781994208743,
                -1.7234529744284763
              ],
              [
                -78.62783941352127,
                -1.723461853876336
              ],
              [
                -78.62790873554697,
                -1.7234902586430731
              ],
              [
                -78.62796239756379,
                -1.723512753677129
              ],
              [
                -78.62798380409613,
                -1.7235186118581804
              ],
              [
                -78.62800945847773,
                -1.7235268355628723
              ],
              [
                -78.62801761958998,
                -1.7235282749301024
              ],
              [
                -78.6280224402773,
                -1.723529415423679
              ],
              [
                -78.62803055632155,
                -1.7235302527075609
              ],
              [
                -78.62803862480204,
                -1.7235303270029219
              ],
              [
                -78.62804602356465,
                -1.723530064191387
              ],
              [
                -78.62807289955629,
                -1.7235296504326254
              ],
              [
                -78.62811020582389,
                -1.72352773745064
              ],
              [
                -78.6281367466003,
                -1.723525992664751
              ],
              [
                -78.62814214420993,
                -1.723525512205382
              ],
              [
                -78.62814755154278,
                -1.723525885081549
              ],
              [
                -78.62815194475945,
                -1.7235262015457824
              ],
              [
                -78.62815470111302,
                -1.7235266407023235
              ],
              [
                -78.6281585013171,
                -1.7235277889557916
              ],
              [
                -78.62816689642435,
                -1.7235317795465832
              ],
              [
                -78.6281701308582,
                -1.7235335227900594
              ],
              [
                -78.6281734381107,
                -1.7235373976254096
              ],
              [
                -78.62817711806991,
                -1.723540619376283
              ],
              [
                -78.62820625167038,
                -1.7235582114003138
              ],
              [
                -78.62822175673378,
                -1.7235681091408157
              ],
              [
                -78.62822405375583,
                -1.7235709657725264
              ],
              [
                -78.62822783751479,
                -1.7235737881102586
              ],
              [
                -78.62822988233405,
                -1.7235764663487922
              ],
              [
                -78.62823133870648,
                -1.7235813675526341
              ],
              [
                -78.62823345113397,
                -1.7235853068782323
              ],
              [
                -78.62823432008992,
                -1.7235923243832392
              ],
              [
                -78.62823596356837,
                -1.7235984678411198
              ],
              [
                -78.6282359222906,
                -1.7236020600640394
              ],
              [
                -78.62823654320205,
                -1.7236084426892102
              ],
              [
                -78.62823557725405,
                -1.7236268005870328
              ],
              [
                -78.6282351109989,
                -1.7236355357202373
              ],
              [
                -78.62822984109152,
                -1.7236779828575375
              ],
              [
                -78.62822402536274,
                -1.7237426392214668
              ],
              [
                -78.62822067589195,
                -1.7237786662415604
              ],
              [
                -78.62821873761374,
                -1.7238002183629857
              ],
              [
                -78.62821855896274,
                -1.7238081086686958
              ],
              [
                -78.6282176900763,
                -1.723818447798027
              ],
              [
                -78.62821843088102,
                -1.723825942425
              ],
              [
                -78.62821947811385,
                -1.7238311748636286
              ],
              [
                -78.62822016696597,
                -1.7238400000314678
              ],
              [
                -78.62822132427179,
                -1.7238433939854276
              ],
              [
                -78.62822300809816,
                -1.7238510488890009
              ],
              [
                -78.62822507677706,
                -1.7238562220441054
              ],
              [
                -78.62822793185896,
                -1.7238625342510852
              ],
              [
                -78.6282308870632,
                -1.7238670640054834
              ],
              [
                -78.62823474177677,
                -1.7238735230009057
              ],
              [
                -78.62823829567428,
                -1.7238777118150417
              ],
              [
                -78.6282491343332,
                -1.7238895526121665
              ],
              [
                -78.62825555339946,
                -1.723894083997911
              ],
              [
                -78.628281077861,
                -1.7239165546111745
              ],
              [
                -78.62831240545346,
                -1.7239418627508367
              ],
              [
                -78.6283367961954,
                -1.7239600291684567
              ],
              [
                -78.62837079821004,
                -1.7239852032629353
              ],
              [
                -78.6283831654485,
                -1.7239944145957196
              ],
              [
                -78.62841692963264,
                -1.7240194121237027
              ],
              [
                -78.62844872601855,
                -1.7240455479628851
              ],
              [
                -78.62847895574825,
                -1.7240745961553283
              ],
              [
                -78.62851162621826,
                -1.7241057852375534
              ],
              [
                -78.62853814584182,
                -1.7241334692471688
              ],
              [
                -78.62857203844567,
                -1.724167933046589
              ],
              [
                -78.6285761102249,
                -1.7241739294963105
              ],
              [
                -78.62860201221748,
                -1.7242049166504638
              ],
              [
                -78.62860371544231,
                -1.7242092387370442
              ],
              [
                -78.62860428632895,
                -1.724213217712793
              ],
              [
                -78.62860395782133,
                -1.7242166251717828
              ],
              [
                -78.62860366452281,
                -1.724222067454105
              ],
              [
                -78.62861042904767,
                -1.7242334439425833
              ],
              [
                -78.62862504318814,
                -1.7242518946004155
              ],
              [
                -78.62864305006671,
                -1.724265397704345
              ],
              [
                -78.62865354797175,
                -1.7242731287463395
              ],
              [
                -78.62868947608622,
                -1.7242924016015533
              ],
              [
                -78.62871004794813,
                -1.7243020191525154
              ],
              [
                -78.6287269048004,
                -1.7243135050186198
              ],
              [
                -78.628763965703,
                -1.7243385636366682
              ],
              [
                -78.62878912608616,
                -1.724359083090411
              ],
              [
                -78.62880554602279,
                -1.7243737457748254
              ],
              [
                -78.62882358071128,
                -1.7243945365172724
              ],
              [
                -78.62882919549777,
                -1.7244014867567432
              ],
              [
                -78.62884014382384,
                -1.7244147242916699
              ],
              [
                -78.62885670496428,
                -1.7244336031520024
              ],
              [
                -78.628861839579,
                -1.7244373112438742
              ],
              [
                -78.62886690479988,
                -1.7244404750740472
              ],
              [
                -78.62887042036537,
                -1.7244437020451207
              ],
              [
                -78.62887325870742,
                -1.7244461236562378
              ],
              [
                -78.62888112069093,
                -1.7244504661214326
              ],
              [
                -78.62888494044971,
                -1.7244532360779405
              ],
              [
                -78.62888954108622,
                -1.7244565294936567
              ],
              [
                -78.62889736477695,
                -1.7244613274990235
              ],
              [
                -78.6289013935978,
                -1.7244642938736978
              ],
              [
                -78.6289149030775,
                -1.7244760132818455
              ],
              [
                -78.62892321361979,
                -1.7244844629305953
              ],
              [
                -78.6289304532351,
                -1.7244923055936017
              ],
              [
                -78.62894044914822,
                -1.7245086144436153
              ],
              [
                -78.62894625592627,
                -1.72451721462371
              ],
              [
                -78.62894867701934,
                -1.7245207132139628
              ],
              [
                -78.62895222141877,
                -1.7245260455087852
              ],
              [
                -78.62895490402418,
                -1.7245287335885169
              ],
              [
                -78.62895826032319,
                -1.724531450535305
              ],
              [
                -78.62896239115474,
                -1.7245361878659118
              ],
              [
                -78.62896612088922,
                -1.7245398399598701
              ],
              [
                -78.628974392478,
                -1.7245485535121263
              ],
              [
                -78.62898113664494,
                -1.724556060190786
              ],
              [
                -78.62898362769724,
                -1.7245596465515032
              ],
              [
                -78.62898627953149,
                -1.724563244865136
              ],
              [
                -78.62899131448161,
                -1.7245719932286712
              ],
              [
                -78.62899374231512,
                -1.724576577465214
              ],
              [
                -78.6289960829521,
                -1.7245819362731156
              ],
              [
                -78.628998962987,
                -1.7245869603939
              ],
              [
                -78.62900323485403,
                -1.724602577781168
              ],
              [
                -78.6290271380259,
                -1.724630019880859
              ],
              [
                -78.62904256440916,
                -1.7246548633575443
              ],
              [
                -78.62904681905027,
                -1.7246611782276102
              ],
              [
                -78.62905036338384,
                -1.7246680146870994
              ],
              [
                -78.62905469290143,
                -1.7246777004613918
              ],
              [
                -78.62905783609254,
                -1.7246842137096259
              ],
              [
                -78.62906031816513,
                -1.7246906990105035
              ],
              [
                -78.6290627038986,
                -1.7246973622677098
              ],
              [
                -78.6290638469629,
                -1.7247050029389197
              ],
              [
                -78.62906829494885,
                -1.7247191281350587
              ],
              [
                -78.62907024610294,
                -1.7247299815356807
              ],
              [
                -78.62907239980609,
                -1.7247629737034547
              ],
              [
                -78.62907464655689,
                -1.7247940930142898
              ],
              [
                -78.62907050764515,
                -1.724882193519589
              ],
              [
                -78.62906338317218,
                -1.7250134753403674
              ],
              [
                -78.6290590940779,
                -1.725063986013876
              ],
              [
                -78.62905087601246,
                -1.7251643560673453
              ],
              [
                -78.62904060419345,
                -1.725279404511004
              ],
              [
                -78.62904108519648,
                -1.725308079147942
              ],
              [
                -78.62904073523505,
                -1.7253208261387452
              ],
              [
                -78.62904234237503,
                -1.7253294707712292
              ],
              [
                -78.62904427274161,
                -1.725335347026231
              ],
              [
                -78.6290466523796,
                -1.7253425779541725
              ],
              [
                -78.62904948735027,
                -1.7253484463045519
              ],
              [
                -78.6290515834277,
                -1.7253518061850732
              ],
              [
                -78.62905485146473,
                -1.7253554323916442
              ],
              [
                -78.62905925535564,
                -1.725359464990389
              ],
              [
                -78.6290629683593,
                -1.7253628449782412
              ],
              [
                -78.62906786863492,
                -1.7253650079378464
              ],
              [
                -78.62907908015688,
                -1.7253710006935117
              ],
              [
                -78.62908272496958,
                -1.7253721406205202
              ],
              [
                -78.62908748248505,
                -1.7253727965250079
              ],
              [
                -78.62911139951325,
                -1.7253745494467958
              ],
              [
                -78.62912724580288,
                -1.7253729639190656
              ],
              [
                -78.62914252895256,
                -1.7253698491139167
              ],
              [
                -78.62915934877405,
                -1.725367726055887
              ],
              [
                -78.62922744206723,
                -1.7253699981152004
              ],
              [
                -78.62923686192234,
                -1.725370549586451
              ],
              [
                -78.62927164073137,
                -1.725372740081384
              ],
              [
                -78.62929013936912,
                -1.7253750647292752
              ],
              [
                -78.62930734302282,
                -1.725379263438537
              ],
              [
                -78.6293416331432,
                -1.725389440577669
              ],
              [
                -78.62937751555579,
                -1.725404296725552
              ],
              [
                -78.62938868644035,
                -1.7254104647953952
              ],
              [
                -78.62940560239701,
                -1.7254199340472574
              ],
              [
                -78.62941442795518,
                -1.725428880614336
              ],
              [
                -78.62942669666724,
                -1.7254371463099691
              ],
              [
                -78.62944242258227,
                -1.7254471681877084
              ],
              [
                -78.62945027708055,
                -1.7254553822454182
              ],
              [
                -78.62945856194574,
                -1.725461357771021
              ],
              [
                -78.62946992059514,
                -1.7254769388570153
              ],
              [
                -78.6294747784981,
                -1.7254828522316887
              ],
              [
                -78.62947874684632,
                -1.725492578234981
              ],
              [
                -78.62948203479208,
                -1.7255018893779963
              ],
              [
                -78.62948927762466,
                -1.7255172899364095
              ],
              [
                -78.62949091906535,
                -1.7255229018787182
              ],
              [
                -78.62949170322477,
                -1.7255280282311158
              ],
              [
                -78.6294930413711,
                -1.7255340962852839
              ],
              [
                -78.6294938824109,
                -1.725540441227057
              ],
              [
                -78.62949423736143,
                -1.725547596397868
              ],
              [
                -78.62949438522688,
                -1.7255515088578006
              ],
              [
                -78.62949431089055,
                -1.7255622060510172
              ],
              [
                -78.62949428316901,
                -1.725570806150053
              ],
              [
                -78.62949357817773,
                -1.725578637950112
              ],
              [
                -78.62949328667706,
                -1.7255913280698756
              ],
              [
                -78.62948933285382,
                -1.725614110662426
              ],
              [
                -78.62948526799919,
                -1.7256344280572569
              ],
              [
                -78.62947735896336,
                -1.7256586348250607
              ],
              [
                -78.62946691846126,
                -1.725682146898855
              ],
              [
                -78.629451537548,
                -1.7257076116234313
              ],
              [
                -78.62943972549151,
                -1.7257237430719492
              ],
              [
                -78.62937950013982,
                -1.7257905937989495
              ],
              [
                -78.62931075451989,
                -1.725863103370761
              ],
              [
                -78.62927521616243,
                -1.725901164580471
              ],
              [
                -78.62925230095469,
                -1.7259253335299178
              ],
              [
                -78.6292442166397,
                -1.725934398993145
              ],
              [
                -78.62923708547115,
                -1.7259441544582743
              ],
              [
                -78.62922824871826,
                -1.7259601920082785
              ],
              [
                -78.62922185244358,
                -1.7259713332389017
              ],
              [
                -78.62921710528039,
                -1.7259804444705693
              ],
              [
                -78.6292123195967,
                -1.7259952685857405
              ],
              [
                -78.62920788554187,
                -1.7260047029184713
              ],
              [
                -78.62920124301506,
                -1.7260195617650766
              ],
              [
                -78.62919682862834,
                -1.7260370457517795
              ],
              [
                -78.62919389493636,
                -1.726059373125425
              ],
              [
                -78.6291895039173,
                -1.726081921040572
              ],
              [
                -78.6291895919457,
                -1.7261435358438917
              ],
              [
                -78.62918904999786,
                -1.7262031864882357
              ],
              [
                -78.6291949157606,
                -1.7262772585761128
              ],
              [
                -78.62920143724526,
                -1.7263528112453972
              ],
              [
                -78.6292086733417,
                -1.7263953798621956
              ],
              [
                -78.62921607869902,
                -1.7264412652657624
              ],
              [
                -78.62922125338518,
                -1.7264604778787347
              ],
              [
                -78.62922499634458,
                -1.7264708535369944
              ],
              [
                -78.62924500305647,
                -1.7265298574407635
              ],
              [
                -78.62925038762907,
                -1.7265435336550394
              ],
              [
                -78.63609330141168,
                -1.7265521106796509
              ]
            ]
          ]
        ]
      }
    },
    {
      "type": "Feature",
      "properties": {
        "CELL_ID": "R-1000-25-31",
        "AMBITO": "RURAL",
        "CATEGORIA": "CONVIVENCIA",
        "PLATAFORMA": null,
        "PARROQUIA": "SAN LUIS",
        "DISTANCE_M": 2000,
        "CELL_SIZE_M": 1000,
        "COUNT": 0,
        "GI_ZSCORE": 1.8744169602735818,
        "GI_PVALUE": 0.06087297764774313,
        "GI_CLASS": "HOTSPOT 90%",
        "NIVEL": 90,
        "COB_A_PCT": 0.0,
        "ESTADO_A": "SIN COBERTURA",
        "COB_B_PCT": 0.0,
        "ESTADO_B": "SIN COBERTURA",
        "COB_C_PCT": 0.0,
        "ESTADO_C": "SIN COBERTURA",
        "COB_B_ANTERIOR_PCT": 0.0,
        "ESTADO_B_ANTERIOR": "SIN COBERTURA",
        "COB_C_ANTERIOR_PCT": 0.0,
        "ESTADO_C_ANTERIOR": "SIN COBERTURA"
      },
      "geometry": {
        "type": "MultiPolygon",
        "coordinates": [
          [
            [
              [
                -78.62712141742836,
                -1.7175014242871953
              ],
              [
                -78.62156923739018,
                -1.7174944771456506
              ],
              [
                -78.62157282922733,
                -1.7175117279158278
              ],
              [
                -78.621595711512,
                -1.7175604183818671
              ],
              [
                -78.62165574940985,
                -1.7176728235076113
              ],
              [
                -78.62169365453165,
                -1.7177566029609506
              ],
              [
                -78.62169870171357,
                -1.7177895606108269
              ],
              [
                -78.62170018077745,
                -1.717818225498928
              ],
              [
                -78.62169739931977,
                -1.7178540650448892
              ],
              [
                -78.62167624526349,
                -1.7179666242719958
              ],
              [
                -78.621625998862,
                -1.718136574347931
              ],
              [
                -78.62159198346245,
                -1.7182269419899148
              ],
              [
                -78.62157282239937,
                -1.7182635293529829
              ],
              [
                -78.62148833136852,
                -1.7184027278325202
              ],
              [
                -78.62147699440307,
                -1.7184335668992161
              ],
              [
                -78.62147135535437,
                -1.7184643950286744
              ],
              [
                -78.6214685657238,
                -1.7184959345145001
              ],
              [
                -78.62147366451023,
                -1.7185561261279487
              ],
              [
                -78.62151809216031,
                -1.718699377653991
              ],
              [
                -78.62153743528701,
                -1.7187595428344675
              ],
              [
                -78.62156100996579,
                -1.7187974818222533
              ],
              [
                -78.6215931392254,
                -1.7188397044599475
              ],
              [
                -78.62161383732656,
                -1.718863316010611
              ],
              [
                -78.62169446549042,
                -1.7189419975022875
              ],
              [
                -78.62184207572082,
                -1.7190384675460966
              ],
              [
                -78.62189697404123,
                -1.7190691799424231
              ],
              [
                -78.62192547815278,
                -1.719077725370204
              ],
              [
                -78.62194399844034,
                -1.7190791234815375
              ],
              [
                -78.62196037623707,
                -1.719077658839946
              ],
              [
                -78.62197817239556,
                -1.7190726082375682
              ],
              [
                -78.62200734448082,
                -1.719057502001718
              ],
              [
                -78.62207280584376,
                -1.7190244094554175
              ],
              [
                -78.62211479033765,
                -1.7190056953800004
              ],
              [
                -78.62214895523418,
                -1.718994163250068
              ],
              [
                -78.62217886684428,
                -1.71899338900542
              ],
              [
                -78.62221733394915,
                -1.718997616139044
              ],
              [
                -78.62225154142439,
                -1.7190090179315514
              ],
              [
                -78.62229147399655,
                -1.719034741700709
              ],
              [
                -78.62231216939881,
                -1.7190569196057095
              ],
              [
                -78.62233929862343,
                -1.7190912680945643
              ],
              [
                -78.6223592916325,
                -1.719118464701687
              ],
              [
                -78.62238722197787,
                -1.7192001128826584
              ],
              [
                -78.62239085077113,
                -1.7192359396892347
              ],
              [
                -78.62238310725878,
                -1.7192839726114697
              ],
              [
                -78.62236184623119,
                -1.7193399143373138
              ],
              [
                -78.62231076866883,
                -1.7194467982093353
              ],
              [
                -78.6222199242365,
                -1.7196153921285768
              ],
              [
                -78.62220787217314,
                -1.7196447993714654
              ],
              [
                -78.62220435477059,
                -1.7196677405831506
              ],
              [
                -78.62220440005298,
                -1.7196921072564686
              ],
              [
                -78.62220659234944,
                -1.7197214871635864
              ],
              [
                -78.62222233657897,
                -1.7197615912388053
              ],
              [
                -78.62231386650434,
                -1.71995563739797
              ],
              [
                -78.62236174272653,
                -1.7200393978069406
              ],
              [
                -78.62240025965596,
                -1.720070142123541
              ],
              [
                -78.62243019845093,
                -1.720083701717009
              ],
              [
                -78.62245585407057,
                -1.7200922526280988
              ],
              [
                -78.62248506150011,
                -1.7200957802762218
              ],
              [
                -78.62250641945396,
                -1.7200914392207007
              ],
              [
                -78.62258542468189,
                -1.7200647708103463
              ],
              [
                -78.62264450572107,
                -1.7200474576010867
              ],
              [
                -78.62273347576931,
                -1.7200179036410423
              ],
              [
                -78.62279182815921,
                -1.7199919912252197
              ],
              [
                -78.62281174420035,
                -1.7199783359579113
              ],
              [
                -78.62283164303123,
                -1.7199553646547738
              ],
              [
                -78.62285010900598,
                -1.7199280951236633
              ],
              [
                -78.62288771979499,
                -1.7198556380909653
              ],
              [
                -78.62299984793698,
                -1.719643285665304
              ],
              [
                -78.62307932911042,
                -1.7194919137185323
              ],
              [
                -78.62318002054079,
                -1.7192573650810443
              ],
              [
                -78.62322469774793,
                -1.719155510754214
              ],
              [
                -78.62324671732206,
                -1.7191246515835719
              ],
              [
                -78.62327944031982,
                -1.7191038052189935
              ],
              [
                -78.6233064753632,
                -1.719088703503334
              ],
              [
                -78.62334065478423,
                -1.7190850546326588
              ],
              [
                -78.6233712878375,
                -1.7190892963398081
              ],
              [
                -78.62339409314917,
                -1.7190971358683702
              ],
              [
                -78.62341618791551,
                -1.7191056940438487
              ],
              [
                -78.6234347245325,
                -1.719115692259329
              ],
              [
                -78.62345184459728,
                -1.719129993268068
              ],
              [
                -78.6235017855233,
                -1.7191757654345883
              ],
              [
                -78.6235788684123,
                -1.7192630534746893
              ],
              [
                -78.62363384384408,
                -1.7193346159767706
              ],
              [
                -78.62372025801443,
                -1.7194598704106856
              ],
              [
                -78.6238095560372,
                -1.7196037532789843
              ],
              [
                -78.62388751255591,
                -1.7197763238990043
              ],
              [
                -78.62391684321759,
                -1.719845069247261
              ],
              [
                -78.62395413026216,
                -1.7199783009094987
              ],
              [
                -78.62398782563949,
                -1.7200957723755224
              ],
              [
                -78.62404362303965,
                -1.720225385269991
              ],
              [
                -78.62406508518194,
                -1.720276229054513
              ],
              [
                -78.624086505657,
                -1.720304854807514
              ],
              [
                -78.62411648164456,
                -1.7203384819466063
              ],
              [
                -78.62415642788454,
                -1.7203713731200974
              ],
              [
                -78.62424625259254,
                -1.720417068775901
              ],
              [
                -78.62433034494762,
                -1.7204441414717986
              ],
              [
                -78.62442296565163,
                -1.7204618817137727
              ],
              [
                -78.62453266659726,
                -1.720473138594762
              ],
              [
                -78.62458395981676,
                -1.7204802066225136
              ],
              [
                -78.62463528022285,
                -1.7205023262210466
              ],
              [
                -78.62466808210142,
                -1.7205237636373745
              ],
              [
                -78.62469162697708,
                -1.720545936108641
              ],
              [
                -78.62470378593966,
                -1.720573146442403
              ],
              [
                -78.62470454720841,
                -1.7205989449973902
              ],
              [
                -78.62470390278791,
                -1.7206347809705105
              ],
              [
                -78.6246996839069,
                -1.7206634559546354
              ],
              [
                -78.62466798386654,
                -1.720848420604139
              ],
              [
                -78.6246538816677,
                -1.720923699484984
              ],
              [
                -78.62465608122287,
                -1.7209566626783597
              ],
              [
                -78.62466182988557,
                -1.720983885769826
              ],
              [
                -78.62467257409081,
                -1.7210161157310901
              ],
              [
                -78.62469472866745,
                -1.7210562071178375
              ],
              [
                -78.62471471538407,
                -1.72107981963685
              ],
              [
                -78.62474752270064,
                -1.721104123473701
              ],
              [
                -78.6248038395742,
                -1.7211319667909681
              ],
              [
                -78.62485300390522,
                -1.721143339452557
              ],
              [
                -78.62488291923363,
                -1.7211447156933501
              ],
              [
                -78.624914245688,
                -1.7211389218257975
              ],
              [
                -78.62493844677543,
                -1.7211317088755012
              ],
              [
                -78.62496193459964,
                -1.7211237800122685
              ],
              [
                -78.62502239971798,
                -1.7210849636942516
              ],
              [
                -78.62513619372703,
                -1.7210008941641404
              ],
              [
                -78.62520376519912,
                -1.7209541808570468
              ],
              [
                -78.62525851426072,
                -1.7209060575942388
              ],
              [
                -78.62534311976414,
                -1.7208277773524714
              ],
              [
                -78.62546047463061,
                -1.720743701376454
              ],
              [
                -78.62562414260749,
                -1.7206695698239693
              ],
              [
                -78.62585406623194,
                -1.7205747070533783
              ],
              [
                -78.62600233713745,
                -1.7205188799654458
              ],
              [
                -78.62606373513562,
                -1.7205029362896536
              ],
              [
                -78.6261868406434,
                -1.720477914762378
              ],
              [
                -78.62621235421804,
                -1.7204742830354873
              ],
              [
                -78.62623046054641,
                -1.7204763386800497
              ],
              [
                -78.6262450050995,
                -1.720478400711021
              ],
              [
                -78.62625598930259,
                -1.7204807692392994
              ],
              [
                -78.62626905234293,
                -1.720483729741959
              ],
              [
                -78.62629071954959,
                -1.720485778998492
              ],
              [
                -78.62634147321933,
                -1.7204904599025788
              ],
              [
                -78.62639400786051,
                -1.720495435009658
              ],
              [
                -78.62642309379578,
                -1.7204977683545628
              ],
              [
                -78.62643734032271,
                -1.7204989360115568
              ],
              [
                -78.62645129252584,
                -1.7205012983127383
              ],
              [
                -78.62646762069467,
                -1.7205051487679215
              ],
              [
                -78.62647979140044,
                -1.7205069176591703
              ],
              [
                -78.62648750852355,
                -1.7205077987245927
              ],
              [
                -78.62649662688598,
                -1.7205094969015131
              ],
              [
                -78.62650392659953,
                -1.72051086105378
              ],
              [
                -78.62650905737277,
                -1.7205133063177604
              ],
              [
                -78.62651446802545,
                -1.7205196994521688
              ],
              [
                -78.6265175667736,
                -1.7205243767190646
              ],
              [
                -78.62652054721148,
                -1.7205281128329277
              ],
              [
                -78.62652612351727,
                -1.720535663222166
              ],
              [
                -78.62652900068693,
                -1.7205400961469621
              ],
              [
                -78.62653244047367,
                -1.7205457555233368
              ],
              [
                -78.62654092301223,
                -1.7205560295173
              ],
              [
                -78.62654523596751,
                -1.7205602210794988
              ],
              [
                -78.62655781582869,
                -1.7205783509516186
              ],
              [
                -78.62656250396245,
                -1.7205820684135473
              ],
              [
                -78.62656656274503,
                -1.7205854958254936
              ],
              [
                -78.62657242235886,
                -1.7205898637857484
              ],
              [
                -78.62658182726338,
                -1.7206010184719736
              ],
              [
                -78.62658623219433,
                -1.7206049281192264
              ],
              [
                -78.6265903850365,
                -1.7206092939421342
              ],
              [
                -78.62659373239671,
                -1.7206134210192603
              ],
              [
                -78.62659677269737,
                -1.7206181452183447
              ],
              [
                -78.62659896739945,
                -1.7206231088073942
              ],
              [
                -78.62661924134974,
                -1.7206491243736581
              ],
              [
                -78.62662286948712,
                -1.7206579260931607
              ],
              [
                -78.6266256643818,
                -1.7206656926581183
              ],
              [
                -78.6266284226663,
                -1.7206703758267459
              ],
              [
                -78.6266336073917,
                -1.7206851256345896
              ],
              [
                -78.62664029109025,
                -1.7207081022996842
              ],
              [
                -78.62664533816577,
                -1.720728105653713
              ],
              [
                -78.62665763562698,
                -1.7207813678341528
              ],
              [
                -78.62666372836951,
                -1.7208129565315482
              ],
              [
                -78.62666459389588,
                -1.72081984656739
              ],
              [
                -78.6266650873548,
                -1.7208305055807862
              ],
              [
                -78.62666498738862,
                -1.7208357953317346
              ],
              [
                -78.62666462466223,
                -1.7208429061993076
              ],
              [
                -78.62666344502652,
                -1.7208466705496186
              ],
              [
                -78.62666143304631,
                -1.7208508523831823
              ],
              [
                -78.62665931888719,
                -1.7208555764547342
              ],
              [
                -78.62665303704172,
                -1.720877377122589
              ],
              [
                -78.6266512112584,
                -1.7208820843803219
              ],
              [
                -78.62664941612398,
                -1.7208874316682774
              ],
              [
                -78.62664869406376,
                -1.7208916476593157
              ],
              [
                -78.62664801835693,
                -1.7208954271037866
              ],
              [
                -78.62664798378707,
                -1.7209001357010343
              ],
              [
                -78.62664853692708,
                -1.7209039401871744
              ],
              [
                -78.62664974228178,
                -1.7209077066206597
              ],
              [
                -78.62665151677187,
                -1.720912513301759
              ],
              [
                -78.62665352240957,
                -1.7209156380339456
              ],
              [
                -78.62665619245915,
                -1.7209190311655371
              ],
              [
                -78.62665898374249,
                -1.7209224542791133
              ],
              [
                -78.62667005092436,
                -1.7209310926638832
              ],
              [
                -78.6266855408919,
                -1.720943731113777
              ],
              [
                -78.6266869692677,
                -1.7209451231676407
              ],
              [
                -78.62668846582878,
                -1.7209473107770312
              ],
              [
                -78.62669072980717,
                -1.7209507350381208
              ],
              [
                -78.62669231535753,
                -1.7209536025243402
              ],
              [
                -78.62669266949574,
                -1.7209563401082435
              ],
              [
                -78.62669336858876,
                -1.7209597985670355
              ],
              [
                -78.62669326837774,
                -1.720962381007545
              ],
              [
                -78.62669219358864,
                -1.7209656248178327
              ],
              [
                -78.62669177500779,
                -1.7209685069687624
              ],
              [
                -78.62669114050166,
                -1.720970205587435
              ],
              [
                -78.6266819047847,
                -1.7209842205075903
              ],
              [
                -78.62665394731354,
                -1.7210231119989425
              ],
              [
                -78.62662874381598,
                -1.7210570985260556
              ],
              [
                -78.62657222297629,
                -1.7211337797372592
              ],
              [
                -78.62649443862942,
                -1.721233517394361
              ],
              [
                -78.62646920018766,
                -1.7212797676645535
              ],
              [
                -78.62645851340233,
                -1.7212998371803396
              ],
              [
                -78.62645517634951,
                -1.7213120651580862
              ],
              [
                -78.62645109143988,
                -1.7213232201221602
              ],
              [
                -78.6264499285871,
                -1.7213322951583452
              ],
              [
                -78.62644891628649,
                -1.7213416632607317
              ],
              [
                -78.62644919568368,
                -1.7213510808904933
              ],
              [
                -78.6264495334562,
                -1.7213568801089842
              ],
              [
                -78.62645073541096,
                -1.7213612151184075
              ],
              [
                -78.62645344342874,
                -1.721365865683131
              ],
              [
                -78.62645522802626,
                -1.7213697621062272
              ],
              [
                -78.6264580191641,
                -1.7213733018289725
              ],
              [
                -78.62646070038453,
                -1.721375651824834
              ],
              [
                -78.62646811778325,
                -1.7213820935779607
              ],
              [
                -78.62647103606453,
                -1.7213837912239034
              ],
              [
                -78.62647814145119,
                -1.7213868464150428
              ],
              [
                -78.62651319638202,
                -1.721406071107252
              ],
              [
                -78.62654664377149,
                -1.721416971180481
              ],
              [
                -78.62655603537792,
                -1.7214192690199195
              ],
              [
                -78.62657137565178,
                -1.7214200285696468
              ],
              [
                -78.62661786311988,
                -1.7214255927326838
              ],
              [
                -78.62665947418704,
                -1.7214227802705737
              ],
              [
                -78.6266755915213,
                -1.7214213396912104
              ],
              [
                -78.6267725535134,
                -1.7214314361843523
              ],
              [
                -78.62685381628651,
                -1.7214404725673216
              ],
              [
                -78.62685906801133,
                -1.7214409998180302
              ],
              [
                -78.62688231554316,
                -1.7214457990515533
              ],
              [
                -78.6268855936898,
                -1.7214470578318302
              ],
              [
                -78.62689569808187,
                -1.7214526396858787
              ],
              [
                -78.62690187891259,
                -1.7214565868145777
              ],
              [
                -78.62691762472545,
                -1.7214729968431721
              ],
              [
                -78.62694283898448,
                -1.7214963989853524
              ],
              [
                -78.62695031642119,
                -1.721502237884402
              ],
              [
                -78.6269539852733,
                -1.7215064467217795
              ],
              [
                -78.6269570412179,
                -1.7215086914260973
              ],
              [
                -78.6269599893325,
                -1.72151023724703
              ],
              [
                -78.62696345964218,
                -1.7215115559283864
              ],
              [
                -78.62699692680934,
                -1.7215239077578188
              ],
              [
                -78.62701798703903,
                -1.7215279304756965
              ],
              [
                -78.62704819484233,
                -1.7215332816988664
              ],
              [
                -78.62707683021087,
                -1.7215404126246892
              ],
              [
                -78.62711641431987,
                -1.721550269215386
              ],
              [
                -78.62712141742836,
                -1.7175014242871953
              ]
            ]
          ]
        ]
      }
    },
    {
      "type": "Feature",
      "properties": {
        "CELL_ID": "R-1000-25-32",
        "AMBITO": "RURAL",
        "CATEGORIA": "CONVIVENCIA",
        "PLATAFORMA": null,
        "PARROQUIA": "SAN LUIS",
        "DISTANCE_M": 2000,
        "CELL_SIZE_M": 1000,
        "COUNT": 0,
        "GI_ZSCORE": 2.3255892399323463,
        "GI_PVALUE": 0.02004047414923134,
        "GI_CLASS": "HOTSPOT 95%",
        "NIVEL": 95,
        "COB_A_PCT": 0.0,
        "ESTADO_A": "SIN COBERTURA",
        "COB_B_PCT": 0.0,
        "ESTADO_B": "SIN COBERTURA",
        "COB_C_PCT": 0.0,
        "ESTADO_C": "SIN COBERTURA",
        "COB_B_ANTERIOR_PCT": 0.0,
        "ESTADO_B_ANTERIOR": "SIN COBERTURA",
        "COB_C_ANTERIOR_PCT": 0.0,
        "ESTADO_C_ANTERIOR": "SIN COBERTURA"
      },
      "geometry": {
        "type": "MultiPolygon",
        "coordinates": [
          [
            [
              [
                -78.61609475514334,
                -1.7174876113349962
              ],
              [
                -78.61610014529175,
                -1.7174906327305581
              ],
              [
                -78.61622371668257,
                -1.7175548986695213
              ],
              [
                -78.61629023042164,
                -1.7175762725970516
              ],
              [
                -78.61638044785133,
                -1.7175784902317341
              ],
              [
                -78.61651806178573,
                -1.7175352261344914
              ],
              [
                -78.6166225116512,
                -1.7174882739068609
              ],
              [
                -78.61609475514334,
                -1.7174876113349962
              ]
            ]
          ]
        ]
      }
    },
    {
      "type": "Feature",
      "properties": {
        "CELL_ID": "R-1000-26-27",
        "AMBITO": "RURAL",
        "CATEGORIA": "CONVIVENCIA",
        "PLATAFORMA": null,
        "PARROQUIA": "SAN LUIS",
        "DISTANCE_M": 2000,
        "CELL_SIZE_M": 1000,
        "COUNT": 0,
        "GI_ZSCORE": 2.5982223915114466,
        "GI_PVALUE": 0.009370778190714862,
        "GI_CLASS": "HOTSPOT 99%",
        "NIVEL": 99,
        "COB_A_PCT": 0.0,
        "ESTADO_A": "SIN COBERTURA",
        "COB_B_PCT": 0.0,
        "ESTADO_B": "SIN COBERTURA",
        "COB_C_PCT": 0.0,
        "ESTADO_C": "SIN COBERTURA",
        "COB_B_ANTERIOR_PCT": 0.0,
        "ESTADO_B_ANTERIOR": "SIN COBERTURA",
        "COB_C_ANTERIOR_PCT": 0.0,
        "ESTADO_C_ANTERIOR": "SIN COBERTURA"
      },
      "geometry": {
        "type": "MultiPolygon",
        "coordinates": [
          [
            [
              [
                -78.66305387952491,
                -1.717545992284631
              ],
              [
                -78.66306483873163,
                -1.7085063348806229
              ],
              [
                -78.65408167780821,
                -1.7084953148324806
              ],
              [
                -78.6540706765684,
                -1.7175349138962805
              ],
              [
                -78.66305387952491,
                -1.717545992284631
              ]
            ]
          ]
        ]
      }
    },
    {
      "type": "Feature",
      "properties": {
        "CELL_ID": "R-1000-26-28",
        "AMBITO": "RURAL",
        "CATEGORIA": "CONVIVENCIA",
        "PLATAFORMA": null,
        "PARROQUIA": "SAN LUIS",
        "DISTANCE_M": 2000,
        "CELL_SIZE_M": 1000,
        "COUNT": 0,
        "GI_ZSCORE": 3.1310076511286766,
        "GI_PVALUE": 0.0017420762183360163,
        "GI_CLASS": "HOTSPOT 99%",
        "NIVEL": 99,
        "COB_A_PCT": 0.0,
        "ESTADO_A": "SIN COBERTURA",
        "COB_B_PCT": 0.0,
        "ESTADO_B": "SIN COBERTURA",
        "COB_C_PCT": 0.0,
        "ESTADO_C": "SIN COBERTURA",
        "COB_B_ANTERIOR_PCT": 0.0,
        "ESTADO_B_ANTERIOR": "SIN COBERTURA",
        "COB_C_ANTERIOR_PCT": 0.0,
        "ESTADO_C_ANTERIOR": "SIN COBERTURA"
      },
      "geometry": {
        "type": "MultiPolygon",
        "coordinates": [
          [
            [
              [
                -78.6540706765684,
                -1.7175349138962805
              ],
              [
                -78.65408167780821,
                -1.7084953148324806
              ],
              [
                -78.6450985750236,
                -1.708484252599413
              ],
              [
                -78.64508753175205,
                -1.7175237930996778
              ],
              [
                -78.6540706765684,
                -1.7175349138962805
              ]
            ]
          ]
        ]
      }
    },
    {
      "type": "Feature",
      "properties": {
        "CELL_ID": "R-1000-26-29",
        "AMBITO": "RURAL",
        "CATEGORIA": "CONVIVENCIA",
        "PLATAFORMA": null,
        "PARROQUIA": "SAN LUIS",
        "DISTANCE_M": 2000,
        "CELL_SIZE_M": 1000,
        "COUNT": 10,
        "GI_ZSCORE": 8.245746143454088,
        "GI_PVALUE": 1.6413278881944028e-16,
        "GI_CLASS": "HOTSPOT 99%",
        "NIVEL": 99,
        "COB_A_PCT": 0.0,
        "ESTADO_A": "SIN COBERTURA",
        "COB_B_PCT": 21.5101367088438,
        "ESTADO_B": "PARCIALMENTE CUBIERTO",
        "COB_C_PCT": 21.5101367088438,
        "ESTADO_C": "PARCIALMENTE CUBIERTO",
        "COB_B_ANTERIOR_PCT": 21.5101367088438,
        "ESTADO_B_ANTERIOR": "PARCIALMENTE CUBIERTO",
        "COB_C_ANTERIOR_PCT": 21.5101367088438,
        "ESTADO_C_ANTERIOR": "PARCIALMENTE CUBIERTO"
      },
      "geometry": {
        "type": "MultiPolygon",
        "coordinates": [
          [
            [
              [
                -78.64508753175205,
                -1.7175237930996778
              ],
              [
                -78.6450985750236,
                -1.708484252599413
              ],
              [
                -78.63611553059991,
                -1.708473148182782
              ],
              [
                -78.636104445298,
                -1.717512629896192
              ],
              [
                -78.64508753175205,
                -1.7175237930996778
              ]
            ]
          ]
        ]
      }
    },
    {
      "type": "Feature",
      "properties": {
        "CELL_ID": "R-1000-26-30",
        "AMBITO": "RURAL",
        "CATEGORIA": "CONVIVENCIA",
        "PLATAFORMA": null,
        "PARROQUIA": "SAN LUIS",
        "DISTANCE_M": 2000,
        "CELL_SIZE_M": 1000,
        "COUNT": 0,
        "GI_ZSCORE": 6.114605104985166,
        "GI_PVALUE": 9.67963560931346e-10,
        "GI_CLASS": "HOTSPOT 99%",
        "NIVEL": 99,
        "COB_A_PCT": 0.0,
        "ESTADO_A": "SIN COBERTURA",
        "COB_B_PCT": 0.0,
        "ESTADO_B": "SIN COBERTURA",
        "COB_C_PCT": 0.0,
        "ESTADO_C": "SIN COBERTURA",
        "COB_B_ANTERIOR_PCT": 0.0,
        "ESTADO_B_ANTERIOR": "SIN COBERTURA",
        "COB_C_ANTERIOR_PCT": 0.0,
        "ESTADO_C_ANTERIOR": "SIN COBERTURA"
      },
      "geometry": {
        "type": "MultiPolygon",
        "coordinates": [
          [
            [
              [
                -78.636104445298,
                -1.717512629896192
              ],
              [
                -78.63611553059991,
                -1.708473148182782
              ],
              [
                -78.62713254475929,
                -1.7084620015839524
              ],
              [
                -78.62712141742836,
                -1.7175014242871953
              ],
              [
                -78.636104445298,
                -1.717512629896192
              ]
            ]
          ]
        ]
      }
    },
    {
      "type": "Feature",
      "properties": {
        "CELL_ID": "R-1000-26-31",
        "AMBITO": "RURAL",
        "CATEGORIA": "CONVIVENCIA",
        "PLATAFORMA": null,
        "PARROQUIA": "SAN LUIS",
        "DISTANCE_M": 2000,
        "CELL_SIZE_M": 1000,
        "COUNT": 17,
        "GI_ZSCORE": 3.62934513517142,
        "GI_PVALUE": 0.0002841411335754499,
        "GI_CLASS": "HOTSPOT 99%",
        "NIVEL": 99,
        "COB_A_PCT": 0.0,
        "ESTADO_A": "SIN COBERTURA",
        "COB_B_PCT": 0.0,
        "ESTADO_B": "SIN COBERTURA",
        "COB_C_PCT": 0.0,
        "ESTADO_C": "SIN COBERTURA",
        "COB_B_ANTERIOR_PCT": 0.0,
        "ESTADO_B_ANTERIOR": "SIN COBERTURA",
        "COB_C_ANTERIOR_PCT": 0.0,
        "ESTADO_C_ANTERIOR": "SIN COBERTURA"
      },
      "geometry": {
        "type": "MultiPolygon",
        "coordinates": [
          [
            [
              [
                -78.62712141742836,
                -1.7175014242871953
              ],
              [
                -78.62713254475929,
                -1.7084620015839524
              ],
              [
                -78.61814961772383,
                -1.708450812804295
              ],
              [
                -78.61814200754021,
                -1.7146149165210203
              ],
              [
                -78.61814519730618,
                -1.7146142517406635
              ],
              [
                -78.61819219066382,
                -1.71460771184942
              ],
              [
                -78.61841937235454,
                -1.7146001131115438
              ],
              [
                -78.61858674022541,
                -1.7145990770651174
              ],
              [
                -78.6187092418228,
                -1.7145995603911364
              ],
              [
                -78.6187740675239,
                -1.7146073205130967
              ],
              [
                -78.61884674811517,
                -1.714625816598866
              ],
              [
                -78.61889236937134,
                -1.7146472301629232
              ],
              [
                -78.61893942438418,
                -1.714672941037034
              ],
              [
                -78.61900076177113,
                -1.7147194088499398
              ],
              [
                -78.61906068714846,
                -1.7147723299207696
              ],
              [
                -78.61919555892145,
                -1.7149125432495556
              ],
              [
                -78.61930473804573,
                -1.715024855098352
              ],
              [
                -78.61933539813849,
                -1.7150434305547169
              ],
              [
                -78.61936746570659,
                -1.7150526863595421
              ],
              [
                -78.61944013547075,
                -1.7150654478541718
              ],
              [
                -78.61953202059377,
                -1.7150710064160206
              ],
              [
                -78.61962816531492,
                -1.7150686734985159
              ],
              [
                -78.61967373040268,
                -1.715059985840377
              ],
              [
                -78.61970789153166,
                -1.71504702092873
              ],
              [
                -78.61973848818118,
                -1.715031911930435
              ],
              [
                -78.61979324221274,
                -1.7149859401592606
              ],
              [
                -78.61991551456835,
                -1.7148645875590047
              ],
              [
                -78.61999442507177,
                -1.7147877511786829
              ],
              [
                -78.62002778860914,
                -1.714728919389733
              ],
              [
                -78.62003771527954,
                -1.714705250419601
              ],
              [
                -78.62004256935847,
                -1.7146357227960032
              ],
              [
                -78.62003377631346,
                -1.7145045855000773
              ],
              [
                -78.6200164812926,
                -1.714397115344866
              ],
              [
                -78.62001282160037,
                -1.7143448043373735
              ],
              [
                -78.62002487262056,
                -1.7143146811866248
              ],
              [
                -78.62003978302282,
                -1.7142902853545032
              ],
              [
                -78.62005543932989,
                -1.7142838056218894
              ],
              [
                -78.62009033817763,
                -1.7142837390052228
              ],
              [
                -78.62013808112405,
                -1.7142972647180559
              ],
              [
                -78.62019153738375,
                -1.7143186636565306
              ],
              [
                -78.62023859336755,
                -1.7143450913364706
              ],
              [
                -78.62031204353853,
                -1.7143944027169364
              ],
              [
                -78.62040547582939,
                -1.714465176922122
              ],
              [
                -78.62042472836026,
                -1.7144773237382067
              ],
              [
                -78.62045038570233,
                -1.7144865913855807
              ],
              [
                -78.62046463635865,
                -1.714490148136803
              ],
              [
                -78.62047673907122,
                -1.7144872580176538
              ],
              [
                -78.62048455861118,
                -1.714479359235874
              ],
              [
                -78.62051085848046,
                -1.7144520750935417
              ],
              [
                -78.62053502128566,
                -1.7144240786839293
              ],
              [
                -78.62054423559727,
                -1.7144004106168433
              ],
              [
                -78.6205477583594,
                -1.7143803367236576
              ],
              [
                -78.62054559408928,
                -1.7143652906580964
              ],
              [
                -78.62054126919398,
                -1.7143380649232411
              ],
              [
                -78.62053407131077,
                -1.7142979436121923
              ],
              [
                -78.62053616119617,
                -1.714272855583029
              ],
              [
                -78.62054680383595,
                -1.714251335253473
              ],
              [
                -78.62055817334158,
                -1.7142376963757866
              ],
              [
                -78.62057809650037,
                -1.7142276251984128
              ],
              [
                -78.62060301791792,
                -1.714224710432819
              ],
              [
                -78.62062083032532,
                -1.714228259884506
              ],
              [
                -78.62063579605358,
                -1.7142332484626692
              ],
              [
                -78.6206486292626,
                -1.714240391172808
              ],
              [
                -78.62066788724039,
                -1.714255404384087
              ],
              [
                -78.62070929342177,
                -1.7143076442141694
              ],
              [
                -78.62076357544017,
                -1.7143892420270832
              ],
              [
                -78.62080930743402,
                -1.7144694244276426
              ],
              [
                -78.62092157836138,
                -1.714710733227867
              ],
              [
                -78.62096158342497,
                -1.7147751582362605
              ],
              [
                -78.6209965521418,
                -1.7148123593250342
              ],
              [
                -78.62103364976262,
                -1.7148459726302159
              ],
              [
                -78.6211206482854,
                -1.7149038585818162
              ],
              [
                -78.62117627612326,
                -1.714943886830195
              ],
              [
                -78.62122625321943,
                -1.7150090095139745
              ],
              [
                -78.6212527036513,
                -1.7150612776692773
              ],
              [
                -78.62126921017618,
                -1.7151278978922742
              ],
              [
                -78.62128144531627,
                -1.7151959590760684
              ],
              [
                -78.62128364584828,
                -1.7152296390103854
              ],
              [
                -78.62128586633247,
                -1.7152740695257596
              ],
              [
                -78.6212951922043,
                -1.7153098862502387
              ],
              [
                -78.62131949922981,
                -1.7153585739370534
              ],
              [
                -78.62133949859552,
                -1.7153893537066986
              ],
              [
                -78.6213816017265,
                -1.7154329907538874
              ],
              [
                -78.6214429311198,
                -1.7154751585520882
              ],
              [
                -78.62147572199629,
                -1.7154908630540486
              ],
              [
                -78.62148926212878,
                -1.715495137553781
              ],
              [
                -78.62151205649722,
                -1.7154972442340082
              ],
              [
                -78.62160391367003,
                -1.7154877520966683
              ],
              [
                -78.62167014973453,
                -1.7154876252577722
              ],
              [
                -78.62171146255018,
                -1.7154904131741928
              ],
              [
                -78.6217364039456,
                -1.7154975330782085
              ],
              [
                -78.62177131828268,
                -1.7155060665670083
              ],
              [
                -78.62180125341335,
                -1.7155181933155392
              ],
              [
                -78.62189965146423,
                -1.7155782069811387
              ],
              [
                -78.62196666520184,
                -1.7156131964757937
              ],
              [
                -78.6220315219358,
                -1.7156374399425436
              ],
              [
                -78.62214625333704,
                -1.7156723390837019
              ],
              [
                -78.6222089576039,
                -1.7156879860959788
              ],
              [
                -78.62226098203205,
                -1.7157058036668582
              ],
              [
                -78.62242420333153,
                -1.715772144666
              ],
              [
                -78.62248335038804,
                -1.7157899485487342
              ],
              [
                -78.6225132764675,
                -1.7157970584167936
              ],
              [
                -78.62257168760125,
                -1.7158026807782465
              ],
              [
                -78.62260589323462,
                -1.7158126488358365
              ],
              [
                -78.62263155517942,
                -1.715824783798855
              ],
              [
                -78.62264653091435,
                -1.7158347883651868
              ],
              [
                -78.62266936975004,
                -1.715860545799092
              ],
              [
                -78.62268652336425,
                -1.7158927638174741
              ],
              [
                -78.62269799447652,
                -1.7159328760737338
              ],
              [
                -78.6226987685059,
                -1.715965841952279
              ],
              [
                -78.62269031005435,
                -1.7160124421698468
              ],
              [
                -78.62267757385817,
                -1.7160569010230988
              ],
              [
                -78.62265276393295,
                -1.7161192997436907
              ],
              [
                -78.62263644419745,
                -1.7161515816456236
              ],
              [
                -78.62261513617634,
                -1.716182439926334
              ],
              [
                -78.62258174989574,
                -1.7162290875912818
              ],
              [
                -78.62255545086775,
                -1.7162570885950061
              ],
              [
                -78.6225035751311,
                -1.7163181056604737
              ],
              [
                -78.62246375499306,
                -1.7163518659197443
              ],
              [
                -78.62229805509372,
                -1.716481901911595
              ],
              [
                -78.62212591771701,
                -1.7165976168078283
              ],
              [
                -78.62200782305052,
                -1.7166673598311022
              ],
              [
                -78.62195375947567,
                -1.7167018642474616
              ],
              [
                -78.62186557184395,
                -1.7167686842827585
              ],
              [
                -78.62183145323736,
                -1.7168045831292842
              ],
              [
                -78.62179876477003,
                -1.7168433465424624
              ],
              [
                -78.62173700217085,
                -1.716949533691953
              ],
              [
                -78.6216858958484,
                -1.7170413669518132
              ],
              [
                -78.6216695760789,
                -1.7170736488114207
              ],
              [
                -78.62163273854912,
                -1.7171783548619133
              ],
              [
                -78.62157252113607,
                -1.7173483241095688
              ],
              [
                -78.62156404449219,
                -1.7173856082467494
              ],
              [
                -78.62156056609311,
                -1.7174293319852099
              ],
              [
                -78.62156492357079,
                -1.7174737588613656
              ],
              [
                -78.62156923739018,
                -1.7174944771456506
              ],
              [
                -78.62712141742836,
                -1.7175014242871953
              ]
            ]
          ]
        ]
      }
    },
    {
      "type": "Feature",
      "properties": {
        "CELL_ID": "R-1000-26-32",
        "AMBITO": "RURAL",
        "CATEGORIA": "CONVIVENCIA",
        "PLATAFORMA": null,
        "PARROQUIA": "SAN LUIS",
        "DISTANCE_M": 2000,
        "CELL_SIZE_M": 1000,
        "COUNT": 0,
        "GI_ZSCORE": 2.359741754196202,
        "GI_PVALUE": 0.018287660782400857,
        "GI_CLASS": "HOTSPOT 95%",
        "NIVEL": 95,
        "COB_A_PCT": 0.0,
        "ESTADO_A": "SIN COBERTURA",
        "COB_B_PCT": 0.0,
        "ESTADO_B": "SIN COBERTURA",
        "COB_C_PCT": 0.0,
        "ESTADO_C": "SIN COBERTURA",
        "COB_B_ANTERIOR_PCT": 0.0,
        "ESTADO_B_ANTERIOR": "SIN COBERTURA",
        "COB_C_ANTERIOR_PCT": 0.0,
        "ESTADO_C_ANTERIOR": "SIN COBERTURA"
      },
      "geometry": {
        "type": "MultiPolygon",
        "coordinates": [
          [
            [
              [
                -78.61814961772383,
                -1.708450812804295
              ],
              [
                -78.60916674971563,
                -1.7084395818451859
              ],
              [
                -78.60916223214146,
                -1.7120876758093138
              ],
              [
                -78.60916487986451,
                -1.71208802012761
              ],
              [
                -78.60925037625442,
                -1.7121045808163549
              ],
              [
                -78.60943097012967,
                -1.7121926299161916
              ],
              [
                -78.60955220381096,
                -1.712276014345469
              ],
              [
                -78.60991595232541,
                -1.712552445951129
              ],
              [
                -78.61003234359812,
                -1.7125856705477065
              ],
              [
                -78.61011783673821,
                -1.7125998430453897
              ],
              [
                -78.61050492788927,
                -1.7126636104850388
              ],
              [
                -78.61071629043852,
                -1.712701433240126
              ],
              [
                -78.61089682939185,
                -1.7127608149746767
              ],
              [
                -78.61097995776758,
                -1.71277976900339
              ],
              [
                -78.61103457816256,
                -1.7127892212715174
              ],
              [
                -78.61110106102016,
                -1.7127938722682507
              ],
              [
                -78.61122213713055,
                -1.7127936427293993
              ],
              [
                -78.61148331422866,
                -1.71280986970025
              ],
              [
                -78.61173975569454,
                -1.7128332724524327
              ],
              [
                -78.61188227919239,
                -1.7128760039147681
              ],
              [
                -78.6120200908538,
                -1.7129378548940482
              ],
              [
                -78.61215796017893,
                -1.7130307633052924
              ],
              [
                -78.61225311047596,
                -1.7131309192116757
              ],
              [
                -78.61240777718591,
                -1.7133193547580188
              ],
              [
                -78.612602923684,
                -1.713572214782829
              ],
              [
                -78.6127553426796,
                -1.7138275450349145
              ],
              [
                -78.61285539317808,
                -1.7140089166106796
              ],
              [
                -78.61304642490384,
                -1.714598629979333
              ],
              [
                -78.61327770736173,
                -1.7151309300003592
              ],
              [
                -78.6133635636695,
                -1.7153386073698662
              ],
              [
                -78.61340650328036,
                -1.71544841792111
              ],
              [
                -78.61344463600157,
                -1.715527181327833
              ],
              [
                -78.613566026153,
                -1.7156941783872761
              ],
              [
                -78.61374684468358,
                -1.7159016749588671
              ],
              [
                -78.61386102755033,
                -1.7160232945258476
              ],
              [
                -78.6139633581641,
                -1.7161544935885755
              ],
              [
                -78.61406566254782,
                -1.7162713580306619
              ],
              [
                -78.61431544947547,
                -1.716543224667672
              ],
              [
                -78.614588918104,
                -1.7167839895780745
              ],
              [
                -78.61492648646056,
                -1.7170246316609872
              ],
              [
                -78.61508575867649,
                -1.7171366096551173
              ],
              [
                -78.6152116778892,
                -1.7171865384922673
              ],
              [
                -78.6153399339322,
                -1.7172173502134802
              ],
              [
                -78.61555608923105,
                -1.7172790513296508
              ],
              [
                -78.61574609795342,
                -1.7173240799531706
              ],
              [
                -78.6159005142566,
                -1.7173787314783957
              ],
              [
                -78.61609475514334,
                -1.7174876113349962
              ],
              [
                -78.6166225116512,
                -1.7174882739068609
              ],
              [
                -78.61671019724108,
                -1.7174488575346685
              ],
              [
                -78.61692606353492,
                -1.71735766543755
              ],
              [
                -78.61699006403833,
                -1.717304986576689
              ],
              [
                -78.61704452279572,
                -1.7172284354139786
              ],
              [
                -78.61707991342548,
                -1.7171113087982939
              ],
              [
                -78.61711292471895,
                -1.7169917982203051
              ],
              [
                -78.61712510452973,
                -1.7168998559869582
              ],
              [
                -78.6171451774743,
                -1.7168472051427455
              ],
              [
                -78.61716005173412,
                -1.716803458786507
              ],
              [
                -78.6171770476541,
                -1.716751824624021
              ],
              [
                -78.61721587655524,
                -1.7165697119286647
              ],
              [
                -78.61723988550527,
                -1.7164600131165757
              ],
              [
                -78.61725758017668,
                -1.7164012106969204
              ],
              [
                -78.61728027487949,
                -1.7163502824151793
              ],
              [
                -78.61737464166296,
                -1.7161601807343267
              ],
              [
                -78.6174640645245,
                -1.7159923051610102
              ],
              [
                -78.61757123089461,
                -1.7157914282616102
              ],
              [
                -78.61766983180871,
                -1.7155805349054674
              ],
              [
                -78.61772302797952,
                -1.7154636130907235
              ],
              [
                -78.61777626852617,
                -1.7153703428451457
              ],
              [
                -78.61782600167453,
                -1.715305745613471
              ],
              [
                -78.61788214777624,
                -1.715242571073532
              ],
              [
                -78.61792974476651,
                -1.7151779783844177
              ],
              [
                -78.61798297441327,
                -1.7150789735137197
              ],
              [
                -78.61799850567007,
                -1.7150058418188647
              ],
              [
                -78.61800757684128,
                -1.7149062058094753
              ],
              [
                -78.61801243733233,
                -1.7148395446891596
              ],
              [
                -78.61803786354561,
                -1.7147262589139243
              ],
              [
                -78.61805487294916,
                -1.7146817920224886
              ],
              [
                -78.6180832890092,
                -1.714643036935492
              ],
              [
                -78.61811743196611,
                -1.7146200383257078
              ],
              [
                -78.61814200754021,
                -1.7146149165210203
              ],
              [
                -78.61814961772383,
                -1.708450812804295
              ]
            ]
          ]
        ]
      }
    },
    {
      "type": "Feature",
      "properties": {
        "CELL_ID": "R-1000-26-33",
        "AMBITO": "RURAL",
        "CATEGORIA": "CONVIVENCIA",
        "PLATAFORMA": null,
        "PARROQUIA": "SAN LUIS",
        "DISTANCE_M": 2000,
        "CELL_SIZE_M": 1000,
        "COUNT": 0,
        "GI_ZSCORE": 2.391660033592366,
        "GI_PVALUE": 0.01677237014765282,
        "GI_CLASS": "HOTSPOT 95%",
        "NIVEL": 95,
        "COB_A_PCT": 0.0,
        "ESTADO_A": "SIN COBERTURA",
        "COB_B_PCT": 0.0,
        "ESTADO_B": "SIN COBERTURA",
        "COB_C_PCT": 0.0,
        "ESTADO_C": "SIN COBERTURA",
        "COB_B_ANTERIOR_PCT": 0.0,
        "ESTADO_B_ANTERIOR": "SIN COBERTURA",
        "COB_C_ANTERIOR_PCT": 0.0,
        "ESTADO_C_ANTERIOR": "SIN COBERTURA"
      },
      "geometry": {
        "type": "MultiPolygon",
        "coordinates": [
          [
            [
              [
                -78.60916674971563,
                -1.7084395818451859
              ],
              [
                -78.60849342784775,
                -1.7084387383126507
              ],
              [
                -78.60835595141603,
                -1.7086159725170365
              ],
              [
                -78.60809794796693,
                -1.7090273663082673
              ],
              [
                -78.60782585625046,
                -1.7095224001458775
              ],
              [
                -78.60764368833938,
                -1.7098619809714075
              ],
              [
                -78.60757980715539,
                -1.7099791623513974
              ],
              [
                -78.60754915502355,
                -1.710091502376232
              ],
              [
                -78.60749953664933,
                -1.7102182127899477
              ],
              [
                -78.60736465255822,
                -1.710452589128423
              ],
              [
                -78.60729369974956,
                -1.7105960623352963
              ],
              [
                -78.60722283500458,
                -1.7107873155956113
              ],
              [
                -78.60711908283055,
                -1.711164971336716
              ],
              [
                -78.6070437612096,
                -1.7115115178000182
              ],
              [
                -78.60701089484161,
                -1.711709865739893
              ],
              [
                -78.60694034852675,
                -1.7120707363962766
              ],
              [
                -78.60689313964745,
                -1.712216553354313
              ],
              [
                -78.60684594520647,
                -1.7123695384862003
              ],
              [
                -78.60682467257398,
                -1.7124197476770067
              ],
              [
                -78.60681761274184,
                -1.7124532068223957
              ],
              [
                -78.60683196026537,
                -1.7125081259630814
              ],
              [
                -78.60686526804267,
                -1.7125462865652028
              ],
              [
                -78.60693416041863,
                -1.7125700461818192
              ],
              [
                -78.60701015332035,
                -1.712581846683904
              ],
              [
                -78.60712647738131,
                -1.7125792376944613
              ],
              [
                -78.6072759898751,
                -1.7125502864783408
              ],
              [
                -78.60773870707867,
                -1.7124299598966644
              ],
              [
                -78.60806609927747,
                -1.71230750071883
              ],
              [
                -78.60831749852738,
                -1.712173240988968
              ],
              [
                -78.60850730245409,
                -1.712108378196484
              ],
              [
                -78.60867104895084,
                -1.7120746221875718
              ],
              [
                -78.60882060135701,
                -1.7120671717286038
              ],
              [
                -78.60902002660997,
                -1.7120691829465102
              ],
              [
                -78.60916223214146,
                -1.7120876758093138
              ],
              [
                -78.60916674971563,
                -1.7084395818451859
              ]
            ]
          ]
        ]
      }
    },
    {
      "type": "Feature",
      "properties": {
        "CELL_ID": "R-1000-27-27",
        "AMBITO": "RURAL",
        "CATEGORIA": "CONVIVENCIA",
        "PLATAFORMA": null,
        "PARROQUIA": "SAN LUIS",
        "DISTANCE_M": 2000,
        "CELL_SIZE_M": 1000,
        "COUNT": 0,
        "GI_ZSCORE": 2.094091731603634,
        "GI_PVALUE": 0.03625180949310567,
        "GI_CLASS": "HOTSPOT 95%",
        "NIVEL": 95,
        "COB_A_PCT": 0.0,
        "ESTADO_A": "SIN COBERTURA",
        "COB_B_PCT": 0.0,
        "ESTADO_B": "SIN COBERTURA",
        "COB_C_PCT": 0.0,
        "ESTADO_C": "SIN COBERTURA",
        "COB_B_ANTERIOR_PCT": 0.0,
        "ESTADO_B_ANTERIOR": "SIN COBERTURA",
        "COB_C_ANTERIOR_PCT": 0.0,
        "ESTADO_C_ANTERIOR": "SIN COBERTURA"
      },
      "geometry": {
        "type": "MultiPolygon",
        "coordinates": [
          [
            [
              [
                -78.6540926209092,
                -1.6994557148446683
              ],
              [
                -78.65408167780821,
                -1.7084953148324806
              ],
              [
                -78.66306483873163,
                -1.7085063348806229
              ],
              [
                -78.66306907365384,
                -1.7050003187590979
              ],
              [
                -78.6622874193651,
                -1.7047997524229288
              ],
              [
                -78.66197450606454,
                -1.704526191310323
              ],
              [
                -78.66191391231918,
                -1.7044163757344843
              ],
              [
                -78.66187387261962,
                -1.7042465619153655
              ],
              [
                -78.66172373468478,
                -1.7031537543855018
              ],
              [
                -78.66109457808018,
                -1.7026866299121306
              ],
              [
                -78.66088328634932,
                -1.7024696008698474
              ],
              [
                -78.66004213311062,
                -1.701327678954862
              ],
              [
                -78.66003917357963,
                -1.7013236074982718
              ],
              [
                -78.6599815974192,
                -1.701244259459841
              ],
              [
                -78.6596074390405,
                -1.700745337394831
              ],
              [
                -78.65931429886916,
                -1.7003544496018845
              ],
              [
                -78.65902040988121,
                -1.6999625630362472
              ],
              [
                -78.65864447667448,
                -1.6994612745289182
              ],
              [
                -78.6583735260792,
                -1.6994609438891137
              ],
              [
                -78.65832912439892,
                -1.6994758955068272
              ],
              [
                -78.65807658866242,
                -1.6994805256507388
              ],
              [
                -78.65798908027361,
                -1.6994821300453693
              ],
              [
                -78.65784661279744,
                -1.699484742163339
              ],
              [
                -78.65780686786754,
                -1.6994854710568084
              ],
              [
                -78.65777433115937,
                -1.6994860677301507
              ],
              [
                -78.65749506833512,
                -1.6994911876586276
              ],
              [
                -78.6573861545189,
                -1.6994931844265726
              ],
              [
                -78.65722918173188,
                -1.6994960626311484
              ],
              [
                -78.6569977956223,
                -1.6995003044335857
              ],
              [
                -78.65699684010838,
                -1.6995000637165336
              ],
              [
                -78.65683408555265,
                -1.6994590645908545
              ],
              [
                -78.6540926209092,
                -1.6994557148446683
              ]
            ]
          ]
        ]
      }
    },
    {
      "type": "Feature",
      "properties": {
        "CELL_ID": "R-1000-27-28",
        "AMBITO": "RURAL",
        "CATEGORIA": "CONVIVENCIA",
        "PLATAFORMA": null,
        "PARROQUIA": "SAN LUIS",
        "DISTANCE_M": 2000,
        "CELL_SIZE_M": 1000,
        "COUNT": 15,
        "GI_ZSCORE": 6.733385162273237,
        "GI_PVALUE": 1.6576049864688956e-11,
        "GI_CLASS": "HOTSPOT 99%",
        "NIVEL": 99,
        "COB_A_PCT": 0.0,
        "ESTADO_A": "SIN COBERTURA",
        "COB_B_PCT": 0.0,
        "ESTADO_B": "SIN COBERTURA",
        "COB_C_PCT": 0.0,
        "ESTADO_C": "SIN COBERTURA",
        "COB_B_ANTERIOR_PCT": 0.0,
        "ESTADO_B_ANTERIOR": "SIN COBERTURA",
        "COB_C_ANTERIOR_PCT": 0.0,
        "ESTADO_C_ANTERIOR": "SIN COBERTURA"
      },
      "geometry": {
        "type": "MultiPolygon",
        "coordinates": [
          [
            [
              [
                -78.65408167780821,
                -1.7084953148324806
              ],
              [
                -78.6540926209092,
                -1.6994557148446683
              ],
              [
                -78.6451095599342,
                -1.699444711174613
              ],
              [
                -78.6450985750236,
                -1.708484252599413
              ],
              [
                -78.65408167780821,
                -1.7084953148324806
              ]
            ]
          ]
        ]
      }
    },
    {
      "type": "Feature",
      "properties": {
        "CELL_ID": "R-1000-27-29",
        "AMBITO": "RURAL",
        "CATEGORIA": "CONVIVENCIA",
        "PLATAFORMA": null,
        "PARROQUIA": "SAN LUIS",
        "DISTANCE_M": 2000,
        "CELL_SIZE_M": 1000,
        "COUNT": 6,
        "GI_ZSCORE": 10.270330129999563,
        "GI_PVALUE": 9.587600623337992e-25,
        "GI_CLASS": "HOTSPOT 99%",
        "NIVEL": 99,
        "COB_A_PCT": 0.0,
        "ESTADO_A": "SIN COBERTURA",
        "COB_B_PCT": 1.0363959049998919,
        "ESTADO_B": "PARCIALMENTE CUBIERTO",
        "COB_C_PCT": 1.0363959049998919,
        "ESTADO_C": "PARCIALMENTE CUBIERTO",
        "COB_B_ANTERIOR_PCT": 1.0363959049998919,
        "ESTADO_B_ANTERIOR": "PARCIALMENTE CUBIERTO",
        "COB_C_ANTERIOR_PCT": 1.0363959049998919,
        "ESTADO_C_ANTERIOR": "PARCIALMENTE CUBIERTO"
      },
      "geometry": {
        "type": "MultiPolygon",
        "coordinates": [
          [
            [
              [
                -78.6450985750236,
                -1.708484252599413
              ],
              [
                -78.6451095599342,
                -1.699444711174613
              ],
              [
                -78.63612655731878,
                -1.6994336655443114
              ],
              [
                -78.63611553059991,
                -1.708473148182782
              ],
              [
                -78.6450985750236,
                -1.708484252599413
              ]
            ]
          ]
        ]
      }
    },
    {
      "type": "Feature",
      "properties": {
        "CELL_ID": "R-1000-27-30",
        "AMBITO": "RURAL",
        "CATEGORIA": "CONVIVENCIA",
        "PLATAFORMA": null,
        "PARROQUIA": "SAN LUIS",
        "DISTANCE_M": 2000,
        "CELL_SIZE_M": 1000,
        "COUNT": 0,
        "GI_ZSCORE": 12.934256428085714,
        "GI_PVALUE": 2.883997957747746e-38,
        "GI_CLASS": "HOTSPOT 99%",
        "NIVEL": 99,
        "COB_A_PCT": 0.0,
        "ESTADO_A": "SIN COBERTURA",
        "COB_B_PCT": 0.0,
        "ESTADO_B": "SIN COBERTURA",
        "COB_C_PCT": 0.0,
        "ESTADO_C": "SIN COBERTURA",
        "COB_B_ANTERIOR_PCT": 0.0,
        "ESTADO_B_ANTERIOR": "SIN COBERTURA",
        "COB_C_ANTERIOR_PCT": 0.0,
        "ESTADO_C_ANTERIOR": "SIN COBERTURA"
      },
      "geometry": {
        "type": "MultiPolygon",
        "coordinates": [
          [
            [
              [
                -78.63611553059991,
                -1.708473148182782
              ],
              [
                -78.63612655731878,
                -1.6994336655443114
              ],
              [
                -78.62714361328504,
                -1.6994225779551215
              ],
              [
                -78.62713254475929,
                -1.7084620015839524
              ],
              [
                -78.63611553059991,
                -1.708473148182782
              ]
            ]
          ]
        ]
      }
    },
    {
      "type": "Feature",
      "properties": {
        "CELL_ID": "R-1000-27-31",
        "AMBITO": "RURAL",
        "CATEGORIA": "CONVIVENCIA",
        "PLATAFORMA": null,
        "PARROQUIA": "SAN LUIS",
        "DISTANCE_M": 2000,
        "CELL_SIZE_M": 1000,
        "COUNT": 1,
        "GI_ZSCORE": 6.327719208832058,
        "GI_PVALUE": 2.488113677707801e-10,
        "GI_CLASS": "HOTSPOT 99%",
        "NIVEL": 99,
        "COB_A_PCT": 0.0,
        "ESTADO_A": "SIN COBERTURA",
        "COB_B_PCT": 0.0,
        "ESTADO_B": "SIN COBERTURA",
        "COB_C_PCT": 0.0,
        "ESTADO_C": "SIN COBERTURA",
        "COB_B_ANTERIOR_PCT": 0.0,
        "ESTADO_B_ANTERIOR": "SIN COBERTURA",
        "COB_C_ANTERIOR_PCT": 0.0,
        "ESTADO_C_ANTERIOR": "SIN COBERTURA"
      },
      "geometry": {
        "type": "MultiPolygon",
        "coordinates": [
          [
            [
              [
                -78.62713254475929,
                -1.7084620015839524
              ],
              [
                -78.62714361328504,
                -1.6994225779551215
              ],
              [
                -78.6181607280551,
                -1.6994114484084069
              ],
              [
                -78.61814961772383,
                -1.708450812804295
              ],
              [
                -78.62713254475929,
                -1.7084620015839524
              ]
            ]
          ]
        ]
      }
    },
    {
      "type": "Feature",
      "properties": {
        "CELL_ID": "R-1000-27-32",
        "AMBITO": "RURAL",
        "CATEGORIA": "CONVIVENCIA",
        "PLATAFORMA": null,
        "PARROQUIA": "SAN LUIS",
        "DISTANCE_M": 2000,
        "CELL_SIZE_M": 1000,
        "COUNT": 2,
        "GI_ZSCORE": 2.853335128395966,
        "GI_PVALUE": 0.004326297058927799,
        "GI_CLASS": "HOTSPOT 99%",
        "NIVEL": 99,
        "COB_A_PCT": 0.0,
        "ESTADO_A": "SIN COBERTURA",
        "COB_B_PCT": 0.0,
        "ESTADO_B": "SIN COBERTURA",
        "COB_C_PCT": 0.0,
        "ESTADO_C": "SIN COBERTURA",
        "COB_B_ANTERIOR_PCT": 0.0,
        "ESTADO_B_ANTERIOR": "SIN COBERTURA",
        "COB_C_ANTERIOR_PCT": 0.0,
        "ESTADO_C_ANTERIOR": "SIN COBERTURA"
      },
      "geometry": {
        "type": "MultiPolygon",
        "coordinates": [
          [
            [
              [
                -78.61814961772383,
                -1.708450812804295
              ],
              [
                -78.6181607280551,
                -1.6994114484084069
              ],
              [
                -78.60917790185107,
                -1.6994002769055356
              ],
              [
                -78.60916674971563,
                -1.7084395818451859
              ],
              [
                -78.61814961772383,
                -1.708450812804295
              ]
            ]
          ]
        ]
      }
    },
    {
      "type": "Feature",
      "properties": {
        "CELL_ID": "R-1000-28-27",
        "AMBITO": "RURAL",
        "CATEGORIA": "CONVIVENCIA",
        "PLATAFORMA": null,
        "PARROQUIA": "SAN LUIS",
        "DISTANCE_M": 2000,
        "CELL_SIZE_M": 1000,
        "COUNT": 0,
        "GI_ZSCORE": 6.44676094429867,
        "GI_PVALUE": 1.1426580224976007e-10,
        "GI_CLASS": "HOTSPOT 99%",
        "NIVEL": 99,
        "COB_A_PCT": 0.0,
        "ESTADO_A": "SIN COBERTURA",
        "COB_B_PCT": 0.0,
        "ESTADO_B": "SIN COBERTURA",
        "COB_C_PCT": 0.0,
        "ESTADO_C": "SIN COBERTURA",
        "COB_B_ANTERIOR_PCT": 0.0,
        "ESTADO_B_ANTERIOR": "SIN COBERTURA",
        "COB_C_ANTERIOR_PCT": 0.0,
        "ESTADO_C_ANTERIOR": "SIN COBERTURA"
      },
      "geometry": {
        "type": "MultiPolygon",
        "coordinates": [
          [
            [
              [
                -78.6540926209092,
                -1.6994557148446683
              ],
              [
                -78.65683408555265,
                -1.6994590645908545
              ],
              [
                -78.65678154325963,
                -1.6994458287804766
              ],
              [
                -78.65661272536454,
                -1.6994033026825017
              ],
              [
                -78.65644796932673,
                -1.6993617994028924
              ],
              [
                -78.65637110976678,
                -1.6993424375644572
              ],
              [
                -78.65629391254905,
                -1.6993229912441188
              ],
              [
                -78.65620291076326,
                -1.699305960625938
              ],
              [
                -78.65610231718172,
                -1.6992871356755745
              ],
              [
                -78.65583490800636,
                -1.6992370920021609
              ],
              [
                -78.6556277098788,
                -1.69919831653553
              ],
              [
                -78.65545850985332,
                -1.699166651944664
              ],
              [
                -78.65540934021976,
                -1.6991574510085565
              ],
              [
                -78.65521632150157,
                -1.699121328797036
              ],
              [
                -78.65506293991423,
                -1.699092624104375
              ],
              [
                -78.65502344830983,
                -1.6990852338727438
              ],
              [
                -78.65483831979336,
                -1.698993795201373
              ],
              [
                -78.65483125160713,
                -1.6989903035998697
              ],
              [
                -78.65477556708086,
                -1.6989628003180286
              ],
              [
                -78.6546793560785,
                -1.6989152799058385
              ],
              [
                -78.65463248681795,
                -1.6988921300291797
              ],
              [
                -78.65430677038835,
                -1.6987312517163595
              ],
              [
                -78.65421176963376,
                -1.6986843294059804
              ],
              [
                -78.65416914922585,
                -1.6986791916372102
              ],
              [
                -78.654161374585,
                -1.6986782546721642
              ],
              [
                -78.65409695446908,
                -1.6986704886619748
              ],
              [
                -78.65409356923126,
                -1.6986700805878903
              ],
              [
                -78.6540926209092,
                -1.6994557148446683
              ]
            ]
          ],
          [
            [
              [
                -78.65864447667448,
                -1.6994612745289182
              ],
              [
                -78.65858965109844,
                -1.699388167313346
              ],
              [
                -78.65850844567031,
                -1.6994155116751954
              ],
              [
                -78.6583735260792,
                -1.6994609438891137
              ],
              [
                -78.65864447667448,
                -1.6994612745289182
              ]
            ]
          ]
        ]
      }
    },
    {
      "type": "Feature",
      "properties": {
        "CELL_ID": "R-1000-28-28",
        "AMBITO": "RURAL",
        "CATEGORIA": "CONVIVENCIA",
        "PLATAFORMA": null,
        "PARROQUIA": "SAN LUIS",
        "DISTANCE_M": 2000,
        "CELL_SIZE_M": 1000,
        "COUNT": 1,
        "GI_ZSCORE": 11.096779480270358,
        "GI_PVALUE": 1.3004581103751243e-28,
        "GI_CLASS": "HOTSPOT 99%",
        "NIVEL": 99,
        "COB_A_PCT": 0.0,
        "ESTADO_A": "SIN COBERTURA",
        "COB_B_PCT": 0.0,
        "ESTADO_B": "SIN COBERTURA",
        "COB_C_PCT": 0.0,
        "ESTADO_C": "SIN COBERTURA",
        "COB_B_ANTERIOR_PCT": 0.0,
        "ESTADO_B_ANTERIOR": "SIN COBERTURA",
        "COB_C_ANTERIOR_PCT": 0.0,
        "ESTADO_C_ANTERIOR": "SIN COBERTURA"
      },
      "geometry": {
        "type": "MultiPolygon",
        "coordinates": [
          [
            [
              [
                -78.6451095599342,
                -1.699444711174613
              ],
              [
                -78.6540926209092,
                -1.6994557148446683
              ],
              [
                -78.65409356923126,
                -1.6986700805878903
              ],
              [
                -78.65387192464547,
                -1.698643362390986
              ],
              [
                -78.65374074558913,
                -1.6986275490775906
              ],
              [
                -78.65367754791671,
                -1.698619930993727
              ],
              [
                -78.65338526523806,
                -1.6985846971196723
              ],
              [
                -78.6532359716639,
                -1.6985824129175926
              ],
              [
                -78.6530508730578,
                -1.6985795814265652
              ],
              [
                -78.65280388032464,
                -1.6985758037313692
              ],
              [
                -78.65218654151836,
                -1.6985663599867498
              ],
              [
                -78.65211652863417,
                -1.6985652890466336
              ],
              [
                -78.65200161193462,
                -1.6985635304131654
              ],
              [
                -78.6518874848426,
                -1.698561784490337
              ],
              [
                -78.65168453287002,
                -1.6985586806392645
              ],
              [
                -78.65161625102085,
                -1.6985576353020033
              ],
              [
                -78.651504756854,
                -1.6985559296403778
              ],
              [
                -78.65143801019298,
                -1.6985549087740082
              ],
              [
                -78.651217017003,
                -1.6985515278883332
              ],
              [
                -78.65091344482894,
                -1.698546884348496
              ],
              [
                -78.6508938539951,
                -1.6985465846694454
              ],
              [
                -78.65077319821629,
                -1.6985447384905608
              ],
              [
                -78.65050794633667,
                -1.6985406805399448
              ],
              [
                -78.65033237703977,
                -1.6985730353095243
              ],
              [
                -78.65020556167808,
                -1.6985964047184907
              ],
              [
                -78.65009472268592,
                -1.698616830494322
              ],
              [
                -78.64969551179473,
                -1.698803695327714
              ],
              [
                -78.64967585063351,
                -1.698803622440318
              ],
              [
                -78.64968827189189,
                -1.6987684031540224
              ],
              [
                -78.6496986374186,
                -1.6987468907850833
              ],
              [
                -78.6497180947432,
                -1.6987090071066955
              ],
              [
                -78.64975711411095,
                -1.6986417262373499
              ],
              [
                -78.64977927247546,
                -1.6985965491083208
              ],
              [
                -78.64979714616504,
                -1.6985571077733475
              ],
              [
                -78.64980645568441,
                -1.6985241129295978
              ],
              [
                -78.6498100418778,
                -1.6985068969083095
              ],
              [
                -78.64980936158328,
                -1.698479630876173
              ],
              [
                -78.64980583610748,
                -1.6984466203201785
              ],
              [
                -78.64979588709315,
                -1.6984193429423975
              ],
              [
                -78.64978025288869,
                -1.6983755550339803
              ],
              [
                -78.64975718232823,
                -1.6983267057994913
              ],
              [
                -78.64972123466866,
                -1.6982405895766943
              ],
              [
                -78.64969846887718,
                -1.6981982275252205
              ],
              [
                -78.64965293295681,
                -1.698117092135528
              ],
              [
                -78.64963344883644,
                -1.6980879789036378
              ],
              [
                -78.64962395996162,
                -1.6980724210118125
              ],
              [
                -78.649607958318,
                -1.6980383194804638
              ],
              [
                -78.64959224986363,
                -1.6980069084889913
              ],
              [
                -78.6495848483288,
                -1.697985673581647
              ],
              [
                -78.64957863633674,
                -1.697963542499597
              ],
              [
                -78.64957272367616,
                -1.6979390199099855
              ],
              [
                -78.6495644321068,
                -1.697916886283198
              ],
              [
                -78.64954962633273,
                -1.6978759098062832
              ],
              [
                -78.64953334107936,
                -1.6978304469817465
              ],
              [
                -78.64952237778368,
                -1.69780621742266
              ],
              [
                -78.64951733907401,
                -1.6977966437604324
              ],
              [
                -78.64949805223728,
                -1.6977759918265272
              ],
              [
                -78.64946748976742,
                -1.6977442643553218
              ],
              [
                -78.6494339681657,
                -1.697702965768382
              ],
              [
                -78.64940800155837,
                -1.6976644452526908
              ],
              [
                -78.64937237410811,
                -1.6976084620002692
              ],
              [
                -78.6493559816033,
                -1.697576671421325
              ],
              [
                -78.64935045102199,
                -1.6975697403327996
              ],
              [
                -78.64933209762877,
                -1.6975534656072007
              ],
              [
                -78.64931927481702,
                -1.6975441219701564
              ],
              [
                -78.64929125080175,
                -1.697525910883741
              ],
              [
                -78.64926322100746,
                -1.6975124826336907
              ],
              [
                -78.64923043738308,
                -1.6974990494703737
              ],
              [
                -78.64920287007602,
                -1.6974961456680793
              ],
              [
                -78.64918005544345,
                -1.6974942040693433
              ],
              [
                -78.64916104423428,
                -1.6974922671248454
              ],
              [
                -78.64913965289965,
                -1.6974922409469688
              ],
              [
                -78.64911778636205,
                -1.6974922141873117
              ],
              [
                -78.64909496710553,
                -1.6974940999408863
              ],
              [
                -78.64907500054623,
                -1.6974955100874305
              ],
              [
                -78.6490578837912,
                -1.697498838304667
              ],
              [
                -78.64903790682635,
                -1.6975088586389808
              ],
              [
                -78.64902458771374,
                -1.6975169743456364
              ],
              [
                -78.64900174848229,
                -1.697534644989172
              ],
              [
                -78.64897272261526,
                -1.697559005485348
              ],
              [
                -78.64894559325604,
                -1.6975876729494748
              ],
              [
                -78.64892083355204,
                -1.6976216052521915
              ],
              [
                -78.64888702899248,
                -1.6976665276512894
              ],
              [
                -78.64884561154405,
                -1.6977171817659842
              ],
              [
                -78.6488227662684,
                -1.6977405925274653
              ],
              [
                -78.64878231168582,
                -1.6977816812280124
              ],
              [
                -78.64871807587541,
                -1.697834220173237
              ],
              [
                -78.64868145272996,
                -1.6978513957351204
              ],
              [
                -78.64864816442353,
                -1.6978623570521691
              ],
              [
                -78.64861440785435,
                -1.697867577662599
              ],
              [
                -78.64858683303768,
                -1.6978708921620014
              ],
              [
                -78.64856116455894,
                -1.6978703825415278
              ],
              [
                -78.64852694088502,
                -1.6978689060588315
              ],
              [
                -78.64850175166012,
                -1.6978650478609287
              ],
              [
                -78.64847228702182,
                -1.6978592716535208
              ],
              [
                -78.64845422879712,
                -1.6978544667030206
              ],
              [
                -78.64842904972653,
                -1.6978429547071434
              ],
              [
                -78.64840341079838,
                -1.6978232089016396
              ],
              [
                -78.64839059138907,
                -1.6978051185717669
              ],
              [
                -78.6483592632162,
                -1.6977677693613005
              ],
              [
                -78.64833268161105,
                -1.6977356879009478
              ],
              [
                -78.64827309852667,
                -1.697658633918847
              ],
              [
                -78.64823206733136,
                -1.6976030626076763
              ],
              [
                -78.64819172496156,
                -1.6975513520409884
              ],
              [
                -78.64816609697834,
                -1.6975173580756857
              ],
              [
                -78.64813620830044,
                -1.6974685303758095
              ],
              [
                -78.64811487018697,
                -1.6974244968887149
              ],
              [
                -78.64809828564114,
                -1.6973814256092192
              ],
              [
                -78.64808740095815,
                -1.6973412313734164
              ],
              [
                -78.6480755647126,
                -1.6973019923603074
              ],
              [
                -78.64805615953524,
                -1.6972321297545154
              ],
              [
                -78.64805002173605,
                -1.6971976814614755
              ],
              [
                -78.64804339858287,
                -1.6971708863824218
              ],
              [
                -78.64803771169953,
                -1.697156529096416
              ],
              [
                -78.6480267981018,
                -1.697140251734585
              ],
              [
                -78.64801493294132,
                -1.6971249304990736
              ],
              [
                -78.64799119973048,
                -1.6970966789925033
              ],
              [
                -78.64795939720103,
                -1.6970578937369978
              ],
              [
                -78.64791668139492,
                -1.6970033102204223
              ],
              [
                -78.64787515457326,
                -1.6969564669405206
              ],
              [
                -78.64784689292246,
                -1.6969305167940556
              ],
              [
                -78.64780416208787,
                -1.6968883699095245
              ],
              [
                -78.64777758165161,
                -1.6968553311815642
              ],
              [
                -78.647755273475,
                -1.6968275605230352
              ],
              [
                -78.64773155067752,
                -1.696790698843362
              ],
              [
                -78.64770676713498,
                -1.6967507380048197
              ],
              [
                -78.6476665411607,
                -1.6966963853465509
              ],
              [
                -78.64763711818408,
                -1.696656168436134
              ],
              [
                -78.64760818281025,
                -1.6966049500608693
              ],
              [
                -78.64758116738771,
                -1.6965393837170937
              ],
              [
                -78.64756171348797,
                -1.6964867884713148
              ],
              [
                -78.64754043507668,
                -1.6964163993094545
              ],
              [
                -78.64753239646159,
                -1.6963819487047034
              ],
              [
                -78.64752673732681,
                -1.6963446309483876
              ],
              [
                -78.64752535128736,
                -1.6963111448720907
              ],
              [
                -78.64752303045057,
                -1.6962647419124413
              ],
              [
                -78.64752451244941,
                -1.6962188227036972
              ],
              [
                -78.64752884970719,
                -1.6961695587314574
              ],
              [
                -78.6475327022547,
                -1.6961289043575258
              ],
              [
                -78.64753796679449,
                -1.6960987746761405
              ],
              [
                -78.64755088555886,
                -1.696029430755254
              ],
              [
                -78.64756091085202,
                -1.695993566769923
              ],
              [
                -78.64756807221339,
                -1.6959682240532794
              ],
              [
                -78.64757761883446,
                -1.6959352295453218
              ],
              [
                -78.64759097522632,
                -1.6958969786670568
              ],
              [
                -78.64760243337749,
                -1.6958558544976512
              ],
              [
                -78.64762865370079,
                -1.6957876830041445
              ],
              [
                -78.64763009251472,
                -1.6957827012482112
              ],
              [
                -78.64763752482841,
                -1.6957293750570401
              ],
              [
                -78.64763921188835,
                -1.6957100044137936
              ],
              [
                -78.64764307334461,
                -1.6956612180467823
              ],
              [
                -78.64764310801395,
                -1.6956325174476454
              ],
              [
                -78.64764171129842,
                -1.6956085979352737
              ],
              [
                -78.64763793677325,
                -1.6955846764184248
              ],
              [
                -78.64761865730964,
                -1.6954768866747787
              ],
              [
                -78.64760249555614,
                -1.6954109937388862
              ],
              [
                -78.64759588740529,
                -1.6953717611464743
              ],
              [
                -78.64759259475547,
                -1.6953430564788643
              ],
              [
                -78.6475921383295,
                -1.6953275096650013
              ],
              [
                -78.64759316917689,
                -1.6953025571876905
              ],
              [
                -78.64759743003219,
                -1.6952756163388987
              ],
              [
                -78.64760317007362,
                -1.6952459654273357
              ],
              [
                -78.64761416744017,
                -1.69519288314256
              ],
              [
                -78.64762803366882,
                -1.6951259313338112
              ],
              [
                -78.64764382784934,
                -1.6950365004650234
              ],
              [
                -78.6476491169415,
                -1.6949867585506029
              ],
              [
                -78.64765583048222,
                -1.694937975668151
              ],
              [
                -78.64765968241196,
                -1.6948977994790106
              ],
              [
                -78.64766303398278,
                -1.6948777131273691
              ],
              [
                -78.64766781552325,
                -1.694854758459721
              ],
              [
                -78.64767639842397,
                -1.6948327648262616
              ],
              [
                -78.64770453303319,
                -1.6947846291492956
              ],
              [
                -78.64771879324859,
                -1.6947596304697876
              ],
              [
                -78.64773547312734,
                -1.6947237746049244
              ],
              [
                -78.64774740040508,
                -1.6946883920265046
              ],
              [
                -78.64775838504141,
                -1.6946458326820473
              ],
              [
                -78.64778036033974,
                -1.6945549738692973
              ],
              [
                -78.64780236366565,
                -1.6944416327649505
              ],
              [
                -78.64781812603735,
                -1.6943785106106568
              ],
              [
                -78.64783913968357,
                -1.6942976962916627
              ],
              [
                -78.64784536586937,
                -1.6942589575767832
              ],
              [
                -78.64784968027635,
                -1.6942293058164228
              ],
              [
                -78.64784783052518,
                -1.6941862525866798
              ],
              [
                -78.64784452226313,
                -1.6941704627364682
              ],
              [
                -78.64784027308934,
                -1.69414606154271
              ],
              [
                -78.64782418619443,
                -1.694084335947729
              ],
              [
                -78.64780998304593,
                -1.6940360056877648
              ],
              [
                -78.6477962372693,
                -1.6940039399877644
              ],
              [
                -78.64778722966007,
                -1.6939833594320253
              ],
              [
                -78.64776871217352,
                -1.6939661164178987
              ],
              [
                -78.64775399431497,
                -1.6939512699179642
              ],
              [
                -78.64771648234498,
                -1.6939167833081477
              ],
              [
                -78.64765047153439,
                -1.6938645632971079
              ],
              [
                -78.64753175570962,
                -1.6937630087016555
              ],
              [
                -78.64743685862807,
                -1.6936888206907195
              ],
              [
                -78.64737077733616,
                -1.6936250489380282
              ],
              [
                -78.64728245951592,
                -1.6935441010502315
              ],
              [
                -78.64721884699988,
                -1.6934741845114316
              ],
              [
                -78.64714904897681,
                -1.6934085659658467
              ],
              [
                -78.64707688707118,
                -1.693332899767325
              ],
              [
                -78.6470503100891,
                -1.6932969910549376
              ],
              [
                -78.64703559339559,
                -1.6932811881792749
              ],
              [
                -78.64702374439477,
                -1.693252472168521
              ],
              [
                -78.64700953349235,
                -1.6932113175384453
              ],
              [
                -78.64697309153055,
                -1.6930829355553272
              ],
              [
                -78.6469619170351,
                -1.6930349588598876
              ],
              [
                -78.64695422917123,
                -1.6929524652189132
              ],
              [
                -78.64695473380259,
                -1.692928070753596
              ],
              [
                -78.64695667128498,
                -1.6928984152022022
              ],
              [
                -78.64695860241791,
                -1.6928740224793892
              ],
              [
                -78.64696290898165,
                -1.692850109947405
              ],
              [
                -78.64696960398929,
                -1.6928166346619995
              ],
              [
                -78.64698918989501,
                -1.692736775019342
              ],
              [
                -78.6470054386784,
                -1.6926650432938144
              ],
              [
                -78.64701452558803,
                -1.6926191324817372
              ],
              [
                -78.64702025864771,
                -1.6925952225940142
              ],
              [
                -78.64703410051709,
                -1.6925483621057609
              ],
              [
                -78.6470555638776,
                -1.6924885951886897
              ],
              [
                -78.64707055454868,
                -1.6924522644864166
              ],
              [
                -78.64707522687912,
                -1.6924416215804106
              ],
              [
                -78.6471249795903,
                -1.6923364029973347
              ],
              [
                -78.64605761428207,
                -1.6923363621683427
              ],
              [
                -78.64604586533036,
                -1.692287269321235
              ],
              [
                -78.64602047284905,
                -1.6922487017449273
              ],
              [
                -78.64593870340832,
                -1.6921613547189371
              ],
              [
                -78.64582979209125,
                -1.6920774827972576
              ],
              [
                -78.6455437726584,
                -1.6918356849564948
              ],
              [
                -78.64551784358538,
                -1.691813763991267
              ],
              [
                -78.64547311816385,
                -1.691773470666215
              ],
              [
                -78.64536447849338,
                -1.6916655168229424
              ],
              [
                -78.64523030495408,
                -1.6915446350647152
              ],
              [
                -78.64518571374605,
                -1.691500325638935
              ],
              [
                -78.64511925459087,
                -1.6914267356142325
              ],
              [
                -78.6451095599342,
                -1.699444711174613
              ]
            ]
          ]
        ]
      }
    },
    {
      "type": "Feature",
      "properties": {
        "CELL_ID": "R-1000-28-29",
        "AMBITO": "RURAL",
        "CATEGORIA": "CONVIVENCIA",
        "PLATAFORMA": null,
        "PARROQUIA": "SAN LUIS",
        "DISTANCE_M": 2000,
        "CELL_SIZE_M": 1000,
        "COUNT": 31,
        "GI_ZSCORE": 12.973308262043993,
        "GI_PVALUE": 1.7338229233512649e-38,
        "GI_CLASS": "HOTSPOT 99%",
        "NIVEL": 99,
        "COB_A_PCT": 0.0,
        "ESTADO_A": "SIN COBERTURA",
        "COB_B_PCT": 0.909980009843923,
        "ESTADO_B": "PARCIALMENTE CUBIERTO",
        "COB_C_PCT": 0.909980009843923,
        "ESTADO_C": "PARCIALMENTE CUBIERTO",
        "COB_B_ANTERIOR_PCT": 0.0,
        "ESTADO_B_ANTERIOR": "SIN COBERTURA",
        "COB_C_ANTERIOR_PCT": 0.0,
        "ESTADO_C_ANTERIOR": "SIN COBERTURA"
      },
      "geometry": {
        "type": "MultiPolygon",
        "coordinates": [
          [
            [
              [
                -78.63613752545592,
                -1.69039418198567
              ],
              [
                -78.63612655731878,
                -1.6994336655443114
              ],
              [
                -78.6451095599342,
                -1.699444711174613
              ],
              [
                -78.64511925459087,
                -1.6914267356142325
              ],
              [
                -78.64505517545301,
                -1.691355780975549
              ],
              [
                -78.64502721994553,
                -1.6913248252213418
              ],
              [
                -78.6450103284956,
                -1.6912829577755912
              ],
              [
                -78.64486211724677,
                -1.6910421826718038
              ],
              [
                -78.64474234665002,
                -1.6908554048596254
              ],
              [
                -78.6447194274043,
                -1.6908196624971525
              ],
              [
                -78.64462047364297,
                -1.6906562927465292
              ],
              [
                -78.64452838769813,
                -1.6905045860950678
              ],
              [
                -78.64443265393975,
                -1.69042052158554
              ],
              [
                -78.64441399254059,
                -1.6904043062490939
              ],
              [
                -78.64396770711147,
                -1.6904037612316543
              ],
              [
                -78.64396784947905,
                -1.6904321752364657
              ],
              [
                -78.6439678497026,
                -1.6904321799386524
              ],
              [
                -78.64397212581352,
                -1.6905221259581535
              ],
              [
                -78.64393604029549,
                -1.6905473826738449
              ],
              [
                -78.64388207969252,
                -1.690585149982342
              ],
              [
                -78.64366432742841,
                -1.6908649516958953
              ],
              [
                -78.6434384887711,
                -1.6911499276295294
              ],
              [
                -78.64343625309161,
                -1.6911527488510334
              ],
              [
                -78.64343457610741,
                -1.6911548647669126
              ],
              [
                -78.64343208557413,
                -1.691157467823886
              ],
              [
                -78.64342959593915,
                -1.6911600708819443
              ],
              [
                -78.64340593632114,
                -1.691184800375115
              ],
              [
                -78.64277076189326,
                -1.6918487122337817
              ],
              [
                -78.64268060612744,
                -1.6919429476499137
              ],
              [
                -78.64266317327777,
                -1.69196116902286
              ],
              [
                -78.64266068274232,
                -1.6919637720759306
              ],
              [
                -78.64265819220687,
                -1.6919663751289884
              ],
              [
                -78.64265549442767,
                -1.6919687600756295
              ],
              [
                -78.64265470937373,
                -1.6919694542560006
              ],
              [
                -78.64244305187522,
                -1.6921565793237237
              ],
              [
                -78.6424219991297,
                -1.6921758668180393
              ],
              [
                -78.64231498975902,
                -1.692272811491727
              ],
              [
                -78.64227876120437,
                -1.6923108425993725
              ],
              [
                -78.64224483400082,
                -1.692337797663582
              ],
              [
                -78.6422288379968,
                -1.6923459642949834
              ],
              [
                -78.64222883644204,
                -1.6923459650886508
              ],
              [
                -78.64222855458895,
                -1.692346214306271
              ],
              [
                -78.64222638941489,
                -1.692347214247855
              ],
              [
                -78.64220107060348,
                -1.692360139565246
              ],
              [
                -78.64217734645605,
                -1.6923698542510917
              ],
              [
                -78.64217734077461,
                -1.692369856577423
              ],
              [
                -78.64209240694828,
                -1.6924090650228543
              ],
              [
                -78.6419922841424,
                -1.6924552845760636
              ],
              [
                -78.64176663182495,
                -1.6926191582004102
              ],
              [
                -78.64160996834046,
                -1.6927604296920558
              ],
              [
                -78.64135561818352,
                -1.6930586616439798
              ],
              [
                -78.64128796530541,
                -1.6931665820573032
              ],
              [
                -78.64125065321515,
                -1.6932166225909315
              ],
              [
                -78.64100287384338,
                -1.6934889314054504
              ],
              [
                -78.64081152234412,
                -1.6932850219450006
              ],
              [
                -78.64068300811252,
                -1.693153602435719
              ],
              [
                -78.64058957432194,
                -1.6930473747818693
              ],
              [
                -78.64043447400728,
                -1.6928825976189006
              ],
              [
                -78.640304364923,
                -1.692753755179851
              ],
              [
                -78.64005899597242,
                -1.6924950806294736
              ],
              [
                -78.63990341173024,
                -1.6923034257447802
              ],
              [
                -78.63979579237396,
                -1.6921665160271704
              ],
              [
                -78.639729700881,
                -1.6920775078884704
              ],
              [
                -78.63962361250779,
                -1.691946318471087
              ],
              [
                -78.6394679033616,
                -1.691794113788571
              ],
              [
                -78.63938456456653,
                -1.691719230497691
              ],
              [
                -78.6393410642197,
                -1.6916734309332413
              ],
              [
                -78.63929601043004,
                -1.6916167287134953
              ],
              [
                -78.6392125071243,
                -1.6915048193701225
              ],
              [
                -78.63918809047588,
                -1.691472909803447
              ],
              [
                -78.6390568143273,
                -1.691304979228892
              ],
              [
                -78.63898112597272,
                -1.6912192741918282
              ],
              [
                -78.63889360796342,
                -1.6911090476454467
              ],
              [
                -78.63867283009355,
                -1.6908608758537975
              ],
              [
                -78.63864689828615,
                -1.6908317269241586
              ],
              [
                -78.63853556628062,
                -1.6907112566059856
              ],
              [
                -78.6384218539467,
                -1.6905876954888595
              ],
              [
                -78.63823837836202,
                -1.6903967552340018
              ],
              [
                -78.63613752545592,
                -1.69039418198567
              ]
            ]
          ]
        ]
      }
    },
    {
      "type": "Feature",
      "properties": {
        "CELL_ID": "R-1000-28-30",
        "AMBITO": "RURAL",
        "CATEGORIA": "CONVIVENCIA",
        "PLATAFORMA": null,
        "PARROQUIA": "SAN LUIS",
        "DISTANCE_M": 2000,
        "CELL_SIZE_M": 1000,
        "COUNT": 27,
        "GI_ZSCORE": 10.280859478961029,
        "GI_PVALUE": 8.595761155754543e-25,
        "GI_CLASS": "HOTSPOT 99%",
        "NIVEL": 99,
        "COB_A_PCT": 6.525423676464791,
        "ESTADO_A": "PARCIALMENTE CUBIERTO",
        "COB_B_PCT": 8.90634062874792,
        "ESTADO_B": "PARCIALMENTE CUBIERTO",
        "COB_C_PCT": 8.90634062874792,
        "ESTADO_C": "PARCIALMENTE CUBIERTO",
        "COB_B_ANTERIOR_PCT": 10.581957186974353,
        "ESTADO_B_ANTERIOR": "PARCIALMENTE CUBIERTO",
        "COB_C_ANTERIOR_PCT": 10.581957186974353,
        "ESTADO_C_ANTERIOR": "PARCIALMENTE CUBIERTO"
      },
      "geometry": {
        "type": "MultiPolygon",
        "coordinates": [
          [
            [
              [
                -78.62714361328504,
                -1.6994225779551215
              ],
              [
                -78.63612655731878,
                -1.6994336655443114
              ],
              [
                -78.63613752545592,
                -1.69039418198567
              ],
              [
                -78.63127946107625,
                -1.690388222784664
              ],
              [
                -78.62967131551136,
                -1.6926876365894645
              ],
              [
                -78.62967129301457,
                -1.692687669103817
              ],
              [
                -78.62947646899553,
                -1.6929455636297872
              ],
              [
                -78.62872201492527,
                -1.6939442578664998
              ],
              [
                -78.62871778142646,
                -1.693938824042754
              ],
              [
                -78.62870797291231,
                -1.6939524384820217
              ],
              [
                -78.62869437947208,
                -1.6939713069524873
              ],
              [
                -78.6286639002718,
                -1.6939323157120896
              ],
              [
                -78.62864320003037,
                -1.6939050082542768
              ],
              [
                -78.62854127639008,
                -1.6937705528942006
              ],
              [
                -78.62837414108893,
                -1.693543242673723
              ],
              [
                -78.62830658001518,
                -1.693459559949249
              ],
              [
                -78.62820958049524,
                -1.6933394147195575
              ],
              [
                -78.62809899682212,
                -1.693206149192444
              ],
              [
                -78.62804602950236,
                -1.6931423179092637
              ],
              [
                -78.62776456975992,
                -1.69278280165767
              ],
              [
                -78.62762244812826,
                -1.6925903920629621
              ],
              [
                -78.6274823421806,
                -1.6924172670097295
              ],
              [
                -78.6274803814657,
                -1.692414843833211
              ],
              [
                -78.62729692235024,
                -1.6921685264159907
              ],
              [
                -78.62715268351889,
                -1.6919790606570644
              ],
              [
                -78.62714361328504,
                -1.6994225779551215
              ]
            ]
          ]
        ]
      }
    },
    {
      "type": "Feature",
      "properties": {
        "CELL_ID": "R-1000-28-31",
        "AMBITO": "RURAL",
        "CATEGORIA": "CONVIVENCIA",
        "PLATAFORMA": null,
        "PARROQUIA": "SAN LUIS",
        "DISTANCE_M": 2000,
        "CELL_SIZE_M": 1000,
        "COUNT": 6,
        "GI_ZSCORE": 10.613435196150508,
        "GI_PVALUE": 2.5808234602179896e-26,
        "GI_CLASS": "HOTSPOT 99%",
        "NIVEL": 99,
        "COB_A_PCT": 0.0,
        "ESTADO_A": "SIN COBERTURA",
        "COB_B_PCT": 0.0,
        "ESTADO_B": "SIN COBERTURA",
        "COB_C_PCT": 0.0,
        "ESTADO_C": "SIN COBERTURA",
        "COB_B_ANTERIOR_PCT": 0.0,
        "ESTADO_B_ANTERIOR": "SIN COBERTURA",
        "COB_C_ANTERIOR_PCT": 0.0,
        "ESTADO_C_ANTERIOR": "SIN COBERTURA"
      },
      "geometry": {
        "type": "MultiPolygon",
        "coordinates": [
          [
            [
              [
                -78.6181717793605,
                -1.690372083091297
              ],
              [
                -78.6181607280551,
                -1.6994114484084069
              ],
              [
                -78.62714361328504,
                -1.6994225779551215
              ],
              [
                -78.62715268351889,
                -1.6919790606570644
              ],
              [
                -78.62706743457237,
                -1.6918670814084376
              ],
              [
                -78.62698007910144,
                -1.6917351879002767
              ],
              [
                -78.62695687591167,
                -1.6917015136451166
              ],
              [
                -78.62665248889512,
                -1.6913054701539396
              ],
              [
                -78.62654895105189,
                -1.6911770487157056
              ],
              [
                -78.62625059330203,
                -1.6907759552500978
              ],
              [
                -78.62619373807007,
                -1.6907049040339754
              ],
              [
                -78.62607827143253,
                -1.6905606082945854
              ],
              [
                -78.62602147092342,
                -1.6904896240501865
              ],
              [
                -78.6259380229174,
                -1.6903816565345124
              ],
              [
                -78.6181717793605,
                -1.690372083091297
              ]
            ]
          ]
        ]
      }
    },
    {
      "type": "Feature",
      "properties": {
        "CELL_ID": "R-1000-28-32",
        "AMBITO": "RURAL",
        "CATEGORIA": "CONVIVENCIA",
        "PLATAFORMA": null,
        "PARROQUIA": "SAN LUIS",
        "DISTANCE_M": 2000,
        "CELL_SIZE_M": 1000,
        "COUNT": 3,
        "GI_ZSCORE": 4.1836379971538875,
        "GI_PVALUE": 2.868808110405171e-05,
        "GI_CLASS": "HOTSPOT 99%",
        "NIVEL": 99,
        "COB_A_PCT": 0.0,
        "ESTADO_A": "SIN COBERTURA",
        "COB_B_PCT": 0.0,
        "ESTADO_B": "SIN COBERTURA",
        "COB_C_PCT": 0.0,
        "ESTADO_C": "SIN COBERTURA",
        "COB_B_ANTERIOR_PCT": 0.0,
        "ESTADO_B_ANTERIOR": "SIN COBERTURA",
        "COB_C_ANTERIOR_PCT": 0.0,
        "ESTADO_C_ANTERIOR": "SIN COBERTURA"
      },
      "geometry": {
        "type": "MultiPolygon",
        "coordinates": [
          [
            [
              [
                -78.6181607280551,
                -1.6994114484084069
              ],
              [
                -78.6181717793605,
                -1.690372083091297
              ],
              [
                -78.60918899473855,
                -1.6903609710441359
              ],
              [
                -78.60917790185107,
                -1.6994002769055356
              ],
              [
                -78.6181607280551,
                -1.6994114484084069
              ]
            ]
          ]
        ]
      }
    },
    {
      "type": "Feature",
      "properties": {
        "CELL_ID": "R-1000-29-29",
        "AMBITO": "RURAL",
        "CATEGORIA": "CONVIVENCIA",
        "PLATAFORMA": null,
        "PARROQUIA": "SAN LUIS",
        "DISTANCE_M": 2000,
        "CELL_SIZE_M": 1000,
        "COUNT": 10,
        "GI_ZSCORE": 12.239762245307675,
        "GI_PVALUE": 1.9059010536865652e-34,
        "GI_CLASS": "HOTSPOT 99%",
        "NIVEL": 99,
        "COB_A_PCT": 0.0,
        "ESTADO_A": "SIN COBERTURA",
        "COB_B_PCT": 74.81677191210791,
        "ESTADO_B": "PARCIALMENTE CUBIERTO",
        "COB_C_PCT": 74.81677191210791,
        "ESTADO_C": "PARCIALMENTE CUBIERTO",
        "COB_B_ANTERIOR_PCT": 0.0,
        "ESTADO_B_ANTERIOR": "SIN COBERTURA",
        "COB_C_ANTERIOR_PCT": 0.0,
        "ESTADO_C_ANTERIOR": "SIN COBERTURA"
      },
      "geometry": {
        "type": "MultiPolygon",
        "coordinates": [
          [
            [
              [
                -78.63613752545592,
                -1.69039418198567
              ],
              [
                -78.63823837836202,
                -1.6903967552340018
              ],
              [
                -78.63822895673773,
                -1.6903869502926163
              ],
              [
                -78.63803605956552,
                -1.6901862060367054
              ],
              [
                -78.63787055772137,
                -1.6900174337473697
              ],
              [
                -78.63782499435568,
                -1.6899751010894584
              ],
              [
                -78.63777547844057,
                -1.6899290962660116
              ],
              [
                -78.63774497142643,
                -1.6899060669300376
              ],
              [
                -78.63772672034825,
                -1.6898922900715334
              ],
              [
                -78.63758717580905,
                -1.689718220815006
              ],
              [
                -78.63744176516457,
                -1.6895369326845875
              ],
              [
                -78.63742358502277,
                -1.6895142673717356
              ],
              [
                -78.63739705435069,
                -1.6894687421729493
              ],
              [
                -78.637397054047,
                -1.68946874182071
              ],
              [
                -78.63739702900445,
                -1.6894687579593397
              ],
              [
                -78.63704343735729,
                -1.6896984654543634
              ],
              [
                -78.63660746309336,
                -1.6899082753393815
              ],
              [
                -78.63643115000167,
                -1.6899649883409198
              ],
              [
                -78.63622740131619,
                -1.6900305255051244
              ],
              [
                -78.63613793065713,
                -1.6900593045317096
              ],
              [
                -78.63613752545592,
                -1.69039418198567
              ]
            ]
          ],
          [
            [
              [
                -78.64441399254059,
                -1.6904043062490939
              ],
              [
                -78.64438742611796,
                -1.690381222048412
              ],
              [
                -78.64438496927275,
                -1.6903790871305222
              ],
              [
                -78.644372147484,
                -1.6903729392230018
              ],
              [
                -78.64436548884578,
                -1.6903707030533677
              ],
              [
                -78.64434855915599,
                -1.6903650181974665
              ],
              [
                -78.6441067000679,
                -1.6903411540257811
              ],
              [
                -78.64399890526313,
                -1.6903305175209948
              ],
              [
                -78.64396732487029,
                -1.6903274018960681
              ],
              [
                -78.64396739124712,
                -1.6903407208048769
              ],
              [
                -78.64396770711147,
                -1.6904037612316543
              ],
              [
                -78.64441399254059,
                -1.6904043062490939
              ]
            ]
          ]
        ]
      }
    },
    {
      "type": "Feature",
      "properties": {
        "CELL_ID": "R-1000-29-30",
        "AMBITO": "RURAL",
        "CATEGORIA": "CONVIVENCIA",
        "PLATAFORMA": null,
        "PARROQUIA": "SAN LUIS",
        "DISTANCE_M": 2000,
        "CELL_SIZE_M": 1000,
        "COUNT": 10,
        "GI_ZSCORE": 11.406210652279384,
        "GI_PVALUE": 3.8932286522294995e-30,
        "GI_CLASS": "HOTSPOT 99%",
        "NIVEL": 99,
        "COB_A_PCT": 13.210087193754585,
        "ESTADO_A": "PARCIALMENTE CUBIERTO",
        "COB_B_PCT": 89.44811912819446,
        "ESTADO_B": "PARCIALMENTE CUBIERTO",
        "COB_C_PCT": 89.44811912819446,
        "ESTADO_C": "PARCIALMENTE CUBIERTO",
        "COB_B_ANTERIOR_PCT": 86.00421822787065,
        "ESTADO_B_ANTERIOR": "PARCIALMENTE CUBIERTO",
        "COB_C_ANTERIOR_PCT": 86.00421822787065,
        "ESTADO_C_ANTERIOR": "PARCIALMENTE CUBIERTO"
      },
      "geometry": {
        "type": "MultiPolygon",
        "coordinates": [
          [
            [
              [
                -78.63613752545592,
                -1.69039418198567
              ],
              [
                -78.63613793065713,
                -1.6900593045317096
              ],
              [
                -78.6361303387679,
                -1.690061746529513
              ],
              [
                -78.6360662926155,
                -1.6900740069746547
              ],
              [
                -78.63603285212196,
                -1.6900804082757164
              ],
              [
                -78.63595306546412,
                -1.690099987905947
              ],
              [
                -78.63587520722766,
                -1.6901166345558354
              ],
              [
                -78.63578784290992,
                -1.6901320736267744
              ],
              [
                -78.63568492635983,
                -1.6901470094458262
              ],
              [
                -78.63567554383631,
                -1.6901488054802158
              ],
              [
                -78.6355767274605,
                -1.6901677215555426
              ],
              [
                -78.63556896270575,
                -1.690166897581188
              ],
              [
                -78.63552879721597,
                -1.6901683761415764
              ],
              [
                -78.63551052128513,
                -1.6901701579527135
              ],
              [
                -78.63538694636753,
                -1.6901822071025698
              ],
              [
                -78.63536887929112,
                -1.6901841781668436
              ],
              [
                -78.63522804670731,
                -1.6901929745337128
              ],
              [
                -78.63513912507558,
                -1.690192585313579
              ],
              [
                -78.63475391382413,
                -1.6901907562655232
              ],
              [
                -78.63471764763948,
                -1.6901887610822626
              ],
              [
                -78.63465134053645,
                -1.6901847287920022
              ],
              [
                -78.63451048509909,
                -1.6901841138640326
              ],
              [
                -78.63437453491844,
                -1.6901742848648897
              ],
              [
                -78.63422639418441,
                -1.6901635749270605
              ],
              [
                -78.63420525201194,
                -1.690162045735515
              ],
              [
                -78.63415396605463,
                -1.6901583378824547
              ],
              [
                -78.63409104328845,
                -1.690153789169447
              ],
              [
                -78.6340908493568,
                -1.6901537746931916
              ],
              [
                -78.63367786367746,
                -1.690123916750648
              ],
              [
                -78.63366104799428,
                -1.6901206412529846
              ],
              [
                -78.63366104546117,
                -1.6901206410431997
              ],
              [
                -78.6336446335027,
                -1.6901192812629096
              ],
              [
                -78.63360542565908,
                -1.690112656047919
              ],
              [
                -78.63355552348352,
                -1.6901054202058952
              ],
              [
                -78.6334264045434,
                -1.6900855214170765
              ],
              [
                -78.63325908260393,
                -1.6900578207929675
              ],
              [
                -78.63312958341854,
                -1.6900307550285865
              ],
              [
                -78.63299317402604,
                -1.689990545955501
              ],
              [
                -78.63291259034295,
                -1.689974849009044
              ],
              [
                -78.63280410489764,
                -1.6899233131289186
              ],
              [
                -78.63268710061823,
                -1.6898789374761434
              ],
              [
                -78.63258494955474,
                -1.6898381525975337
              ],
              [
                -78.63257215589623,
                -1.6898316320961069
              ],
              [
                -78.63250953356821,
                -1.6898009891907881
              ],
              [
                -78.63245490232029,
                -1.6897734177598
              ],
              [
                -78.6323705872721,
                -1.6897248817235593
              ],
              [
                -78.632272016044,
                -1.6896721438271731
              ],
              [
                -78.63226132123235,
                -1.689665463211203
              ],
              [
                -78.63221230862241,
                -1.6896421797137395
              ],
              [
                -78.6321931507317,
                -1.689628855530352
              ],
              [
                -78.6321088022028,
                -1.6895701937596335
              ],
              [
                -78.63210375324006,
                -1.6895670397427025
              ],
              [
                -78.63209816538351,
                -1.689563731672155
              ],
              [
                -78.63195756600574,
                -1.6894671016923903
              ],
              [
                -78.63193466965994,
                -1.6894513657143964
              ],
              [
                -78.63127946107625,
                -1.690388222784664
              ],
              [
                -78.63613752545592,
                -1.69039418198567
              ]
            ]
          ]
        ]
      }
    },
    {
      "type": "Feature",
      "properties": {
        "CELL_ID": "R-1000-29-31",
        "AMBITO": "RURAL",
        "CATEGORIA": "CONVIVENCIA",
        "PLATAFORMA": null,
        "PARROQUIA": "SAN LUIS",
        "DISTANCE_M": 2000,
        "CELL_SIZE_M": 1000,
        "COUNT": 2,
        "GI_ZSCORE": 6.492072882207183,
        "GI_PVALUE": 8.466328003703871e-11,
        "GI_CLASS": "HOTSPOT 99%",
        "NIVEL": 99,
        "COB_A_PCT": 0.0,
        "ESTADO_A": "SIN COBERTURA",
        "COB_B_PCT": 0.0,
        "ESTADO_B": "SIN COBERTURA",
        "COB_C_PCT": 0.0,
        "ESTADO_C": "SIN COBERTURA",
        "COB_B_ANTERIOR_PCT": 0.0,
        "ESTADO_B_ANTERIOR": "SIN COBERTURA",
        "COB_C_ANTERIOR_PCT": 0.0,
        "ESTADO_C_ANTERIOR": "SIN COBERTURA"
      },
      "geometry": {
        "type": "MultiPolygon",
        "coordinates": [
          [
            [
              [
                -78.6181717793605,
                -1.690372083091297
              ],
              [
                -78.6259380229174,
                -1.6903816565345124
              ],
              [
                -78.62581223656511,
                -1.6902189104086742
              ],
              [
                -78.62575160663536,
                -1.6901316920801261
              ],
              [
                -78.62561728933403,
                -1.6899512950442972
              ],
              [
                -78.62550544963703,
                -1.6897932838126901
              ],
              [
                -78.62534094449174,
                -1.6895389849095006
              ],
              [
                -78.62534093990296,
                -1.6895389778159133
              ],
              [
                -78.62514574447695,
                -1.6892804765569993
              ],
              [
                -78.62439427746243,
                -1.6895132706180003
              ],
              [
                -78.62438911487001,
                -1.689505060262765
              ],
              [
                -78.6243662879023,
                -1.6895132723614197
              ],
              [
                -78.62433678836223,
                -1.6895242044833436
              ],
              [
                -78.62388551148881,
                -1.6896914340965157
              ],
              [
                -78.62359445837276,
                -1.689800294448952
              ],
              [
                -78.62292503360784,
                -1.690051100929884
              ],
              [
                -78.62273565919934,
                -1.6901253523434225
              ],
              [
                -78.62249636247249,
                -1.6902041206572147
              ],
              [
                -78.6223987605515,
                -1.690233323308734
              ],
              [
                -78.62230721240047,
                -1.6902549638132218
              ],
              [
                -78.62230100111938,
                -1.6902185011350412
              ],
              [
                -78.62226407162471,
                -1.6898635296569278
              ],
              [
                -78.62225120731077,
                -1.6898007577269625
              ],
              [
                -78.62222407167603,
                -1.6896880001845085
              ],
              [
                -78.62211794878398,
                -1.68938266384477
              ],
              [
                -78.62209919886715,
                -1.6893117925985934
              ],
              [
                -78.62209445818847,
                -1.6892840864048853
              ],
              [
                -78.62209069315338,
                -1.6892540772688105
              ],
              [
                -78.62208717758281,
                -1.6891947428015854
              ],
              [
                -78.62208743274782,
                -1.6891319310004314
              ],
              [
                -78.62208852333457,
                -1.6890919962511954
              ],
              [
                -78.62208963180994,
                -1.6890513853764197
              ],
              [
                -78.62210270290659,
                -1.6888444614645413
              ],
              [
                -78.62210346627715,
                -1.6887493199508488
              ],
              [
                -78.62210280987705,
                -1.6886686035797158
              ],
              [
                -78.62209659840582,
                -1.6885487966911528
              ],
              [
                -78.62209046124546,
                -1.6885008450321402
              ],
              [
                -78.62205213166057,
                -1.6883204083716192
              ],
              [
                -78.6220372874993,
                -1.6882605736405614
              ],
              [
                -78.62201504502612,
                -1.6881882120344693
              ],
              [
                -78.62197288085981,
                -1.688079269648853
              ],
              [
                -78.6219273933809,
                -1.6879781748044562
              ],
              [
                -78.62189170837662,
                -1.687874533880751
              ],
              [
                -78.62183419821345,
                -1.6876463681972398
              ],
              [
                -78.62177322513311,
                -1.6873531678972769
              ],
              [
                -78.62175693910163,
                -1.687274198610903
              ],
              [
                -78.62165931069474,
                -1.6868899969619382
              ],
              [
                -78.6216206020446,
                -1.6866754361816083
              ],
              [
                -78.621613416027,
                -1.6866264301646443
              ],
              [
                -78.62159766223019,
                -1.6865455885848084
              ],
              [
                -78.62155738954814,
                -1.6863872997914469
              ],
              [
                -78.62153561147271,
                -1.686300117802227
              ],
              [
                -78.62153401845443,
                -1.6862937602393735
              ],
              [
                -78.62149196437164,
                -1.6861259299876132
              ],
              [
                -78.62145843454239,
                -1.6860057993979287
              ],
              [
                -78.62142898855784,
                -1.6858395963918678
              ],
              [
                -78.6213729241227,
                -1.6855976267534887
              ],
              [
                -78.62134716676292,
                -1.6855147706700901
              ],
              [
                -78.62117089893505,
                -1.6850653726141098
              ],
              [
                -78.62113115876502,
                -1.6849552491883895
              ],
              [
                -78.62109053776734,
                -1.6848248230991183
              ],
              [
                -78.6210491454808,
                -1.6847170587453002
              ],
              [
                -78.62087170368717,
                -1.684159446075284
              ],
              [
                -78.62085049464626,
                -1.684097025572473
              ],
              [
                -78.62081288820897,
                -1.683951822913831
              ],
              [
                -78.62074576917573,
                -1.6837203626205535
              ],
              [
                -78.62070483843031,
                -1.6836112348407577
              ],
              [
                -78.62057107502008,
                -1.6831494348990903
              ],
              [
                -78.62050575889755,
                -1.6829112036710436
              ],
              [
                -78.6204650000578,
                -1.6825462034064205
              ],
              [
                -78.6204571772554,
                -1.682370345025695
              ],
              [
                -78.62044876818486,
                -1.6823438908557526
              ],
              [
                -78.62044039312048,
                -1.6823175424887673
              ],
              [
                -78.62030160002635,
                -1.682335137213782
              ],
              [
                -78.62007492061602,
                -1.6823493363865936
              ],
              [
                -78.61983893574806,
                -1.682375558242203
              ],
              [
                -78.61960269618088,
                -1.6823888769226762
              ],
              [
                -78.61924976259535,
                -1.6824217110923918
              ],
              [
                -78.61901782616229,
                -1.682439239191744
              ],
              [
                -78.6188704662694,
                -1.6824598180071861
              ],
              [
                -78.61859863945944,
                -1.6824977775652137
              ],
              [
                -78.61841905286471,
                -1.682530996275065
              ],
              [
                -78.61818125154264,
                -1.682585648875811
              ],
              [
                -78.6181717793605,
                -1.690372083091297
              ]
            ]
          ]
        ]
      }
    },
    {
      "type": "Feature",
      "properties": {
        "CELL_ID": "R-1000-29-32",
        "AMBITO": "RURAL",
        "CATEGORIA": "CONVIVENCIA",
        "PLATAFORMA": null,
        "PARROQUIA": "SAN LUIS",
        "DISTANCE_M": 2000,
        "CELL_SIZE_M": 1000,
        "COUNT": 1,
        "GI_ZSCORE": 2.188183694017005,
        "GI_PVALUE": 0.028656224377823558,
        "GI_CLASS": "HOTSPOT 95%",
        "NIVEL": 95,
        "COB_A_PCT": 0.0,
        "ESTADO_A": "SIN COBERTURA",
        "COB_B_PCT": 0.0,
        "ESTADO_B": "SIN COBERTURA",
        "COB_C_PCT": 0.0,
        "ESTADO_C": "SIN COBERTURA",
        "COB_B_ANTERIOR_PCT": 0.0,
        "ESTADO_B_ANTERIOR": "SIN COBERTURA",
        "COB_C_ANTERIOR_PCT": 0.0,
        "ESTADO_C_ANTERIOR": "SIN COBERTURA"
      },
      "geometry": {
        "type": "MultiPolygon",
        "coordinates": [
          [
            [
              [
                -78.60918899473855,
                -1.6903609710441359
              ],
              [
                -78.6181717793605,
                -1.690372083091297
              ],
              [
                -78.61818125154264,
                -1.682585648875811
              ],
              [
                -78.61801311056165,
                -1.6826242917889753
              ],
              [
                -78.6178967035386,
                -1.6826531009292287
              ],
              [
                -78.6178139433127,
                -1.6826686273767735
              ],
              [
                -78.61755331555631,
                -1.6827021006826923
              ],
              [
                -78.61736510351419,
                -1.6827140878018523
              ],
              [
                -78.61700064165717,
                -1.6827530350390072
              ],
              [
                -78.61674629047155,
                -1.6827804495973324
              ],
              [
                -78.61661417620225,
                -1.6827996684168651
              ],
              [
                -78.61624320192028,
                -1.6828357202826811
              ],
              [
                -78.61612888890338,
                -1.6828475134220193
              ],
              [
                -78.61598621901338,
                -1.6828549074580137
              ],
              [
                -78.61586061668731,
                -1.6828524668630447
              ],
              [
                -78.61581014407784,
                -1.6828459596931076
              ],
              [
                -78.61575468442449,
                -1.6828355983287178
              ],
              [
                -78.61568983638605,
                -1.682833030901757
              ],
              [
                -78.61553809674888,
                -1.6828270237356677
              ],
              [
                -78.6153624137391,
                -1.682827508088462
              ],
              [
                -78.61530280958215,
                -1.6828207374726172
              ],
              [
                -78.61519757136045,
                -1.6827975268520523
              ],
              [
                -78.61498665927844,
                -1.682783627777816
              ],
              [
                -78.61479260849056,
                -1.682774409228531
              ],
              [
                -78.61472818233827,
                -1.6827817385816013
              ],
              [
                -78.61468292913494,
                -1.6828022682040933
              ],
              [
                -78.61464780392144,
                -1.6828309945255582
              ],
              [
                -78.61459427061898,
                -1.682904544237897
              ],
              [
                -78.61439266312675,
                -1.683235510648555
              ],
              [
                -78.6143185210834,
                -1.6833382257309255
              ],
              [
                -78.61426095148816,
                -1.6834548519866432
              ],
              [
                -78.61422255243242,
                -1.6835408530117735
              ],
              [
                -78.61420726282424,
                -1.6835837123529251
              ],
              [
                -78.61418904666934,
                -1.6836110303429843
              ],
              [
                -78.6141783436275,
                -1.6836192113325446
              ],
              [
                -78.61416420507427,
                -1.683630018541691
              ],
              [
                -78.61413069217086,
                -1.6836373895277168
              ],
              [
                -78.61393513432478,
                -1.683653845199713
              ],
              [
                -78.61385107419,
                -1.683658508085812
              ],
              [
                -78.6135255593051,
                -1.6836777468030493
              ],
              [
                -78.61329076689748,
                -1.6836880651453248
              ],
              [
                -78.61305321750685,
                -1.6836904380880786
              ],
              [
                -78.61299206095968,
                -1.683688305357675
              ],
              [
                -78.612939709631,
                -1.6836814884423112
              ],
              [
                -78.6127983226336,
                -1.6836535425949284
              ],
              [
                -78.61275065821569,
                -1.6836381187666793
              ],
              [
                -78.61270010760359,
                -1.6836168203269837
              ],
              [
                -78.61254394680756,
                -1.6835622146075606
              ],
              [
                -78.6124310587489,
                -1.6835326397392902
              ],
              [
                -78.61240118110248,
                -1.6835201720063742
              ],
              [
                -78.6123825000586,
                -1.6835080380682639
              ],
              [
                -78.61237816724874,
                -1.6835024843793098
              ],
              [
                -78.612371949722,
                -1.6835221300515364
              ],
              [
                -78.6123208468939,
                -1.6838275226680053
              ],
              [
                -78.61230975142212,
                -1.6838894664399913
              ],
              [
                -78.6122976104442,
                -1.6839572374888339
              ],
              [
                -78.61227685755998,
                -1.6841630521552797
              ],
              [
                -78.61217987791092,
                -1.6841630310835094
              ],
              [
                -78.61213875897735,
                -1.6841522560989288
              ],
              [
                -78.61210743943059,
                -1.684141404614209
              ],
              [
                -78.6120718564665,
                -1.6841336682513874
              ],
              [
                -78.61204180393186,
                -1.6841283549245354
              ],
              [
                -78.61200377598774,
                -1.684121253723078
              ],
              [
                -78.6119638776818,
                -1.6841098529127223
              ],
              [
                -78.61192950516734,
                -1.6841002577459303
              ],
              [
                -78.61186632947698,
                -1.6840884214551584
              ],
              [
                -78.61183371883463,
                -1.6840689511762843
              ],
              [
                -78.61180661078667,
                -1.6840482059065183
              ],
              [
                -78.61177895685138,
                -1.6840360943392425
              ],
              [
                -78.61172313467237,
                -1.684024816709462
              ],
              [
                -78.61164577378797,
                -1.6840001469489039
              ],
              [
                -78.61159369233894,
                -1.6839974694368907
              ],
              [
                -78.61153674502242,
                -1.6839991437855892
              ],
              [
                -78.61149812302241,
                -1.6839945122980757
              ],
              [
                -78.61143806153349,
                -1.6839894313228947
              ],
              [
                -78.61139324919306,
                -1.6839762201964257
              ],
              [
                -78.61135948004932,
                -1.683965387382227
              ],
              [
                -78.61132686942335,
                -1.6839459180088787
              ],
              [
                -78.61128066303294,
                -1.6839105289636438
              ],
              [
                -78.61123937907898,
                -1.6838781832080558
              ],
              [
                -78.61120803546625,
                -1.68386425108746
              ],
              [
                -78.61116011913909,
                -1.6838455158119414
              ],
              [
                -78.61110124866045,
                -1.6838361109823357
              ],
              [
                -78.61105091055128,
                -1.683821093308477
              ],
              [
                -78.6109919278477,
                -1.6837968972791868
              ],
              [
                -78.61095076167463,
                -1.6837799592146976
              ],
              [
                -78.61089485514181,
                -1.6837575884061642
              ],
              [
                -78.61085609220301,
                -1.6837344685960702
              ],
              [
                -78.61079461218759,
                -1.683695623962789
              ],
              [
                -78.61073524728627,
                -1.6837101356863635
              ],
              [
                -78.61068081547306,
                -1.683720419470593
              ],
              [
                -78.61062024061086,
                -1.6837282857879914
              ],
              [
                -78.61055971767604,
                -1.6837429307601384
              ],
              [
                -78.6104838974219,
                -1.6837595436989503
              ],
              [
                -78.61037871332606,
                -1.68378069882013
              ],
              [
                -78.61033520604528,
                -1.683777954126683
              ],
              [
                -78.61023546798387,
                -1.6837904382021984
              ],
              [
                -78.61014847288466,
                -1.683787414760379
              ],
              [
                -78.61004381150892,
                -1.6837968555342941
              ],
              [
                -78.60996421345551,
                -1.6837999382381315
              ],
              [
                -78.60987481603892,
                -1.6838030974292881
              ],
              [
                -78.60981352009682,
                -1.683796792777757
              ],
              [
                -78.60974231630986,
                -1.6837763899170273
              ],
              [
                -78.6096599895993,
                -1.6837431302559347
              ],
              [
                -78.60961701058127,
                -1.6837292877197048
              ],
              [
                -78.60955638758205,
                -1.683730990023474
              ],
              [
                -78.60950682257265,
                -1.683736921914673
              ],
              [
                -78.60943958665003,
                -1.683754700621528
              ],
              [
                -78.60936280168883,
                -1.6838052197107818
              ],
              [
                -78.60927315048137,
                -1.6838552212248739
              ],
              [
                -78.60919688749975,
                -1.6838997765404127
              ],
              [
                -78.60918899473855,
                -1.6903609710441359
              ]
            ]
          ],
          [
            [
              [
                -78.60921868346071,
                -1.6813216872626522
              ],
              [
                -78.60921083900448,
                -1.6813667467424633
              ],
              [
                -78.60920999863076,
                -1.68137157541561
              ],
              [
                -78.60931526187817,
                -1.6813944092421915
              ],
              [
                -78.60946065497852,
                -1.6814021570924162
              ],
              [
                -78.6096235835516,
                -1.6814200162403887
              ],
              [
                -78.60968751302707,
                -1.6814175721630291
              ],
              [
                -78.60976813320994,
                -1.6814107889886891
              ],
              [
                -78.60981472738665,
                -1.6815245665463028
              ],
              [
                -78.60988386851415,
                -1.6815443791899543
              ],
              [
                -78.60992369534081,
                -1.6815605462995091
              ],
              [
                -78.6099351372833,
                -1.681565190344748
              ],
              [
                -78.60994023605798,
                -1.6815672603072265
              ],
              [
                -78.60999138151539,
                -1.6815890159198004
              ],
              [
                -78.61003311970669,
                -1.6815927725826394
              ],
              [
                -78.61012110647083,
                -1.6815839284756966
              ],
              [
                -78.61020388807287,
                -1.681576291026473
              ],
              [
                -78.61026823678408,
                -1.6815822043114559
              ],
              [
                -78.61028836926312,
                -1.6816018272891857
              ],
              [
                -78.61030147341658,
                -1.681624594523281
              ],
              [
                -78.61030774358242,
                -1.6816354883134295
              ],
              [
                -78.6103295827298,
                -1.6816883681800847
              ],
              [
                -78.61032987710787,
                -1.6816885782552968
              ],
              [
                -78.61035055264493,
                -1.6817033622476876
              ],
              [
                -78.61037035999536,
                -1.681717781789333
              ],
              [
                -78.61040398850952,
                -1.681721601673083
              ],
              [
                -78.61046138542899,
                -1.6817275687632
              ],
              [
                -78.61049912315805,
                -1.6817383521856792
              ],
              [
                -78.61052588520045,
                -1.6817533018679487
              ],
              [
                -78.61052906966131,
                -1.6817510215538105
              ],
              [
                -78.61053164725804,
                -1.6817491761874486
              ],
              [
                -78.6105327075676,
                -1.6817363434539854
              ],
              [
                -78.61052731949228,
                -1.681713649904642
              ],
              [
                -78.61050569420988,
                -1.6816887506359908
              ],
              [
                -78.6104690261517,
                -1.681666299663118
              ],
              [
                -78.61042414146719,
                -1.681629921614341
              ],
              [
                -78.61041484167534,
                -1.6816202968276779
              ],
              [
                -78.61039786412653,
                -1.6816027269528868
              ],
              [
                -78.61039197352864,
                -1.6815899480262702
              ],
              [
                -78.61039597635295,
                -1.6815846848382576
              ],
              [
                -78.6103990083849,
                -1.6815806995189182
              ],
              [
                -78.6104000025686,
                -1.681579391849263
              ],
              [
                -78.6104138649548,
                -1.68157403776277
              ],
              [
                -78.6104595285641,
                -1.6815608586476873
              ],
              [
                -78.61048024428045,
                -1.6815426265375883
              ],
              [
                -78.61050676994263,
                -1.6815266813046958
              ],
              [
                -78.61052300336651,
                -1.6815283039808293
              ],
              [
                -78.61057199637153,
                -1.6815716455650938
              ],
              [
                -78.61060592877962,
                -1.68161510327918
              ],
              [
                -78.61064076234456,
                -1.681655454383506
              ],
              [
                -78.61064458245892,
                -1.6816593460028415
              ],
              [
                -78.61067470754062,
                -1.6816699501013588
              ],
              [
                -78.61072501475897,
                -1.6816579011954338
              ],
              [
                -78.61076952895607,
                -1.6816458966735368
              ],
              [
                -78.61077936789354,
                -1.6816413493580515
              ],
              [
                -78.61078107377725,
                -1.6816405605184996
              ],
              [
                -78.61078097998083,
                -1.6816283193405646
              ],
              [
                -78.61076984478296,
                -1.6816114996958118
              ],
              [
                -78.61074949457709,
                -1.6816017473972595
              ],
              [
                -78.61071349879916,
                -1.6815915337977765
              ],
              [
                -78.61069601369076,
                -1.6815776784616427
              ],
              [
                -78.61069070248182,
                -1.6815648948235384
              ],
              [
                -78.61067686112092,
                -1.6815175315632902
              ],
              [
                -78.61067523483119,
                -1.681511965851558
              ],
              [
                -78.61066084143543,
                -1.6814672233179175
              ],
              [
                -78.61066065977462,
                -1.68146665723201
              ],
              [
                -78.61065802522069,
                -1.68145846796835
              ],
              [
                -78.61064514248643,
                -1.6814404963698524
              ],
              [
                -78.61061310866113,
                -1.6814180095327866
              ],
              [
                -78.61057649875015,
                -1.6814031363093087
              ],
              [
                -78.6105398260086,
                -1.681380103205621
              ],
              [
                -78.61045379475406,
                -1.6813417129349026
              ],
              [
                -78.61043378666749,
                -1.6813231847763028
              ],
              [
                -78.60921868346071,
                -1.6813216872626522
              ]
            ]
          ]
        ]
      }
    },
    {
      "type": "Feature",
      "properties": {
        "CELL_ID": "R-1000-31-22",
        "AMBITO": "RURAL",
        "CATEGORIA": "CONVIVENCIA",
        "PLATAFORMA": null,
        "PARROQUIA": "LICAN",
        "DISTANCE_M": 2000,
        "CELL_SIZE_M": 1000,
        "COUNT": 0,
        "GI_ZSCORE": 7.880909035029357,
        "GI_PVALUE": 3.2500785668175395e-15,
        "GI_CLASS": "HOTSPOT 99%",
        "NIVEL": 99,
        "COB_A_PCT": 0.0,
        "ESTADO_A": "SIN COBERTURA",
        "COB_B_PCT": 0.0,
        "ESTADO_B": "SIN COBERTURA",
        "COB_C_PCT": 0.0,
        "ESTADO_C": "SIN COBERTURA",
        "COB_B_ANTERIOR_PCT": 0.0,
        "ESTADO_B_ANTERIOR": "SIN COBERTURA",
        "COB_C_ANTERIOR_PCT": 0.0,
        "ESTADO_C_ANTERIOR": "SIN COBERTURA"
      },
      "geometry": {
        "type": "MultiPolygon",
        "coordinates": [
          [
            [
              [
                -78.7080344006994,
                -1.6633610598093305
              ],
              [
                -78.69905115928053,
                -1.6633505368157644
              ],
              [
                -78.69904457463554,
                -1.669022068857592
              ],
              [
                -78.69908307199206,
                -1.6690409219799518
              ],
              [
                -78.69911509453492,
                -1.6690587339550271
              ],
              [
                -78.69913833098292,
                -1.6690738651949113
              ],
              [
                -78.69915859005735,
                -1.66909004788568
              ],
              [
                -78.69917926188491,
                -1.6691097304104667
              ],
              [
                -78.69922776043353,
                -1.6691655474772953
              ],
              [
                -78.69924835182557,
                -1.6691933721525876
              ],
              [
                -78.69929603378846,
                -1.6692654194144403
              ],
              [
                -78.69935496396573,
                -1.6693449496030153
              ],
              [
                -78.69940188155266,
                -1.6694014672191284
              ],
              [
                -78.69946186581892,
                -1.669463706217518
              ],
              [
                -78.69952826126891,
                -1.6695237741525013
              ],
              [
                -78.69956748843389,
                -1.6695554591300903
              ],
              [
                -78.69961064551352,
                -1.6695873693111032
              ],
              [
                -78.69965840566299,
                -1.669620011723271
              ],
              [
                -78.69971276337357,
                -1.6696547528381431
              ],
              [
                -78.6997789305234,
                -1.6696964071224754
              ],
              [
                -78.69981587420682,
                -1.6697180063000305
              ],
              [
                -78.69985184453184,
                -1.6697361501818078
              ],
              [
                -78.6998853391578,
                -1.6697495858745128
              ],
              [
                -78.6999386834161,
                -1.6697651494367167
              ],
              [
                -78.69999302367002,
                -1.669775521646577
              ],
              [
                -78.70002811052922,
                -1.6697793488843626
              ],
              [
                -78.70006347031992,
                -1.6697809969204047
              ],
              [
                -78.70009910304103,
                -1.6697804666585145
              ],
              [
                -78.70013500779625,
                -1.6697777562894953
              ],
              [
                -78.70032559470026,
                -1.669771733243917
              ],
              [
                -78.70051621793189,
                -1.6697692547714116
              ],
              [
                -78.7005830920126,
                -1.6697661903337224
              ],
              [
                -78.70061644137544,
                -1.6697693727785041
              ],
              [
                -78.70065142262418,
                -1.6697798306602862
              ],
              [
                -78.70069009245623,
                -1.6697956508429361
              ],
              [
                -78.70074355436779,
                -1.669822859752112
              ],
              [
                -78.70078586345497,
                -1.6698462940215182
              ],
              [
                -78.70082688505082,
                -1.6698714380317614
              ],
              [
                -78.700866383961,
                -1.669898147771402
              ],
              [
                -78.7009041519389,
                -1.6699262810686806
              ],
              [
                -78.70094961040108,
                -1.6699668560197434
              ],
              [
                -78.70096905841733,
                -1.6699814151048158
              ],
              [
                -78.70098747822807,
                -1.6699917856896316
              ],
              [
                -78.70100895949194,
                -1.670001422221744
              ],
              [
                -78.70107159559244,
                -1.6700228292699486
              ],
              [
                -78.70110599015652,
                -1.6700325949086336
              ],
              [
                -78.70114452303633,
                -1.6700410537271855
              ],
              [
                -78.70125108058029,
                -1.670057451032985
              ],
              [
                -78.70136097283672,
                -1.6700706602654511
              ],
              [
                -78.70140278083035,
                -1.6700731050621318
              ],
              [
                -78.70144084647809,
                -1.6700731598175105
              ],
              [
                -78.70150107333279,
                -1.6700674831342532
              ],
              [
                -78.70162895199155,
                -1.67004585197366
              ],
              [
                -78.70178250559435,
                -1.6700282195463296
              ],
              [
                -78.7018478332763,
                -1.670018581230458
              ],
              [
                -78.70193638425633,
                -1.67000375872728
              ],
              [
                -78.70196306318385,
                -1.6699972298528494
              ],
              [
                -78.70198635771762,
                -1.669989494684937
              ],
              [
                -78.70202898236158,
                -1.6699717958606803
              ],
              [
                -78.70205649859041,
                -1.6699551667577088
              ],
              [
                -78.7020776127453,
                -1.6699367284628748
              ],
              [
                -78.70209415729188,
                -1.6699173591016432
              ],
              [
                -78.70210815814278,
                -1.6698930346757397
              ],
              [
                -78.70211986758513,
                -1.6698623316939114
              ],
              [
                -78.70212394657172,
                -1.6698440514376058
              ],
              [
                -78.70213020444072,
                -1.669795242302512
              ],
              [
                -78.702141562339,
                -1.669741599191882
              ],
              [
                -78.70214727345996,
                -1.6697249724495489
              ],
              [
                -78.70215423829818,
                -1.6697109642404824
              ],
              [
                -78.7021642314466,
                -1.669695367663445
              ],
              [
                -78.70217307563993,
                -1.6696851783215965
              ],
              [
                -78.70218902207883,
                -1.6696733828050159
              ],
              [
                -78.70220649854167,
                -1.6696668512287494
              ],
              [
                -78.7022242217029,
                -1.6696652530297877
              ],
              [
                -78.70224310867006,
                -1.6696694345203247
              ],
              [
                -78.70227352044434,
                -1.6696835264805756
              ],
              [
                -78.70229844857577,
                -1.6697001558246352
              ],
              [
                -78.70234228188828,
                -1.669736993566272
              ],
              [
                -78.70239799881548,
                -1.6697841951023782
              ],
              [
                -78.70252163367341,
                -1.669896461872228
              ],
              [
                -78.7025814071677,
                -1.6699454608056947
              ],
              [
                -78.70265983771037,
                -1.670007111375846
              ],
              [
                -78.70269728058582,
                -1.6700344551084878
              ],
              [
                -78.70273607822104,
                -1.6700586373646877
              ],
              [
                -78.7027727488339,
                -1.6700764475849397
              ],
              [
                -78.70282406534645,
                -1.6700954104516712
              ],
              [
                -78.70286675169427,
                -1.6701058077756399
              ],
              [
                -78.70290731392225,
                -1.6701119737211079
              ],
              [
                -78.7029354564218,
                -1.6701137967361788
              ],
              [
                -78.7029600782406,
                -1.6701118685579073
              ],
              [
                -78.7029811760717,
                -1.6701059423922877
              ],
              [
                -78.70300272880883,
                -1.6700950737274387
              ],
              [
                -78.70302067256176,
                -1.6700698571585415
              ],
              [
                -78.7030337180985,
                -1.670043550939035
              ],
              [
                -78.70304326546977,
                -1.6700118961968755
              ],
              [
                -78.70304939518597,
                -1.6699775046629022
              ],
              [
                -78.7030575597866,
                -1.6699089364477404
              ],
              [
                -78.70306023632644,
                -1.6698760921032982
              ],
              [
                -78.70306165704676,
                -1.6697991250910271
              ],
              [
                -78.70306598896495,
                -1.669762617905241
              ],
              [
                -78.70307317568428,
                -1.6697308238808526
              ],
              [
                -78.70308581226382,
                -1.6697023774241984
              ],
              [
                -78.70310148314331,
                -1.6696811086248446
              ],
              [
                -78.70311196041602,
                -1.6696725366282452
              ],
              [
                -78.70312557524858,
                -1.6696649961615968
              ],
              [
                -78.70317162113737,
                -1.6696485009107886
              ],
              [
                -78.70319254417045,
                -1.669642247284003
              ],
              [
                -78.70321646266441,
                -1.6696371660426101
              ],
              [
                -78.7032964597388,
                -1.6696262802147641
              ],
              [
                -78.70335834510475,
                -1.6696166151716638
              ],
              [
                -78.70339393051003,
                -1.6696143509293693
              ],
              [
                -78.70342642735613,
                -1.6696152741509958
              ],
              [
                -78.70345141246214,
                -1.669617676512462
              ],
              [
                -78.70347296557517,
                -1.6696219533363919
              ],
              [
                -78.70349136952323,
                -1.6696282297065888
              ],
              [
                -78.70350249723523,
                -1.6696343149144444
              ],
              [
                -78.70351371348124,
                -1.669643066102882
              ],
              [
                -78.70355784630601,
                -1.669690469170014
              ],
              [
                -78.70356915025263,
                -1.6697002835582986
              ],
              [
                -78.7035801859445,
                -1.66970747966631
              ],
              [
                -78.70360480661557,
                -1.6697196962558638
              ],
              [
                -78.70362461858153,
                -1.669726457918761
              ],
              [
                -78.70365044595172,
                -1.6697291812840291
              ],
              [
                -78.70369300912222,
                -1.6697265383340434
              ],
              [
                -78.70374849681598,
                -1.6697197928888718
              ],
              [
                -78.70380235855907,
                -1.669706838710124
              ],
              [
                -78.70385459255614,
                -1.6696876739871611
              ],
              [
                -78.70390519970461,
                -1.669662298720563
              ],
              [
                -78.70395417910315,
                -1.6696307147168026
              ],
              [
                -78.70400153075187,
                -1.669592921071471
              ],
              [
                -78.70404725554909,
                -1.669548916881238
              ],
              [
                -78.70409135349274,
                -1.6694987030497708
              ],
              [
                -78.7041222233496,
                -1.6694827124298357
              ],
              [
                -78.70415120177672,
                -1.6694640121241744
              ],
              [
                -78.70417917170892,
                -1.6694427071298221
              ],
              [
                -78.70419764542879,
                -1.6694244817278752
              ],
              [
                -78.70420982035382,
                -1.6694083326279587
              ],
              [
                -78.70422088388649,
                -1.6693899990763943
              ],
              [
                -78.70423139196954,
                -1.669362620413334
              ],
              [
                -78.70424620830786,
                -1.6692966489879442
              ],
              [
                -78.70428162620813,
                -1.6691972196463465
              ],
              [
                -78.70429765233266,
                -1.669139981314874
              ],
              [
                -78.70430675149088,
                -1.6690966373644542
              ],
              [
                -78.70432536520148,
                -1.66898330563376
              ],
              [
                -78.70434173744307,
                -1.6689033792652117
              ],
              [
                -78.70435463994353,
                -1.6688539884447657
              ],
              [
                -78.70435869654015,
                -1.6688410444017812
              ],
              [
                -78.70436555574203,
                -1.6688267060766797
              ],
              [
                -78.70437481464666,
                -1.6688129111589984
              ],
              [
                -78.70438510472549,
                -1.6688015311163347
              ],
              [
                -78.7043982109308,
                -1.6687902655730538
              ],
              [
                -78.70442231714881,
                -1.6687751438578156
              ],
              [
                -78.70444851541097,
                -1.6687648085354885
              ],
              [
                -78.70449442738085,
                -1.6687537930631349
              ],
              [
                -78.7045320115948,
                -1.6687460926965654
              ],
              [
                -78.7045976993744,
                -1.6687358471497715
              ],
              [
                -78.70474548976456,
                -1.6687148690902047
              ],
              [
                -78.70483289043126,
                -1.6687090315992354
              ],
              [
                -78.70487023755142,
                -1.6687036044901777
              ],
              [
                -78.70491525265342,
                -1.6686905630021436
              ],
              [
                -78.7049913231385,
                -1.6686611170393288
              ],
              [
                -78.7050587300334,
                -1.668635638471617
              ],
              [
                -78.7050992979193,
                -1.6686175980879137
              ],
              [
                -78.70513567332972,
                -1.6685987617841185
              ],
              [
                -78.70516086618592,
                -1.6685831603995889
              ],
              [
                -78.70518823315923,
                -1.6685619965772507
              ],
              [
                -78.7052143768238,
                -1.6685375480094327
              ],
              [
                -78.70523127815251,
                -1.6685180316301327
              ],
              [
                -78.70524790952834,
                -1.6684942580232063
              ],
              [
                -78.70529925675238,
                -1.66840468273496
              ],
              [
                -78.70532934272849,
                -1.668351951896024
              ],
              [
                -78.70539970911094,
                -1.668218415969435
              ],
              [
                -78.70542102993075,
                -1.6681820913744079
              ],
              [
                -78.70544176419043,
                -1.6681503737500867
              ],
              [
                -78.70548212128492,
                -1.668094076943099
              ],
              [
                -78.70551551427226,
                -1.6680527303580535
              ],
              [
                -78.70554766954746,
                -1.6680197487886113
              ],
              [
                -78.70561369827897,
                -1.667961036793736
              ],
              [
                -78.70563971217751,
                -1.6679361505159762
              ],
              [
                -78.70570175829621,
                -1.6678699596079192
              ],
              [
                -78.70576093753672,
                -1.667800932208334
              ],
              [
                -78.70580399201819,
                -1.6678115468114938
              ],
              [
                -78.7058472022096,
                -1.6678195788836907
              ],
              [
                -78.70589056631422,
                -1.6678250284225893
              ],
              [
                -78.7059340861286,
                -1.6678278954300374
              ],
              [
                -78.70603668282526,
                -1.6678244956500305
              ],
              [
                -78.70607292488333,
                -1.6678230538115666
              ],
              [
                -78.70609101929132,
                -1.6678259262410648
              ],
              [
                -78.70611201547685,
                -1.6678356263334901
              ],
              [
                -78.7061263144019,
                -1.667847840714688
              ],
              [
                -78.7061329111624,
                -1.6678584107324779
              ],
              [
                -78.70613814199241,
                -1.6678717128288072
              ],
              [
                -78.70614061682434,
                -1.6678888265508727
              ],
              [
                -78.70613919591611,
                -1.6679157494725867
              ],
              [
                -78.70613364448364,
                -1.6679465547266017
              ],
              [
                -78.70611621213975,
                -1.6680010578300655
              ],
              [
                -78.70609481464555,
                -1.6680678985234207
              ],
              [
                -78.70608070299434,
                -1.6681250930973697
              ],
              [
                -78.70607781032118,
                -1.6681452948955704
              ],
              [
                -78.70607704442665,
                -1.6681635718720482
              ],
              [
                -78.70607886426055,
                -1.6681939608960992
              ],
              [
                -78.70608377490082,
                -1.6682168946844773
              ],
              [
                -78.70609427218699,
                -1.6682414332922963
              ],
              [
                -78.70610817510834,
                -1.668262036286721
              ],
              [
                -78.7061266168329,
                -1.6682799308148075
              ],
              [
                -78.70614617815795,
                -1.668292155896079
              ],
              [
                -78.70615889887887,
                -1.6682964801688247
              ],
              [
                -78.7061738981642,
                -1.6682989078218748
              ],
              [
                -78.70621182286567,
                -1.6682981893555058
              ],
              [
                -78.70623145583615,
                -1.668295102651747
              ],
              [
                -78.70625081481927,
                -1.6682896878387508
              ],
              [
                -78.70626989801931,
                -1.6682819440102972
              ],
              [
                -78.70628870543513,
                -1.668271872070332
              ],
              [
                -78.7063190429155,
                -1.66823931141193
              ],
              [
                -78.70635169941467,
                -1.6682118049978725
              ],
              [
                -78.70638667583053,
                -1.6681893537333063
              ],
              [
                -78.7064239721647,
                -1.6681719567143816
              ],
              [
                -78.70646404746455,
                -1.668159613575863
              ],
              [
                -78.70650734034002,
                -1.6681521304735605
              ],
              [
                -78.70653989114417,
                -1.6681491692073498
              ],
              [
                -78.70656183857939,
                -1.6681504189665064
              ],
              [
                -78.70658376756418,
                -1.6681559635856378
              ],
              [
                -78.70660611651718,
                -1.66816344776746
              ],
              [
                -78.70663022468852,
                -1.668173784310576
              ],
              [
                -78.70670053360234,
                -1.6682107832571182
              ],
              [
                -78.70676437759403,
                -1.66824205142497
              ],
              [
                -78.70678115427734,
                -1.6682533565864828
              ],
              [
                -78.70679420542824,
                -1.6682655749327877
              ],
              [
                -78.70680587851314,
                -1.6682809194868184
              ],
              [
                -78.70682060031459,
                -1.6683049785183202
              ],
              [
                -78.7068422283994,
                -1.6683469366276864
              ],
              [
                -78.70685895603525,
                -1.6683912728248238
              ],
              [
                -78.7068707841198,
                -1.6684379871105193
              ],
              [
                -78.70687771265243,
                -1.6684870794844504
              ],
              [
                -78.70688502523632,
                -1.6685016559522408
              ],
              [
                -78.70689494122192,
                -1.6685107690137693
              ],
              [
                -78.70690159785778,
                -1.6685130847246772
              ],
              [
                -78.70691018891955,
                -1.6685135721142814
              ],
              [
                -78.7069324888824,
                -1.6685090728770866
              ],
              [
                -78.70693993339202,
                -1.6685051528469304
              ],
              [
                -78.70695554630163,
                -1.6684928017938512
              ],
              [
                -78.70696301517366,
                -1.668489564308721
              ],
              [
                -78.70697563055664,
                -1.6684894462224698
              ],
              [
                -78.70699635501346,
                -1.6684941098428496
              ],
              [
                -78.70703166034725,
                -1.6685064546448503
              ],
              [
                -78.70705010972429,
                -1.6685154348869997
              ],
              [
                -78.70706784729562,
                -1.6685270250335025
              ],
              [
                -78.70708506157196,
                -1.6685413446330508
              ],
              [
                -78.70710208371923,
                -1.6685586679849864
              ],
              [
                -78.70713122525676,
                -1.6685953582956978
              ],
              [
                -78.70720076341482,
                -1.668695959684888
              ],
              [
                -78.70722277818633,
                -1.6687220675994454
              ],
              [
                -78.70724456271827,
                -1.66874297907683
              ],
              [
                -78.70728208385584,
                -1.668773490469538
              ],
              [
                -78.70730079439707,
                -1.6687927702447767
              ],
              [
                -78.70735034379696,
                -1.6688515230211354
              ],
              [
                -78.7073848203213,
                -1.6688845123131748
              ],
              [
                -78.70742469243704,
                -1.6689188639307915
              ],
              [
                -78.70745959478302,
                -1.668946417093217
              ],
              [
                -78.70747401304774,
                -1.668961869740466
              ],
              [
                -78.7074853809356,
                -1.668977017778172
              ],
              [
                -78.70750507929276,
                -1.6690183092084632
              ],
              [
                -78.70752335704884,
                -1.6690536922634078
              ],
              [
                -78.70753690984128,
                -1.669074900542552
              ],
              [
                -78.7075564557505,
                -1.6691004550347945
              ],
              [
                -78.7075718006917,
                -1.6691131533915897
              ],
              [
                -78.70759761164271,
                -1.6691223547168401
              ],
              [
                -78.70762282093224,
                -1.6691259397130238
              ],
              [
                -78.70765988298501,
                -1.6691254850984107
              ],
              [
                -78.70772824390042,
                -1.6691163942685947
              ],
              [
                -78.7077513592815,
                -1.669113692225836
              ],
              [
                -78.70776318080401,
                -1.669114906602743
              ],
              [
                -78.70777235338329,
                -1.6691190206030613
              ],
              [
                -78.70778443099185,
                -1.6691271598904431
              ],
              [
                -78.70779305625764,
                -1.6691353493670495
              ],
              [
                -78.70780955820035,
                -1.669156621677064
              ],
              [
                -78.70781780454867,
                -1.669163882305298
              ],
              [
                -78.70783905650892,
                -1.6691746069382143
              ],
              [
                -78.7078683769738,
                -1.6691840419954433
              ],
              [
                -78.70789846420881,
                -1.669188399301805
              ],
              [
                -78.70792663802368,
                -1.6691873086899458
              ],
              [
                -78.70795144841668,
                -1.6691808525300666
              ],
              [
                -78.70797728504105,
                -1.6691671267320798
              ],
              [
                -78.70799790227038,
                -1.6691643367802216
              ],
              [
                -78.70802285280973,
                -1.6691671801924874
              ],
              [
                -78.70802768408926,
                -1.6691686823730505
              ],
              [
                -78.7080344006994,
                -1.6633610598093305
              ]
            ]
          ]
        ]
      }
    },
    {
      "type": "Feature",
      "properties": {
        "CELL_ID": "R-1000-31-23",
        "AMBITO": "RURAL",
        "CATEGORIA": "CONVIVENCIA",
        "PLATAFORMA": null,
        "PARROQUIA": "LICAN",
        "DISTANCE_M": 2000,
        "CELL_SIZE_M": 1000,
        "COUNT": 0,
        "GI_ZSCORE": 3.6822127753729346,
        "GI_PVALUE": 0.0002312183032344958,
        "GI_CLASS": "HOTSPOT 99%",
        "NIVEL": 99,
        "COB_A_PCT": 0.0,
        "ESTADO_A": "SIN COBERTURA",
        "COB_B_PCT": 0.0,
        "ESTADO_B": "SIN COBERTURA",
        "COB_C_PCT": 0.0,
        "ESTADO_C": "SIN COBERTURA",
        "COB_B_ANTERIOR_PCT": 0.0,
        "ESTADO_B_ANTERIOR": "SIN COBERTURA",
        "COB_C_ANTERIOR_PCT": 0.0,
        "ESTADO_C_ANTERIOR": "SIN COBERTURA"
      },
      "geometry": {
        "type": "MultiPolygon",
        "coordinates": [
          [
            [
              [
                -78.69905115928053,
                -1.6633505368157644
              ],
              [
                -78.69006797488322,
                -1.6633399727473313
              ],
              [
                -78.69005861666342,
                -1.6713634581821477
              ],
              [
                -78.69007321625429,
                -1.6713449435052299
              ],
              [
                -78.69008627796201,
                -1.6713317716391454
              ],
              [
                -78.6900993384721,
                -1.6713211607602634
              ],
              [
                -78.6901250262612,
                -1.671303986532789
              ],
              [
                -78.69014728898945,
                -1.671291989890674
              ],
              [
                -78.69017856450078,
                -1.6712800500208178
              ],
              [
                -78.69021169553655,
                -1.67127229960447
              ],
              [
                -78.69028236999465,
                -1.671259245655498
              ],
              [
                -78.69035349197556,
                -1.6712514371532075
              ],
              [
                -78.69040339139113,
                -1.6712487887846208
              ],
              [
                -78.69044402749351,
                -1.6712490710171355
              ],
              [
                -78.69051222566326,
                -1.671254911933342
              ],
              [
                -78.69054017380228,
                -1.6712598780604382
              ],
              [
                -78.69056539998572,
                -1.6712664193235647
              ],
              [
                -78.69059242627925,
                -1.6712761420329205
              ],
              [
                -78.6906208159529,
                -1.671289171325653
              ],
              [
                -78.6906510412947,
                -1.671305703021743
              ],
              [
                -78.6906850118145,
                -1.6713267798684621
              ],
              [
                -78.69071154973128,
                -1.6713454632053424
              ],
              [
                -78.690751633965,
                -1.6713767541862168
              ],
              [
                -78.69085582542435,
                -1.6714646246454983
              ],
              [
                -78.6909061668349,
                -1.6715027121803312
              ],
              [
                -78.69092888011424,
                -1.6715233526416784
              ],
              [
                -78.6909504275571,
                -1.6715453730131162
              ],
              [
                -78.6910597826498,
                -1.6715663257496787
              ],
              [
                -78.69116323286204,
                -1.6715813223661484
              ],
              [
                -78.69126383820256,
                -1.6715954622500635
              ],
              [
                -78.69129413950516,
                -1.6715977463235372
              ],
              [
                -78.69132137017397,
                -1.6715978716609763
              ],
              [
                -78.69133482688345,
                -1.6715972267730967
              ],
              [
                -78.69135863338695,
                -1.671597150988777
              ],
              [
                -78.69138197612418,
                -1.6715949683688072
              ],
              [
                -78.6913991374851,
                -1.6715912714892214
              ],
              [
                -78.69141767300943,
                -1.6715847295847974
              ],
              [
                -78.69147823468984,
                -1.671555139674997
              ],
              [
                -78.6915016389953,
                -1.6715456267055195
              ],
              [
                -78.69154990783167,
                -1.6715308259139927
              ],
              [
                -78.69160081600006,
                -1.6715121275447151
              ],
              [
                -78.69165250619638,
                -1.6714891678050474
              ],
              [
                -78.69170546106423,
                -1.6714617366367468
              ],
              [
                -78.69176058665603,
                -1.67142936775043
              ],
              [
                -78.69181210116695,
                -1.6713960824660565
              ],
              [
                -78.69186862085854,
                -1.6713568738553632
              ],
              [
                -78.69206833786109,
                -1.671209699818667
              ],
              [
                -78.69212972372169,
                -1.6711666748881624
              ],
              [
                -78.69216146746413,
                -1.6711407391034858
              ],
              [
                -78.69218739262695,
                -1.6711157004217327
              ],
              [
                -78.69220586421146,
                -1.6710946810859824
              ],
              [
                -78.6922160556456,
                -1.6710800883385508
              ],
              [
                -78.6922258389373,
                -1.6710626791912404
              ],
              [
                -78.692261737315,
                -1.6709852898041422
              ],
              [
                -78.69231707598617,
                -1.6708858299766913
              ],
              [
                -78.6923599856486,
                -1.6708154520498593
              ],
              [
                -78.69240234420958,
                -1.6707546710885508
              ],
              [
                -78.69244507529723,
                -1.6707025878154036
              ],
              [
                -78.69247790871817,
                -1.6706658560847776
              ],
              [
                -78.69249985378875,
                -1.6706458750027284
              ],
              [
                -78.69252049507688,
                -1.6706315522371027
              ],
              [
                -78.69254508776525,
                -1.6706175008179946
              ],
              [
                -78.69256810178557,
                -1.6706060293170215
              ],
              [
                -78.6925853957865,
                -1.6705995220749092
              ],
              [
                -78.69260551505062,
                -1.6705952880821437
              ],
              [
                -78.69263327711658,
                -1.670592695723011
              ],
              [
                -78.69266113187669,
                -1.6705922694244786
              ],
              [
                -78.69269482533457,
                -1.6705944896677203
              ],
              [
                -78.69272490326128,
                -1.6705972968439409
              ],
              [
                -78.69274269060045,
                -1.6706014282959263
              ],
              [
                -78.69278028098068,
                -1.6706221188771304
              ],
              [
                -78.69280362894555,
                -1.6706308572893795
              ],
              [
                -78.69282471920887,
                -1.6706359355033966
              ],
              [
                -78.6928439472872,
                -1.670637904514384
              ],
              [
                -78.6928640411865,
                -1.6706377031728579
              ],
              [
                -78.69288418041775,
                -1.670634836932222
              ],
              [
                -78.692913635148,
                -1.6706274382652788
              ],
              [
                -78.69294519323799,
                -1.6706181681193573
              ],
              [
                -78.69297007986327,
                -1.6706085791159342
              ],
              [
                -78.69299099117649,
                -1.6705968845483978
              ],
              [
                -78.69301212107742,
                -1.670580318654436
              ],
              [
                -78.6930313094386,
                -1.6705616712957279
              ],
              [
                -78.69307875689866,
                -1.6705109639973883
              ],
              [
                -78.69310700164608,
                -1.6704865825031234
              ],
              [
                -78.69314568587492,
                -1.6704598213952193
              ],
              [
                -78.69318057823224,
                -1.6704384950927103
              ],
              [
                -78.69322649040612,
                -1.67041400339259
              ],
              [
                -78.69326269230281,
                -1.670399019197338
              ],
              [
                -78.69329772662437,
                -1.670389985470525
              ],
              [
                -78.69335846011617,
                -1.6703802064873259
              ],
              [
                -78.69342515354437,
                -1.6703700286530805
              ],
              [
                -78.69347645107332,
                -1.6703648615050681
              ],
              [
                -78.6935171822729,
                -1.6703637715087252
              ],
              [
                -78.69356275376315,
                -1.6703656504995112
              ],
              [
                -78.69372909012199,
                -1.6703823248882674
              ],
              [
                -78.69399019649445,
                -1.6704092982495518
              ],
              [
                -78.69405277662604,
                -1.6704136715359326
              ],
              [
                -78.69410892438879,
                -1.6704152918130832
              ],
              [
                -78.69422244566488,
                -1.670422013258401
              ],
              [
                -78.6942639676869,
                -1.670422226827531
              ],
              [
                -78.69428667856523,
                -1.6704203588941642
              ],
              [
                -78.69430734046959,
                -1.6704168649788567
              ],
              [
                -78.69432634874033,
                -1.6704116777495013
              ],
              [
                -78.69434389478626,
                -1.6704047404809295
              ],
              [
                -78.69437794405752,
                -1.670386901629754
              ],
              [
                -78.69440312459673,
                -1.6703687124036466
              ],
              [
                -78.69442398606253,
                -1.6703489288655888
              ],
              [
                -78.6944354505749,
                -1.6703326525488158
              ],
              [
                -78.69444145892194,
                -1.6703130828893038
              ],
              [
                -78.69444447955875,
                -1.6702803223302896
              ],
              [
                -78.6944450967817,
                -1.6702517561472798
              ],
              [
                -78.69444275596796,
                -1.6702207583604247
              ],
              [
                -78.6944341880746,
                -1.6701804358201835
              ],
              [
                -78.69441238721322,
                -1.670116039832915
              ],
              [
                -78.69439191860018,
                -1.6700654791420992
              ],
              [
                -78.69438539644621,
                -1.6700434222801626
              ],
              [
                -78.69438067649077,
                -1.6700035056563363
              ],
              [
                -78.69438225505496,
                -1.6699624917969371
              ],
              [
                -78.69438999924488,
                -1.6699234125187654
              ],
              [
                -78.69440346180491,
                -1.669888485678686
              ],
              [
                -78.69441568695642,
                -1.6698670150399357
              ],
              [
                -78.69443374997925,
                -1.6698412013048913
              ],
              [
                -78.69445335763183,
                -1.6698188851126576
              ],
              [
                -78.69447110248443,
                -1.6698016869062604
              ],
              [
                -78.69448441415469,
                -1.66979216012847
              ],
              [
                -78.69450539123888,
                -1.6697849213527058
              ],
              [
                -78.69454472722393,
                -1.6697800952972441
              ],
              [
                -78.69458334144875,
                -1.6697771604348826
              ],
              [
                -78.69462665694522,
                -1.6697785503746911
              ],
              [
                -78.69467007101478,
                -1.6697832318493426
              ],
              [
                -78.69476455864687,
                -1.6697968851243417
              ],
              [
                -78.69485307574682,
                -1.6698100133639455
              ],
              [
                -78.69494917613706,
                -1.6698280727663928
              ],
              [
                -78.69500444164163,
                -1.669840590432903
              ],
              [
                -78.695140613634,
                -1.6698747528597395
              ],
              [
                -78.69533729628832,
                -1.6699208208094738
              ],
              [
                -78.69540007284546,
                -1.669933207218429
              ],
              [
                -78.69545683995355,
                -1.6699422273139073
              ],
              [
                -78.69561240949096,
                -1.6699578953242467
              ],
              [
                -78.69571227425205,
                -1.6699725863704087
              ],
              [
                -78.69575429628408,
                -1.6699769895672647
              ],
              [
                -78.69581617570371,
                -1.6699798974951419
              ],
              [
                -78.69586542931714,
                -1.669978840997119
              ],
              [
                -78.69589985175062,
                -1.669975351540026
              ],
              [
                -78.69593706296016,
                -1.6699692239182466
              ],
              [
                -78.69602879015112,
                -1.6699474059063437
              ],
              [
                -78.69607651080607,
                -1.6699336067771535
              ],
              [
                -78.69610804108424,
                -1.669922026819894
              ],
              [
                -78.69613890240957,
                -1.6699086489429047
              ],
              [
                -78.69616909747688,
                -1.6698934731492805
              ],
              [
                -78.69619862448934,
                -1.6698764994368218
              ],
              [
                -78.69628662661634,
                -1.6698374795257394
              ],
              [
                -78.69637259952908,
                -1.6697945194368005
              ],
              [
                -78.69644545835837,
                -1.6697549473884155
              ],
              [
                -78.69649656118162,
                -1.669723431333221
              ],
              [
                -78.69654323884022,
                -1.6696927046614152
              ],
              [
                -78.69656731808857,
                -1.6696713844584161
              ],
              [
                -78.69657648487187,
                -1.669659568382365
              ],
              [
                -78.69658517060712,
                -1.669645048811766
              ],
              [
                -78.69661554913559,
                -1.669581103011549
              ],
              [
                -78.69665172037574,
                -1.6695153361734572
              ],
              [
                -78.6966759222571,
                -1.6694805023771677
              ],
              [
                -78.6966986107289,
                -1.6694554678439157
              ],
              [
                -78.69672358314466,
                -1.6694323994669749
              ],
              [
                -78.69675084130019,
                -1.6694112981523568
              ],
              [
                -78.69678038339906,
                -1.6693921638978595
              ],
              [
                -78.69684415621683,
                -1.6693382338776381
              ],
              [
                -78.69687406989271,
                -1.6693101225407916
              ],
              [
                -78.69690577936392,
                -1.6692773415034428
              ],
              [
                -78.69701437987914,
                -1.669154351626548
              ],
              [
                -78.69705985606615,
                -1.6691062153745804
              ],
              [
                -78.69715171231502,
                -1.6690167446352304
              ],
              [
                -78.69722930785616,
                -1.6689464053759058
              ],
              [
                -78.6972789412256,
                -1.6689031157714513
              ],
              [
                -78.69730974450596,
                -1.668879398847032
              ],
              [
                -78.69734291893674,
                -1.6688583623321247
              ],
              [
                -78.69739186863629,
                -1.668831320219538
              ],
              [
                -78.6974829647338,
                -1.668784436381201
              ],
              [
                -78.69751780091399,
                -1.668769704431794
              ],
              [
                -78.69755022171186,
                -1.668758651584656
              ],
              [
                -78.69760166208238,
                -1.6687458348626887
              ],
              [
                -78.6976545211767,
                -1.6687374195276141
              ],
              [
                -78.69770555339652,
                -1.6687248726132182
              ],
              [
                -78.6977569417746,
                -1.6687150525491712
              ],
              [
                -78.69782308090389,
                -1.6687057750789787
              ],
              [
                -78.69788185845992,
                -1.6687009663947543
              ],
              [
                -78.69793589779049,
                -1.6687004189586148
              ],
              [
                -78.69798595347523,
                -1.6687041436042067
              ],
              [
                -78.69805001060719,
                -1.6687131342116353
              ],
              [
                -78.69807209675345,
                -1.6687185877841408
              ],
              [
                -78.6980912823447,
                -1.668725470763826
              ],
              [
                -78.69812389987352,
                -1.668741456472845
              ],
              [
                -78.69814766619814,
                -1.6687582272668162
              ],
              [
                -78.69816624218527,
                -1.668777159714961
              ],
              [
                -78.69818075423798,
                -1.6687975635918728
              ],
              [
                -78.69819057322948,
                -1.6688181517786262
              ],
              [
                -78.69819828016338,
                -1.6688426842979414
              ],
              [
                -78.69820183875949,
                -1.668861703919625
              ],
              [
                -78.69820339947023,
                -1.6688822778586014
              ],
              [
                -78.69820294102074,
                -1.668904161108467
              ],
              [
                -78.69820047291886,
                -1.6689269025892937
              ],
              [
                -78.69819487074977,
                -1.6689541160323322
              ],
              [
                -78.69818673499948,
                -1.6689785033295903
              ],
              [
                -78.69816274823579,
                -1.6690214878175234
              ],
              [
                -78.69814559950615,
                -1.6690644812641702
              ],
              [
                -78.69811959469385,
                -1.6691132208831105
              ],
              [
                -78.69811132565398,
                -1.669133262541113
              ],
              [
                -78.69810445468727,
                -1.6691607836508875
              ],
              [
                -78.69810511349692,
                -1.6691759343944896
              ],
              [
                -78.69810954117393,
                -1.669196921218003
              ],
              [
                -78.69811711449422,
                -1.6692220167665144
              ],
              [
                -78.69812658472605,
                -1.6692435528300407
              ],
              [
                -78.69813774400143,
                -1.669261062704801
              ],
              [
                -78.69815048559775,
                -1.6692743934906844
              ],
              [
                -78.69816906169652,
                -1.669287052255233
              ],
              [
                -78.69818807617214,
                -1.669295084011738
              ],
              [
                -78.69820645187797,
                -1.669297764298785
              ],
              [
                -78.69823423721616,
                -1.6692968586969041
              ],
              [
                -78.6982697222588,
                -1.6692919529712071
              ],
              [
                -78.69830606541628,
                -1.6692814588851372
              ],
              [
                -78.69833339823332,
                -1.6692687719495198
              ],
              [
                -78.69837792164422,
                -1.6692419713817217
              ],
              [
                -78.69840665986642,
                -1.6692235141225473
              ],
              [
                -78.69843676703492,
                -1.6692012825081395
              ],
              [
                -78.6985741823546,
                -1.6690835893816658
              ],
              [
                -78.6986088668573,
                -1.6690571767720357
              ],
              [
                -78.69864146406357,
                -1.6690358168154749
              ],
              [
                -78.69868648322267,
                -1.6690083496665182
              ],
              [
                -78.69871402117062,
                -1.6689953926653958
              ],
              [
                -78.69874026414138,
                -1.668987491964087
              ],
              [
                -78.6987731792291,
                -1.668980914426547
              ],
              [
                -78.69881546701436,
                -1.6689762472109326
              ],
              [
                -78.69886038281871,
                -1.6689758553480145
              ],
              [
                -78.69889189412955,
                -1.6689782862270455
              ],
              [
                -78.6989242937176,
                -1.6689831779098756
              ],
              [
                -78.69895724476842,
                -1.6689904811844634
              ],
              [
                -78.69899029643916,
                -1.6690000960810414
              ],
              [
                -78.69903435931074,
                -1.6690170661563999
              ],
              [
                -78.69904457463554,
                -1.669022068857592
              ],
              [
                -78.69905115928053,
                -1.6633505368157644
              ]
            ]
          ]
        ]
      }
    },
    {
      "type": "Feature",
      "properties": {
        "CELL_ID": "R-1000-32-17",
        "AMBITO": "RURAL",
        "CATEGORIA": "CONVIVENCIA",
        "PLATAFORMA": null,
        "PARROQUIA": "CALPI",
        "DISTANCE_M": 2000,
        "CELL_SIZE_M": 1000,
        "COUNT": 0,
        "GI_ZSCORE": 3.209060143560787,
        "GI_PVALUE": 0.0013316963253050093,
        "GI_CLASS": "HOTSPOT 99%",
        "NIVEL": 99,
        "COB_A_PCT": 0.0,
        "ESTADO_A": "SIN COBERTURA",
        "COB_B_PCT": 0.0,
        "ESTADO_B": "SIN COBERTURA",
        "COB_C_PCT": 0.0,
        "ESTADO_C": "SIN COBERTURA",
        "COB_B_ANTERIOR_PCT": 0.0,
        "ESTADO_B_ANTERIOR": "SIN COBERTURA",
        "COB_C_ANTERIOR_PCT": 0.0,
        "ESTADO_C_ANTERIOR": "SIN COBERTURA"
      },
      "geometry": {
        "type": "MultiPolygon",
        "coordinates": [
          [
            [
              [
                -78.75296165999343,
                -1.6543728246499436
              ],
              [
                -78.75159097023555,
                -1.6543712616078527
              ],
              [
                -78.75159073161475,
                -1.6543724392786083
              ],
              [
                -78.75157186973647,
                -1.6544403108496715
              ],
              [
                -78.75155300749236,
                -1.6545077059978328
              ],
              [
                -78.75154406283836,
                -1.6545473733947555
              ],
              [
                -78.75154266592372,
                -1.6545617078092028
              ],
              [
                -78.75154056132364,
                -1.6547050275197777
              ],
              [
                -78.75153828192232,
                -1.6547547145824522
              ],
              [
                -78.7515340366869,
                -1.6547695321114844
              ],
              [
                -78.75152647995039,
                -1.6547900882205877
              ],
              [
                -78.75151181095613,
                -1.6548154356759845
              ],
              [
                -78.75148813687835,
                -1.6548479652678931
              ],
              [
                -78.75142038999896,
                -1.6549216635244133
              ],
              [
                -78.75135499984289,
                -1.6549862799281492
              ],
              [
                -78.75131379459476,
                -1.6550369974428614
              ],
              [
                -78.75129961754436,
                -1.655071420040377
              ],
              [
                -78.7512968060826,
                -1.6550910115422652
              ],
              [
                -78.75129920937664,
                -1.6551067723198856
              ],
              [
                -78.75130112845343,
                -1.6551177556843786
              ],
              [
                -78.75130874326834,
                -1.655127773724393
              ],
              [
                -78.75131587548428,
                -1.6551339699060295
              ],
              [
                -78.75134295438511,
                -1.6551444287242914
              ],
              [
                -78.75136385386796,
                -1.6551505990340374
              ],
              [
                -78.75145741795515,
                -1.6551738289366364
              ],
              [
                -78.75149541095517,
                -1.655181877427414
              ],
              [
                -78.75154195197204,
                -1.655191343238381
              ],
              [
                -78.7516715935982,
                -1.65521402669526
              ],
              [
                -78.75171860931273,
                -1.6552239694665087
              ],
              [
                -78.75175471308971,
                -1.6552367989891914
              ],
              [
                -78.75177894655891,
                -1.6552491738019448
              ],
              [
                -78.75179748896109,
                -1.6552639477277618
              ],
              [
                -78.75181412936703,
                -1.6552772920295495
              ],
              [
                -78.75182886292201,
                -1.6552863400419344
              ],
              [
                -78.75185024411672,
                -1.6552963313053193
              ],
              [
                -78.75188112936395,
                -1.6553115595768895
              ],
              [
                -78.75194859236699,
                -1.6553391387801795
              ],
              [
                -78.75197805372606,
                -1.6553543699473678
              ],
              [
                -78.75199184383614,
                -1.6553667644845198
              ],
              [
                -78.7520113500083,
                -1.6553896576473472
              ],
              [
                -78.75202277691594,
                -1.6554073118118202
              ],
              [
                -78.752035627716,
                -1.6554249621773016
              ],
              [
                -78.75204942357992,
                -1.6554402233819654
              ],
              [
                -78.7520774822684,
                -1.6554669223030576
              ],
              [
                -78.75209887371709,
                -1.6554821686716221
              ],
              [
                -78.75212501242979,
                -1.6554978833182559
              ],
              [
                -78.75214971951996,
                -1.655509301312916
              ],
              [
                -78.75215875086265,
                -1.6555154942400352
              ],
              [
                -78.75216826031118,
                -1.6555231196869915
              ],
              [
                -78.75218015867499,
                -1.6555393397052658
              ],
              [
                -78.75219539515477,
                -1.6555636744375053
              ],
              [
                -78.75220729927284,
                -1.6555827602192759
              ],
              [
                -78.75221490708388,
                -1.6555894342711814
              ],
              [
                -78.7522291666741,
                -1.6555989608781145
              ],
              [
                -78.75226718919026,
                -1.6556222964515284
              ],
              [
                -78.75229191012939,
                -1.6556413579878333
              ],
              [
                -78.75230760835497,
                -1.6556585261453485
              ],
              [
                -78.75232664307885,
                -1.6556828534622445
              ],
              [
                -78.75235238675839,
                -1.6557406084029715
              ],
              [
                -78.75237817700435,
                -1.655823205080256
              ],
              [
                -78.7523815760699,
                -1.6558633268427105
              ],
              [
                -78.75238117113904,
                -1.6559005893551975
              ],
              [
                -78.75236955144088,
                -1.6560324623786096
              ],
              [
                -78.75236063047971,
                -1.6560845511113784
              ],
              [
                -78.75235212578146,
                -1.6561060644118508
              ],
              [
                -78.7523407659284,
                -1.6561237612787822
              ],
              [
                -78.75232465791109,
                -1.65614098986483
              ],
              [
                -78.75228674612926,
                -1.656176413263296
              ],
              [
                -78.7521715674694,
                -1.6562712214818538
              ],
              [
                -78.75204973540585,
                -1.6563622206605901
              ],
              [
                -78.75202699070526,
                -1.6563847166401464
              ],
              [
                -78.75202037415552,
                -1.6564000169234336
              ],
              [
                -78.7520109317514,
                -1.6564277425016471
              ],
              [
                -78.75199775814448,
                -1.6564908265249674
              ],
              [
                -78.7519944575979,
                -1.656502775761057
              ],
              [
                -78.75198735557318,
                -1.6565128213015896
              ],
              [
                -78.7519769346687,
                -1.6565247841028954
              ],
              [
                -78.75195892302897,
                -1.656539628400077
              ],
              [
                -78.75193616322765,
                -1.6565540026059968
              ],
              [
                -78.75192621054248,
                -1.6565626210524587
              ],
              [
                -78.75191390597267,
                -1.6565831862011444
              ],
              [
                -78.75185010634686,
                -1.6567357008189332
              ],
              [
                -78.75184729612324,
                -1.6567557696515602
              ],
              [
                -78.7518482668888,
                -1.6567672337832842
              ],
              [
                -78.75185636825626,
                -1.6567839385499152
              ],
              [
                -78.75186541307515,
                -1.6567972967938156
              ],
              [
                -78.75186970326033,
                -1.656806365437762
              ],
              [
                -78.75187257764061,
                -1.6568202138469967
              ],
              [
                -78.75187165952866,
                -1.6568369354324852
              ],
              [
                -78.7518650478249,
                -1.6568551014727848
              ],
              [
                -78.75185748530195,
                -1.6568727918142585
              ],
              [
                -78.75184233294138,
                -1.6568933627460998
              ],
              [
                -78.75181674367747,
                -1.6569177756089273
              ],
              [
                -78.75172528617244,
                -1.6570044167379403
              ],
              [
                -78.75166652391029,
                -1.6570594670310546
              ],
              [
                -78.75161868437954,
                -1.6571164065510517
              ],
              [
                -78.75159076495802,
                -1.6571637545348123
              ],
              [
                -78.75157847510819,
                -1.6571919632087972
              ],
              [
                -78.75155109127984,
                -1.6572717942767774
              ],
              [
                -78.75153175257152,
                -1.6573377568673622
              ],
              [
                -78.75152041802605,
                -1.6573688305770384
              ],
              [
                -78.75151379032388,
                -1.6573788748422735
              ],
              [
                -78.75150430908771,
                -1.6573860591315754
              ],
              [
                -78.75149625138502,
                -1.6573927622989229
              ],
              [
                -78.75148581825316,
                -1.6573980371061663
              ],
              [
                -78.7514654151819,
                -1.6574033312561551
              ],
              [
                -78.7514450034888,
                -1.6574043249554868
              ],
              [
                -78.75140703740692,
                -1.657410607923057
              ],
              [
                -78.751381892281,
                -1.657418777775351
              ],
              [
                -78.75135959871241,
                -1.657428374723204
              ],
              [
                -78.75134964314566,
                -1.657435559372575
              ],
              [
                -78.75134206875578,
                -1.6574470390472014
              ],
              [
                -78.75133876208965,
                -1.6574556442843598
              ],
              [
                -78.75133926300737,
                -1.6574694972099813
              ],
              [
                -78.75133929857556,
                -1.657488128272327
              ],
              [
                -78.75134693781528,
                -1.6575115213813343
              ],
              [
                -78.75136076797091,
                -1.6575449354358192
              ],
              [
                -78.75136981403688,
                -1.657558771912011
              ],
              [
                -78.75138646053989,
                -1.6575754611337947
              ],
              [
                -78.7514178422125,
                -1.657602153042812
              ],
              [
                -78.75144589763843,
                -1.6576269408929076
              ],
              [
                -78.75146919430365,
                -1.6576455271262382
              ],
              [
                -78.75148965988959,
                -1.6576731964657325
              ],
              [
                -78.75151441026647,
                -1.657707545110173
              ],
              [
                -78.7515463480055,
                -1.6577772312167243
              ],
              [
                -78.75156352111573,
                -1.6578216257538778
              ],
              [
                -78.75157642865486,
                -1.6578693729600211
              ],
              [
                -78.75158170880894,
                -1.657899937709364
              ],
              [
                -78.75159901914539,
                -1.6580169453991567
              ],
              [
                -78.75161445567657,
                -1.658147333212542
              ],
              [
                -78.75162839161582,
                -1.658236640473956
              ],
              [
                -78.75163890521699,
                -1.6582738829043542
              ],
              [
                -78.75165419320564,
                -1.6583249695897397
              ],
              [
                -78.75165992110483,
                -1.658341678881828
              ],
              [
                -78.75169423067047,
                -1.6584104049332111
              ],
              [
                -78.7517323339922,
                -1.6584767351419305
              ],
              [
                -78.75174803668607,
                -1.658496291763563
              ],
              [
                -78.75180987383887,
                -1.6585616203354874
              ],
              [
                -78.75191548547069,
                -1.6586798934045461
              ],
              [
                -78.7519587843599,
                -1.6587323600318356
              ],
              [
                -78.75204493385134,
                -1.6588516251766596
              ],
              [
                -78.75208208313113,
                -1.6589155685955326
              ],
              [
                -78.75210402325881,
                -1.6589699870031742
              ],
              [
                -78.75210835168723,
                -1.6590000742568523
              ],
              [
                -78.75210839496467,
                -1.6590230048759531
              ],
              [
                -78.75210231807584,
                -1.6590726993593878
              ],
              [
                -78.75209390884964,
                -1.6591448507477318
              ],
              [
                -78.75209252086785,
                -1.6591639629401869
              ],
              [
                -78.75209586794774,
                -1.6591768545348167
              ],
              [
                -78.7521053953501,
                -1.6591940346559786
              ],
              [
                -78.7521125487574,
                -1.6592116966189514
              ],
              [
                -78.75211971491478,
                -1.659235568337768
              ],
              [
                -78.75212212518156,
                -1.659254672218485
              ],
              [
                -78.7521259555696,
                -1.6592723412293668
              ],
              [
                -78.75212932635112,
                -1.6592976532379478
              ],
              [
                -78.75213461385216,
                -1.6593320393203015
              ],
              [
                -78.75213945341406,
                -1.659381235516523
              ],
              [
                -78.75214806393285,
                -1.6594156145522032
              ],
              [
                -78.7521595270869,
                -1.6594528544713796
              ],
              [
                -78.75217955012451,
                -1.6594977223936638
              ],
              [
                -78.75220477573583,
                -1.659532069811845
              ],
              [
                -78.75223238288348,
                -1.6595711895863992
              ],
              [
                -78.75229707484942,
                -1.6596398573248485
              ],
              [
                -78.75241168357063,
                -1.659746169688408
              ],
              [
                -78.75251771212982,
                -1.6598333901018796
              ],
              [
                -78.75257668142321,
                -1.6598886925419116
              ],
              [
                -78.75261712105227,
                -1.6599354316608688
              ],
              [
                -78.75265537266293,
                -1.659985817824844
              ],
              [
                -78.7527002598811,
                -1.6600311146924105
              ],
              [
                -78.75276918778982,
                -1.6600805469516904
              ],
              [
                -78.7528410779277,
                -1.6601272849929853
              ],
              [
                -78.75286810160179,
                -1.660139773365644
              ],
              [
                -78.75287997371909,
                -1.6601418408910238
              ],
              [
                -78.75288976434722,
                -1.66014152393054
              ],
              [
                -78.75290133574269,
                -1.6601418002392347
              ],
              [
                -78.75292538316879,
                -1.6601495173817027
              ],
              [
                -78.75295513376251,
                -1.6601600518188784
              ],
              [
                -78.75296165999343,
                -1.6543728246499436
              ]
            ]
          ]
        ]
      }
    },
    {
      "type": "Feature",
      "properties": {
        "CELL_ID": "R-1000-32-18",
        "AMBITO": "RURAL",
        "CATEGORIA": "CONVIVENCIA",
        "PLATAFORMA": null,
        "PARROQUIA": "CALPI",
        "DISTANCE_M": 2000,
        "CELL_SIZE_M": 1000,
        "COUNT": 0,
        "GI_ZSCORE": 6.238959914992736,
        "GI_PVALUE": 4.4048984246451206e-10,
        "GI_CLASS": "HOTSPOT 99%",
        "NIVEL": 99,
        "COB_A_PCT": 0.0,
        "ESTADO_A": "SIN COBERTURA",
        "COB_B_PCT": 0.0,
        "ESTADO_B": "SIN COBERTURA",
        "COB_C_PCT": 0.0,
        "ESTADO_C": "SIN COBERTURA",
        "COB_B_ANTERIOR_PCT": 0.0,
        "ESTADO_B_ANTERIOR": "SIN COBERTURA",
        "COB_C_ANTERIOR_PCT": 0.0,
        "ESTADO_C_ANTERIOR": "SIN COBERTURA"
      },
      "geometry": {
        "type": "MultiPolygon",
        "coordinates": [
          [
            [
              [
                -78.73499475094083,
                -1.6543522607993788
              ],
              [
                -78.734993386592,
                -1.6555541891933603
              ],
              [
                -78.7350155137104,
                -1.6555960588164305
              ],
              [
                -78.73503931363764,
                -1.655629932446458
              ],
              [
                -78.73507355287799,
                -1.6556609198151624
              ],
              [
                -78.73510588317521,
                -1.655687132702591
              ],
              [
                -78.73514200111079,
                -1.6557076067488041
              ],
              [
                -78.7351876104224,
                -1.6557261516970778
              ],
              [
                -78.73522181423021,
                -1.6557385073095139
              ],
              [
                -78.73524793962358,
                -1.6557465794563309
              ],
              [
                -78.73528687363813,
                -1.655749849747852
              ],
              [
                -78.73531535455977,
                -1.655748362851516
              ],
              [
                -78.73533860446166,
                -1.6557421075961054
              ],
              [
                -78.73536041419966,
                -1.655727257130967
              ],
              [
                -78.73537747100502,
                -1.6557090708138824
              ],
              [
                -78.73540257239526,
                -1.6556774926481215
              ],
              [
                -78.73542101315775,
                -1.6556382841797355
              ],
              [
                -78.73542384104266,
                -1.6556272910092984
              ],
              [
                -78.73542428243451,
                -1.6556096144341483
              ],
              [
                -78.73542377553171,
                -1.6555924167999445
              ],
              [
                -78.73542374868244,
                -1.6555780854409214
              ],
              [
                -78.73542561645729,
                -1.6555613615280307
              ],
              [
                -78.73543033288041,
                -1.6555446318500684
              ],
              [
                -78.73543552237442,
                -1.6555274235886241
              ],
              [
                -78.7354444966402,
                -1.6555030427139392
              ],
              [
                -78.73547333804498,
                -1.6554404051241685
              ],
              [
                -78.73550552515101,
                -1.6553901825814261
              ],
              [
                -78.73553726764513,
                -1.6553557264278922
              ],
              [
                -78.73556901461471,
                -1.6553236577777226
              ],
              [
                -78.73559841053566,
                -1.6553035374849772
              ],
              [
                -78.73564204091566,
                -1.6552800462126502
              ],
              [
                -78.73567620248554,
                -1.6552694714520426
              ],
              [
                -78.73570610441799,
                -1.6552665478874695
              ],
              [
                -78.73573221925616,
                -1.6552688876582047
              ],
              [
                -78.73575976817696,
                -1.65527647868536
              ],
              [
                -78.73578590414121,
                -1.655290283183757
              ],
              [
                -78.73580397385977,
                -1.6553064921284837
              ],
              [
                -78.73581445059138,
                -1.655323669585461
              ],
              [
                -78.73583303617164,
                -1.6553618529892975
              ],
              [
                -78.73585926863514,
                -1.6554267741624156
              ],
              [
                -78.73587074289205,
                -1.6554697479002782
              ],
              [
                -78.73588033630674,
                -1.65552275764741
              ],
              [
                -78.7358851914647,
                -1.6555800759030417
              ],
              [
                -78.73589332072386,
                -1.6556115901330246
              ],
              [
                -78.73590192073051,
                -1.6556407155956459
              ],
              [
                -78.73593147526525,
                -1.6557056306506286
              ],
              [
                -78.73596914330983,
                -1.6557929827177147
              ],
              [
                -78.73599586387319,
                -1.6558655469981745
              ],
              [
                -78.73599922068287,
                -1.6558832161947605
              ],
              [
                -78.7360070146899,
                -1.6559892578610127
              ],
              [
                -78.73601232590657,
                -1.6560365420916565
              ],
              [
                -78.73601997385079,
                -1.656064713633166
              ],
              [
                -78.73603380487822,
                -1.6560986065566947
              ],
              [
                -78.73606524955737,
                -1.656158740659824
              ],
              [
                -78.73607572503286,
                -1.6561754408037157
              ],
              [
                -78.73609569797493,
                -1.6561935567059771
              ],
              [
                -78.73611186215791,
                -1.6562059467241455
              ],
              [
                -78.73612944413247,
                -1.6562149899045229
              ],
              [
                -78.73616459787809,
                -1.6562278221238116
              ],
              [
                -78.73625723438911,
                -1.6562615651939003
              ],
              [
                -78.73641873091233,
                -1.6563085534984292
              ],
              [
                -78.73649188260185,
                -1.6563318228564154
              ],
              [
                -78.73655648888368,
                -1.6563546312863262
              ],
              [
                -78.73663346241393,
                -1.6563903144430863
              ],
              [
                -78.73668761881754,
                -1.6564102758701167
              ],
              [
                -78.73672940636784,
                -1.65641640702448
              ],
              [
                -78.73677688674812,
                -1.6564201391404096
              ],
              [
                -78.73681059300993,
                -1.656420552151655
              ],
              [
                -78.73684999335508,
                -1.6564190443492228
              ],
              [
                -78.73689698795442,
                -1.656417044451937
              ],
              [
                -78.7369620091545,
                -1.6564083213266523
              ],
              [
                -78.73707637404475,
                -1.656384217963097
              ],
              [
                -78.73726901268373,
                -1.6563298685289638
              ],
              [
                -78.73730223281126,
                -1.6563240731014033
              ],
              [
                -78.73733641269735,
                -1.656323530198163
              ],
              [
                -78.7373758150217,
                -1.6563234552478037
              ],
              [
                -78.73743897545195,
                -1.656334800899782
              ],
              [
                -78.73759148665934,
                -1.6563685494726992
              ],
              [
                -78.7377019163778,
                -1.6563978986592989
              ],
              [
                -78.73775267719978,
                -1.6564106412255664
              ],
              [
                -78.73786667435212,
                -1.6564438655017806
              ],
              [
                -78.73789844035454,
                -1.656453658135221
              ],
              [
                -78.73792158969223,
                -1.6564568985094845
              ],
              [
                -78.73794384541272,
                -1.6564583488106372
              ],
              [
                -78.73795927226267,
                -1.656457125324017
              ],
              [
                -78.7379738034771,
                -1.656453515111938
              ],
              [
                -78.73800553646889,
                -1.6564456911615368
              ],
              [
                -78.73805567216112,
                -1.6564417150514832
              ],
              [
                -78.73808166617182,
                -1.656442919234013
              ],
              [
                -78.73809982779407,
                -1.6564446758105886
              ],
              [
                -78.73812547306323,
                -1.6564500019017903
              ],
              [
                -78.73814685054809,
                -1.6564574854940695
              ],
              [
                -78.73817001199812,
                -1.6564674734504998
              ],
              [
                -78.73819496019247,
                -1.6564806835625627
              ],
              [
                -78.73826305415895,
                -1.6565278483441543
              ],
              [
                -78.73832541871847,
                -1.6565581855296232
              ],
              [
                -78.73834536709006,
                -1.6565631633575828
              ],
              [
                -78.7383645963575,
                -1.6565645604580206
              ],
              [
                -78.73839806473268,
                -1.6565648547464817
              ],
              [
                -78.73844042712116,
                -1.6565608326343
              ],
              [
                -78.73849702042662,
                -1.6565510511147241
              ],
              [
                -78.73854790970665,
                -1.6565376976024715
              ],
              [
                -78.73875251948579,
                -1.6564749652419923
              ],
              [
                -78.73881124185843,
                -1.6564612383166417
              ],
              [
                -78.73883082016089,
                -1.6564590513900062
              ],
              [
                -78.73885823786131,
                -1.65646043257754
              ],
              [
                -78.73888886135349,
                -1.6564621663969294
              ],
              [
                -78.73893800460034,
                -1.656466730264164
              ],
              [
                -78.73896079402198,
                -1.6564681205988894
              ],
              [
                -78.73902951221767,
                -1.656468706676659
              ],
              [
                -78.73909395214895,
                -1.6564664338603121
              ],
              [
                -78.73916800332012,
                -1.6564627102857492
              ],
              [
                -78.73920608844165,
                -1.6564565470499042
              ],
              [
                -78.73924202811884,
                -1.6564450133020763
              ],
              [
                -78.73928222649245,
                -1.6564266636424452
              ],
              [
                -78.73937432798155,
                -1.6563652203729862
              ],
              [
                -78.7394696037274,
                -1.6562883636442483
              ],
              [
                -78.73951474049117,
                -1.6562452830474916
              ],
              [
                -78.73954103148834,
                -1.6562151362671627
              ],
              [
                -78.73961135604196,
                -1.6561229205603214
              ],
              [
                -78.73965217323118,
                -1.6560547675248356
              ],
              [
                -78.7396677785378,
                -1.6560221323698099
              ],
              [
                -78.73967984156214,
                -1.6559998956634872
              ],
              [
                -78.73970363332649,
                -1.655965812629325
              ],
              [
                -78.73972921864582,
                -1.655939249452154
              ],
              [
                -78.73974344235249,
                -1.6559295485063021
              ],
              [
                -78.73975838901902,
                -1.6559255789495735
              ],
              [
                -78.73978152796657,
                -1.6559237441378274
              ],
              [
                -78.73981001421917,
                -1.6559247649226978
              ],
              [
                -78.73986450299525,
                -1.655932185250419
              ],
              [
                -78.7399115143414,
                -1.6559392616052722
              ],
              [
                -78.73994712326845,
                -1.6559413437423967
              ],
              [
                -78.74000516449473,
                -1.6559444577939644
              ],
              [
                -78.74013263249074,
                -1.6559460071126115
              ],
              [
                -78.74022378401095,
                -1.6559483419240715
              ],
              [
                -78.74027327582733,
                -1.6559489646319543
              ],
              [
                -78.74029748668434,
                -1.655948560294281
              ],
              [
                -78.74030780318888,
                -1.6559438829979358
              ],
              [
                -78.7403138399434,
                -1.6559352719339202
              ],
              [
                -78.74031560563601,
                -1.6559277444049711
              ],
              [
                -78.74031522636932,
                -1.6559152052581767
              ],
              [
                -78.74031377036525,
                -1.6558983680844992
              ],
              [
                -78.74030261714545,
                -1.6558367628214468
              ],
              [
                -78.74027896460063,
                -1.655755116536175
              ],
              [
                -78.74027250924287,
                -1.6557304059698064
              ],
              [
                -78.74027034609136,
                -1.65571607843971
              ],
              [
                -78.7402713806221,
                -1.65569816201627
              ],
              [
                -78.74027668769084,
                -1.6556802369345656
              ],
              [
                -78.74028236148396,
                -1.6556676857485977
              ],
              [
                -78.74029194879503,
                -1.655654052424463
              ],
              [
                -78.7403107806202,
                -1.6556335944360001
              ],
              [
                -78.74035841600802,
                -1.6555933742374858
              ],
              [
                -78.74037868703789,
                -1.6555807954995823
              ],
              [
                -78.74040500736166,
                -1.655566772753906
              ],
              [
                -78.74042172496436,
                -1.6555577834049928
              ],
              [
                -78.74043238901334,
                -1.655548447201028
              ],
              [
                -78.74046331450134,
                -1.655521516760416
              ],
              [
                -78.74047930627137,
                -1.6555053631483505
              ],
              [
                -78.74048926752076,
                -1.6555010443344536
              ],
              [
                -78.74050385803844,
                -1.6554974332516907
              ],
              [
                -78.74053482287084,
                -1.6554912834876985
              ],
              [
                -78.74056329093693,
                -1.655482989243105
              ],
              [
                -78.7405892693662,
                -1.6554757733462604
              ],
              [
                -78.7406138263768,
                -1.6554703530039927
              ],
              [
                -78.74063731673232,
                -1.6554660081219181
              ],
              [
                -78.74066686351034,
                -1.655463443867241
              ],
              [
                -78.74068180919407,
                -1.6554587583135618
              ],
              [
                -78.74069497484801,
                -1.6554544332288603
              ],
              [
                -78.74070600087127,
                -1.6554483211604665
              ],
              [
                -78.74071239287363,
                -1.6554393516034709
              ],
              [
                -78.74071700484402,
                -1.6554307443236296
              ],
              [
                -78.74072018908146,
                -1.6554199892699735
              ],
              [
                -78.74072688444124,
                -1.6553827143856508
              ],
              [
                -78.74072716386502,
                -1.655342226498557
              ],
              [
                -78.74072535161275,
                -1.6553250318256316
              ],
              [
                -78.74072175596869,
                -1.65530640676066
              ],
              [
                -78.74070489473222,
                -1.65523836286019
              ],
              [
                -78.74068266117814,
                -1.6551538479398857
              ],
              [
                -78.74067009174506,
                -1.6550965450691262
              ],
              [
                -78.7406628692137,
                -1.6550424557825425
              ],
              [
                -78.74066096619688,
                -1.6549768915812284
              ],
              [
                -78.7406634241018,
                -1.6549586142733799
              ],
              [
                -78.74067051315866,
                -1.6549417606782133
              ],
              [
                -78.74068329231348,
                -1.6549209558210063
              ],
              [
                -78.7406982111863,
                -1.6549026539275642
              ],
              [
                -78.74072060641792,
                -1.6548832640331266
              ],
              [
                -78.74073518823651,
                -1.654874637445698
              ],
              [
                -78.74077930387138,
                -1.6548566384222776
              ],
              [
                -78.74080385751324,
                -1.6548494263008053
              ],
              [
                -78.74082023240513,
                -1.6548479615824376
              ],
              [
                -78.74086010813664,
                -1.6548471692749696
              ],
              [
                -78.7409024715363,
                -1.6548438639390703
              ],
              [
                -78.74091208326747,
                -1.6548427711534277
              ],
              [
                -78.74092204500569,
                -1.6548388112267736
              ],
              [
                -78.74093342390057,
                -1.654831264880839
              ],
              [
                -78.74095013091713,
                -1.6548165431309947
              ],
              [
                -78.74097996570133,
                -1.6547777904785206
              ],
              [
                -78.74100586154616,
                -1.6547268643340292
              ],
              [
                -78.74102180188368,
                -1.654683121848297
              ],
              [
                -78.74103311689275,
                -1.6546415382768305
              ],
              [
                -78.74104085157741,
                -1.6545892126850419
              ],
              [
                -78.74104926453181,
                -1.6545186122589952
              ],
              [
                -78.7410527199489,
                -1.6544627117975894
              ],
              [
                -78.74105647147931,
                -1.654374564478677
              ],
              [
                -78.74105628153322,
                -1.654359216761453
              ],
              [
                -78.73499475094083,
                -1.6543522607993788
              ]
            ]
          ]
        ]
      }
    },
    {
      "type": "Feature",
      "properties": {
        "CELL_ID": "R-1000-32-19",
        "AMBITO": "RURAL",
        "CATEGORIA": "CONVIVENCIA",
        "PLATAFORMA": null,
        "PARROQUIA": "CALPI",
        "DISTANCE_M": 2000,
        "CELL_SIZE_M": 1000,
        "COUNT": 0,
        "GI_ZSCORE": 3.83013692263135,
        "GI_PVALUE": 0.00012807197527278213,
        "GI_CLASS": "HOTSPOT 99%",
        "NIVEL": 99,
        "COB_A_PCT": 0.0,
        "ESTADO_A": "SIN COBERTURA",
        "COB_B_PCT": 0.0,
        "ESTADO_B": "SIN COBERTURA",
        "COB_C_PCT": 0.0,
        "ESTADO_C": "SIN COBERTURA",
        "COB_B_ANTERIOR_PCT": 0.0,
        "ESTADO_B_ANTERIOR": "SIN COBERTURA",
        "COB_C_ANTERIOR_PCT": 0.0,
        "ESTADO_C_ANTERIOR": "SIN COBERTURA"
      },
      "geometry": {
        "type": "MultiPolygon",
        "coordinates": [
          [
            [
              [
                -78.73499475094083,
                -1.6543522607993788
              ],
              [
                -78.72601138050094,
                -1.654341917588509
              ],
              [
                -78.72601009393983,
                -1.6554708682979007
              ],
              [
                -78.72612377710794,
                -1.6553773929178772
              ],
              [
                -78.72625179011156,
                -1.6552890084778655
              ],
              [
                -78.72641113142132,
                -1.6551976986381174
              ],
              [
                -78.72647232228425,
                -1.655171068473379
              ],
              [
                -78.72655487268597,
                -1.6551422481323066
              ],
              [
                -78.7266232181635,
                -1.6551335192461514
              ],
              [
                -78.72672504838258,
                -1.655133326669714
              ],
              [
                -78.72676919712937,
                -1.6551325269380581
              ],
              [
                -78.72679125949732,
                -1.6551253185201107
              ],
              [
                -78.72681544765774,
                -1.655113090788686
              ],
              [
                -78.72684034624014,
                -1.6550994283110898
              ],
              [
                -78.72687875656156,
                -1.655076424032027
              ],
              [
                -78.72699823028547,
                -1.654990922445125
              ],
              [
                -78.72716317229903,
                -1.6548487241524352
              ],
              [
                -78.72726911041475,
                -1.6547603818749421
              ],
              [
                -78.72732884489773,
                -1.6547165557265273
              ],
              [
                -78.72739287483503,
                -1.6546849042897982
              ],
              [
                -78.72747966808336,
                -1.6546403110930372
              ],
              [
                -78.72751809751804,
                -1.6546273394892044
              ],
              [
                -78.72754302101934,
                -1.6546272922912215
              ],
              [
                -78.72756153961478,
                -1.6546294073285532
              ],
              [
                -78.72758291738353,
                -1.6546372489417327
              ],
              [
                -78.72761998807792,
                -1.654659393795756
              ],
              [
                -78.72767845762638,
                -1.6547008458312922
              ],
              [
                -78.72784677760184,
                -1.6548416964561508
              ],
              [
                -78.72789240572521,
                -1.6548702741650467
              ],
              [
                -78.72792020279009,
                -1.6548838374222514
              ],
              [
                -78.72808905526084,
                -1.6549286630377749
              ],
              [
                -78.72823581473168,
                -1.654964215163737
              ],
              [
                -78.7283946745204,
                -1.6549968775588266
              ],
              [
                -78.72852004185978,
                -1.655016705084915
              ],
              [
                -78.72855992682011,
                -1.6550209293968605
              ],
              [
                -78.72863187646415,
                -1.6550351248315167
              ],
              [
                -78.72870455484073,
                -1.6550586351140661
              ],
              [
                -78.72879294055318,
                -1.655104329815388
              ],
              [
                -78.72885714193157,
                -1.6551644020311704
              ],
              [
                -78.72889570445481,
                -1.6552223736080538
              ],
              [
                -78.72891504561979,
                -1.6552839643789015
              ],
              [
                -78.72892083768612,
                -1.655334831537687
              ],
              [
                -78.72892471364344,
                -1.6555032249620358
              ],
              [
                -78.72891444494546,
                -1.6557239568857998
              ],
              [
                -78.72891027196074,
                -1.6557769930257429
              ],
              [
                -78.72890035864455,
                -1.6558071086157509
              ],
              [
                -78.72888902431758,
                -1.6558386608457114
              ],
              [
                -78.72887482509564,
                -1.655861618968637
              ],
              [
                -78.72885777625794,
                -1.6558838650611736
              ],
              [
                -78.72882934717289,
                -1.6559133002717306
              ],
              [
                -78.72878026035336,
                -1.6559391905382177
              ],
              [
                -78.72873544121731,
                -1.6559622064539887
              ],
              [
                -78.72869273635716,
                -1.6559737529266232
              ],
              [
                -78.728610868459,
                -1.6559860904331376
              ],
              [
                -78.72849268346916,
                -1.655999213210338
              ],
              [
                -78.72829332003307,
                -1.6560124900265871
              ],
              [
                -78.72824776270879,
                -1.656021891596096
              ],
              [
                -78.7282306927923,
                -1.656032673003638
              ],
              [
                -78.72822003358995,
                -1.6560448756771433
              ],
              [
                -78.72821008963058,
                -1.6560585093180142
              ],
              [
                -78.7282051410925,
                -1.6560778674836085
              ],
              [
                -78.72820448988868,
                -1.6561101154488276
              ],
              [
                -78.72820886285805,
                -1.6561638520830657
              ],
              [
                -78.72821824750217,
                -1.6562319112924575
              ],
              [
                -78.72823262184922,
                -1.6563028275049543
              ],
              [
                -78.7282412462447,
                -1.6563450899387215
              ],
              [
                -78.72823995917916,
                -1.6564181857267852
              ],
              [
                -78.72823788222155,
                -1.6564497196880454
              ],
              [
                -78.72823154043606,
                -1.6564855617550325
              ],
              [
                -78.72822232322666,
                -1.6565070773830406
              ],
              [
                -78.72820954116075,
                -1.6565264491071328
              ],
              [
                -78.72819319897314,
                -1.656545828474277
              ],
              [
                -78.7281640488292,
                -1.6565702482778717
              ],
              [
                -78.72803244965465,
                -1.656645024274532
              ],
              [
                -78.72795565279343,
                -1.656703930351204
              ],
              [
                -78.72793077327144,
                -1.6567276255385295
              ],
              [
                -78.72787182754868,
                -1.656812295671113
              ],
              [
                -78.72778165950656,
                -1.6569557870506335
              ],
              [
                -78.72777338513652,
                -1.6569737175522765
              ],
              [
                -78.72776867722736,
                -1.6569947465937154
              ],
              [
                -78.72776870721854,
                -1.6570109889547504
              ],
              [
                -78.72777349385959,
                -1.6570320009344017
              ],
              [
                -78.7277887376347,
                -1.6570596803013824
              ],
              [
                -78.72780775512442,
                -1.6570749311925546
              ],
              [
                -78.72783817036625,
                -1.657092071966632
              ],
              [
                -78.72788758775039,
                -1.657115865586589
              ],
              [
                -78.72795124491368,
                -1.6571386758145175
              ],
              [
                -78.72800634814574,
                -1.6571567246949552
              ],
              [
                -78.72804152325735,
                -1.6571805452640915
              ],
              [
                -78.72807290179541,
                -1.6572053278358736
              ],
              [
                -78.72809573532565,
                -1.6572301258544266
              ],
              [
                -78.72812620092381,
                -1.6572740199323845
              ],
              [
                -78.72823880154871,
                -1.657447939362959
              ],
              [
                -78.72838376529577,
                -1.6577073123980108
              ],
              [
                -78.72844043809289,
                -1.6578032290372042
              ],
              [
                -78.72851522401976,
                -1.6579378075729612
              ],
              [
                -78.7285300100776,
                -1.6579745644905177
              ],
              [
                -78.72855151185266,
                -1.6580485725399434
              ],
              [
                -78.72856638876196,
                -1.6581340583779995
              ],
              [
                -78.72858283483035,
                -1.6582969337478022
              ],
              [
                -78.72859742766043,
                -1.6584841772635435
              ],
              [
                -78.72860086788111,
                -1.6585467531473919
              ],
              [
                -78.7286109135169,
                -1.6585873412116614
              ],
              [
                -78.72864140142563,
                -1.658643178218936
              ],
              [
                -78.72866376956222,
                -1.6586727552230645
              ],
              [
                -78.72869516436126,
                -1.6587061367839637
              ],
              [
                -78.72874034944374,
                -1.6587514355620476
              ],
              [
                -78.72877413675958,
                -1.65879484535399
              ],
              [
                -78.72880367387411,
                -1.6588502057618957
              ],
              [
                -78.72882086867901,
                -1.658905589879739
              ],
              [
                -78.72884334068043,
                -1.6589905836944976
              ],
              [
                -78.72885381923362,
                -1.659009195797007
              ],
              [
                -78.72886665872024,
                -1.6590206364083517
              ],
              [
                -78.72888471901213,
                -1.6590315903670567
              ],
              [
                -78.72892082425584,
                -1.6590448984244637
              ],
              [
                -78.72893982677897,
                -1.6590520277037182
              ],
              [
                -78.72895313291932,
                -1.6590591684813436
              ],
              [
                -78.72898117924598,
                -1.6590787021812445
              ],
              [
                -78.72905343756415,
                -1.6591311160740707
              ],
              [
                -78.72907342086559,
                -1.6591549643369716
              ],
              [
                -78.7291191041999,
                -1.659213161213536
              ],
              [
                -78.7291638551277,
                -1.65927995866742
              ],
              [
                -78.72919430039487,
                -1.659313341859861
              ],
              [
                -78.72921473661572,
                -1.6593252459692374
              ],
              [
                -78.72923563252535,
                -1.6593295063036888
              ],
              [
                -78.72925841985926,
                -1.6593294630251707
              ],
              [
                -78.72928547649651,
                -1.6593275009466355
              ],
              [
                -78.72937566611604,
                -1.6593220744226556
              ],
              [
                -78.72950666964785,
                -1.6593098824294898
              ],
              [
                -78.72952327610103,
                -1.659304595981254
              ],
              [
                -78.72955742016455,
                -1.6592849433800558
              ],
              [
                -78.7295905971856,
                -1.6592562170163436
              ],
              [
                -78.72961001889827,
                -1.659233726893237
              ],
              [
                -78.72961283505576,
                -1.6592165232209706
              ],
              [
                -78.72961327618897,
                -1.6591983684985685
              ],
              [
                -78.72961228041837,
                -1.659173527866613
              ],
              [
                -78.72961509211282,
                -1.6591539357947167
              ],
              [
                -78.72962122837903,
                -1.659135292253527
              ],
              [
                -78.72963163234178,
                -1.6591137752741734
              ],
              [
                -78.72964773269004,
                -1.6590922467942093
              ],
              [
                -78.72966336603267,
                -1.6590745408324399
              ],
              [
                -78.72967236878722,
                -1.6590654469466917
              ],
              [
                -78.72967899401417,
                -1.6590544464695234
              ],
              [
                -78.7296780246603,
                -1.6590434598203252
              ],
              [
                -78.72966993325187,
                -1.659032487545036
              ],
              [
                -78.72966422543858,
                -1.6590267658010271
              ],
              [
                -78.72965851566734,
                -1.6590196102949197
              ],
              [
                -78.7296551719951,
                -1.659008629039536
              ],
              [
                -78.72965658247942,
                -1.659001460965499
              ],
              [
                -78.72966652710838,
                -1.6589880650796807
              ],
              [
                -78.72968122589387,
                -1.6589784823748748
              ],
              [
                -78.72970493921449,
                -1.6589660163454152
              ],
              [
                -78.72973958847683,
                -1.6589626066623655
              ],
              [
                -78.72977994305045,
                -1.658963963180878
              ],
              [
                -78.7298241059915,
                -1.6589705673555961
              ],
              [
                -78.72986780674537,
                -1.6589838606708192
              ],
              [
                -78.72992909223555,
                -1.6590076309800303
              ],
              [
                -78.73013766961814,
                -1.6590975261726253
              ],
              [
                -78.73026834739687,
                -1.659164638035272
              ],
              [
                -78.7303434328515,
                -1.65920605791001
              ],
              [
                -78.73036482792195,
                -1.6592232154233226
              ],
              [
                -78.73038291145355,
                -1.6592461122909485
              ],
              [
                -78.73040622668167,
                -1.6592747321629324
              ],
              [
                -78.73042192411258,
                -1.659291422956061
              ],
              [
                -78.73044379726493,
                -1.6593100129754177
              ],
              [
                -78.73049894527513,
                -1.6593519486215476
              ],
              [
                -78.73060208800706,
                -1.6594191127743096
              ],
              [
                -78.73062347219911,
                -1.6594300597256801
              ],
              [
                -78.73064388934583,
                -1.6594319320059001
              ],
              [
                -78.7306581279136,
                -1.659430471295719
              ],
              [
                -78.73067426326386,
                -1.6594270971773377
              ],
              [
                -78.7306846972179,
                -1.659421821668447
              ],
              [
                -78.73069227645878,
                -1.659413207967556
              ],
              [
                -78.73070695419246,
                -1.6593921605652826
              ],
              [
                -78.73073248664889,
                -1.6593371728645296
              ],
              [
                -78.73075514653728,
                -1.659269291556356
              ],
              [
                -78.7307744614889,
                -1.6591899516642155
              ],
              [
                -78.73078905316208,
                -1.6591230418876641
              ],
              [
                -78.73079041740436,
                -1.6590910315398564
              ],
              [
                -78.73078845135642,
                -1.6590552051340244
              ],
              [
                -78.73078310948314,
                -1.65899167684723
              ],
              [
                -78.7307768543136,
                -1.6589467818789612
              ],
              [
                -78.7307696990494,
                -1.6589286418763154
              ],
              [
                -78.73075778676449,
                -1.658905255832324
              ],
              [
                -78.73074634559329,
                -1.6588799574459108
              ],
              [
                -78.73073966269412,
                -1.6588603833242173
              ],
              [
                -78.73073240636687,
                -1.6587882602087471
              ],
              [
                -78.73073471443423,
                -1.6587533816214388
              ],
              [
                -78.73074085926261,
                -1.658739037545101
              ],
              [
                -78.73075743482516,
                -1.658717508679665
              ],
              [
                -78.73080529723201,
                -1.6586720325222464
              ],
              [
                -78.73085224544829,
                -1.6586451905829305
              ],
              [
                -78.73087596288431,
                -1.658634635607122
              ],
              [
                -78.73089540690633,
                -1.658624088354699
              ],
              [
                -78.73091153528149,
                -1.6586173702808042
              ],
              [
                -78.7309186417966,
                -1.658609712471215
              ],
              [
                -78.73092811530708,
                -1.6585982289075982
              ],
              [
                -78.73093331219023,
                -1.658584842889479
              ],
              [
                -78.73093423816348,
                -1.6585724201378018
              ],
              [
                -78.7309318070583,
                -1.6585418500151323
              ],
              [
                -78.73092321005826,
                -1.6585141574752134
              ],
              [
                -78.73090747403923,
                -1.6584769248072098
              ],
              [
                -78.73087747016729,
                -1.6584258641980374
              ],
              [
                -78.73080894453516,
                -1.6583385697790871
              ],
              [
                -78.73072566047837,
                -1.6582288497188007
              ],
              [
                -78.73066519377095,
                -1.658135329651127
              ],
              [
                -78.73062518884997,
                -1.6580675676697705
              ],
              [
                -78.73060373733439,
                -1.6580203128834807
              ],
              [
                -78.73059843490243,
                -1.657977327389762
              ],
              [
                -78.73060025558598,
                -1.6579357612756245
              ],
              [
                -78.73060633056718,
                -1.6578841547042102
              ],
              [
                -78.73060962799418,
                -1.6578702946022061
              ],
              [
                -78.73061624392268,
                -1.6578540390847574
              ],
              [
                -78.73062571206044,
                -1.6578401662137345
              ],
              [
                -78.730634234761,
                -1.6578282069461974
              ],
              [
                -78.73063848941274,
                -1.65781864471055
              ],
              [
                -78.7306379931162,
                -1.657807179475364
              ],
              [
                -78.73063465103557,
                -1.657797153757924
              ],
              [
                -78.73062655604483,
                -1.6577837930860209
              ],
              [
                -78.7306160883442,
                -1.657771391544129
              ],
              [
                -78.7306056308259,
                -1.6577642459316986
              ],
              [
                -78.73057569393526,
                -1.6577490149756138
              ],
              [
                -78.73049492870153,
                -1.6577166829716858
              ],
              [
                -78.73039753721145,
                -1.6576786491758455
              ],
              [
                -78.73033577649285,
                -1.657654879285585
              ],
              [
                -78.73031060645826,
                -1.657649672073682
              ],
              [
                -78.73028116176125,
                -1.6576439952682867
              ],
              [
                -78.73023936296185,
                -1.6576321316258384
              ],
              [
                -78.73022273509447,
                -1.657625475196654
              ],
              [
                -78.73020371790928,
                -1.6576107016138624
              ],
              [
                -78.7301951550255,
                -1.6576011625610758
              ],
              [
                -78.73018658320981,
                -1.6575868476114544
              ],
              [
                -78.73017609604726,
                -1.657563936025923
              ],
              [
                -78.73016942207411,
                -1.6575491387167804
              ],
              [
                -78.73015603108053,
                -1.6574966138275675
              ],
              [
                -78.73015121190073,
                -1.6574584047917493
              ],
              [
                -78.73015210375226,
                -1.6574278276718954
              ],
              [
                -78.73015634661171,
                -1.6574120548748252
              ],
              [
                -78.73016581242778,
                -1.6573962718310216
              ],
              [
                -78.73018428294179,
                -1.6573728277435167
              ],
              [
                -78.73021697343017,
                -1.657337413786241
              ],
              [
                -78.73028995023417,
                -1.6572670484403205
              ],
              [
                -78.73036292953728,
                -1.65719763953043
              ],
              [
                -78.73042071412627,
                -1.6571268254299103
              ],
              [
                -78.73048180059513,
                -1.6570445396203544
              ],
              [
                -78.73055376369054,
                -1.6569397799855539
              ],
              [
                -78.73058735332259,
                -1.6568776110384509
              ],
              [
                -78.73061571160365,
                -1.6568101973144644
              ],
              [
                -78.73066059375181,
                -1.6566940240328287
              ],
              [
                -78.73068984134093,
                -1.6565950776261598
              ],
              [
                -78.73072568946307,
                -1.6564712776260677
              ],
              [
                -78.7307469383624,
                -1.6564100879402446
              ],
              [
                -78.7307790910407,
                -1.656341233961366
              ],
              [
                -78.73083541469624,
                -1.656250835428542
              ],
              [
                -78.73086335419366,
                -1.6562135193285112
              ],
              [
                -78.73090318366265,
                -1.6561876463376117
              ],
              [
                -78.73094872166557,
                -1.6561684506188923
              ],
              [
                -78.73100091954679,
                -1.656155930556645
              ],
              [
                -78.73105835360155,
                -1.6561515227916217
              ],
              [
                -78.73118271683246,
                -1.6561422101423249
              ],
              [
                -78.73131182565668,
                -1.6561324102654083
              ],
              [
                -78.73137732113047,
                -1.656122731448723
              ],
              [
                -78.7315799668288,
                -1.6560879507566377
              ],
              [
                -78.73164641793637,
                -1.6560816142536852
              ],
              [
                -78.73170101803422,
                -1.6560848547518214
              ],
              [
                -78.7317337832068,
                -1.6560895698506477
              ],
              [
                -78.7317836514881,
                -1.6561009400942304
              ],
              [
                -78.73183780372985,
                -1.6561180358561254
              ],
              [
                -78.73195894917723,
                -1.656165579051711
              ],
              [
                -78.73200027851742,
                -1.656180310516947
              ],
              [
                -78.73204159570405,
                -1.6561883531869865
              ],
              [
                -78.7320677120912,
                -1.6561916476551466
              ],
              [
                -78.73211376145534,
                -1.6561920387973421
              ],
              [
                -78.73215932398595,
                -1.6561852641819361
              ],
              [
                -78.73221008854941,
                -1.6561684465635294
              ],
              [
                -78.73225040451764,
                -1.6561492610542703
              ],
              [
                -78.73233244424259,
                -1.6561013326317198
              ],
              [
                -78.73237606529779,
                -1.6560725855746379
              ],
              [
                -78.73240638840225,
                -1.6560405208462996
              ],
              [
                -78.73242390933686,
                -1.6560170783020707
              ],
              [
                -78.73246411800935,
                -1.6559405656550257
              ],
              [
                -78.73249204122108,
                -1.6558946505045296
              ],
              [
                -78.73251620451379,
                -1.655868807316962
              ],
              [
                -78.73255222364486,
                -1.6558362528347224
              ],
              [
                -78.73258872192487,
                -1.6558065646194189
              ],
              [
                -78.7326219313969,
                -1.6557950360221636
              ],
              [
                -78.73264661015003,
                -1.6557906899211678
              ],
              [
                -78.73269168787778,
                -1.6557939266520623
              ],
              [
                -78.73271142207078,
                -1.6557967771205961
              ],
              [
                -78.73275416922665,
                -1.6558081617390965
              ],
              [
                -78.73277697383375,
                -1.655817434227109
              ],
              [
                -78.73279693650493,
                -1.6558302950830268
              ],
              [
                -78.73281549059833,
                -1.6558510409181588
              ],
              [
                -78.73283334097654,
                -1.6558768050181596
              ],
              [
                -78.73286552086284,
                -1.6559491196347251
              ],
              [
                -78.73289060927664,
                -1.65603721285168
              ],
              [
                -78.7329048966625,
                -1.6560615499374192
              ],
              [
                -78.73291916867153,
                -1.6560772880431007
              ],
              [
                -78.73293413589225,
                -1.6560844261785839
              ],
              [
                -78.73295478985189,
                -1.656085819536609
              ],
              [
                -78.73298183541269,
                -1.6560786023059224
              ],
              [
                -78.73299534907264,
                -1.6560699782206516
              ],
              [
                -78.73302165918226,
                -1.6560498635052165
              ],
              [
                -78.73307070397449,
                -1.6560017587211036
              ],
              [
                -78.73315098725467,
                -1.6559034322380877
              ],
              [
                -78.73325398990451,
                -1.6557692335632261
              ],
              [
                -78.73331009260865,
                -1.6556874353000002
              ],
              [
                -78.733400967073,
                -1.6555410781278046
              ],
              [
                -78.73342439981113,
                -1.6555059209305167
              ],
              [
                -78.73344217731027,
                -1.6554922718155012
              ],
              [
                -78.73345996732841,
                -1.6554857888207226
              ],
              [
                -78.7334834546358,
                -1.6554792943009393
              ],
              [
                -78.7335404164037,
                -1.6554763196490436
              ],
              [
                -78.73359881636227,
                -1.65548050914098
              ],
              [
                -78.73370065675007,
                -1.6554860485819556
              ],
              [
                -78.73375051168081,
                -1.6554902535511478
              ],
              [
                -78.73379965038202,
                -1.65549230976138
              ],
              [
                -78.73387227836109,
                -1.6554893061148297
              ],
              [
                -78.73392140078347,
                -1.6554827633346922
              ],
              [
                -78.73395983421845,
                -1.6554719413162287
              ],
              [
                -78.73399541041745,
                -1.6554568255650968
              ],
              [
                -78.7340857526514,
                -1.6554064928079963
              ],
              [
                -78.73420381445499,
                -1.6553281593883244
              ],
              [
                -78.73423653333222,
                -1.6553080330128946
              ],
              [
                -78.73427069335128,
                -1.655297219626494
              ],
              [
                -78.73431339546154,
                -1.6552842392000062
              ],
              [
                -78.73435039070456,
                -1.6552662548249348
              ],
              [
                -78.73438526123039,
                -1.655254722657467
              ],
              [
                -78.73442368795753,
                -1.6552403180090876
              ],
              [
                -78.73449413173584,
                -1.6552115203212356
              ],
              [
                -78.73455320679417,
                -1.6551963601529387
              ],
              [
                -78.73458952026202,
                -1.6551941418768712
              ],
              [
                -78.73461800402659,
                -1.6551940878444689
              ],
              [
                -78.73465148808756,
                -1.6552026231661696
              ],
              [
                -78.7346750022525,
                -1.655210460877805
              ],
              [
                -78.73468997334396,
                -1.655219747843437
              ],
              [
                -78.73471635915456,
                -1.6552397632027551
              ],
              [
                -78.73474916054435,
                -1.6552640646339314
              ],
              [
                -78.73480979511369,
                -1.6553209190423095
              ],
              [
                -78.73489788412606,
                -1.6553981435138216
              ],
              [
                -78.73492964611864,
                -1.6554374964793432
              ],
              [
                -78.73494786662121,
                -1.655470424420209
              ],
              [
                -78.73498978748408,
                -1.6555473788492645
              ],
              [
                -78.734993386592,
                -1.6555541891933603
              ],
              [
                -78.73499475094083,
                -1.6543522607993788
              ]
            ]
          ]
        ]
      }
    },
    {
      "type": "Feature",
      "properties": {
        "CELL_ID": "R-1000-32-20",
        "AMBITO": "RURAL",
        "CATEGORIA": "CONVIVENCIA",
        "PLATAFORMA": null,
        "PARROQUIA": "LICAN",
        "DISTANCE_M": 2000,
        "CELL_SIZE_M": 1000,
        "COUNT": 1,
        "GI_ZSCORE": 2.631617983602979,
        "GI_PVALUE": 0.008497935540816261,
        "GI_CLASS": "HOTSPOT 99%",
        "NIVEL": 99,
        "COB_A_PCT": 0.0,
        "ESTADO_A": "SIN COBERTURA",
        "COB_B_PCT": 0.0,
        "ESTADO_B": "SIN COBERTURA",
        "COB_C_PCT": 0.0,
        "ESTADO_C": "SIN COBERTURA",
        "COB_B_ANTERIOR_PCT": 0.0,
        "ESTADO_B_ANTERIOR": "SIN COBERTURA",
        "COB_C_ANTERIOR_PCT": 0.0,
        "ESTADO_C_ANTERIOR": "SIN COBERTURA"
      },
      "geometry": {
        "type": "MultiPolygon",
        "coordinates": [
          [
            [
              [
                -78.72601138050094,
                -1.654341917588509
              ],
              [
                -78.71702806641484,
                -1.6543315335222755
              ],
              [
                -78.71701769891763,
                -1.6633715417267347
              ],
              [
                -78.72361623350902,
                -1.6633792148378732
              ],
              [
                -78.72361779683011,
                -1.6633773833286736
              ],
              [
                -78.72363658411297,
                -1.663344964882524
              ],
              [
                -78.7236402763744,
                -1.6633072775366
              ],
              [
                -78.72363948436828,
                -1.663267816747799
              ],
              [
                -78.72365517458108,
                -1.6632303458291435
              ],
              [
                -78.72367528281632,
                -1.6632007123485282
              ],
              [
                -78.72372014368726,
                -1.6631249933428685
              ],
              [
                -78.72374256476189,
                -1.6630831512275248
              ],
              [
                -78.72376249293515,
                -1.6630444539664544
              ],
              [
                -78.72378011574064,
                -1.663005958333371
              ],
              [
                -78.72379739657849,
                -1.6629703352341436
              ],
              [
                -78.72381264083099,
                -1.6629324063619184
              ],
              [
                -78.72382492214065,
                -1.6628946720269768
              ],
              [
                -78.72384576405997,
                -1.6628629032210034
              ],
              [
                -78.72387190031692,
                -1.662833107676543
              ],
              [
                -78.7238955546748,
                -1.6628039131263195
              ],
              [
                -78.72390221303286,
                -1.6627640451346708
              ],
              [
                -78.72390282511053,
                -1.6627277183503777
              ],
              [
                -78.7239036614972,
                -1.6626720343386368
              ],
              [
                -78.7239048145705,
                -1.6626206402044013
              ],
              [
                -78.723908360963,
                -1.6625738195034645
              ],
              [
                -78.72390964270889,
                -1.6625332139299442
              ],
              [
                -78.72390687032822,
                -1.6624862728955232
              ],
              [
                -78.72389693897838,
                -1.662448055351421
              ],
              [
                -78.7238769177524,
                -1.6623719843952076
              ],
              [
                -78.72386549723689,
                -1.662325682404118
              ],
              [
                -78.72385090790203,
                -1.662289121924959
              ],
              [
                -78.72382758038538,
                -1.6622502542277668
              ],
              [
                -78.72380399692445,
                -1.66221758771765
              ],
              [
                -78.72378144192824,
                -1.6621842525329604
              ],
              [
                -78.72376899442287,
                -1.6621498759088302
              ],
              [
                -78.72377143575838,
                -1.662114109925697
              ],
              [
                -78.7237933014067,
                -1.6620740218238934
              ],
              [
                -78.72381482822443,
                -1.6620364220568298
              ],
              [
                -78.72382891677736,
                -1.661996494883137
              ],
              [
                -78.72383259101161,
                -1.6619603931340259
              ],
              [
                -78.72382671559703,
                -1.661930060522931
              ],
              [
                -78.72381116925993,
                -1.6619117698092774
              ],
              [
                -78.72379713684289,
                -1.6619058331938732
              ],
              [
                -78.72378526981223,
                -1.6618932799565327
              ],
              [
                -78.72377825342318,
                -1.6618724326647414
              ],
              [
                -78.72377741374532,
                -1.6618439672454253
              ],
              [
                -78.72377609891181,
                -1.6618146605491102
              ],
              [
                -78.72376194516018,
                -1.6617876016876274
              ],
              [
                -78.72374021462568,
                -1.6617646436500766
              ],
              [
                -78.72372040427469,
                -1.661746794571513
              ],
              [
                -78.72371231967455,
                -1.661718965305984
              ],
              [
                -78.72372404354418,
                -1.6616847459971653
              ],
              [
                -78.72374080696467,
                -1.661653768875449
              ],
              [
                -78.72387735978155,
                -1.6614755803697074
              ],
              [
                -78.72390706831402,
                -1.6614437504068809
              ],
              [
                -78.72392551095407,
                -1.6614047232393931
              ],
              [
                -78.72393465813006,
                -1.661362093674384
              ],
              [
                -78.72394597221991,
                -1.6613075861696716
              ],
              [
                -78.72396851818782,
                -1.6611989688248645
              ],
              [
                -78.72398321321963,
                -1.6611573572725342
              ],
              [
                -78.72400095034058,
                -1.66111468071061
              ],
              [
                -78.72401086789685,
                -1.6610810161618534
              ],
              [
                -78.72401085760663,
                -1.6610413546763316
              ],
              [
                -78.7239994101781,
                -1.6610153882847878
              ],
              [
                -78.72399410638376,
                -1.661009120987586
              ],
              [
                -78.7239836943685,
                -1.6609968171416223
              ],
              [
                -78.72396033010605,
                -1.6609711931139595
              ],
              [
                -78.72394265891873,
                -1.6609492197365932
              ],
              [
                -78.72393265900956,
                -1.6609190694752138
              ],
              [
                -78.72393439067052,
                -1.660880124176214
              ],
              [
                -78.72393878460976,
                -1.6608415209656995
              ],
              [
                -78.72393286435303,
                -1.660807179940745
              ],
              [
                -78.72392149257118,
                -1.6607692780436552
              ],
              [
                -78.72390934070822,
                -1.660736368069937
              ],
              [
                -78.72388518133211,
                -1.6607155280308008
              ],
              [
                -78.72384935533134,
                -1.66070717777982
              ],
              [
                -78.72381364459716,
                -1.6606993691619947
              ],
              [
                -78.72378080455363,
                -1.6606903362311014
              ],
              [
                -78.72375183766944,
                -1.6606785749790054
              ],
              [
                -78.72372436541744,
                -1.6606630656416843
              ],
              [
                -78.72370356388818,
                -1.6606423488254687
              ],
              [
                -78.72369483886474,
                -1.6606128563563327
              ],
              [
                -78.72369502188974,
                -1.6605761774199939
              ],
              [
                -78.72370433799372,
                -1.6605405541014175
              ],
              [
                -78.72372057318354,
                -1.660508769980778
              ],
              [
                -78.72373940359157,
                -1.6604739125340635
              ],
              [
                -78.72376181011568,
                -1.6604415506724028
              ],
              [
                -78.72378746336541,
                -1.6604067137872152
              ],
              [
                -78.7238126363298,
                -1.6603731618407769
              ],
              [
                -78.72383562612838,
                -1.6603444998448182
              ],
              [
                -78.72384941111632,
                -1.6603209420478928
              ],
              [
                -78.72385072435777,
                -1.6603186980181326
              ],
              [
                -78.72385251670462,
                -1.6602918646675562
              ],
              [
                -78.72384235409955,
                -1.660268856777408
              ],
              [
                -78.72381706550047,
                -1.6602401795109518
              ],
              [
                -78.72376278418886,
                -1.6602168185552637
              ],
              [
                -78.72372689777411,
                -1.6602125986496907
              ],
              [
                -78.7236904159723,
                -1.6602089810258358
              ],
              [
                -78.72365906220868,
                -1.6602035034757325
              ],
              [
                -78.72363402669696,
                -1.6601868181470874
              ],
              [
                -78.72362197809773,
                -1.6601539453668852
              ],
              [
                -78.72362158983664,
                -1.6601156385590512
              ],
              [
                -78.72362225007839,
                -1.6600764199200386
              ],
              [
                -78.72362619499643,
                -1.660037672458584
              ],
              [
                -78.72363802221952,
                -1.659998661121052
              ],
              [
                -78.72365220266025,
                -1.6599647294084439
              ],
              [
                -78.72366581090289,
                -1.6599276194502062
              ],
              [
                -78.72367088508207,
                -1.6598966730611036
              ],
              [
                -78.7236553067159,
                -1.659876534544122
              ],
              [
                -78.72362581362015,
                -1.6598638090272368
              ],
              [
                -78.72359821708525,
                -1.6598485779948833
              ],
              [
                -78.72358112028628,
                -1.6598247285821757
              ],
              [
                -78.7235375400278,
                -1.6597086751142738
              ],
              [
                -78.7235036363283,
                -1.659633727173236
              ],
              [
                -78.72349733405278,
                -1.659602710653881
              ],
              [
                -78.72349852428081,
                -1.6595674359065682
              ],
              [
                -78.72351406889403,
                -1.6595126422171642
              ],
              [
                -78.72353831237604,
                -1.6594638838047184
              ],
              [
                -78.72355562821224,
                -1.6594281911019435
              ],
              [
                -78.72356658460936,
                -1.6593831761519013
              ],
              [
                -78.72357572686649,
                -1.659337723368693
              ],
              [
                -78.72359180670489,
                -1.6592799380326593
              ],
              [
                -78.72362785728755,
                -1.659148464969846
              ],
              [
                -78.72363739739421,
                -1.6591031030442043
              ],
              [
                -78.72363897995771,
                -1.659058597035876
              ],
              [
                -78.72363279080983,
                -1.6589828495168302
              ],
              [
                -78.72360184099023,
                -1.6589069567074386
              ],
              [
                -78.72356944281219,
                -1.658832059342355
              ],
              [
                -78.72352688631635,
                -1.658739822227333
              ],
              [
                -78.72352062102429,
                -1.6587086584010655
              ],
              [
                -78.72351637876157,
                -1.6586751573497243
              ],
              [
                -78.72351562483475,
                -1.6586022872550128
              ],
              [
                -78.7235153914197,
                -1.6585636560909982
              ],
              [
                -78.72350811284461,
                -1.6585261693776348
              ],
              [
                -78.72349236342879,
                -1.6584977038779594
              ],
              [
                -78.72347005581727,
                -1.6584726831848617
              ],
              [
                -78.72344562512518,
                -1.6584510798891725
              ],
              [
                -78.72336385984228,
                -1.6584060082059904
              ],
              [
                -78.72333885202062,
                -1.6583926126181046
              ],
              [
                -78.72331668381585,
                -1.658367451064028
              ],
              [
                -78.7233064707077,
                -1.6583359626542333
              ],
              [
                -78.72330204644642,
                -1.6582974260843475
              ],
              [
                -78.72329155209086,
                -1.658262853785257
              ],
              [
                -78.72327836073472,
                -1.6582315969700923
              ],
              [
                -78.72326334894564,
                -1.6581991230637934
              ],
              [
                -78.72324497354933,
                -1.658185717077638
              ],
              [
                -78.72322292965336,
                -1.6581846194054481
              ],
              [
                -78.72320242710924,
                -1.6581844754358
              ],
              [
                -78.7231791023467,
                -1.6581840244524728
              ],
              [
                -78.72315798598443,
                -1.6581786039932682
              ],
              [
                -78.72313652831582,
                -1.6581652730872853
              ],
              [
                -78.72310951980276,
                -1.6581008955832433
              ],
              [
                -78.72310948161427,
                -1.658076151994281
              ],
              [
                -78.72311799111122,
                -1.6580474569472834
              ],
              [
                -78.72313550018046,
                -1.6580163604307978
              ],
              [
                -78.72315064295728,
                -1.6579884740110138
              ],
              [
                -78.72316094523921,
                -1.6579545314755504
              ],
              [
                -78.72316527216154,
                -1.6579202674284539
              ],
              [
                -78.72316963308796,
                -1.6578735444110038
              ],
              [
                -78.72317524403505,
                -1.6578405845222295
              ],
              [
                -78.72318875990297,
                -1.6577914945653613
              ],
              [
                -78.72319270558567,
                -1.6577567428165194
              ],
              [
                -78.72319380822397,
                -1.6577194692163189
              ],
              [
                -78.72319234135858,
                -1.6576895006259975
              ],
              [
                -78.72318367312886,
                -1.657660588619866
              ],
              [
                -78.72317134401422,
                -1.6576381125150943
              ],
              [
                -78.72315718965535,
                -1.6576217734022454
              ],
              [
                -78.723143897657,
                -1.6576038984776864
              ],
              [
                -78.72313749521693,
                -1.6575842533475431
              ],
              [
                -78.72313672660775,
                -1.6575579947027699
              ],
              [
                -78.72313624501186,
                -1.6575266305649
              ],
              [
                -78.72313262823786,
                -1.6574944699854977
              ],
              [
                -78.72312348965124,
                -1.6574636599287293
              ],
              [
                -78.72310886163947,
                -1.6574435921493866
              ],
              [
                -78.72308313367368,
                -1.6574346407407052
              ],
              [
                -78.72305433755346,
                -1.657434634535072
              ],
              [
                -78.72302308262825,
                -1.6574346833397553
              ],
              [
                -78.72299271166615,
                -1.6574347313589608
              ],
              [
                -78.72296268336453,
                -1.6574328623780106
              ],
              [
                -78.72293633421492,
                -1.6574250800330474
              ],
              [
                -78.72290273663927,
                -1.6573997976916592
              ],
              [
                -78.72286746374554,
                -1.6573658033167677
              ],
              [
                -78.72284399761318,
                -1.6573412884512242
              ],
              [
                -78.72282406284864,
                -1.657304971358796
              ],
              [
                -78.72280533570114,
                -1.6572660729205073
              ],
              [
                -78.72276385986608,
                -1.6572076614097817
              ],
              [
                -78.72273720121716,
                -1.657179073923242
              ],
              [
                -78.72270892440163,
                -1.6571562222884366
              ],
              [
                -78.72268317783514,
                -1.6571242530697348
              ],
              [
                -78.72266094931739,
                -1.6570937072119587
              ],
              [
                -78.72263586725293,
                -1.657065901709497
              ],
              [
                -78.72252184446036,
                -1.6569659747752394
              ],
              [
                -78.72249103419534,
                -1.6569401125868037
              ],
              [
                -78.72245895257352,
                -1.6569097216683222
              ],
              [
                -78.72243146135196,
                -1.6568801948680358
              ],
              [
                -78.72240415333785,
                -1.6568459981884307
              ],
              [
                -78.72236771300445,
                -1.6567849455967913
              ],
              [
                -78.72234519053778,
                -1.656754574784219
              ],
              [
                -78.72232411073037,
                -1.6567281923055353
              ],
              [
                -78.72228839429843,
                -1.6566877175265742
              ],
              [
                -78.72219807159934,
                -1.6565365103255316
              ],
              [
                -78.72219810040241,
                -1.6565105165901688
              ],
              [
                -78.72221453891623,
                -1.6565129628653996
              ],
              [
                -78.72228055543157,
                -1.6565281252930817
              ],
              [
                -78.72232804031374,
                -1.6565337678931968
              ],
              [
                -78.72234963857512,
                -1.6565325326998253
              ],
              [
                -78.72238737180504,
                -1.656528162099763
              ],
              [
                -78.7224137066298,
                -1.6565209460617554
              ],
              [
                -78.72244430154676,
                -1.656507272216888
              ],
              [
                -78.7224763098064,
                -1.6564878640913063
              ],
              [
                -78.72253035936791,
                -1.6564497812058974
              ],
              [
                -78.72259649394583,
                -1.6564009275100864
              ],
              [
                -78.72265974931712,
                -1.6563355967828637
              ],
              [
                -78.72270454062057,
                -1.6562975321009694
              ],
              [
                -78.7227372593028,
                -1.6562766883196411
              ],
              [
                -78.72280693008416,
                -1.656214928586358
              ],
              [
                -78.72285241753359,
                -1.656168263084021
              ],
              [
                -78.7228765731307,
                -1.6561381207329078
              ],
              [
                -78.72290283919634,
                -1.6560943583583847
              ],
              [
                -78.72291276692586,
                -1.6560721240654492
              ],
              [
                -78.72291699544888,
                -1.6560484684124899
              ],
              [
                -78.72292049438084,
                -1.656015497944228
              ],
              [
                -78.72291830846223,
                -1.6559889881593104
              ],
              [
                -78.72290682122431,
                -1.6559388477562866
              ],
              [
                -78.72289966381565,
                -1.6559195127407735
              ],
              [
                -78.7228889424673,
                -1.6558980347267496
              ],
              [
                -78.72287750302772,
                -1.6558736919924655
              ],
              [
                -78.72284461803567,
                -1.6558049603800082
              ],
              [
                -78.72281956180056,
                -1.655734064592365
              ],
              [
                -78.72281308144903,
                -1.655696096995948
              ],
              [
                -78.72280871148219,
                -1.655643792501419
              ],
              [
                -78.7228113498796,
                -1.6555312811939056
              ],
              [
                -78.72281973144388,
                -1.655443840083434
              ],
              [
                -78.72282959413812,
                -1.6553864932263345
              ],
              [
                -78.72286355895889,
                -1.6552710557000692
              ],
              [
                -78.72293160026958,
                -1.655098942038081
              ],
              [
                -78.72297129763689,
                -1.6550021255031573
              ],
              [
                -78.72298683943713,
                -1.6549354522427095
              ],
              [
                -78.7229995153934,
                -1.654859468025009
              ],
              [
                -78.72300935226986,
                -1.6547885058937835
              ],
              [
                -78.72301353106988,
                -1.6547383356862835
              ],
              [
                -78.72302060247651,
                -1.6547118085734314
              ],
              [
                -78.72303334436012,
                -1.6546709378230713
              ],
              [
                -78.7230482425598,
                -1.6546408127688592
              ],
              [
                -78.7230880077883,
                -1.6545805425350248
              ],
              [
                -78.72314344480036,
                -1.6545231099960764
              ],
              [
                -78.72317188335799,
                -1.6544986912963944
              ],
              [
                -78.72321599084691,
                -1.6544756765366886
              ],
              [
                -78.72327860634135,
                -1.654449043625365
              ],
              [
                -78.72349566686142,
                -1.6543784067010394
              ],
              [
                -78.72357396370303,
                -1.654359626903405
              ],
              [
                -78.72362308952894,
                -1.6543545181466819
              ],
              [
                -78.7237049866452,
                -1.6543572289198671
              ],
              [
                -78.72376695858706,
                -1.654367144210895
              ],
              [
                -78.72383110408194,
                -1.6543971210078594
              ],
              [
                -78.72394731972311,
                -1.6544735768566645
              ],
              [
                -78.72396873472987,
                -1.6545014838571095
              ],
              [
                -78.72397732076624,
                -1.6545229657333844
              ],
              [
                -78.72398381080403,
                -1.6545666665719607
              ],
              [
                -78.72398184190821,
                -1.6546562450093387
              ],
              [
                -78.72394254136792,
                -1.6549651754562145
              ],
              [
                -78.72391168248872,
                -1.6552189106789097
              ],
              [
                -78.72388774008382,
                -1.655362993387336
              ],
              [
                -78.72388499567153,
                -1.6554188930670233
              ],
              [
                -78.72388791023464,
                -1.6554540008106693
              ],
              [
                -78.72389798418172,
                -1.6555098773340389
              ],
              [
                -78.72392372707591,
                -1.6555671569024533
              ],
              [
                -78.7239544146921,
                -1.6556029286417573
              ],
              [
                -78.72398364890476,
                -1.6556236542273237
              ],
              [
                -78.72402000986416,
                -1.6556465169839958
              ],
              [
                -78.72410765881614,
                -1.6556785984013829
              ],
              [
                -78.7241831731453,
                -1.6556956538637473
              ],
              [
                -78.72425083382673,
                -1.6557012582384718
              ],
              [
                -78.72428144784487,
                -1.6556976179215377
              ],
              [
                -78.72430564170371,
                -1.6556882559597481
              ],
              [
                -78.7243198638609,
                -1.655677480361318
              ],
              [
                -78.72432910400421,
                -1.6556681463208796
              ],
              [
                -78.72435253765835,
                -1.6556329885528693
              ],
              [
                -78.72440009824605,
                -1.6555526393390252
              ],
              [
                -78.72443207108203,
                -1.6555138826367533
              ],
              [
                -78.72446478314899,
                -1.6554901730744889
              ],
              [
                -78.72449893050727,
                -1.6554721929555387
              ],
              [
                -78.72454021040902,
                -1.6554599325894004
              ],
              [
                -78.72460570049185,
                -1.6554476269633243
              ],
              [
                -78.72472033744701,
                -1.655440960345213
              ],
              [
                -78.72480436234433,
                -1.6554393678092516
              ],
              [
                -78.72488840724547,
                -1.6554478079624613
              ],
              [
                -78.72492900734298,
                -1.655453464218488
              ],
              [
                -78.72498244589632,
                -1.6554698450736642
              ],
              [
                -78.72511001415229,
                -1.6555240646895772
              ],
              [
                -78.72529959373426,
                -1.6556096978551889
              ],
              [
                -78.72537442342593,
                -1.6556410873356957
              ],
              [
                -78.72543712794392,
                -1.6556617494224524
              ],
              [
                -78.72549625806636,
                -1.6556752530666015
              ],
              [
                -78.72558528511873,
                -1.6556829676194478
              ],
              [
                -78.72564438659451,
                -1.6556814222156546
              ],
              [
                -78.72569849070588,
                -1.655672720339795
              ],
              [
                -78.72574687363986,
                -1.6556511306518933
              ],
              [
                -78.72587632481458,
                -1.6555699094932328
              ],
              [
                -78.72600148340389,
                -1.655477948264125
              ],
              [
                -78.72601009393983,
                -1.6554708682979007
              ],
              [
                -78.72601138050094,
                -1.654341917588509
              ]
            ]
          ]
        ]
      }
    },
    {
      "type": "Feature",
      "properties": {
        "CELL_ID": "R-1000-32-21",
        "AMBITO": "RURAL",
        "CATEGORIA": "CONVIVENCIA",
        "PLATAFORMA": null,
        "PARROQUIA": "LICAN",
        "DISTANCE_M": 2000,
        "CELL_SIZE_M": 1000,
        "COUNT": 0,
        "GI_ZSCORE": 7.393289728066519,
        "GI_PVALUE": 1.4323989148662457e-13,
        "GI_CLASS": "HOTSPOT 99%",
        "NIVEL": 99,
        "COB_A_PCT": 0.0,
        "ESTADO_A": "SIN COBERTURA",
        "COB_B_PCT": 0.0,
        "ESTADO_B": "SIN COBERTURA",
        "COB_C_PCT": 0.0,
        "ESTADO_C": "SIN COBERTURA",
        "COB_B_ANTERIOR_PCT": 0.0,
        "ESTADO_B_ANTERIOR": "SIN COBERTURA",
        "COB_C_ANTERIOR_PCT": 0.0,
        "ESTADO_C_ANTERIOR": "SIN COBERTURA"
      },
      "geometry": {
        "type": "MultiPolygon",
        "coordinates": [
          [
            [
              [
                -78.71701769891763,
                -1.6633715417267347
              ],
              [
                -78.71702806641484,
                -1.6543315335222755
              ],
              [
                -78.70804480890473,
                -1.6543211086019562
              ],
              [
                -78.7080344006994,
                -1.6633610598093305
              ],
              [
                -78.71701769891763,
                -1.6633715417267347
              ]
            ]
          ]
        ]
      }
    },
    {
      "type": "Feature",
      "properties": {
        "CELL_ID": "R-1000-32-22",
        "AMBITO": "RURAL",
        "CATEGORIA": "CONVIVENCIA",
        "PLATAFORMA": null,
        "PARROQUIA": "LICAN",
        "DISTANCE_M": 2000,
        "CELL_SIZE_M": 1000,
        "COUNT": 10,
        "GI_ZSCORE": 9.837425189375054,
        "GI_PVALUE": 7.767323172155037e-23,
        "GI_CLASS": "HOTSPOT 99%",
        "NIVEL": 99,
        "COB_A_PCT": 0.0,
        "ESTADO_A": "SIN COBERTURA",
        "COB_B_PCT": 2.2421690332081896,
        "ESTADO_B": "PARCIALMENTE CUBIERTO",
        "COB_C_PCT": 2.2421690332081896,
        "ESTADO_C": "PARCIALMENTE CUBIERTO",
        "COB_B_ANTERIOR_PCT": 2.2421690332081896,
        "ESTADO_B_ANTERIOR": "PARCIALMENTE CUBIERTO",
        "COB_C_ANTERIOR_PCT": 2.2421690332081896,
        "ESTADO_C_ANTERIOR": "PARCIALMENTE CUBIERTO"
      },
      "geometry": {
        "type": "MultiPolygon",
        "coordinates": [
          [
            [
              [
                -78.7080344006994,
                -1.6633610598093305
              ],
              [
                -78.70804480890473,
                -1.6543211086019562
              ],
              [
                -78.69906160819271,
                -1.6543106428288321
              ],
              [
                -78.69905115928053,
                -1.6633505368157644
              ],
              [
                -78.7080344006994,
                -1.6633610598093305
              ]
            ]
          ]
        ]
      }
    },
    {
      "type": "Feature",
      "properties": {
        "CELL_ID": "R-1000-32-23",
        "AMBITO": "RURAL",
        "CATEGORIA": "CONVIVENCIA",
        "PLATAFORMA": null,
        "PARROQUIA": "LICAN",
        "DISTANCE_M": 2000,
        "CELL_SIZE_M": 1000,
        "COUNT": 3,
        "GI_ZSCORE": 10.610263250880742,
        "GI_PVALUE": 2.6699574670794535e-26,
        "GI_CLASS": "HOTSPOT 99%",
        "NIVEL": 99,
        "COB_A_PCT": 0.0,
        "ESTADO_A": "SIN COBERTURA",
        "COB_B_PCT": 3.5319514413424735,
        "ESTADO_B": "PARCIALMENTE CUBIERTO",
        "COB_C_PCT": 9.968304670072547,
        "ESTADO_C": "PARCIALMENTE CUBIERTO",
        "COB_B_ANTERIOR_PCT": 3.5319514413424735,
        "ESTADO_B_ANTERIOR": "PARCIALMENTE CUBIERTO",
        "COB_C_ANTERIOR_PCT": 9.968304670072547,
        "ESTADO_C_ANTERIOR": "PARCIALMENTE CUBIERTO"
      },
      "geometry": {
        "type": "MultiPolygon",
        "coordinates": [
          [
            [
              [
                -78.69006797488322,
                -1.6633399727473313
              ],
              [
                -78.69905115928053,
                -1.6633505368157644
              ],
              [
                -78.69906160819271,
                -1.6543106428288321
              ],
              [
                -78.69387019245774,
                -1.654304575974328
              ],
              [
                -78.6941347131492,
                -1.6546683596867342
              ],
              [
                -78.69415841499463,
                -1.6546963171598523
              ],
              [
                -78.69471383402939,
                -1.6553514596155756
              ],
              [
                -78.69510569035853,
                -1.6557782470867703
              ],
              [
                -78.69510569049952,
                -1.6557782472403306
              ],
              [
                -78.69513127139794,
                -1.6557683168480708
              ],
              [
                -78.69513214045965,
                -1.6557679797735882
              ],
              [
                -78.69523039401425,
                -1.655871988317671
              ],
              [
                -78.6952306595907,
                -1.6558722697688177
              ],
              [
                -78.69537043001367,
                -1.6558298690975453
              ],
              [
                -78.69627056403786,
                -1.6555075699826858
              ],
              [
                -78.69646396254926,
                -1.6559051951530974
              ],
              [
                -78.69652231709308,
                -1.6560460931517955
              ],
              [
                -78.69661946726261,
                -1.656160568650284
              ],
              [
                -78.69670267143498,
                -1.6562902681970944
              ],
              [
                -78.69699696924935,
                -1.6566589510644596
              ],
              [
                -78.69725802573232,
                -1.6569988934763535
              ],
              [
                -78.69750484822099,
                -1.6573149015625406
              ],
              [
                -78.69771247351191,
                -1.6575736140853616
              ],
              [
                -78.6977811947989,
                -1.657646454900365
              ],
              [
                -78.6977769559767,
                -1.6576539620303483
              ],
              [
                -78.69777695605778,
                -1.6576539621313542
              ],
              [
                -78.69782762913454,
                -1.6577171036542544
              ],
              [
                -78.6977274994506,
                -1.6579800854596858
              ],
              [
                -78.69768437328568,
                -1.6582766195505547
              ],
              [
                -78.69753724799416,
                -1.6588028214817105
              ],
              [
                -78.69722419791199,
                -1.6588503174199185
              ],
              [
                -78.69698165270627,
                -1.6589472943877126
              ],
              [
                -78.6969816525539,
                -1.6589472944486396
              ],
              [
                -78.69687522449875,
                -1.6590254686797778
              ],
              [
                -78.6967230423066,
                -1.6590826936639358
              ],
              [
                -78.69663416543337,
                -1.6590220403214553
              ],
              [
                -78.69658453288203,
                -1.6589881684847922
              ],
              [
                -78.69651780950198,
                -1.6589883596794355
              ],
              [
                -78.6962857217557,
                -1.6590726142182606
              ],
              [
                -78.69590049123721,
                -1.659234805575442
              ],
              [
                -78.69567701623565,
                -1.659282379918913
              ],
              [
                -78.69550581478646,
                -1.65934436543305
              ],
              [
                -78.6954487273252,
                -1.6593825679285985
              ],
              [
                -78.69546387562134,
                -1.6593996746887458
              ],
              [
                -78.69448268750386,
                -1.6601121976493003
              ],
              [
                -78.69445437019245,
                -1.6601180773953765
              ],
              [
                -78.69432138806779,
                -1.6602293305408964
              ],
              [
                -78.69428307447365,
                -1.6602613843545602
              ],
              [
                -78.69424440264042,
                -1.660338990581354
              ],
              [
                -78.6942258982534,
                -1.6603761245521507
              ],
              [
                -78.6942267734365,
                -1.660377483368934
              ],
              [
                -78.69397620801873,
                -1.6609245905894074
              ],
              [
                -78.69346256219681,
                -1.662046126295321
              ],
              [
                -78.6933013253705,
                -1.6624312430229402
              ],
              [
                -78.69325001675207,
                -1.6624043948408969
              ],
              [
                -78.69312078149098,
                -1.6623506662715908
              ],
              [
                -78.69303150442582,
                -1.6622721096922208
              ],
              [
                -78.69282751664213,
                -1.6621239350923707
              ],
              [
                -78.69267071384915,
                -1.662066347541244
              ],
              [
                -78.69256214961693,
                -1.6620235664778489
              ],
              [
                -78.69250939567416,
                -1.6620083813333562
              ],
              [
                -78.69237843834061,
                -1.662005012736749
              ],
              [
                -78.692214464008,
                -1.6619832932475143
              ],
              [
                -78.6921552928634,
                -1.6619762177555082
              ],
              [
                -78.69210373492488,
                -1.6619575738666765
              ],
              [
                -78.69208870329595,
                -1.6619305767188843
              ],
              [
                -78.6920455912372,
                -1.661823200598822
              ],
              [
                -78.69140571180462,
                -1.6610867396215636
              ],
              [
                -78.69007021866541,
                -1.6614104472128923
              ],
              [
                -78.69006797488322,
                -1.6633399727473313
              ]
            ]
          ]
        ]
      }
    },
    {
      "type": "Feature",
      "properties": {
        "CELL_ID": "R-1000-32-24",
        "AMBITO": "RURAL",
        "CATEGORIA": "CONVIVENCIA",
        "PLATAFORMA": null,
        "PARROQUIA": "LICAN",
        "DISTANCE_M": 2000,
        "CELL_SIZE_M": 1000,
        "COUNT": 5,
        "GI_ZSCORE": 4.274385456420293,
        "GI_PVALUE": 1.9166520704838943e-05,
        "GI_CLASS": "HOTSPOT 99%",
        "NIVEL": 99,
        "COB_A_PCT": 0.0,
        "ESTADO_A": "SIN COBERTURA",
        "COB_B_PCT": 0.0,
        "ESTADO_B": "SIN COBERTURA",
        "COB_C_PCT": 0.0,
        "ESTADO_C": "SIN COBERTURA",
        "COB_B_ANTERIOR_PCT": 0.0,
        "ESTADO_B_ANTERIOR": "SIN COBERTURA",
        "COB_C_ANTERIOR_PCT": 0.0,
        "ESTADO_C_ANTERIOR": "SIN COBERTURA"
      },
      "geometry": {
        "type": "MultiPolygon",
        "coordinates": [
          [
            [
              [
                -78.69006797488322,
                -1.6633399727473313
              ],
              [
                -78.69007021866541,
                -1.6614104472128923
              ],
              [
                -78.68969843022916,
                -1.6615005640522718
              ],
              [
                -78.68853277790076,
                -1.6613376640917583
              ],
              [
                -78.68843803059669,
                -1.6613772600007226
              ],
              [
                -78.68834676232628,
                -1.661417951046342
              ],
              [
                -78.6883467622151,
                -1.6614179511420026
              ],
              [
                -78.68833318946643,
                -1.6614296308979057
              ],
              [
                -78.68825946715867,
                -1.6614654204673265
              ],
              [
                -78.68811202810687,
                -1.6615322175198195
              ],
              [
                -78.68793843341282,
                -1.661608550590114
              ],
              [
                -78.68776430595913,
                -1.6616316654964123
              ],
              [
                -78.68758877417912,
                -1.6616712312223578
              ],
              [
                -78.68622263365891,
                -1.6620390369696443
              ],
              [
                -78.6859095712824,
                -1.6622766211711948
              ],
              [
                -78.6859095700608,
                -1.6622766220982679
              ],
              [
                -78.68577450626933,
                -1.6624364470027237
              ],
              [
                -78.68577450508376,
                -1.6624364485901566
              ],
              [
                -78.6855578333353,
                -1.6627265664150694
              ],
              [
                -78.68545235223195,
                -1.6628678030029158
              ],
              [
                -78.68527798887142,
                -1.6630239898331451
              ],
              [
                -78.6852345745306,
                -1.663075363182586
              ],
              [
                -78.68504473223348,
                -1.6631423369245755
              ],
              [
                -78.68504472872702,
                -1.663142338369511
              ],
              [
                -78.68458083175396,
                -1.6633334997224778
              ],
              [
                -78.69006797488322,
                -1.6633399727473313
              ]
            ]
          ]
        ]
      }
    },
    {
      "type": "Feature",
      "properties": {
        "CELL_ID": "R-1000-33-16",
        "AMBITO": "RURAL",
        "CATEGORIA": "CONVIVENCIA",
        "PLATAFORMA": null,
        "PARROQUIA": "CALPI",
        "DISTANCE_M": 2000,
        "CELL_SIZE_M": 1000,
        "COUNT": 0,
        "GI_ZSCORE": 2.8113364953583386,
        "GI_PVALUE": 0.0049336158913013215,
        "GI_CLASS": "HOTSPOT 99%",
        "NIVEL": 99,
        "COB_A_PCT": 0.0,
        "ESTADO_A": "SIN COBERTURA",
        "COB_B_PCT": 0.0,
        "ESTADO_B": "SIN COBERTURA",
        "COB_C_PCT": 0.0,
        "ESTADO_C": "SIN COBERTURA",
        "COB_B_ANTERIOR_PCT": 0.0,
        "ESTADO_B_ANTERIOR": "SIN COBERTURA",
        "COB_C_ANTERIOR_PCT": 0.0,
        "ESTADO_C_ANTERIOR": "SIN COBERTURA"
      },
      "geometry": {
        "type": "MultiPolygon",
        "coordinates": [
          [
            [
              [
                -78.7619451981618,
                -1.6543830452871098
              ],
              [
                -78.76195530663422,
                -1.64534275455906
              ],
              [
                -78.75297180895814,
                -1.6453325898016025
              ],
              [
                -78.75296165999343,
                -1.6543728246499436
              ],
              [
                -78.7619451981618,
                -1.6543830452871098
              ]
            ]
          ]
        ]
      }
    },
    {
      "type": "Feature",
      "properties": {
        "CELL_ID": "R-1000-33-17",
        "AMBITO": "RURAL",
        "CATEGORIA": "CONVIVENCIA",
        "PLATAFORMA": null,
        "PARROQUIA": "CALPI",
        "DISTANCE_M": 2000,
        "CELL_SIZE_M": 1000,
        "COUNT": 7,
        "GI_ZSCORE": 5.181365148722328,
        "GI_PVALUE": 2.2026780672668638e-07,
        "GI_CLASS": "HOTSPOT 99%",
        "NIVEL": 99,
        "COB_A_PCT": 16.410897447207574,
        "ESTADO_A": "PARCIALMENTE CUBIERTO",
        "COB_B_PCT": 24.26699495066293,
        "ESTADO_B": "PARCIALMENTE CUBIERTO",
        "COB_C_PCT": 24.26699495066293,
        "ESTADO_C": "PARCIALMENTE CUBIERTO",
        "COB_B_ANTERIOR_PCT": 24.26699495066293,
        "ESTADO_B_ANTERIOR": "PARCIALMENTE CUBIERTO",
        "COB_C_ANTERIOR_PCT": 24.26699495066293,
        "ESTADO_C_ANTERIOR": "PARCIALMENTE CUBIERTO"
      },
      "geometry": {
        "type": "MultiPolygon",
        "coordinates": [
          [
            [
              [
                -78.75296165999343,
                -1.6543728246499436
              ],
              [
                -78.75297180895814,
                -1.6453325898016025
              ],
              [
                -78.74398836696811,
                -1.6453223844083702
              ],
              [
                -78.7439824688126,
                -1.6505613258231968
              ],
              [
                -78.7439955939497,
                -1.6505610438679263
              ],
              [
                -78.74409457668398,
                -1.6505622887261777
              ],
              [
                -78.74419428677724,
                -1.6505717736408019
              ],
              [
                -78.74422847818204,
                -1.6505777999996951
              ],
              [
                -78.7443684977817,
                -1.6506280533847384
              ],
              [
                -78.74450387761098,
                -1.6506725835497693
              ],
              [
                -78.74459614935257,
                -1.6507028632564642
              ],
              [
                -78.74466813080612,
                -1.6507349730376182
              ],
              [
                -78.7448741381434,
                -1.650849235828657
              ],
              [
                -78.74496681235712,
                -1.650904236413609
              ],
              [
                -78.74507056025881,
                -1.650978564928444
              ],
              [
                -78.74517288042658,
                -1.6510507456755072
              ],
              [
                -78.74520567117247,
                -1.6510696726041985
              ],
              [
                -78.74521921565953,
                -1.6510775295348756
              ],
              [
                -78.74524165324752,
                -1.651081069979448
              ],
              [
                -78.7452640884543,
                -1.6510835355415876
              ],
              [
                -78.74530895114017,
                -1.6510841662340663
              ],
              [
                -78.74536164265659,
                -1.65108263350296
              ],
              [
                -78.74541896147537,
                -1.6510803747004938
              ],
              [
                -78.74547342579103,
                -1.6510745390468264
              ],
              [
                -78.74551222431292,
                -1.6510690905099223
              ],
              [
                -78.7455617119233,
                -1.6510679220516453
              ],
              [
                -78.74563861779492,
                -1.6510684925819097
              ],
              [
                -78.74570200317648,
                -1.65107338878163
              ],
              [
                -78.74583270243579,
                -1.6510903382676807
              ],
              [
                -78.74590072960143,
                -1.6511023914644891
              ],
              [
                -78.74593457542706,
                -1.6511137918193273
              ],
              [
                -78.7459734101438,
                -1.6511280500518597
              ],
              [
                -78.7460236617173,
                -1.651154468635034
              ],
              [
                -78.74610494318435,
                -1.6512094905794101
              ],
              [
                -78.74618657990827,
                -1.6512641549399523
              ],
              [
                -78.74621580091376,
                -1.6512780722347002
              ],
              [
                -78.74627423123783,
                -1.651298742449113
              ],
              [
                -78.74631056433071,
                -1.6513079886507631
              ],
              [
                -78.74635259137983,
                -1.6513154333093358
              ],
              [
                -78.74637431223874,
                -1.6513164669846343
              ],
              [
                -78.74638748800524,
                -1.6513175171245598
              ],
              [
                -78.74647543342479,
                -1.6513191416658901
              ],
              [
                -78.74654094263016,
                -1.6513175837607867
              ],
              [
                -78.74657297859457,
                -1.6513135820577238
              ],
              [
                -78.74660394493961,
                -1.6513085069649354
              ],
              [
                -78.74674310312727,
                -1.6512792208933997
              ],
              [
                -78.74693173023805,
                -1.6512390923701867
              ],
              [
                -78.74703814633143,
                -1.6512170345262152
              ],
              [
                -78.74712782609527,
                -1.65119429222181
              ],
              [
                -78.74714561618023,
                -1.6511878089887628
              ],
              [
                -78.7472199525614,
                -1.6511471802939943
              ],
              [
                -78.74725445011558,
                -1.6511263340454185
              ],
              [
                -78.74728644850137,
                -1.651102267533595
              ],
              [
                -78.7473124149419,
                -1.6510889619356832
              ],
              [
                -78.74733875160888,
                -1.651083537111346
              ],
              [
                -78.74738289859515,
                -1.6510823787873432
              ],
              [
                -78.74743595942194,
                -1.651088010787591
              ],
              [
                -78.74750898420504,
                -1.651107219545925
              ],
              [
                -78.74755388693657,
                -1.6511289898677162
              ],
              [
                -78.74761555020349,
                -1.6511650601293049
              ],
              [
                -78.74764015742981,
                -1.6511868696828091
              ],
              [
                -78.7476640690379,
                -1.651216920405821
              ],
              [
                -78.74768800385014,
                -1.6512598697324563
              ],
              [
                -78.74770029477929,
                -1.651295198440311
              ],
              [
                -78.74771130199203,
                -1.6513424714226907
              ],
              [
                -78.74773112030942,
                -1.6515316116799996
              ],
              [
                -78.747743589887,
                -1.6515989465672796
              ],
              [
                -78.74775217293694,
                -1.651619472219254
              ],
              [
                -78.74777501191039,
                -1.6516471369182215
              ],
              [
                -78.74782541012267,
                -1.6516886031099864
              ],
              [
                -78.74784917653352,
                -1.6517048004526242
              ],
              [
                -78.74787008006926,
                -1.651712881841194
              ],
              [
                -78.74789476744115,
                -1.6517137905197181
              ],
              [
                -78.74792229359007,
                -1.6517099165464606
              ],
              [
                -78.74801246326894,
                -1.651694935802259
              ],
              [
                -78.74813156787978,
                -1.6516679573352506
              ],
              [
                -78.74819088877929,
                -1.6516573340341099
              ],
              [
                -78.74827442021085,
                -1.651646666020464
              ],
              [
                -78.74832566782003,
                -1.6516351032675343
              ],
              [
                -78.74836933103195,
                -1.651628809542112
              ],
              [
                -78.7484182273262,
                -1.6516287170444899
              ],
              [
                -78.74849323363041,
                -1.6516290520902661
              ],
              [
                -78.7485468629604,
                -1.6516213061134968
              ],
              [
                -78.74864270050439,
                -1.6515910276043408
              ],
              [
                -78.74867734500774,
                -1.651585707161611
              ],
              [
                -78.74872529913124,
                -1.6515894375935685
              ],
              [
                -78.74878370971008,
                -1.6515998362611022
              ],
              [
                -78.74881315747146,
                -1.651607902072865
              ],
              [
                -78.7488620910196,
                -1.6516273952440668
              ],
              [
                -78.74890105467719,
                -1.6516469077847933
              ],
              [
                -78.74894098912048,
                -1.6516778844331037
              ],
              [
                -78.74896667230175,
                -1.65170315401405
              ],
              [
                -78.7489966528642,
                -1.6517422708825176
              ],
              [
                -78.7490280762018,
                -1.6517909385833627
              ],
              [
                -78.74903902821524,
                -1.6518090712913707
              ],
              [
                -78.74905710846859,
                -1.6518305344088509
              ],
              [
                -78.74910132285041,
                -1.6518653236839427
              ],
              [
                -78.74912460596907,
                -1.651876744527803
              ],
              [
                -78.74915928358986,
                -1.6518890995624906
              ],
              [
                -78.74918730423974,
                -1.651895256262414
              ],
              [
                -78.74924286167825,
                -1.6519032722920726
              ],
              [
                -78.749282270716,
                -1.6519070191961653
              ],
              [
                -78.74930695523739,
                -1.6519064940784796
              ],
              [
                -78.74932688549755,
                -1.6519021567018546
              ],
              [
                -78.7493543962014,
                -1.6518896836299173
              ],
              [
                -78.74937715624289,
                -1.651875786729826
              ],
              [
                -78.74940654806932,
                -1.6518537557638915
              ],
              [
                -78.7494160157521,
                -1.6518394061615334
              ],
              [
                -78.74942073115285,
                -1.6518226771783289
              ],
              [
                -78.74942307598927,
                -1.6518073856002524
              ],
              [
                -78.74942256855616,
                -1.6517897104795067
              ],
              [
                -78.74942349724282,
                -1.6517787213376964
              ],
              [
                -78.74942821840013,
                -1.6517648581118323
              ],
              [
                -78.74943437243864,
                -1.651755769757696
              ],
              [
                -78.74945095433054,
                -1.651738062588628
              ],
              [
                -78.74949360828435,
                -1.6517002417106903
              ],
              [
                -78.74952822096073,
                -1.6516777230924993
              ],
              [
                -78.7495732766034,
                -1.6516547074111951
              ],
              [
                -78.74970655989613,
                -1.651594260884684
              ],
              [
                -78.74985975545607,
                -1.6515199232169773
              ],
              [
                -78.74988679794834,
                -1.6515107944761758
              ],
              [
                -78.749911953563,
                -1.6515083587767643
              ],
              [
                -78.74997508858586,
                -1.6515068052889428
              ],
              [
                -78.75004392905247,
                -1.6515100188843614
              ],
              [
                -78.75014221695626,
                -1.651520819142723
              ],
              [
                -78.75021627954706,
                -1.6515240224111118
              ],
              [
                -78.75025709863463,
                -1.6515201228604866
              ],
              [
                -78.75032496382178,
                -1.6515094838959996
              ],
              [
                -78.75038285838728,
                -1.6514979087529746
              ],
              [
                -78.75040184683728,
                -1.6514978725292224
              ],
              [
                -78.75041372071388,
                -1.6515007165532587
              ],
              [
                -78.75043177436503,
                -1.6515083254911684
              ],
              [
                -78.75044888583781,
                -1.6515197582772294
              ],
              [
                -78.75047695798811,
                -1.6515536233230943
              ],
              [
                -78.75049171725624,
                -1.6515765254827253
              ],
              [
                -78.75050603081138,
                -1.6516147159734405
              ],
              [
                -78.75052131552194,
                -1.6516648479084213
              ],
              [
                -78.75053992575269,
                -1.651715928337512
              ],
              [
                -78.75055470715591,
                -1.6517502962497537
              ],
              [
                -78.75057898881799,
                -1.6517884673643712
              ],
              [
                -78.75059706910723,
                -1.6518099304902816
              ],
              [
                -78.75062178388484,
                -1.6518256479726456
              ],
              [
                -78.75063603858757,
                -1.6518323096889962
              ],
              [
                -78.75065550713215,
                -1.6518351388636656
              ],
              [
                -78.75072054869145,
                -1.6518374034197232
              ],
              [
                -78.75078463817702,
                -1.6518387149525966
              ],
              [
                -78.75098591152187,
                -1.65183403270297
              ],
              [
                -78.75111787201199,
                -1.651827571005474
              ],
              [
                -78.75117767995384,
                -1.6518241134441705
              ],
              [
                -78.75122086765764,
                -1.6518173435907988
              ],
              [
                -78.75125740557806,
                -1.651809152268579
              ],
              [
                -78.75134755492488,
                -1.6517836620456894
              ],
              [
                -78.7514467086073,
                -1.6517500332016106
              ],
              [
                -78.75148940956875,
                -1.6517375312742313
              ],
              [
                -78.75150981832137,
                -1.6517351037097203
              ],
              [
                -78.75153403340882,
                -1.6517374464930394
              ],
              [
                -78.75155588279306,
                -1.6517440924469877
              ],
              [
                -78.75157346537422,
                -1.6517536137612
              ],
              [
                -78.75159390887276,
                -1.65176981726133
              ],
              [
                -78.75161341145356,
                -1.651790321939277
              ],
              [
                -78.75164005687611,
                -1.6518227561143413
              ],
              [
                -78.75170766616827,
                -1.6519286816486545
              ],
              [
                -78.75175347917876,
                -1.6520566233707241
              ],
              [
                -78.7517745140166,
                -1.6521349285651175
              ],
              [
                -78.75179179687652,
                -1.6522376055878176
              ],
              [
                -78.75180067247518,
                -1.6524133895838529
              ],
              [
                -78.7518052366143,
                -1.6525686400949176
              ],
              [
                -78.7518081486436,
                -1.6526025524450125
              ],
              [
                -78.75181294341205,
                -1.6526278624408832
              ],
              [
                -78.75182533825166,
                -1.652655546022836
              ],
              [
                -78.75184390765173,
                -1.6526846523418544
              ],
              [
                -78.75185914252944,
                -1.6527080314865987
              ],
              [
                -78.75188576419754,
                -1.6527280443643613
              ],
              [
                -78.75191854693,
                -1.652742313765946
              ],
              [
                -78.7519408686762,
                -1.6527475264886342
              ],
              [
                -78.7519774307507,
                -1.652752233814401
              ],
              [
                -78.75199975087808,
                -1.652756490981547
              ],
              [
                -78.75202160603568,
                -1.6527660036145002
              ],
              [
                -78.75205678345888,
                -1.6527917333452216
              ],
              [
                -78.75207676325572,
                -1.652813670556509
              ],
              [
                -78.75210010529524,
                -1.652856621118537
              ],
              [
                -78.75211538355008,
                -1.6529029308875347
              ],
              [
                -78.75211830133605,
                -1.652939709911922
              ],
              [
                -78.75211504617756,
                -1.6529760226584382
              ],
              [
                -78.75210891498539,
                -1.652997531445314
              ],
              [
                -78.75210419346317,
                -1.6530109164699254
              ],
              [
                -78.75209000586236,
                -1.6530396066836217
              ],
              [
                -78.75207533079472,
                -1.6530616092752062
              ],
              [
                -78.75205733595764,
                -1.6530855300382805
              ],
              [
                -78.75201517225648,
                -1.653131471499855
              ],
              [
                -78.75193554999957,
                -1.6532013693916974
              ],
              [
                -78.75187820216051,
                -1.6532506845309791
              ],
              [
                -78.75186020444075,
                -1.6532731715013873
              ],
              [
                -78.75184458718529,
                -1.653298997936621
              ],
              [
                -78.75180439294392,
                -1.6533821973540046
              ],
              [
                -78.75176518082134,
                -1.6534835488766022
              ],
              [
                -78.75175620309788,
                -1.653505540774795
              ],
              [
                -78.75174153413586,
                -1.653530888249225
              ],
              [
                -78.75172781185441,
                -1.6535548003084088
              ],
              [
                -78.75171172763721,
                -1.653584449321552
              ],
              [
                -78.75167816337652,
                -1.6536595155452989
              ],
              [
                -78.75163609733124,
                -1.6537575279469539
              ],
              [
                -78.75160209920176,
                -1.653854092255649
              ],
              [
                -78.75158701184544,
                -1.6539095360041827
              ],
              [
                -78.75158419554509,
                -1.6539262617519954
              ],
              [
                -78.75158095384334,
                -1.6539697397892996
              ],
              [
                -78.75158055146244,
                -1.654007958742231
              ],
              [
                -78.75158203381136,
                -1.654039007320211
              ],
              [
                -78.75158457202002,
                -1.6541264256950419
              ],
              [
                -78.75158990404607,
                -1.6541851743354368
              ],
              [
                -78.75159375947993,
                -1.654215741063687
              ],
              [
                -78.75159954550713,
                -1.6542630244892949
              ],
              [
                -78.7516005628731,
                -1.6542993294356134
              ],
              [
                -78.75159731630285,
                -1.6543399417116198
              ],
              [
                -78.75159097023555,
                -1.6543712616078527
              ],
              [
                -78.75296165999343,
                -1.6543728246499436
              ]
            ]
          ]
        ]
      }
    },
    {
      "type": "Feature",
      "properties": {
        "CELL_ID": "R-1000-33-18",
        "AMBITO": "RURAL",
        "CATEGORIA": "CONVIVENCIA",
        "PLATAFORMA": null,
        "PARROQUIA": "CALPI",
        "DISTANCE_M": 2000,
        "CELL_SIZE_M": 1000,
        "COUNT": 20,
        "GI_ZSCORE": 4.848789431532849,
        "GI_PVALUE": 1.2421719087353952e-06,
        "GI_CLASS": "HOTSPOT 99%",
        "NIVEL": 99,
        "COB_A_PCT": 0.0,
        "ESTADO_A": "SIN COBERTURA",
        "COB_B_PCT": 7.710210653365039,
        "ESTADO_B": "PARCIALMENTE CUBIERTO",
        "COB_C_PCT": 7.710210653365039,
        "ESTADO_C": "PARCIALMENTE CUBIERTO",
        "COB_B_ANTERIOR_PCT": 7.710210653365039,
        "ESTADO_B_ANTERIOR": "PARCIALMENTE CUBIERTO",
        "COB_C_ANTERIOR_PCT": 7.710210653365039,
        "ESTADO_C_ANTERIOR": "PARCIALMENTE CUBIERTO"
      },
      "geometry": {
        "type": "MultiPolygon",
        "coordinates": [
          [
            [
              [
                -78.74398836696811,
                -1.6453223844083702
              ],
              [
                -78.73500498088633,
                -1.6453121383806186
              ],
              [
                -78.73499475094083,
                -1.6543522607993788
              ],
              [
                -78.74105628153322,
                -1.654359216761453
              ],
              [
                -78.74105521216181,
                -1.654272811382598
              ],
              [
                -78.74105330860455,
                -1.6542068891730277
              ],
              [
                -78.74104754739456,
                -1.6541728625970489
              ],
              [
                -78.74104075356438,
                -1.6541574684398646
              ],
              [
                -78.74103288962762,
                -1.654140643805439
              ],
              [
                -78.74101825163328,
                -1.6541195317917483
              ],
              [
                -78.74100682328803,
                -1.6541009221595888
              ],
              [
                -78.74100146046774,
                -1.654088750655838
              ],
              [
                -78.74099786431363,
                -1.6540697675993228
              ],
              [
                -78.74099711730892,
                -1.6540511376622042
              ],
              [
                -78.74099779131306,
                -1.6540310719660798
              ],
              [
                -78.74100061790715,
                -1.6540196014192998
              ],
              [
                -78.741004511649,
                -1.6540074124975779
              ],
              [
                -78.74102611326423,
                -1.653944669529447
              ],
              [
                -78.74106617369452,
                -1.653852869994574
              ],
              [
                -78.74110161296717,
                -1.6537643042534524
              ],
              [
                -78.74111081957032,
                -1.6537377728550708
              ],
              [
                -78.74111257654778,
                -1.653725229820928
              ],
              [
                -78.74111149348055,
                -1.6537169911753757
              ],
              [
                -78.74111040180175,
                -1.6537044530141056
              ],
              [
                -78.7410960411992,
                -1.653641420236215
              ],
              [
                -78.74107059395452,
                -1.6535515362977191
              ],
              [
                -78.74103434960733,
                -1.6534004054881137
              ],
              [
                -78.74100276519869,
                -1.653265746694519
              ],
              [
                -78.74099304286827,
                -1.6532073631727162
              ],
              [
                -78.74099150609035,
                -1.6531475308462273
              ],
              [
                -78.7409925266326,
                -1.6531220902605208
              ],
              [
                -78.7410072714268,
                -1.6530106327911263
              ],
              [
                -78.7410150007101,
                -1.6529550825555357
              ],
              [
                -78.74102811686136,
                -1.652924603267372
              ],
              [
                -78.74103877316574,
                -1.6529109675220095
              ],
              [
                -78.74105156820247,
                -1.6528991196592113
              ],
              [
                -78.74106614761872,
                -1.6528894181679852
              ],
              [
                -78.74108855962623,
                -1.6528789852545651
              ],
              [
                -78.7411102622052,
                -1.6528707030892744
              ],
              [
                -78.74114762808277,
                -1.6528602411911724
              ],
              [
                -78.74117503470158,
                -1.6528555319033686
              ],
              [
                -78.74120564958065,
                -1.6528529651930355
              ],
              [
                -78.74122878653816,
                -1.6528496965394504
              ],
              [
                -78.7412451493475,
                -1.652841425434335
              ],
              [
                -78.74125510147135,
                -1.6528324490881643
              ],
              [
                -78.74127712655347,
                -1.652805893482438
              ],
              [
                -78.74128918703879,
                -1.6527818649487465
              ],
              [
                -78.74130053562907,
                -1.652758195398518
              ],
              [
                -78.74130548066607,
                -1.6527370470537575
              ],
              [
                -78.74130616802016,
                -1.6527234306273966
              ],
              [
                -78.74130502872974,
                -1.6526854533627058
              ],
              [
                -78.74128743003071,
                -1.6526045128174147
              ],
              [
                -78.74127162235177,
                -1.6525285843879673
              ],
              [
                -78.74124974914126,
                -1.652446217838258
              ],
              [
                -78.74124686297527,
                -1.652426158910782
              ],
              [
                -78.74124682497083,
                -1.652405736212302
              ],
              [
                -78.74124891026449,
                -1.6523785023655921
              ],
              [
                -78.74125065237644,
                -1.6523584342712472
              ],
              [
                -78.74126797414023,
                -1.6522917593147115
              ],
              [
                -78.74129030159772,
                -1.6522368974554793
              ],
              [
                -78.7413136831409,
                -1.6521737930663247
              ],
              [
                -78.7413268036218,
                -1.6521458215116875
              ],
              [
                -78.74136264512768,
                -1.6520819774263538
              ],
              [
                -78.74140630732413,
                -1.652012027512044
              ],
              [
                -78.7414421676259,
                -1.6519585733122193
              ],
              [
                -78.74146703361795,
                -1.651927713294683
              ],
              [
                -78.74152673176144,
                -1.6518652561308613
              ],
              [
                -78.74159852016463,
                -1.6517945365105773
              ],
              [
                -78.74167174245223,
                -1.651728471499261
              ],
              [
                -78.74171723761776,
                -1.6516868230160249
              ],
              [
                -78.74181784540833,
                -1.6516052998727058
              ],
              [
                -78.74189000152572,
                -1.6515406700983488
              ],
              [
                -78.74196821356774,
                -1.6514774620280357
              ],
              [
                -78.74204144939418,
                -1.6514192791166198
              ],
              [
                -78.742113980461,
                -1.6513646816295893
              ],
              [
                -78.74216802930123,
                -1.6513273161842996
              ],
              [
                -78.74228111912916,
                -1.6512565180421857
              ],
              [
                -78.74231703327048,
                -1.6512317275348245
              ],
              [
                -78.74239275674148,
                -1.6511710324494047
              ],
              [
                -78.74245673837427,
                -1.6511139427173969
              ],
              [
                -78.74253706892281,
                -1.6510417727541724
              ],
              [
                -78.7425708237094,
                -1.6510048044479795
              ],
              [
                -78.74262837295348,
                -1.65093518669256
              ],
              [
                -78.74268734032293,
                -1.6508626993886244
              ],
              [
                -78.74276229115382,
                -1.6507694008562288
              ],
              [
                -78.74284685616558,
                -1.650676801254033
              ],
              [
                -78.74289873453203,
                -1.6506211675731473
              ],
              [
                -78.74293642918101,
                -1.6505963736380789
              ],
              [
                -78.74296310080818,
                -1.650579841588307
              ],
              [
                -78.74300508721743,
                -1.6505650717889004
              ],
              [
                -78.74302501738713,
                -1.6505607344763173
              ],
              [
                -78.7430538556038,
                -1.6505603217396716
              ],
              [
                -78.74314109167643,
                -1.6505630222558176
              ],
              [
                -78.74325504219567,
                -1.6505717641035909
              ],
              [
                -78.74337362289366,
                -1.65058121275336
              ],
              [
                -78.74343237511395,
                -1.6505839675087957
              ],
              [
                -78.74347972776704,
                -1.6505831609688892
              ],
              [
                -78.74355412940885,
                -1.6505769295685184
              ],
              [
                -78.7436815772553,
                -1.6505684462677188
              ],
              [
                -78.74384926619571,
                -1.6505641872875967
              ],
              [
                -78.7439824688126,
                -1.6505613258231968
              ],
              [
                -78.74398836696811,
                -1.6453223844083702
              ]
            ]
          ]
        ]
      }
    },
    {
      "type": "Feature",
      "properties": {
        "CELL_ID": "R-1000-33-19",
        "AMBITO": "RURAL",
        "CATEGORIA": "CONVIVENCIA",
        "PLATAFORMA": null,
        "PARROQUIA": "CALPI",
        "DISTANCE_M": 2000,
        "CELL_SIZE_M": 1000,
        "COUNT": 16,
        "GI_ZSCORE": 5.070506576325835,
        "GI_PVALUE": 3.967582049986716e-07,
        "GI_CLASS": "HOTSPOT 99%",
        "NIVEL": 99,
        "COB_A_PCT": 0.0,
        "ESTADO_A": "SIN COBERTURA",
        "COB_B_PCT": 0.0,
        "ESTADO_B": "SIN COBERTURA",
        "COB_C_PCT": 0.0,
        "ESTADO_C": "SIN COBERTURA",
        "COB_B_ANTERIOR_PCT": 0.0,
        "ESTADO_B_ANTERIOR": "SIN COBERTURA",
        "COB_C_ANTERIOR_PCT": 0.0,
        "ESTADO_C_ANTERIOR": "SIN COBERTURA"
      },
      "geometry": {
        "type": "MultiPolygon",
        "coordinates": [
          [
            [
              [
                -78.73499475094083,
                -1.6543522607993788
              ],
              [
                -78.73500498088633,
                -1.6453121383806186
              ],
              [
                -78.72602165093494,
                -1.6453018517196079
              ],
              [
                -78.72601138050094,
                -1.654341917588509
              ],
              [
                -78.73499475094083,
                -1.6543522607993788
              ]
            ]
          ]
        ]
      }
    },
    {
      "type": "Feature",
      "properties": {
        "CELL_ID": "R-1000-33-20",
        "AMBITO": "RURAL",
        "CATEGORIA": "CONVIVENCIA",
        "PLATAFORMA": null,
        "PARROQUIA": "CALPI",
        "DISTANCE_M": 2000,
        "CELL_SIZE_M": 1000,
        "COUNT": 0,
        "GI_ZSCORE": 10.696558337693347,
        "GI_PVALUE": 1.0562892869773571e-26,
        "GI_CLASS": "HOTSPOT 99%",
        "NIVEL": 99,
        "COB_A_PCT": 0.0,
        "ESTADO_A": "SIN COBERTURA",
        "COB_B_PCT": 0.0,
        "ESTADO_B": "SIN COBERTURA",
        "COB_C_PCT": 0.0,
        "ESTADO_C": "SIN COBERTURA",
        "COB_B_ANTERIOR_PCT": 0.0,
        "ESTADO_B_ANTERIOR": "SIN COBERTURA",
        "COB_C_ANTERIOR_PCT": 0.0,
        "ESTADO_C_ANTERIOR": "SIN COBERTURA"
      },
      "geometry": {
        "type": "MultiPolygon",
        "coordinates": [
          [
            [
              [
                -78.72601138050094,
                -1.654341917588509
              ],
              [
                -78.72602165093494,
                -1.6453018517196079
              ],
              [
                -78.7170383773361,
                -1.645291524426603
              ],
              [
                -78.71702806641484,
                -1.6543315335222755
              ],
              [
                -78.72601138050094,
                -1.654341917588509
              ]
            ]
          ]
        ]
      }
    },
    {
      "type": "Feature",
      "properties": {
        "CELL_ID": "R-1000-33-21",
        "AMBITO": "RURAL",
        "CATEGORIA": "CONVIVENCIA",
        "PLATAFORMA": null,
        "PARROQUIA": "LICAN",
        "DISTANCE_M": 2000,
        "CELL_SIZE_M": 1000,
        "COUNT": 1,
        "GI_ZSCORE": 10.270330129999563,
        "GI_PVALUE": 9.587600623337992e-25,
        "GI_CLASS": "HOTSPOT 99%",
        "NIVEL": 99,
        "COB_A_PCT": 0.0,
        "ESTADO_A": "SIN COBERTURA",
        "COB_B_PCT": 0.0,
        "ESTADO_B": "SIN COBERTURA",
        "COB_C_PCT": 0.0,
        "ESTADO_C": "SIN COBERTURA",
        "COB_B_ANTERIOR_PCT": 0.0,
        "ESTADO_B_ANTERIOR": "SIN COBERTURA",
        "COB_C_ANTERIOR_PCT": 0.0,
        "ESTADO_C_ANTERIOR": "SIN COBERTURA"
      },
      "geometry": {
        "type": "MultiPolygon",
        "coordinates": [
          [
            [
              [
                -78.71702806641484,
                -1.6543315335222755
              ],
              [
                -78.7170383773361,
                -1.645291524426603
              ],
              [
                -78.70805516031194,
                -1.6452811565028744
              ],
              [
                -78.70804480890473,
                -1.6543211086019562
              ],
              [
                -78.71702806641484,
                -1.6543315335222755
              ]
            ]
          ]
        ]
      }
    },
    {
      "type": "Feature",
      "properties": {
        "CELL_ID": "R-1000-33-22",
        "AMBITO": "RURAL",
        "CATEGORIA": "CONVIVENCIA",
        "PLATAFORMA": null,
        "PARROQUIA": "LICAN",
        "DISTANCE_M": 2000,
        "CELL_SIZE_M": 1000,
        "COUNT": 59,
        "GI_ZSCORE": 9.172273754996093,
        "GI_PVALUE": 4.6314508825228014e-20,
        "GI_CLASS": "HOTSPOT 99%",
        "NIVEL": 99,
        "COB_A_PCT": 0.0,
        "ESTADO_A": "SIN COBERTURA",
        "COB_B_PCT": 17.351263062871766,
        "ESTADO_B": "PARCIALMENTE CUBIERTO",
        "COB_C_PCT": 17.351263062871773,
        "ESTADO_C": "PARCIALMENTE CUBIERTO",
        "COB_B_ANTERIOR_PCT": 17.351263062871766,
        "ESTADO_B_ANTERIOR": "PARCIALMENTE CUBIERTO",
        "COB_C_ANTERIOR_PCT": 17.351263062871773,
        "ESTADO_C_ANTERIOR": "PARCIALMENTE CUBIERTO"
      },
      "geometry": {
        "type": "MultiPolygon",
        "coordinates": [
          [
            [
              [
                -78.70804480890473,
                -1.6543211086019562
              ],
              [
                -78.70805516031194,
                -1.6452811565028744
              ],
              [
                -78.69907200008464,
                -1.645270747949697
              ],
              [
                -78.69906160819271,
                -1.6543106428288321
              ],
              [
                -78.70804480890473,
                -1.6543211086019562
              ]
            ]
          ]
        ]
      }
    },
    {
      "type": "Feature",
      "properties": {
        "CELL_ID": "R-1000-33-23",
        "AMBITO": "RURAL",
        "CATEGORIA": "CONVIVENCIA",
        "PLATAFORMA": null,
        "PARROQUIA": "LICAN",
        "DISTANCE_M": 2000,
        "CELL_SIZE_M": 1000,
        "COUNT": 14,
        "GI_ZSCORE": 10.731594449361397,
        "GI_PVALUE": 7.233710743806023e-27,
        "GI_CLASS": "HOTSPOT 99%",
        "NIVEL": 99,
        "COB_A_PCT": 4.440069589473894,
        "ESTADO_A": "PARCIALMENTE CUBIERTO",
        "COB_B_PCT": 9.646186043501222,
        "ESTADO_B": "PARCIALMENTE CUBIERTO",
        "COB_C_PCT": 11.879345086567355,
        "ESTADO_C": "PARCIALMENTE CUBIERTO",
        "COB_B_ANTERIOR_PCT": 9.646186043501222,
        "ESTADO_B_ANTERIOR": "PARCIALMENTE CUBIERTO",
        "COB_C_ANTERIOR_PCT": 11.879345086567355,
        "ESTADO_C_ANTERIOR": "PARCIALMENTE CUBIERTO"
      },
      "geometry": {
        "type": "MultiPolygon",
        "coordinates": [
          [
            [
              [
                -78.69906160819271,
                -1.6543106428288321
              ],
              [
                -78.69907200008464,
                -1.645270747949697
              ],
              [
                -78.69183501495236,
                -1.6452623330460752
              ],
              [
                -78.69064731205118,
                -1.6490230515173587
              ],
              [
                -78.6906476108033,
                -1.649023058425952
              ],
              [
                -78.69224734007624,
                -1.6490600567384759
              ],
              [
                -78.69223370544609,
                -1.6493757589597553
              ],
              [
                -78.69223211900463,
                -1.6493859097784833
              ],
              [
                -78.69223209039177,
                -1.6493860928778705
              ],
              [
                -78.69222951197774,
                -1.6494848832592792
              ],
              [
                -78.6921841826736,
                -1.6497393205676543
              ],
              [
                -78.6921587822046,
                -1.6498552060389091
              ],
              [
                -78.69215826379752,
                -1.6498585234209049
              ],
              [
                -78.69213673046677,
                -1.6499963182162778
              ],
              [
                -78.69259464585026,
                -1.6500994143690793
              ],
              [
                -78.69289387929108,
                -1.6501567459393012
              ],
              [
                -78.69288781705242,
                -1.6501654190174695
              ],
              [
                -78.69288839404788,
                -1.6501655489222486
              ],
              [
                -78.69293616289987,
                -1.6501763033764318
              ],
              [
                -78.69240898608227,
                -1.6507262813476418
              ],
              [
                -78.69294729200192,
                -1.6513164537841496
              ],
              [
                -78.6948449518406,
                -1.653330931454818
              ],
              [
                -78.6948408032051,
                -1.653335015486726
              ],
              [
                -78.6948425024201,
                -1.6533368062856397
              ],
              [
                -78.69474745680735,
                -1.6534269055701505
              ],
              [
                -78.6947212246338,
                -1.6534527284824474
              ],
              [
                -78.69386421886551,
                -1.6542963607550472
              ],
              [
                -78.69387019245774,
                -1.654304575974328
              ],
              [
                -78.69906160819271,
                -1.6543106428288321
              ]
            ]
          ]
        ]
      }
    },
    {
      "type": "Feature",
      "properties": {
        "CELL_ID": "R-1000-33-33",
        "AMBITO": "RURAL",
        "CATEGORIA": "CONVIVENCIA",
        "PLATAFORMA": null,
        "PARROQUIA": "CUBIJIES",
        "DISTANCE_M": 2000,
        "CELL_SIZE_M": 1000,
        "COUNT": 3,
        "GI_ZSCORE": 1.7530857617929267,
        "GI_PVALUE": 0.07958728714771543,
        "GI_CLASS": "HOTSPOT 90%",
        "NIVEL": 90,
        "COB_A_PCT": 0.0,
        "ESTADO_A": "SIN COBERTURA",
        "COB_B_PCT": 0.0,
        "ESTADO_B": "SIN COBERTURA",
        "COB_C_PCT": 0.0,
        "ESTADO_C": "SIN COBERTURA",
        "COB_B_ANTERIOR_PCT": 0.0,
        "ESTADO_B_ANTERIOR": "SIN COBERTURA",
        "COB_C_ANTERIOR_PCT": 0.0,
        "ESTADO_C_ANTERIOR": "SIN COBERTURA"
      },
      "geometry": {
        "type": "MultiPolygon",
        "coordinates": [
          [
            [
              [
                -78.60026104970065,
                -1.6451535726908122
              ],
              [
                -78.60025021256247,
                -1.654192823411094
              ],
              [
                -78.60923277383569,
                -1.6542037384790107
              ],
              [
                -78.60924127951705,
                -1.6470866663194197
              ],
              [
                -78.6092269273229,
                -1.6470857795235083
              ],
              [
                -78.60912727750423,
                -1.647078133942321
              ],
              [
                -78.60905993414563,
                -1.6470729670879611
              ],
              [
                -78.60899570476302,
                -1.647068039015101
              ],
              [
                -78.60892289504145,
                -1.6470625184450909
              ],
              [
                -78.60886106458007,
                -1.647057867157654
              ],
              [
                -78.60883896021326,
                -1.647055658367409
              ],
              [
                -78.60880810708288,
                -1.6470524799379533
              ],
              [
                -78.60877677703672,
                -1.6470492530237295
              ],
              [
                -78.60875101729637,
                -1.6470465996027077
              ],
              [
                -78.60871714729446,
                -1.6470431101913856
              ],
              [
                -78.60868087115809,
                -1.647039373811671
              ],
              [
                -78.60864504319838,
                -1.6470356831694346
              ],
              [
                -78.6085944690376,
                -1.6470278256667652
              ],
              [
                -78.6085563037916,
                -1.6470218967765498
              ],
              [
                -78.60854778540559,
                -1.6470205730737368
              ],
              [
                -78.60853470103737,
                -1.6470178635513888
              ],
              [
                -78.60851011912942,
                -1.6470127727428279
              ],
              [
                -78.60847345416231,
                -1.6470051806216008
              ],
              [
                -78.60845139034585,
                -1.647000610807504
              ],
              [
                -78.60843971768895,
                -1.6469981940562732
              ],
              [
                -78.60842484338808,
                -1.6469944871424793
              ],
              [
                -78.60841297735205,
                -1.6469915305103013
              ],
              [
                -78.608387512162,
                -1.6469851839768108
              ],
              [
                -78.60834494296486,
                -1.6469745746294988
              ],
              [
                -78.60832176315887,
                -1.6469687985257038
              ],
              [
                -78.6083161705602,
                -1.6469673373435005
              ],
              [
                -78.60829327125629,
                -1.646960602506887
              ],
              [
                -78.60826387445024,
                -1.6469519552368495
              ],
              [
                -78.60822417646008,
                -1.646940279102313
              ],
              [
                -78.60820949870971,
                -1.6469359622716766
              ],
              [
                -78.60816770764593,
                -1.6469221430982153
              ],
              [
                -78.6081449602022,
                -1.6469146120810552
              ],
              [
                -78.60809901277469,
                -1.6468993994473482
              ],
              [
                -78.60807611357595,
                -1.646890321619858
              ],
              [
                -78.60802468577612,
                -1.6468699336845793
              ],
              [
                -78.60798732161277,
                -1.6468551219188774
              ],
              [
                -78.60794758393581,
                -1.6468368153983635
              ],
              [
                -78.6079067250691,
                -1.6468178964658864
              ],
              [
                -78.60787361926168,
                -1.6468025673729272
              ],
              [
                -78.60784336923179,
                -1.6467885596623466
              ],
              [
                -78.60780516504668,
                -1.6467708696688326
              ],
              [
                -78.60777864251845,
                -1.64675858845129
              ],
              [
                -78.60768463999064,
                -1.646705911273002
              ],
              [
                -78.6075855962368,
                -1.6466504095491217
              ],
              [
                -78.60742725156592,
                -1.6465616763706394
              ],
              [
                -78.60735531733863,
                -1.6465196072829156
              ],
              [
                -78.6070940225471,
                -1.646363279419049
              ],
              [
                -78.606938192514,
                -1.6462682398671356
              ],
              [
                -78.6068826106086,
                -1.6462333261789301
              ],
              [
                -78.6068066921342,
                -1.6461789000776665
              ],
              [
                -78.606711909081,
                -1.6461081867619678
              ],
              [
                -78.60660568717228,
                -1.6460220702120372
              ],
              [
                -78.60654351440834,
                -1.645971666046736
              ],
              [
                -78.60647244490075,
                -1.6459050599312453
              ],
              [
                -78.60640009974544,
                -1.6458310346252583
              ],
              [
                -78.60630349233872,
                -1.645720449471475
              ],
              [
                -78.60626500289875,
                -1.6456746270311626
              ],
              [
                -78.60622338253,
                -1.6456254698267596
              ],
              [
                -78.60617454823337,
                -1.6455605402680737
              ],
              [
                -78.60613970935353,
                -1.6455116642478624
              ],
              [
                -78.60612784619956,
                -1.6454950212143238
              ],
              [
                -78.60612255261579,
                -1.6454868812544219
              ],
              [
                -78.60610126236845,
                -1.6454535999389235
              ],
              [
                -78.60607598770878,
                -1.6454140902509637
              ],
              [
                -78.6060524025317,
                -1.6453724339627827
              ],
              [
                -78.60602766641966,
                -1.64532874605809
              ],
              [
                -78.60600666098377,
                -1.6452916459851048
              ],
              [
                -78.60598455122287,
                -1.6452525975133492
              ],
              [
                -78.60596143574318,
                -1.6452117697970308
              ],
              [
                -78.60594579599646,
                -1.645178838806752
              ],
              [
                -78.60593722907008,
                -1.6451604370949218
              ],
              [
                -78.60026104970065,
                -1.6451535726908122
              ]
            ]
          ]
        ]
      }
    },
    {
      "type": "Feature",
      "properties": {
        "CELL_ID": "R-1000-34-17",
        "AMBITO": "RURAL",
        "CATEGORIA": "CONVIVENCIA",
        "PLATAFORMA": null,
        "PARROQUIA": "CALPI",
        "DISTANCE_M": 2000,
        "CELL_SIZE_M": 1000,
        "COUNT": 0,
        "GI_ZSCORE": 3.0244505992052306,
        "GI_PVALUE": 0.0024908514694915876,
        "GI_CLASS": "HOTSPOT 99%",
        "NIVEL": 99,
        "COB_A_PCT": 0.863809201592318,
        "ESTADO_A": "PARCIALMENTE CUBIERTO",
        "COB_B_PCT": 2.2449925268085,
        "ESTADO_B": "PARCIALMENTE CUBIERTO",
        "COB_C_PCT": 2.2449925268085,
        "ESTADO_C": "PARCIALMENTE CUBIERTO",
        "COB_B_ANTERIOR_PCT": 2.2449925268085,
        "ESTADO_B_ANTERIOR": "PARCIALMENTE CUBIERTO",
        "COB_C_ANTERIOR_PCT": 2.2449925268085,
        "ESTADO_C_ANTERIOR": "PARCIALMENTE CUBIERTO"
      },
      "geometry": {
        "type": "MultiPolygon",
        "coordinates": [
          [
            [
              [
                -78.75297180895814,
                -1.6453325898016025
              ],
              [
                -78.75298190223675,
                -1.6362923540688545
              ],
              [
                -78.74399850051559,
                -1.6362822047782388
              ],
              [
                -78.74398836696811,
                -1.6453223844083702
              ],
              [
                -78.75297180895814,
                -1.6453325898016025
              ]
            ]
          ]
        ]
      }
    },
    {
      "type": "Feature",
      "properties": {
        "CELL_ID": "R-1000-34-18",
        "AMBITO": "RURAL",
        "CATEGORIA": "CONVIVENCIA",
        "PLATAFORMA": null,
        "PARROQUIA": "CALPI",
        "DISTANCE_M": 2000,
        "CELL_SIZE_M": 1000,
        "COUNT": 5,
        "GI_ZSCORE": 4.6228063780569215,
        "GI_PVALUE": 3.7858306068173505e-06,
        "GI_CLASS": "HOTSPOT 99%",
        "NIVEL": 99,
        "COB_A_PCT": 0.0,
        "ESTADO_A": "SIN COBERTURA",
        "COB_B_PCT": 8.656255450864823,
        "ESTADO_B": "PARCIALMENTE CUBIERTO",
        "COB_C_PCT": 8.656255450864823,
        "ESTADO_C": "PARCIALMENTE CUBIERTO",
        "COB_B_ANTERIOR_PCT": 8.656255450864823,
        "ESTADO_B_ANTERIOR": "PARCIALMENTE CUBIERTO",
        "COB_C_ANTERIOR_PCT": 8.656255450864823,
        "ESTADO_C_ANTERIOR": "PARCIALMENTE CUBIERTO"
      },
      "geometry": {
        "type": "MultiPolygon",
        "coordinates": [
          [
            [
              [
                -78.74398836696811,
                -1.6453223844083702
              ],
              [
                -78.74399850051559,
                -1.6362822047782388
              ],
              [
                -78.73501515470141,
                -1.636272015076485
              ],
              [
                -78.73500498088633,
                -1.6453121383806186
              ],
              [
                -78.74398836696811,
                -1.6453223844083702
              ]
            ]
          ]
        ]
      }
    },
    {
      "type": "Feature",
      "properties": {
        "CELL_ID": "R-1000-34-19",
        "AMBITO": "RURAL",
        "CATEGORIA": "CONVIVENCIA",
        "PLATAFORMA": null,
        "PARROQUIA": "CALPI",
        "DISTANCE_M": 2000,
        "CELL_SIZE_M": 1000,
        "COUNT": 0,
        "GI_ZSCORE": 4.729363429980367,
        "GI_PVALUE": 2.2522489809140693e-06,
        "GI_CLASS": "HOTSPOT 99%",
        "NIVEL": 99,
        "COB_A_PCT": 0.0,
        "ESTADO_A": "SIN COBERTURA",
        "COB_B_PCT": 0.0,
        "ESTADO_B": "SIN COBERTURA",
        "COB_C_PCT": 0.0,
        "ESTADO_C": "SIN COBERTURA",
        "COB_B_ANTERIOR_PCT": 0.0,
        "ESTADO_B_ANTERIOR": "SIN COBERTURA",
        "COB_C_ANTERIOR_PCT": 0.0,
        "ESTADO_C_ANTERIOR": "SIN COBERTURA"
      },
      "geometry": {
        "type": "MultiPolygon",
        "coordinates": [
          [
            [
              [
                -78.73500498088633,
                -1.6453121383806186
              ],
              [
                -78.73501515470141,
                -1.636272015076485
              ],
              [
                -78.72603186501638,
                -1.6362617849648466
              ],
              [
                -78.72602165093494,
                -1.6453018517196079
              ],
              [
                -78.73500498088633,
                -1.6453121383806186
              ]
            ]
          ]
        ]
      }
    },
    {
      "type": "Feature",
      "properties": {
        "CELL_ID": "R-1000-34-20",
        "AMBITO": "RURAL",
        "CATEGORIA": "CONVIVENCIA",
        "PLATAFORMA": null,
        "PARROQUIA": "LICAN",
        "DISTANCE_M": 2000,
        "CELL_SIZE_M": 1000,
        "COUNT": 0,
        "GI_ZSCORE": 2.8113364953583386,
        "GI_PVALUE": 0.0049336158913013215,
        "GI_CLASS": "HOTSPOT 99%",
        "NIVEL": 99,
        "COB_A_PCT": 0.0,
        "ESTADO_A": "SIN COBERTURA",
        "COB_B_PCT": 0.0,
        "ESTADO_B": "SIN COBERTURA",
        "COB_C_PCT": 0.0,
        "ESTADO_C": "SIN COBERTURA",
        "COB_B_ANTERIOR_PCT": 0.0,
        "ESTADO_B_ANTERIOR": "SIN COBERTURA",
        "COB_C_ANTERIOR_PCT": 0.0,
        "ESTADO_C_ANTERIOR": "SIN COBERTURA"
      },
      "geometry": {
        "type": "MultiPolygon",
        "coordinates": [
          [
            [
              [
                -78.72602165093494,
                -1.6453018517196079
              ],
              [
                -78.72603186501638,
                -1.6362617849648466
              ],
              [
                -78.71704863168263,
                -1.6362515144445824
              ],
              [
                -78.7170383773361,
                -1.645291524426603
              ],
              [
                -78.72602165093494,
                -1.6453018517196079
              ]
            ]
          ]
        ]
      }
    },
    {
      "type": "Feature",
      "properties": {
        "CELL_ID": "R-1000-34-21",
        "AMBITO": "RURAL",
        "CATEGORIA": "CONVIVENCIA",
        "PLATAFORMA": null,
        "PARROQUIA": "LICAN",
        "DISTANCE_M": 2000,
        "CELL_SIZE_M": 1000,
        "COUNT": 0,
        "GI_ZSCORE": 6.753947416525842,
        "GI_PVALUE": 1.4387591266879773e-11,
        "GI_CLASS": "HOTSPOT 99%",
        "NIVEL": 99,
        "COB_A_PCT": 0.0,
        "ESTADO_A": "SIN COBERTURA",
        "COB_B_PCT": 0.0,
        "ESTADO_B": "SIN COBERTURA",
        "COB_C_PCT": 0.0,
        "ESTADO_C": "SIN COBERTURA",
        "COB_B_ANTERIOR_PCT": 0.0,
        "ESTADO_B_ANTERIOR": "SIN COBERTURA",
        "COB_C_ANTERIOR_PCT": 0.0,
        "ESTADO_C_ANTERIOR": "SIN COBERTURA"
      },
      "geometry": {
        "type": "MultiPolygon",
        "coordinates": [
          [
            [
              [
                -78.7170383773361,
                -1.645291524426603
              ],
              [
                -78.71704863168263,
                -1.6362515144445824
              ],
              [
                -78.70806545492235,
                -1.6362412035169542
              ],
              [
                -78.70805516031194,
                -1.6452811565028744
              ],
              [
                -78.7170383773361,
                -1.645291524426603
              ]
            ]
          ]
        ]
      }
    },
    {
      "type": "Feature",
      "properties": {
        "CELL_ID": "R-1000-34-22",
        "AMBITO": "RURAL",
        "CATEGORIA": "CONVIVENCIA",
        "PLATAFORMA": null,
        "PARROQUIA": "LICAN",
        "DISTANCE_M": 2000,
        "CELL_SIZE_M": 1000,
        "COUNT": 0,
        "GI_ZSCORE": 8.839698037806613,
        "GI_PVALUE": 9.597764519557027e-19,
        "GI_CLASS": "HOTSPOT 99%",
        "NIVEL": 99,
        "COB_A_PCT": 0.0,
        "ESTADO_A": "SIN COBERTURA",
        "COB_B_PCT": 0.0,
        "ESTADO_B": "SIN COBERTURA",
        "COB_C_PCT": 0.0,
        "ESTADO_C": "SIN COBERTURA",
        "COB_B_ANTERIOR_PCT": 0.0,
        "ESTADO_B_ANTERIOR": "SIN COBERTURA",
        "COB_C_ANTERIOR_PCT": 0.0,
        "ESTADO_C_ANTERIOR": "SIN COBERTURA"
      },
      "geometry": {
        "type": "MultiPolygon",
        "coordinates": [
          [
            [
              [
                -78.70805516031194,
                -1.6452811565028744
              ],
              [
                -78.70806545492235,
                -1.6362412035169542
              ],
              [
                -78.6990823349576,
                -1.6362308521832316
              ],
              [
                -78.69907200008464,
                -1.645270747949697
              ],
              [
                -78.70805516031194,
                -1.6452811565028744
              ]
            ]
          ]
        ]
      }
    },
    {
      "type": "Feature",
      "properties": {
        "CELL_ID": "R-1000-34-23",
        "AMBITO": "RURAL",
        "CATEGORIA": "CONVIVENCIA",
        "PLATAFORMA": null,
        "PARROQUIA": "LICAN",
        "DISTANCE_M": 2000,
        "CELL_SIZE_M": 1000,
        "COUNT": 0,
        "GI_ZSCORE": 9.307056482536497,
        "GI_PVALUE": 1.314240031905317e-20,
        "GI_CLASS": "HOTSPOT 99%",
        "NIVEL": 99,
        "COB_A_PCT": 0.0,
        "ESTADO_A": "SIN COBERTURA",
        "COB_B_PCT": 0.0,
        "ESTADO_B": "SIN COBERTURA",
        "COB_C_PCT": 0.0,
        "ESTADO_C": "SIN COBERTURA",
        "COB_B_ANTERIOR_PCT": 0.0,
        "ESTADO_B_ANTERIOR": "SIN COBERTURA",
        "COB_C_ANTERIOR_PCT": 0.0,
        "ESTADO_C_ANTERIOR": "SIN COBERTURA"
      },
      "geometry": {
        "type": "MultiPolygon",
        "coordinates": [
          [
            [
              [
                -78.69907200008464,
                -1.645270747949697
              ],
              [
                -78.6990823349576,
                -1.6362308521832316
              ],
              [
                -78.69468915957356,
                -1.6362257751500797
              ],
              [
                -78.69457125988303,
                -1.6365991041669035
              ],
              [
                -78.69434548679888,
                -1.6373140120582805
              ],
              [
                -78.69434500374483,
                -1.6373145900575339
              ],
              [
                -78.69310009485025,
                -1.641256553834185
              ],
              [
                -78.69306258993063,
                -1.6413753122486996
              ],
              [
                -78.69306286291663,
                -1.6413753993484463
              ],
              [
                -78.69240093259629,
                -1.6434713567671069
              ],
              [
                -78.69240073442555,
                -1.6434710329611835
              ],
              [
                -78.69183501495236,
                -1.6452623330460752
              ],
              [
                -78.69907200008464,
                -1.645270747949697
              ]
            ]
          ]
        ]
      }
    },
    {
      "type": "Feature",
      "properties": {
        "CELL_ID": "R-1000-34-34",
        "AMBITO": "RURAL",
        "CATEGORIA": "CONVIVENCIA",
        "PLATAFORMA": null,
        "PARROQUIA": "CUBIJIES",
        "DISTANCE_M": 2000,
        "CELL_SIZE_M": 1000,
        "COUNT": 0,
        "GI_ZSCORE": 1.892489777639074,
        "GI_PVALUE": 0.058425754371947976,
        "GI_CLASS": "HOTSPOT 90%",
        "NIVEL": 90,
        "COB_A_PCT": 0.0,
        "ESTADO_A": "SIN COBERTURA",
        "COB_B_PCT": 0.0,
        "ESTADO_B": "SIN COBERTURA",
        "COB_C_PCT": 0.0,
        "ESTADO_C": "SIN COBERTURA",
        "COB_B_ANTERIOR_PCT": 0.0,
        "ESTADO_B_ANTERIOR": "SIN COBERTURA",
        "COB_C_ANTERIOR_PCT": 0.0,
        "ESTADO_C_ANTERIOR": "SIN COBERTURA"
      },
      "geometry": {
        "type": "MultiPolygon",
        "coordinates": [
          [
            [
              [
                -78.59127858835977,
                -1.6451426766855248
              ],
              [
                -78.60026104970065,
                -1.6451535726908122
              ],
              [
                -78.60026904771941,
                -1.6384504023911894
              ],
              [
                -78.60022395810479,
                -1.6384265064165333
              ],
              [
                -78.60013725200848,
                -1.6383805556182176
              ],
              [
                -78.60005700204053,
                -1.6383380258330333
              ],
              [
                -78.59997403839142,
                -1.6382940573423033
              ],
              [
                -78.59989303438557,
                -1.63825112801992
              ],
              [
                -78.59978839356104,
                -1.6381956725127542
              ],
              [
                -78.59970313995224,
                -1.6381504909095954
              ],
              [
                -78.59960053644762,
                -1.6380942180037603
              ],
              [
                -78.59953756976398,
                -1.638059170077755
              ],
              [
                -78.59949394299112,
                -1.6380348868276022
              ],
              [
                -78.59945672343093,
                -1.6380143607894322
              ],
              [
                -78.5994167770383,
                -1.6379936307917908
              ],
              [
                -78.59937236552751,
                -1.6379705840714158
              ],
              [
                -78.59930311039857,
                -1.6379346445267817
              ],
              [
                -78.59924730000452,
                -1.6379056814257262
              ],
              [
                -78.59914165156741,
                -1.637850855662286
              ],
              [
                -78.59906837120684,
                -1.6378128268148244
              ],
              [
                -78.59812603086154,
                -1.637310865957484
              ],
              [
                -78.59771551302944,
                -1.6370891026660366
              ],
              [
                -78.5970014852639,
                -1.6367002905777615
              ],
              [
                -78.59695173011734,
                -1.6361103205321
              ],
              [
                -78.59357664226634,
                -1.6361062480597384
              ],
              [
                -78.59356930375027,
                -1.6361165692197281
              ],
              [
                -78.593542171948,
                -1.6361485479527822
              ],
              [
                -78.59350201276074,
                -1.636185951659284
              ],
              [
                -78.5934478778929,
                -1.6362165202020773
              ],
              [
                -78.5934158739698,
                -1.6362297131625734
              ],
              [
                -78.5933917291822,
                -1.6362410499183242
              ],
              [
                -78.59336262213066,
                -1.6362602339539827
              ],
              [
                -78.59333378279315,
                -1.6362786328036025
              ],
              [
                -78.59330735938623,
                -1.6362973165934713
              ],
              [
                -78.59328015717219,
                -1.6363197922977029
              ],
              [
                -78.59326822683825,
                -1.6363430439326359
              ],
              [
                -78.59326601291022,
                -1.636376734945066
              ],
              [
                -78.5932619863861,
                -1.6364020941283555
              ],
              [
                -78.59325018287156,
                -1.6364259569664354
              ],
              [
                -78.59322674713829,
                -1.6364528203327378
              ],
              [
                -78.59318742192725,
                -1.6364846017250467
              ],
              [
                -78.59316539407399,
                -1.6365006405180065
              ],
              [
                -78.59313991254194,
                -1.6365196400015132
              ],
              [
                -78.59312517648287,
                -1.6365312719437224
              ],
              [
                -78.59311024075444,
                -1.6365438744563185
              ],
              [
                -78.5930903379983,
                -1.6365525027517642
              ],
              [
                -78.59307218479579,
                -1.6365552929221774
              ],
              [
                -78.59304631247582,
                -1.6365502412857038
              ],
              [
                -78.59300832231787,
                -1.6365328563653367
              ],
              [
                -78.59297665923651,
                -1.6365170943968084
              ],
              [
                -78.59294996825656,
                -1.6364972888663263
              ],
              [
                -78.59293270085848,
                -1.6364743644400885
              ],
              [
                -78.59291796215497,
                -1.6364505662651467
              ],
              [
                -78.59288940026877,
                -1.6364073098460479
              ],
              [
                -78.5928515783026,
                -1.6363769448182772
              ],
              [
                -78.5928344846992,
                -1.63636796449811
              ],
              [
                -78.59280701738196,
                -1.6363589192186778
              ],
              [
                -78.59278144794797,
                -1.636355983125713
              ],
              [
                -78.59276101348323,
                -1.63635930385307
              ],
              [
                -78.5927300127117,
                -1.6363703990986607
              ],
              [
                -78.59269648824773,
                -1.6363841994430364
              ],
              [
                -78.59267192925303,
                -1.6363956396318027
              ],
              [
                -78.59265146258258,
                -1.6364048746761506
              ],
              [
                -78.59260058794524,
                -1.6364282464690558
              ],
              [
                -78.59254288010474,
                -1.636456370956456
              ],
              [
                -78.5925128721321,
                -1.6364702758777951
              ],
              [
                -78.59246122538934,
                -1.636491069649708
              ],
              [
                -78.59241547399401,
                -1.6365117051247966
              ],
              [
                -78.59237766332902,
                -1.6365283449179095
              ],
              [
                -78.59231670507302,
                -1.6365479225027415
              ],
              [
                -78.5922719487699,
                -1.6365641760591383
              ],
              [
                -78.59222783086518,
                -1.636584404022299
              ],
              [
                -78.59218216677264,
                -1.636607153862277
              ],
              [
                -78.59214871528334,
                -1.6366313123059029
              ],
              [
                -78.59211559243363,
                -1.6366623418489732
              ],
              [
                -78.59209639209566,
                -1.6366822717963694
              ],
              [
                -78.59208387431687,
                -1.6367009940461568
              ],
              [
                -78.59205840603217,
                -1.636739754130448
              ],
              [
                -78.59203512991306,
                -1.636768346847405
              ],
              [
                -78.59200627448577,
                -1.636802484701716
              ],
              [
                -78.59196812295373,
                -1.636845072017121
              ],
              [
                -78.59192602419594,
                -1.6368887067216196
              ],
              [
                -78.59188182287525,
                -1.636927641203694
              ],
              [
                -78.59181515082886,
                -1.636959322572025
              ],
              [
                -78.59177445765746,
                -1.6369872885925547
              ],
              [
                -78.59173585931632,
                -1.6370211624580362
              ],
              [
                -78.59170219722256,
                -1.637067479335434
              ],
              [
                -78.59168688523867,
                -1.6371221181989284
              ],
              [
                -78.59169048145498,
                -1.6371434677326664
              ],
              [
                -78.59169957013656,
                -1.6371605375156162
              ],
              [
                -78.5917108440723,
                -1.6371694719422667
              ],
              [
                -78.5917200833972,
                -1.6371769811374282
              ],
              [
                -78.59173061173864,
                -1.6371814474860338
              ],
              [
                -78.59174520534326,
                -1.6371853095077116
              ],
              [
                -78.59176110282284,
                -1.6371879781226502
              ],
              [
                -78.59177834458511,
                -1.6371954825316448
              ],
              [
                -78.59179284550085,
                -1.6372017443510283
              ],
              [
                -78.59181415438547,
                -1.6372131061886708
              ],
              [
                -78.591831959023,
                -1.637222385675104
              ],
              [
                -78.5918583484681,
                -1.6372359149310853
              ],
              [
                -78.5918774363763,
                -1.637245459914305
              ],
              [
                -78.59190307071304,
                -1.6372632421093813
              ],
              [
                -78.59192235196225,
                -1.637280127164652
              ],
              [
                -78.5919395726682,
                -1.637299250548661
              ],
              [
                -78.59194871564891,
                -1.6373212494812255
              ],
              [
                -78.5919512032858,
                -1.6373404680408454
              ],
              [
                -78.59195077022146,
                -1.6373638817816032
              ],
              [
                -78.59194806720895,
                -1.6373873723224648
              ],
              [
                -78.5919447238759,
                -1.6374107572340932
              ],
              [
                -78.59194137281746,
                -1.6374285757910696
              ],
              [
                -78.59193672112319,
                -1.637446379216302
              ],
              [
                -78.59193021409554,
                -1.637475854536627
              ],
              [
                -78.59192752869298,
                -1.6375018968669643
              ],
              [
                -78.59192578222542,
                -1.6375299669234338
              ],
              [
                -78.59192357285397,
                -1.6375755950840727
              ],
              [
                -78.59192186532074,
                -1.6376003957054248
              ],
              [
                -78.59191957846474,
                -1.637643210770157
              ],
              [
                -78.5919190968681,
                -1.6376643863432707
              ],
              [
                -78.59191715366529,
                -1.6376977350595654
              ],
              [
                -78.59191256372526,
                -1.637722491517902
              ],
              [
                -78.59190667914193,
                -1.6377482316839334
              ],
              [
                -78.59190006622349,
                -1.6377648305204944
              ],
              [
                -78.59188914575243,
                -1.6377833386511238
              ],
              [
                -78.59187442548502,
                -1.637801290793486
              ],
              [
                -78.59185571167608,
                -1.637812440619701
              ],
              [
                -78.59183690522035,
                -1.6378184334647923
              ],
              [
                -78.59181799622058,
                -1.637825299373048
              ],
              [
                -78.59180464503709,
                -1.6378318339374827
              ],
              [
                -78.59177835404357,
                -1.637845672799935
              ],
              [
                -78.5917482912193,
                -1.6378611115582373
              ],
              [
                -78.59171599060961,
                -1.637866245623052
              ],
              [
                -78.59169862714276,
                -1.637862118106163
              ],
              [
                -78.59168879056766,
                -1.6378552942597722
              ],
              [
                -78.59167822898436,
                -1.6378485771029534
              ],
              [
                -78.59167238326002,
                -1.6378372719256895
              ],
              [
                -78.59166919702687,
                -1.6378276395073315
              ],
              [
                -78.59166920723223,
                -1.6378228559710244
              ],
              [
                -78.59166921684694,
                -1.637818566878643
              ],
              [
                -78.59166921960238,
                -1.6378170121382662
              ],
              [
                -78.59167064868797,
                -1.6378132662115472
              ],
              [
                -78.59167328439042,
                -1.6378047752565181
              ],
              [
                -78.59167831620027,
                -1.6377958677807323
              ],
              [
                -78.59168170290833,
                -1.6377850573694466
              ],
              [
                -78.5916875860612,
                -1.6377635249579814
              ],
              [
                -78.59169106414812,
                -1.6377476527007275
              ],
              [
                -78.59169433815076,
                -1.6377319338630607
              ],
              [
                -78.59169261630564,
                -1.6377175757105173
              ],
              [
                -78.591686725686,
                -1.6377024957062738
              ],
              [
                -78.59167818852089,
                -1.6376839287902696
              ],
              [
                -78.5916680896982,
                -1.6376688003079036
              ],
              [
                -78.5916606341983,
                -1.6376576007508734
              ],
              [
                -78.59164425913318,
                -1.6376358967891091
              ],
              [
                -78.59162889008203,
                -1.637611950513278
              ],
              [
                -78.59161115702321,
                -1.6375848593500553
              ],
              [
                -78.59160962114409,
                -1.6375825082023725
              ],
              [
                -78.5915947131505,
                -1.6375598487643421
              ],
              [
                -78.59158215274817,
                -1.6375412941583227
              ],
              [
                -78.5915629283578,
                -1.6375174218621504
              ],
              [
                -78.5915497473443,
                -1.6375010621294566
              ],
              [
                -78.59153299092691,
                -1.637479776224434
              ],
              [
                -78.59151382851266,
                -1.6374574108401945
              ],
              [
                -78.59149759559803,
                -1.637438525478461
              ],
              [
                -78.59147786487925,
                -1.637415172326354
              ],
              [
                -78.5914617541649,
                -1.6374052793155003
              ],
              [
                -78.59144524686714,
                -1.6373950188333162
              ],
              [
                -78.59143008616283,
                -1.6373846497016138
              ],
              [
                -78.591418282427,
                -1.637375582660254
              ],
              [
                -78.59140849149769,
                -1.6373666427944888
              ],
              [
                -78.59139734057943,
                -1.6373562423560915
              ],
              [
                -78.59138497771993,
                -1.637344517112261
              ],
              [
                -78.59137361358877,
                -1.6373343930159097
              ],
              [
                -78.59136260484857,
                -1.6373215223349245
              ],
              [
                -78.59135471145323,
                -1.6373099507401685
              ],
              [
                -78.59134634425371,
                -1.6372972360168923
              ],
              [
                -78.5913369613804,
                -1.637282818886861
              ],
              [
                -78.59132637385078,
                -1.6372624814283165
              ],
              [
                -78.59131813950948,
                -1.6372445702270357
              ],
              [
                -78.59130819092815,
                -1.6372217260662003
              ],
              [
                -78.59129836308699,
                -1.6371925500884605
              ],
              [
                -78.59129242365906,
                -1.6371739637229443
              ],
              [
                -78.5912886834755,
                -1.6371626050539962
              ],
              [
                -78.59128814333178,
                -1.6371613527721207
              ],
              [
                -78.59127858835977,
                -1.6451426766855248
              ]
            ]
          ]
        ]
      }
    },
    {
      "type": "Feature",
      "properties": {
        "CELL_ID": "R-1000-35-18",
        "AMBITO": "RURAL",
        "CATEGORIA": "CONVIVENCIA",
        "PLATAFORMA": null,
        "PARROQUIA": "CALPI",
        "DISTANCE_M": 2000,
        "CELL_SIZE_M": 1000,
        "COUNT": 0,
        "GI_ZSCORE": 3.0244505992052306,
        "GI_PVALUE": 0.0024908514694915876,
        "GI_CLASS": "HOTSPOT 99%",
        "NIVEL": 99,
        "COB_A_PCT": 0.0,
        "ESTADO_A": "SIN COBERTURA",
        "COB_B_PCT": 0.0,
        "ESTADO_B": "SIN COBERTURA",
        "COB_C_PCT": 0.0,
        "ESTADO_C": "SIN COBERTURA",
        "COB_B_ANTERIOR_PCT": 0.0,
        "ESTADO_B_ANTERIOR": "SIN COBERTURA",
        "COB_C_ANTERIOR_PCT": 0.0,
        "ESTADO_C_ANTERIOR": "SIN COBERTURA"
      },
      "geometry": {
        "type": "MultiPolygon",
        "coordinates": [
          [
            [
              [
                -78.74399850051559,
                -1.6362822047782388
              ],
              [
                -78.74400857815608,
                -1.6272420242680758
              ],
              [
                -78.73502527238736,
                -1.6272318908918382
              ],
              [
                -78.73501515470141,
                -1.636272015076485
              ],
              [
                -78.74399850051559,
                -1.6362822047782388
              ]
            ]
          ]
        ]
      }
    },
    {
      "type": "Feature",
      "properties": {
        "CELL_ID": "R-1000-35-19",
        "AMBITO": "RURAL",
        "CATEGORIA": "CONVIVENCIA",
        "PLATAFORMA": null,
        "PARROQUIA": "LICAN",
        "DISTANCE_M": 2000,
        "CELL_SIZE_M": 1000,
        "COUNT": 0,
        "GI_ZSCORE": 2.5982223915114466,
        "GI_PVALUE": 0.009370778190714862,
        "GI_CLASS": "HOTSPOT 99%",
        "NIVEL": 99,
        "COB_A_PCT": 0.0,
        "ESTADO_A": "SIN COBERTURA",
        "COB_B_PCT": 0.0,
        "ESTADO_B": "SIN COBERTURA",
        "COB_C_PCT": 0.0,
        "ESTADO_C": "SIN COBERTURA",
        "COB_B_ANTERIOR_PCT": 0.0,
        "ESTADO_B_ANTERIOR": "SIN COBERTURA",
        "COB_C_ANTERIOR_PCT": 0.0,
        "ESTADO_C_ANTERIOR": "SIN COBERTURA"
      },
      "geometry": {
        "type": "MultiPolygon",
        "coordinates": [
          [
            [
              [
                -78.73501515470141,
                -1.636272015076485
              ],
              [
                -78.73502527238736,
                -1.6272318908918382
              ],
              [
                -78.72604202274654,
                -1.6272217173290884
              ],
              [
                -78.72603186501638,
                -1.6362617849648466
              ],
              [
                -78.73501515470141,
                -1.636272015076485
              ]
            ]
          ]
        ]
      }
    },
    {
      "type": "Feature",
      "properties": {
        "CELL_ID": "R-1000-35-22",
        "AMBITO": "RURAL",
        "CATEGORIA": "CONVIVENCIA",
        "PLATAFORMA": null,
        "PARROQUIA": "LICAN",
        "DISTANCE_M": 2000,
        "CELL_SIZE_M": 1000,
        "COUNT": 0,
        "GI_ZSCORE": 7.302227304686784,
        "GI_PVALUE": 2.8304256260421313e-13,
        "GI_CLASS": "HOTSPOT 99%",
        "NIVEL": 99,
        "COB_A_PCT": 12.565109003698987,
        "ESTADO_A": "PARCIALMENTE CUBIERTO",
        "COB_B_PCT": 12.565109003698993,
        "ESTADO_B": "PARCIALMENTE CUBIERTO",
        "COB_C_PCT": 12.565109003698996,
        "ESTADO_C": "PARCIALMENTE CUBIERTO",
        "COB_B_ANTERIOR_PCT": 12.565109003698993,
        "ESTADO_B_ANTERIOR": "PARCIALMENTE CUBIERTO",
        "COB_C_ANTERIOR_PCT": 12.565109003698996,
        "ESTADO_C_ANTERIOR": "PARCIALMENTE CUBIERTO"
      },
      "geometry": {
        "type": "MultiPolygon",
        "coordinates": [
          [
            [
              [
                -78.70806545492235,
                -1.6362412035169542
              ],
              [
                -78.70807569273717,
                -1.6272012496490638
              ],
              [
                -78.69909261281286,
                -1.6271909555343067
              ],
              [
                -78.6990823349576,
                -1.6362308521832316
              ],
              [
                -78.70806545492235,
                -1.6362412035169542
              ]
            ]
          ]
        ]
      }
    }
  ]
}