{
  "type": "FeatureCollection",
  "features": [
    {
      "type": "Feature",
      "properties": {
        "ID_PROPUESTA": "MUN-001",
        "ID_ORIGINAL": "RUR_CACH_01",
        "FILA_ORIGINAL": 1,
        "GRUPO": "CABECERA_RURAL",
        "SUBTIPO": "INTERSECCION_CABECERA",
        "X": 755780.8388,
        "Y": 9811289.214400003,
        "LONGITUD": -78.70096998544794,
        "LATITUD": -1.705937896000835,
        "PARROQUIA": "Cacha",
        "ID_CANDIDATO": "RUR-CACHA-0003",
        "ORIGEN_CANDIDATO": "INTERSECCION_VIAL_CANTONAL",
        "GRADO_NODO": 3,
        "CRITERIO_PRINCIPAL": "Centralidad vial y nueva evidencia territorial en cabecera PUGS",
        "CRITERIOS_SECUNDARIOS": "Centro de cabecera; nuevos D/V y Convivencia; equipamientos; Gi* D/V rural; nueva area PUGS; menor solape",
        "JUSTIFICACION": "Interseccion vial dentro de la cabecera PUGS de Cacha; seleccion 1/2. 3 eventos adicionales dentro de la localidad y 40807.6 m2 nuevos de su area. Entorno 200 m: 3 incidentes; solape con escenario actual 0.00%. Pendiente inspeccion de campo.",
        "ESTADO": null,
        "ESTADO_VALIDACION": "PROPUESTA_REVISADA",
        "METODO_FINAL": null,
        "HOTSPOT_DEL": null,
        "NIVEL_DEL": 0,
        "HOTSPOT_VIOL": null,
        "NIVEL_VIOL": 0,
        "HOTSPOT_CONV": null,
        "NIVEL_CONV": 0,
        "AMBITO_HOTSPOT": "RURAL",
        "COINCIDENCIA_DV": false,
        "DELINCUENCIA_200M": 1,
        "VIOLENCIA_200M": 0,
        "CONVIVENCIA_200M": 2,
        "N_TOTAL": 3,
        "COBERTURA_PREVIA": 0.0,
        "POBLACION_ASOCIADA": null,
        "MANZANAS_POB_VALIDAS": 0,
        "MANZANAS_POB_FALTANTES": 0,
        "POBLACION_METODO": "Estimacion areal CPV2022 dentro del radio200m y18Plataformas; no poblacion rural completa",
        "UPC_CERCANA": "I0388",
        "NOMBRE_UPC": "YARUQUIES 1",
        "DIST_UPC_M": 3224.5702294315115,
        "INFRA_CERCANA": "I0388",
        "DIST_INFRA_M": 3224.5702294315115,
        "DIST_EXISTENTE": 3311.649927711502,
        "DIST_MUNICIPAL": 0.0,
        "INTERSECCION_O_NODO": "INTERSECCION_VIAL_CANTONAL",
        "CORREDOR_COINCIDENTE": null,
        "CORREDOR_METODO": "Eje intersecta buffer200m; no implica punto sobre eje ni criterio de seleccion",
        "SOLAPE_OTRAS49_PCT": 35.7923123884261,
        "D_EXCLUSIVOS": 1,
        "V_EXCLUSIVOS": 0,
        "C_EXCLUSIVOS": 2,
        "N_CORREDORES": 0,
        "CORREDOR": null,
        "BENEFICIO_CONTEXTO": "Exclusivo respecto103+otras49;no sumar entre camaras",
        "LONGITUD_EXCLUSIVA_ANILLO_VIAL_M": 0.0,
        "LONGITUD_EXCLUSIVA_CICLOVIAS_M": 0.0,
        "LONGITUD_EXCLUSIVA_BOULEVARD_MACAJI_BELLAVISTA_M": 0.0,
        "LONGITUD_EXCLUSIVA_QUEBRADA_LAS_ABRAS_M": 0.0
      },
      "geometry": {
        "type": "Point",
        "coordinates": [
          -78.70096998544794,
          -1.705937896000835
        ]
      }
    },
    {
      "type": "Feature",
      "properties": {
        "ID_PROPUESTA": "MUN-002",
        "ID_ORIGINAL": "RUR_CACH_02",
        "FILA_ORIGINAL": 2,
        "GRUPO": "CABECERA_RURAL",
        "SUBTIPO": "INTERSECCION_CABECERA",
        "X": 755598.1800228687,
        "Y": 9811397.050104639,
        "LONGITUD": -78.70261204360676,
        "LATITUD": -1.7049650434978976,
        "PARROQUIA": "Cacha",
        "ID_CANDIDATO": "RUR-CACHA-0001",
        "ORIGEN_CANDIDATO": "INTERSECCION_VIAL_CANTONAL",
        "GRADO_NODO": 4,
        "CRITERIO_PRINCIPAL": "Centralidad vial y nueva evidencia territorial en cabecera PUGS",
        "CRITERIOS_SECUNDARIOS": "Centro de cabecera; nuevos D/V y Convivencia; equipamientos; Gi* D/V rural; nueva area PUGS; menor solape",
        "JUSTIFICACION": "Interseccion vial dentro de la cabecera PUGS de Cacha; seleccion 2/2. 0 eventos adicionales dentro de la localidad y 2914.7 m2 nuevos de su area. Entorno 200 m: 0 incidentes; solape con escenario actual 0.00%. Pendiente inspeccion de campo.",
        "ESTADO": null,
        "ESTADO_VALIDACION": "PROPUESTA_REVISADA",
        "METODO_FINAL": null,
        "HOTSPOT_DEL": null,
        "NIVEL_DEL": 0,
        "HOTSPOT_VIOL": null,
        "NIVEL_VIOL": 0,
        "HOTSPOT_CONV": null,
        "NIVEL_CONV": 0,
        "AMBITO_HOTSPOT": "RURAL",
        "COINCIDENCIA_DV": false,
        "DELINCUENCIA_200M": 0,
        "VIOLENCIA_200M": 0,
        "CONVIVENCIA_200M": 0,
        "N_TOTAL": 0,
        "COBERTURA_PREVIA": 0.0,
        "POBLACION_ASOCIADA": null,
        "MANZANAS_POB_VALIDAS": 0,
        "MANZANAS_POB_FALTANTES": 0,
        "POBLACION_METODO": "Estimacion areal CPV2022 dentro del radio200m y18Plataformas; no poblacion rural completa",
        "UPC_CERCANA": "I0388",
        "NOMBRE_UPC": "YARUQUIES 1",
        "DIST_UPC_M": 3320.9060332468207,
        "INFRA_CERCANA": "I0388",
        "DIST_INFRA_M": 3320.9060332468207,
        "DIST_EXISTENTE": 3407.847194788623,
        "DIST_MUNICIPAL": 0.0,
        "INTERSECCION_O_NODO": "INTERSECCION_VIAL_CANTONAL",
        "CORREDOR_COINCIDENTE": null,
        "CORREDOR_METODO": "Eje intersecta buffer200m; no implica punto sobre eje ni criterio de seleccion",
        "SOLAPE_OTRAS49_PCT": 35.792312388426105,
        "D_EXCLUSIVOS": 0,
        "V_EXCLUSIVOS": 0,
        "C_EXCLUSIVOS": 0,
        "N_CORREDORES": 0,
        "CORREDOR": null,
        "BENEFICIO_CONTEXTO": "Exclusivo respecto103+otras49;no sumar entre camaras",
        "LONGITUD_EXCLUSIVA_ANILLO_VIAL_M": 0.0,
        "LONGITUD_EXCLUSIVA_CICLOVIAS_M": 0.0,
        "LONGITUD_EXCLUSIVA_BOULEVARD_MACAJI_BELLAVISTA_M": 0.0,
        "LONGITUD_EXCLUSIVA_QUEBRADA_LAS_ABRAS_M": 0.0
      },
      "geometry": {
        "type": "Point",
        "coordinates": [
          -78.70261204360676,
          -1.7049650434978976
        ]
      }
    },
    {
      "type": "Feature",
      "properties": {
        "ID_PROPUESTA": "MUN-003",
        "ID_ORIGINAL": "RUR_CALP_01",
        "FILA_ORIGINAL": 3,
        "GRUPO": "CABECERA_RURAL",
        "SUBTIPO": "INTERSECCION_CABECERA",
        "X": 751137.2800999988,
        "Y": 9818090.984,
        "LONGITUD": -78.74275604831962,
        "LATITUD": -1.6444984692742735,
        "PARROQUIA": "Calpi",
        "ID_CANDIDATO": "RUR-CALPI-0036",
        "ORIGEN_CANDIDATO": "INTERSECCION_VIAL_CANTONAL",
        "GRADO_NODO": 4,
        "CRITERIO_PRINCIPAL": "Centralidad vial y nueva evidencia territorial en cabecera PUGS",
        "CRITERIOS_SECUNDARIOS": "Centro de cabecera; nuevos D/V y Convivencia; equipamientos; Gi* D/V rural; nueva area PUGS; menor solape",
        "JUSTIFICACION": "Interseccion vial dentro de la cabecera PUGS de Calpi; seleccion 2/2. 7 eventos adicionales dentro de la localidad y 85157.3 m2 nuevos de su area. Entorno 200 m: 13 incidentes; solape con escenario actual 0.00%. Pendiente inspeccion de campo.",
        "ESTADO": null,
        "ESTADO_VALIDACION": "PROPUESTA_REVISADA",
        "METODO_FINAL": null,
        "HOTSPOT_DEL": "R-1000-33-17|R-1000-33-18|R-1000-34-18",
        "NIVEL_DEL": 99,
        "HOTSPOT_VIOL": "R-1000-33-17|R-1000-33-18|R-1000-34-18",
        "NIVEL_VIOL": 90,
        "HOTSPOT_CONV": "R-1000-33-17|R-1000-33-18|R-1000-34-17|R-1000-34-18",
        "NIVEL_CONV": 99,
        "AMBITO_HOTSPOT": "RURAL",
        "COINCIDENCIA_DV": true,
        "DELINCUENCIA_200M": 2,
        "VIOLENCIA_200M": 5,
        "CONVIVENCIA_200M": 6,
        "N_TOTAL": 13,
        "COBERTURA_PREVIA": 0.0,
        "POBLACION_ASOCIADA": null,
        "MANZANAS_POB_VALIDAS": 0,
        "MANZANAS_POB_FALTANTES": 0,
        "POBLACION_METODO": "Estimacion areal CPV2022 dentro del radio200m y18Plataformas; no poblacion rural completa",
        "UPC_CERCANA": "I0429",
        "NOMBRE_UPC": "CALPI",
        "DIST_UPC_M": 501.33585963293996,
        "INFRA_CERCANA": "I0429",
        "DIST_INFRA_M": 501.33585963293996,
        "DIST_EXISTENTE": 853.0006953958973,
        "DIST_MUNICIPAL": 0.0,
        "INTERSECCION_O_NODO": "INTERSECCION_VIAL_CANTONAL",
        "CORREDOR_COINCIDENTE": null,
        "CORREDOR_METODO": "Eje intersecta buffer200m; no implica punto sobre eje ni criterio de seleccion",
        "SOLAPE_OTRAS49_PCT": 21.174025749584416,
        "D_EXCLUSIVOS": 2,
        "V_EXCLUSIVOS": 0,
        "C_EXCLUSIVOS": 5,
        "N_CORREDORES": 0,
        "CORREDOR": null,
        "BENEFICIO_CONTEXTO": "Exclusivo respecto103+otras49;no sumar entre camaras",
        "LONGITUD_EXCLUSIVA_ANILLO_VIAL_M": 0.0,
        "LONGITUD_EXCLUSIVA_CICLOVIAS_M": 0.0,
        "LONGITUD_EXCLUSIVA_BOULEVARD_MACAJI_BELLAVISTA_M": 0.0,
        "LONGITUD_EXCLUSIVA_QUEBRADA_LAS_ABRAS_M": 0.0
      },
      "geometry": {
        "type": "Point",
        "coordinates": [
          -78.74275604831962,
          -1.6444984692742735
        ]
      }
    },
    {
      "type": "Feature",
      "properties": {
        "ID_PROPUESTA": "MUN-004",
        "ID_ORIGINAL": "RUR_CALP_02",
        "FILA_ORIGINAL": 4,
        "GRUPO": "CABECERA_RURAL",
        "SUBTIPO": "INTERSECCION_CABECERA",
        "X": 751004.1127000009,
        "Y": 9817856.372300003,
        "LONGITUD": -78.74394996080791,
        "LATITUD": -1.6466207624548175,
        "PARROQUIA": "Calpi",
        "ID_CANDIDATO": "RUR-CALPI-0018",
        "ORIGEN_CANDIDATO": "INTERSECCION_VIAL_CANTONAL",
        "GRADO_NODO": 3,
        "CRITERIO_PRINCIPAL": "Centralidad vial y nueva evidencia territorial en cabecera PUGS",
        "CRITERIOS_SECUNDARIOS": "Centro de cabecera; nuevos D/V y Convivencia; equipamientos; Gi* D/V rural; nueva area PUGS; menor solape",
        "JUSTIFICACION": "Interseccion vial dentro de la cabecera PUGS de Calpi; seleccion 1/2. 23 eventos adicionales dentro de la localidad y 125566.9 m2 nuevos de su area. Entorno 200 m: 23 incidentes; solape con escenario actual 0.00%. Pendiente inspeccion de campo.",
        "ESTADO": null,
        "ESTADO_VALIDACION": "PROPUESTA_REVISADA",
        "METODO_FINAL": null,
        "HOTSPOT_DEL": "R-1000-33-17|R-1000-33-18|R-1000-34-18",
        "NIVEL_DEL": 99,
        "HOTSPOT_VIOL": "R-1000-33-17|R-1000-33-18|R-1000-34-18",
        "NIVEL_VIOL": 90,
        "HOTSPOT_CONV": "R-1000-33-17|R-1000-33-18|R-1000-34-17|R-1000-34-18",
        "NIVEL_CONV": 99,
        "AMBITO_HOTSPOT": "RURAL",
        "COINCIDENCIA_DV": true,
        "DELINCUENCIA_200M": 2,
        "VIOLENCIA_200M": 7,
        "CONVIVENCIA_200M": 14,
        "N_TOTAL": 23,
        "COBERTURA_PREVIA": 0.0,
        "POBLACION_ASOCIADA": null,
        "MANZANAS_POB_VALIDAS": 0,
        "MANZANAS_POB_FALTANTES": 0,
        "POBLACION_METODO": "Estimacion areal CPV2022 dentro del radio200m y18Plataformas; no poblacion rural completa",
        "UPC_CERCANA": "I0429",
        "NOMBRE_UPC": "CALPI",
        "DIST_UPC_M": 440.1511734144851,
        "INFRA_CERCANA": "I0429",
        "DIST_INFRA_M": 440.1511734144851,
        "DIST_EXISTENTE": 684.653099151647,
        "DIST_MUNICIPAL": 0.0,
        "INTERSECCION_O_NODO": "INTERSECCION_VIAL_CANTONAL",
        "CORREDOR_COINCIDENTE": null,
        "CORREDOR_METODO": "Eje intersecta buffer200m; no implica punto sobre eje ni criterio de seleccion",
        "SOLAPE_OTRAS49_PCT": 21.174025749584416,
        "D_EXCLUSIVOS": 2,
        "V_EXCLUSIVOS": 2,
        "C_EXCLUSIVOS": 13,
        "N_CORREDORES": 0,
        "CORREDOR": null,
        "BENEFICIO_CONTEXTO": "Exclusivo respecto103+otras49;no sumar entre camaras",
        "LONGITUD_EXCLUSIVA_ANILLO_VIAL_M": 0.0,
        "LONGITUD_EXCLUSIVA_CICLOVIAS_M": 0.0,
        "LONGITUD_EXCLUSIVA_BOULEVARD_MACAJI_BELLAVISTA_M": 0.0,
        "LONGITUD_EXCLUSIVA_QUEBRADA_LAS_ABRAS_M": 0.0
      },
      "geometry": {
        "type": "Point",
        "coordinates": [
          -78.74394996080791,
          -1.6466207624548175
        ]
      }
    },
    {
      "type": "Feature",
      "properties": {
        "ID_PROPUESTA": "MUN-005",
        "ID_ORIGINAL": "RUR_FLOR_01",
        "FILA_ORIGINAL": 5,
        "GRUPO": "CABECERA_RURAL",
        "SUBTIPO": "INTERSECCION_CABECERA",
        "X": 761907.9219000018,
        "Y": 9799043.2934,
        "LONGITUD": -78.64578990287096,
        "LATITUD": -1.8165684091605712,
        "PARROQUIA": "Flores",
        "ID_CANDIDATO": "RUR-FLORES-0011",
        "ORIGEN_CANDIDATO": "INTERSECCION_VIAL_CANTONAL",
        "GRADO_NODO": 3,
        "CRITERIO_PRINCIPAL": "Centralidad vial y nueva evidencia territorial en cabecera PUGS",
        "CRITERIOS_SECUNDARIOS": "Centro de cabecera; nuevos D/V y Convivencia; equipamientos; Gi* D/V rural; nueva area PUGS; menor solape",
        "JUSTIFICACION": "Interseccion vial dentro de la cabecera PUGS de Flores; seleccion 2/2. 0 eventos adicionales dentro de la localidad y 1060.6 m2 nuevos de su area. Entorno 200 m: 2 incidentes; solape con escenario actual 0.00%. Pendiente inspeccion de campo.",
        "ESTADO": null,
        "ESTADO_VALIDACION": "PROPUESTA_REVISADA",
        "METODO_FINAL": null,
        "HOTSPOT_DEL": null,
        "NIVEL_DEL": 0,
        "HOTSPOT_VIOL": null,
        "NIVEL_VIOL": 0,
        "HOTSPOT_CONV": null,
        "NIVEL_CONV": 0,
        "AMBITO_HOTSPOT": "RURAL",
        "COINCIDENCIA_DV": false,
        "DELINCUENCIA_200M": 1,
        "VIOLENCIA_200M": 1,
        "CONVIVENCIA_200M": 0,
        "N_TOTAL": 2,
        "COBERTURA_PREVIA": 0.0,
        "POBLACION_ASOCIADA": null,
        "MANZANAS_POB_VALIDAS": 0,
        "MANZANAS_POB_FALTANTES": 0,
        "POBLACION_METODO": "Estimacion areal CPV2022 dentro del radio200m y18Plataformas; no poblacion rural completa",
        "UPC_CERCANA": "I0433",
        "NOMBRE_UPC": "LICTO",
        "DIST_UPC_M": 4873.282554969946,
        "INFRA_CERCANA": "I0433",
        "DIST_INFRA_M": 4873.282554969946,
        "DIST_EXISTENTE": 6601.046225095992,
        "DIST_MUNICIPAL": 0.0,
        "INTERSECCION_O_NODO": "INTERSECCION_VIAL_CANTONAL",
        "CORREDOR_COINCIDENTE": null,
        "CORREDOR_METODO": "Eje intersecta buffer200m; no implica punto sobre eje ni criterio de seleccion",
        "SOLAPE_OTRAS49_PCT": 86.3369815513209,
        "D_EXCLUSIVOS": 0,
        "V_EXCLUSIVOS": 0,
        "C_EXCLUSIVOS": 0,
        "N_CORREDORES": 0,
        "CORREDOR": null,
        "BENEFICIO_CONTEXTO": "Exclusivo respecto103+otras49;no sumar entre camaras",
        "LONGITUD_EXCLUSIVA_ANILLO_VIAL_M": 0.0,
        "LONGITUD_EXCLUSIVA_CICLOVIAS_M": 0.0,
        "LONGITUD_EXCLUSIVA_BOULEVARD_MACAJI_BELLAVISTA_M": 0.0,
        "LONGITUD_EXCLUSIVA_QUEBRADA_LAS_ABRAS_M": 0.0
      },
      "geometry": {
        "type": "Point",
        "coordinates": [
          -78.64578990287096,
          -1.8165684091605712
        ]
      }
    },
    {
      "type": "Feature",
      "properties": {
        "ID_PROPUESTA": "MUN-006",
        "ID_ORIGINAL": "RUR_FLOR_02",
        "FILA_ORIGINAL": 6,
        "GRUPO": "CABECERA_RURAL",
        "SUBTIPO": "INTERSECCION_CABECERA",
        "X": 761865.627999999,
        "Y": 9799051.0789,
        "LONGITUD": -78.64616994537444,
        "LATITUD": -1.8164985300573193,
        "PARROQUIA": "Flores",
        "ID_CANDIDATO": "RUR-FLORES-0008",
        "ORIGEN_CANDIDATO": "INTERSECCION_VIAL_CANTONAL",
        "GRADO_NODO": 3,
        "CRITERIO_PRINCIPAL": "Centralidad vial y nueva evidencia territorial en cabecera PUGS",
        "CRITERIOS_SECUNDARIOS": "Centro de cabecera; nuevos D/V y Convivencia; equipamientos; Gi* D/V rural; nueva area PUGS; menor solape",
        "JUSTIFICACION": "Interseccion vial dentro de la cabecera PUGS de Flores; seleccion 1/2. 1 eventos adicionales dentro de la localidad y 69180.5 m2 nuevos de su area. Entorno 200 m: 2 incidentes; solape con escenario actual 0.00%. Pendiente inspeccion de campo.",
        "ESTADO": null,
        "ESTADO_VALIDACION": "PROPUESTA_REVISADA",
        "METODO_FINAL": null,
        "HOTSPOT_DEL": null,
        "NIVEL_DEL": 0,
        "HOTSPOT_VIOL": null,
        "NIVEL_VIOL": 0,
        "HOTSPOT_CONV": null,
        "NIVEL_CONV": 0,
        "AMBITO_HOTSPOT": "RURAL",
        "COINCIDENCIA_DV": false,
        "DELINCUENCIA_200M": 1,
        "VIOLENCIA_200M": 1,
        "CONVIVENCIA_200M": 0,
        "N_TOTAL": 2,
        "COBERTURA_PREVIA": 0.0,
        "POBLACION_ASOCIADA": null,
        "MANZANAS_POB_VALIDAS": 0,
        "MANZANAS_POB_FALTANTES": 0,
        "POBLACION_METODO": "Estimacion areal CPV2022 dentro del radio200m y18Plataformas; no poblacion rural completa",
        "UPC_CERCANA": "I0433",
        "NOMBRE_UPC": "LICTO",
        "DIST_UPC_M": 4911.696797885793,
        "INFRA_CERCANA": "I0433",
        "DIST_INFRA_M": 4911.696797885793,
        "DIST_EXISTENTE": 6629.404396672371,
        "DIST_MUNICIPAL": 0.0,
        "INTERSECCION_O_NODO": "INTERSECCION_VIAL_CANTONAL",
        "CORREDOR_COINCIDENTE": null,
        "CORREDOR_METODO": "Eje intersecta buffer200m; no implica punto sobre eje ni criterio de seleccion",
        "SOLAPE_OTRAS49_PCT": 86.33698155132096,
        "D_EXCLUSIVOS": 0,
        "V_EXCLUSIVOS": 0,
        "C_EXCLUSIVOS": 0,
        "N_CORREDORES": 0,
        "CORREDOR": null,
        "BENEFICIO_CONTEXTO": "Exclusivo respecto103+otras49;no sumar entre camaras",
        "LONGITUD_EXCLUSIVA_ANILLO_VIAL_M": 0.0,
        "LONGITUD_EXCLUSIVA_CICLOVIAS_M": 0.0,
        "LONGITUD_EXCLUSIVA_BOULEVARD_MACAJI_BELLAVISTA_M": 0.0,
        "LONGITUD_EXCLUSIVA_QUEBRADA_LAS_ABRAS_M": 0.0
      },
      "geometry": {
        "type": "Point",
        "coordinates": [
          -78.64616994537444,
          -1.8164985300573193
        ]
      }
    },
    {
      "type": "Feature",
      "properties": {
        "ID_PROPUESTA": "MUN-007",
        "ID_ORIGINAL": "RUR_LICT_01",
        "FILA_ORIGINAL": 7,
        "GRUPO": "CABECERA_RURAL",
        "SUBTIPO": "INTERSECCION_CABECERA",
        "X": 766741.9838000003,
        "Y": 9800253.1719,
        "LONGITUD": -78.60237771149353,
        "LATITUD": -1.805574542553597,
        "PARROQUIA": "Licto",
        "ID_CANDIDATO": "RUR-LICTO-0066",
        "ORIGEN_CANDIDATO": "INTERSECCION_VIAL_CANTONAL",
        "GRADO_NODO": 3,
        "CRITERIO_PRINCIPAL": "Centralidad vial y nueva evidencia territorial en cabecera PUGS",
        "CRITERIOS_SECUNDARIOS": "Centro de cabecera; nuevos D/V y Convivencia; equipamientos; Gi* D/V rural; nueva area PUGS; menor solape",
        "JUSTIFICACION": "Interseccion vial dentro de la cabecera PUGS de Licto; seleccion 1/2. 25 eventos adicionales dentro de la localidad y 125546.3 m2 nuevos de su area. Entorno 200 m: 25 incidentes; solape con escenario actual 0.00%. Pendiente inspeccion de campo.",
        "ESTADO": null,
        "ESTADO_VALIDACION": "PROPUESTA_REVISADA",
        "METODO_FINAL": null,
        "HOTSPOT_DEL": null,
        "NIVEL_DEL": 0,
        "HOTSPOT_VIOL": null,
        "NIVEL_VIOL": 0,
        "HOTSPOT_CONV": null,
        "NIVEL_CONV": 0,
        "AMBITO_HOTSPOT": "RURAL",
        "COINCIDENCIA_DV": false,
        "DELINCUENCIA_200M": 6,
        "VIOLENCIA_200M": 5,
        "CONVIVENCIA_200M": 14,
        "N_TOTAL": 25,
        "COBERTURA_PREVIA": 0.0,
        "POBLACION_ASOCIADA": null,
        "MANZANAS_POB_VALIDAS": 0,
        "MANZANAS_POB_FALTANTES": 0,
        "POBLACION_METODO": "Estimacion areal CPV2022 dentro del radio200m y18Plataformas; no poblacion rural completa",
        "UPC_CERCANA": "I0433",
        "NOMBRE_UPC": "LICTO",
        "DIST_UPC_M": 229.72813055654117,
        "INFRA_CERCANA": "I0433",
        "DIST_INFRA_M": 229.72813055654117,
        "DIST_EXISTENTE": 2914.565378537159,
        "DIST_MUNICIPAL": 0.0,
        "INTERSECCION_O_NODO": "INTERSECCION_VIAL_CANTONAL",
        "CORREDOR_COINCIDENTE": null,
        "CORREDOR_METODO": "Eje intersecta buffer200m; no implica punto sobre eje ni criterio de seleccion",
        "SOLAPE_OTRAS49_PCT": 12.012007727807795,
        "D_EXCLUSIVOS": 6,
        "V_EXCLUSIVOS": 5,
        "C_EXCLUSIVOS": 13,
        "N_CORREDORES": 0,
        "CORREDOR": null,
        "BENEFICIO_CONTEXTO": "Exclusivo respecto103+otras49;no sumar entre camaras",
        "LONGITUD_EXCLUSIVA_ANILLO_VIAL_M": 0.0,
        "LONGITUD_EXCLUSIVA_CICLOVIAS_M": 0.0,
        "LONGITUD_EXCLUSIVA_BOULEVARD_MACAJI_BELLAVISTA_M": 0.0,
        "LONGITUD_EXCLUSIVA_QUEBRADA_LAS_ABRAS_M": 0.0
      },
      "geometry": {
        "type": "Point",
        "coordinates": [
          -78.60237771149353,
          -1.805574542553597
        ]
      }
    },
    {
      "type": "Feature",
      "properties": {
        "ID_PROPUESTA": "MUN-008",
        "ID_ORIGINAL": "RUR_LICT_02",
        "FILA_ORIGINAL": 8,
        "GRUPO": "CABECERA_RURAL",
        "SUBTIPO": "INTERSECCION_CABECERA",
        "X": 766457.806000001,
        "Y": 9800381.4114,
        "LONGITUD": -78.60493207401315,
        "LATITUD": -1.8044187385853077,
        "PARROQUIA": "Licto",
        "ID_CANDIDATO": "RUR-LICTO-0026",
        "ORIGEN_CANDIDATO": "INTERSECCION_VIAL_CANTONAL",
        "GRADO_NODO": 4,
        "CRITERIO_PRINCIPAL": "Centralidad vial y nueva evidencia territorial en cabecera PUGS",
        "CRITERIOS_SECUNDARIOS": "Centro de cabecera; nuevos D/V y Convivencia; equipamientos; Gi* D/V rural; nueva area PUGS; menor solape",
        "JUSTIFICACION": "Interseccion vial dentro de la cabecera PUGS de Licto; seleccion 2/2. 1 eventos adicionales dentro de la localidad y 105528.7 m2 nuevos de su area. Entorno 200 m: 2 incidentes; solape con escenario actual 0.00%. Pendiente inspeccion de campo.",
        "ESTADO": null,
        "ESTADO_VALIDACION": "PROPUESTA_REVISADA",
        "METODO_FINAL": null,
        "HOTSPOT_DEL": null,
        "NIVEL_DEL": 0,
        "HOTSPOT_VIOL": null,
        "NIVEL_VIOL": 0,
        "HOTSPOT_CONV": null,
        "NIVEL_CONV": 0,
        "AMBITO_HOTSPOT": "RURAL",
        "COINCIDENCIA_DV": false,
        "DELINCUENCIA_200M": 0,
        "VIOLENCIA_200M": 1,
        "CONVIVENCIA_200M": 1,
        "N_TOTAL": 2,
        "COBERTURA_PREVIA": 0.0,
        "POBLACION_ASOCIADA": null,
        "MANZANAS_POB_VALIDAS": 0,
        "MANZANAS_POB_FALTANTES": 0,
        "POBLACION_METODO": "Estimacion areal CPV2022 dentro del radio200m y18Plataformas; no poblacion rural completa",
        "UPC_CERCANA": "I0433",
        "NOMBRE_UPC": "LICTO",
        "DIST_UPC_M": 130.71089313088586,
        "INFRA_CERCANA": "I0433",
        "DIST_INFRA_M": 130.71089313088586,
        "DIST_EXISTENTE": 2835.468932123982,
        "DIST_MUNICIPAL": 0.0,
        "INTERSECCION_O_NODO": "INTERSECCION_VIAL_CANTONAL",
        "CORREDOR_COINCIDENTE": null,
        "CORREDOR_METODO": "Eje intersecta buffer200m; no implica punto sobre eje ni criterio de seleccion",
        "SOLAPE_OTRAS49_PCT": 12.012007727807795,
        "D_EXCLUSIVOS": 0,
        "V_EXCLUSIVOS": 1,
        "C_EXCLUSIVOS": 0,
        "N_CORREDORES": 0,
        "CORREDOR": null,
        "BENEFICIO_CONTEXTO": "Exclusivo respecto103+otras49;no sumar entre camaras",
        "LONGITUD_EXCLUSIVA_ANILLO_VIAL_M": 0.0,
        "LONGITUD_EXCLUSIVA_CICLOVIAS_M": 0.0,
        "LONGITUD_EXCLUSIVA_BOULEVARD_MACAJI_BELLAVISTA_M": 0.0,
        "LONGITUD_EXCLUSIVA_QUEBRADA_LAS_ABRAS_M": 0.0
      },
      "geometry": {
        "type": "Point",
        "coordinates": [
          -78.60493207401315,
          -1.8044187385853077
        ]
      }
    },
    {
      "type": "Feature",
      "properties": {
        "ID_PROPUESTA": "MUN-009",
        "ID_ORIGINAL": "RUR_PUNG_01",
        "FILA_ORIGINAL": 9,
        "GRUPO": "CABECERA_RURAL",
        "SUBTIPO": "INTERSECCION_CABECERA",
        "X": 767740.7544000007,
        "Y": 9798992.8685,
        "LONGITUD": -78.59339048796326,
        "LATITUD": -1.8169547310114504,
        "PARROQUIA": "Pungala",
        "ID_CANDIDATO": "RUR-PUNGALA-0016",
        "ORIGEN_CANDIDATO": "INTERSECCION_VIAL_CANTONAL",
        "GRADO_NODO": 4,
        "CRITERIO_PRINCIPAL": "Centralidad vial y nueva evidencia territorial en cabecera PUGS",
        "CRITERIOS_SECUNDARIOS": "Centro de cabecera; nuevos D/V y Convivencia; equipamientos; Gi* D/V rural; nueva area PUGS; menor solape",
        "JUSTIFICACION": "Interseccion vial dentro de la cabecera PUGS de Pungala; seleccion 1/2. 3 eventos adicionales dentro de la localidad y 111620.9 m2 nuevos de su area. Entorno 200 m: 3 incidentes; solape con escenario actual 0.00%. Pendiente inspeccion de campo.",
        "ESTADO": null,
        "ESTADO_VALIDACION": "PROPUESTA_REVISADA",
        "METODO_FINAL": null,
        "HOTSPOT_DEL": null,
        "NIVEL_DEL": 0,
        "HOTSPOT_VIOL": null,
        "NIVEL_VIOL": 0,
        "HOTSPOT_CONV": null,
        "NIVEL_CONV": 0,
        "AMBITO_HOTSPOT": "RURAL",
        "COINCIDENCIA_DV": false,
        "DELINCUENCIA_200M": 0,
        "VIOLENCIA_200M": 2,
        "CONVIVENCIA_200M": 1,
        "N_TOTAL": 3,
        "COBERTURA_PREVIA": 0.0,
        "POBLACION_ASOCIADA": null,
        "MANZANAS_POB_VALIDAS": 0,
        "MANZANAS_POB_FALTANTES": 0,
        "POBLACION_METODO": "Estimacion areal CPV2022 dentro del radio200m y18Plataformas; no poblacion rural completa",
        "UPC_CERCANA": "I0434",
        "NOMBRE_UPC": "PUNGALA",
        "DIST_UPC_M": 94.82137062940006,
        "INFRA_CERCANA": "I0434",
        "DIST_INFRA_M": 94.82137062940006,
        "DIST_EXISTENTE": 4208.157240780435,
        "DIST_MUNICIPAL": 0.0,
        "INTERSECCION_O_NODO": "INTERSECCION_VIAL_CANTONAL",
        "CORREDOR_COINCIDENTE": null,
        "CORREDOR_METODO": "Eje intersecta buffer200m; no implica punto sobre eje ni criterio de seleccion",
        "SOLAPE_OTRAS49_PCT": 3.8857296120204463,
        "D_EXCLUSIVOS": 0,
        "V_EXCLUSIVOS": 2,
        "C_EXCLUSIVOS": 1,
        "N_CORREDORES": 0,
        "CORREDOR": null,
        "BENEFICIO_CONTEXTO": "Exclusivo respecto103+otras49;no sumar entre camaras",
        "LONGITUD_EXCLUSIVA_ANILLO_VIAL_M": 0.0,
        "LONGITUD_EXCLUSIVA_CICLOVIAS_M": 0.0,
        "LONGITUD_EXCLUSIVA_BOULEVARD_MACAJI_BELLAVISTA_M": 0.0,
        "LONGITUD_EXCLUSIVA_QUEBRADA_LAS_ABRAS_M": 0.0
      },
      "geometry": {
        "type": "Point",
        "coordinates": [
          -78.59339048796326,
          -1.8169547310114504
        ]
      }
    },
    {
      "type": "Feature",
      "properties": {
        "ID_PROPUESTA": "MUN-010",
        "ID_ORIGINAL": "RUR_PUNG_02",
        "FILA_ORIGINAL": 10,
        "GRUPO": "CABECERA_RURAL",
        "SUBTIPO": "INTERSECCION_CABECERA",
        "X": 767828.3641999997,
        "Y": 9799340.9402,
        "LONGITUD": -78.59260763155743,
        "LATITUD": -1.8138073914459107,
        "PARROQUIA": "Pungala",
        "ID_CANDIDATO": "RUR-PUNGALA-0035",
        "ORIGEN_CANDIDATO": "INTERSECCION_VIAL_CANTONAL",
        "GRADO_NODO": 3,
        "CRITERIO_PRINCIPAL": "Centralidad vial y nueva evidencia territorial en cabecera PUGS",
        "CRITERIOS_SECUNDARIOS": "Centro de cabecera; nuevos D/V y Convivencia; equipamientos; Gi* D/V rural; nueva area PUGS; menor solape",
        "JUSTIFICACION": "Interseccion vial dentro de la cabecera PUGS de Pungala; seleccion 2/2. 0 eventos adicionales dentro de la localidad y 56766.6 m2 nuevos de su area. Entorno 200 m: 0 incidentes; solape con escenario actual 0.00%. Pendiente inspeccion de campo.",
        "ESTADO": null,
        "ESTADO_VALIDACION": "PROPUESTA_REVISADA",
        "METODO_FINAL": null,
        "HOTSPOT_DEL": null,
        "NIVEL_DEL": 0,
        "HOTSPOT_VIOL": null,
        "NIVEL_VIOL": 0,
        "HOTSPOT_CONV": null,
        "NIVEL_CONV": 0,
        "AMBITO_HOTSPOT": "RURAL",
        "COINCIDENCIA_DV": false,
        "DELINCUENCIA_200M": 0,
        "VIOLENCIA_200M": 0,
        "CONVIVENCIA_200M": 0,
        "N_TOTAL": 0,
        "COBERTURA_PREVIA": 0.0,
        "POBLACION_ASOCIADA": null,
        "MANZANAS_POB_VALIDAS": 0,
        "MANZANAS_POB_FALTANTES": 0,
        "POBLACION_METODO": "Estimacion areal CPV2022 dentro del radio200m y18Plataformas; no poblacion rural completa",
        "UPC_CERCANA": "I0434",
        "NOMBRE_UPC": "PUNGALA",
        "DIST_UPC_M": 293.0390981285473,
        "INFRA_CERCANA": "I0434",
        "DIST_INFRA_M": 293.0390981285473,
        "DIST_EXISTENTE": 3880.829350239768,
        "DIST_MUNICIPAL": 0.0,
        "INTERSECCION_O_NODO": "INTERSECCION_VIAL_CANTONAL",
        "CORREDOR_COINCIDENTE": null,
        "CORREDOR_METODO": "Eje intersecta buffer200m; no implica punto sobre eje ni criterio de seleccion",
        "SOLAPE_OTRAS49_PCT": 3.8857296120204463,
        "D_EXCLUSIVOS": 0,
        "V_EXCLUSIVOS": 0,
        "C_EXCLUSIVOS": 0,
        "N_CORREDORES": 0,
        "CORREDOR": null,
        "BENEFICIO_CONTEXTO": "Exclusivo respecto103+otras49;no sumar entre camaras",
        "LONGITUD_EXCLUSIVA_ANILLO_VIAL_M": 0.0,
        "LONGITUD_EXCLUSIVA_CICLOVIAS_M": 0.0,
        "LONGITUD_EXCLUSIVA_BOULEVARD_MACAJI_BELLAVISTA_M": 0.0,
        "LONGITUD_EXCLUSIVA_QUEBRADA_LAS_ABRAS_M": 0.0
      },
      "geometry": {
        "type": "Point",
        "coordinates": [
          -78.59260763155743,
          -1.8138073914459107
        ]
      }
    },
    {
      "type": "Feature",
      "properties": {
        "ID_PROPUESTA": "MUN-011",
        "ID_ORIGINAL": "RUR_PUNI_01",
        "FILA_ORIGINAL": 11,
        "GRUPO": "CABECERA_RURAL",
        "SUBTIPO": "INTERSECCION_CABECERA",
        "X": 760636.2466516002,
        "Y": 9804337.803688096,
        "LONGITUD": -78.65727504028295,
        "LATITUD": -1.768723035731322,
        "PARROQUIA": "Punin",
        "ID_CANDIDATO": "RUR-PUNIN-0011",
        "ORIGEN_CANDIDATO": "INTERSECCION_VIAL_CANTONAL",
        "GRADO_NODO": 3,
        "CRITERIO_PRINCIPAL": "Centralidad vial y nueva evidencia territorial en cabecera PUGS",
        "CRITERIOS_SECUNDARIOS": "Centro de cabecera; nuevos D/V y Convivencia; equipamientos; Gi* D/V rural; nueva area PUGS; menor solape",
        "JUSTIFICACION": "Interseccion vial dentro de la cabecera PUGS de Punin; seleccion 2/2. 0 eventos adicionales dentro de la localidad y 59297.7 m2 nuevos de su area. Entorno 200 m: 5 incidentes; solape con escenario actual 0.00%. Pendiente inspeccion de campo.",
        "ESTADO": null,
        "ESTADO_VALIDACION": "PROPUESTA_REVISADA",
        "METODO_FINAL": null,
        "HOTSPOT_DEL": null,
        "NIVEL_DEL": 0,
        "HOTSPOT_VIOL": null,
        "NIVEL_VIOL": 0,
        "HOTSPOT_CONV": null,
        "NIVEL_CONV": 0,
        "AMBITO_HOTSPOT": "RURAL",
        "COINCIDENCIA_DV": false,
        "DELINCUENCIA_200M": 1,
        "VIOLENCIA_200M": 1,
        "CONVIVENCIA_200M": 3,
        "N_TOTAL": 5,
        "COBERTURA_PREVIA": 0.0,
        "POBLACION_ASOCIADA": null,
        "MANZANAS_POB_VALIDAS": 0,
        "MANZANAS_POB_FALTANTES": 0,
        "POBLACION_METODO": "Estimacion areal CPV2022 dentro del radio200m y18Plataformas; no poblacion rural completa",
        "UPC_CERCANA": "I0435",
        "NOMBRE_UPC": "PUNIN",
        "DIST_UPC_M": 803.8479682277766,
        "INFRA_CERCANA": "I0435",
        "DIST_INFRA_M": 803.8479682277766,
        "DIST_EXISTENTE": 4288.243997872234,
        "DIST_MUNICIPAL": 0.0,
        "INTERSECCION_O_NODO": "INTERSECCION_VIAL_CANTONAL",
        "CORREDOR_COINCIDENTE": null,
        "CORREDOR_METODO": "Eje intersecta buffer200m; no implica punto sobre eje ni criterio de seleccion",
        "SOLAPE_OTRAS49_PCT": 1.9762047621663206,
        "D_EXCLUSIVOS": 1,
        "V_EXCLUSIVOS": 1,
        "C_EXCLUSIVOS": 3,
        "N_CORREDORES": 0,
        "CORREDOR": null,
        "BENEFICIO_CONTEXTO": "Exclusivo respecto103+otras49;no sumar entre camaras",
        "LONGITUD_EXCLUSIVA_ANILLO_VIAL_M": 0.0,
        "LONGITUD_EXCLUSIVA_CICLOVIAS_M": 0.0,
        "LONGITUD_EXCLUSIVA_BOULEVARD_MACAJI_BELLAVISTA_M": 0.0,
        "LONGITUD_EXCLUSIVA_QUEBRADA_LAS_ABRAS_M": 0.0
      },
      "geometry": {
        "type": "Point",
        "coordinates": [
          -78.65727504028295,
          -1.768723035731322
        ]
      }
    },
    {
      "type": "Feature",
      "properties": {
        "ID_PROPUESTA": "MUN-012",
        "ID_ORIGINAL": "RUR_PUNI_02",
        "FILA_ORIGINAL": 12,
        "GRUPO": "CABECERA_RURAL",
        "SUBTIPO": "INTERSECCION_CABECERA",
        "X": 760759.5702325433,
        "Y": 9804690.806418572,
        "LONGITUD": -78.6561711737171,
        "LATITUD": -1.765530621577225,
        "PARROQUIA": "Punin",
        "ID_CANDIDATO": "RUR-PUNIN-0027",
        "ORIGEN_CANDIDATO": "INTERSECCION_VIAL_CANTONAL",
        "GRADO_NODO": 3,
        "CRITERIO_PRINCIPAL": "Centralidad vial y nueva evidencia territorial en cabecera PUGS",
        "CRITERIOS_SECUNDARIOS": "Centro de cabecera; nuevos D/V y Convivencia; equipamientos; Gi* D/V rural; nueva area PUGS; menor solape",
        "JUSTIFICACION": "Interseccion vial dentro de la cabecera PUGS de Punin; seleccion 1/2. 8 eventos adicionales dentro de la localidad y 106573.8 m2 nuevos de su area. Entorno 200 m: 8 incidentes; solape con escenario actual 0.00%. Pendiente inspeccion de campo.",
        "ESTADO": null,
        "ESTADO_VALIDACION": "PROPUESTA_REVISADA",
        "METODO_FINAL": null,
        "HOTSPOT_DEL": null,
        "NIVEL_DEL": 0,
        "HOTSPOT_VIOL": null,
        "NIVEL_VIOL": 0,
        "HOTSPOT_CONV": null,
        "NIVEL_CONV": 0,
        "AMBITO_HOTSPOT": "RURAL",
        "COINCIDENCIA_DV": false,
        "DELINCUENCIA_200M": 5,
        "VIOLENCIA_200M": 1,
        "CONVIVENCIA_200M": 2,
        "N_TOTAL": 8,
        "COBERTURA_PREVIA": 0.0,
        "POBLACION_ASOCIADA": null,
        "MANZANAS_POB_VALIDAS": 0,
        "MANZANAS_POB_FALTANTES": 0,
        "POBLACION_METODO": "Estimacion areal CPV2022 dentro del radio200m y18Plataformas; no poblacion rural completa",
        "UPC_CERCANA": "I0435",
        "NOMBRE_UPC": "PUNIN",
        "DIST_UPC_M": 435.983659434087,
        "INFRA_CERCANA": "I0435",
        "DIST_INFRA_M": 435.983659434087,
        "DIST_EXISTENTE": 3976.6055369114315,
        "DIST_MUNICIPAL": 0.0,
        "INTERSECCION_O_NODO": "INTERSECCION_VIAL_CANTONAL",
        "CORREDOR_COINCIDENTE": null,
        "CORREDOR_METODO": "Eje intersecta buffer200m; no implica punto sobre eje ni criterio de seleccion",
        "SOLAPE_OTRAS49_PCT": 1.9762047621663206,
        "D_EXCLUSIVOS": 5,
        "V_EXCLUSIVOS": 1,
        "C_EXCLUSIVOS": 2,
        "N_CORREDORES": 0,
        "CORREDOR": null,
        "BENEFICIO_CONTEXTO": "Exclusivo respecto103+otras49;no sumar entre camaras",
        "LONGITUD_EXCLUSIVA_ANILLO_VIAL_M": 0.0,
        "LONGITUD_EXCLUSIVA_CICLOVIAS_M": 0.0,
        "LONGITUD_EXCLUSIVA_BOULEVARD_MACAJI_BELLAVISTA_M": 0.0,
        "LONGITUD_EXCLUSIVA_QUEBRADA_LAS_ABRAS_M": 0.0
      },
      "geometry": {
        "type": "Point",
        "coordinates": [
          -78.6561711737171,
          -1.765530621577225
        ]
      }
    },
    {
      "type": "Feature",
      "properties": {
        "ID_PROPUESTA": "MUN-013",
        "ID_ORIGINAL": "RUR_QUIM_01",
        "FILA_ORIGINAL": 13,
        "GRUPO": "CABECERA_RURAL",
        "SUBTIPO": "INTERSECCION_CABECERA",
        "X": 770618.2252000008,
        "Y": 9816562.891,
        "LONGITUD": -78.56774496149065,
        "LATITUD": -1.6581040314220175,
        "PARROQUIA": "Quimiag",
        "ID_CANDIDATO": "RUR-QUIMIAG-0012",
        "ORIGEN_CANDIDATO": "INTERSECCION_VIAL_CANTONAL",
        "GRADO_NODO": 3,
        "CRITERIO_PRINCIPAL": "Centralidad vial y nueva evidencia territorial en cabecera PUGS",
        "CRITERIOS_SECUNDARIOS": "Centro de cabecera; nuevos D/V y Convivencia; equipamientos; Gi* D/V rural; nueva area PUGS; menor solape",
        "JUSTIFICACION": "Interseccion vial dentro de la cabecera PUGS de Quimiag; seleccion 1/2. 0 eventos adicionales dentro de la localidad y 121829.9 m2 nuevos de su area. Entorno 200 m: 0 incidentes; solape con escenario actual 0.00%. Pendiente inspeccion de campo.",
        "ESTADO": null,
        "ESTADO_VALIDACION": "PROPUESTA_REVISADA",
        "METODO_FINAL": null,
        "HOTSPOT_DEL": null,
        "NIVEL_DEL": 0,
        "HOTSPOT_VIOL": null,
        "NIVEL_VIOL": 0,
        "HOTSPOT_CONV": null,
        "NIVEL_CONV": 0,
        "AMBITO_HOTSPOT": "RURAL",
        "COINCIDENCIA_DV": false,
        "DELINCUENCIA_200M": 0,
        "VIOLENCIA_200M": 0,
        "CONVIVENCIA_200M": 0,
        "N_TOTAL": 0,
        "COBERTURA_PREVIA": 0.0,
        "POBLACION_ASOCIADA": null,
        "MANZANAS_POB_VALIDAS": 0,
        "MANZANAS_POB_FALTANTES": 0,
        "POBLACION_METODO": "Estimacion areal CPV2022 dentro del radio200m y18Plataformas; no poblacion rural completa",
        "UPC_CERCANA": "I0432",
        "NOMBRE_UPC": "QUIMIAG",
        "DIST_UPC_M": 70.40570376829109,
        "INFRA_CERCANA": "I0432",
        "DIST_INFRA_M": 70.40570376829109,
        "DIST_EXISTENTE": 7901.621090637217,
        "DIST_MUNICIPAL": 0.0,
        "INTERSECCION_O_NODO": "INTERSECCION_VIAL_CANTONAL",
        "CORREDOR_COINCIDENTE": null,
        "CORREDOR_METODO": "Eje intersecta buffer200m; no implica punto sobre eje ni criterio de seleccion",
        "SOLAPE_OTRAS49_PCT": 16.235986994973455,
        "D_EXCLUSIVOS": 0,
        "V_EXCLUSIVOS": 0,
        "C_EXCLUSIVOS": 0,
        "N_CORREDORES": 0,
        "CORREDOR": null,
        "BENEFICIO_CONTEXTO": "Exclusivo respecto103+otras49;no sumar entre camaras",
        "LONGITUD_EXCLUSIVA_ANILLO_VIAL_M": 0.0,
        "LONGITUD_EXCLUSIVA_CICLOVIAS_M": 0.0,
        "LONGITUD_EXCLUSIVA_BOULEVARD_MACAJI_BELLAVISTA_M": 0.0,
        "LONGITUD_EXCLUSIVA_QUEBRADA_LAS_ABRAS_M": 0.0
      },
      "geometry": {
        "type": "Point",
        "coordinates": [
          -78.56774496149065,
          -1.6581040314220175
        ]
      }
    },
    {
      "type": "Feature",
      "properties": {
        "ID_PROPUESTA": "MUN-014",
        "ID_ORIGINAL": "RUR_QUIM_02",
        "FILA_ORIGINAL": 14,
        "GRUPO": "CABECERA_RURAL",
        "SUBTIPO": "INTERSECCION_CABECERA",
        "X": 770328.1317173912,
        "Y": 9816533.748258958,
        "LONGITUD": -78.57035035879088,
        "LATITUD": -1.6583706752410032,
        "PARROQUIA": "Quimiag",
        "ID_CANDIDATO": "RUR-QUIMIAG-0002",
        "ORIGEN_CANDIDATO": "INTERSECCION_VIAL_CANTONAL",
        "GRADO_NODO": 3,
        "CRITERIO_PRINCIPAL": "Centralidad vial y nueva evidencia territorial en cabecera PUGS",
        "CRITERIOS_SECUNDARIOS": "Centro de cabecera; nuevos D/V y Convivencia; equipamientos; Gi* D/V rural; nueva area PUGS; menor solape",
        "JUSTIFICACION": "Interseccion vial dentro de la cabecera PUGS de Quimiag; seleccion 2/2. 0 eventos adicionales dentro de la localidad y 83581.9 m2 nuevos de su area. Entorno 200 m: 0 incidentes; solape con escenario actual 0.00%. Pendiente inspeccion de campo.",
        "ESTADO": null,
        "ESTADO_VALIDACION": "PROPUESTA_REVISADA",
        "METODO_FINAL": null,
        "HOTSPOT_DEL": null,
        "NIVEL_DEL": 0,
        "HOTSPOT_VIOL": null,
        "NIVEL_VIOL": 0,
        "HOTSPOT_CONV": null,
        "NIVEL_CONV": 0,
        "AMBITO_HOTSPOT": "RURAL",
        "COINCIDENCIA_DV": false,
        "DELINCUENCIA_200M": 0,
        "VIOLENCIA_200M": 0,
        "CONVIVENCIA_200M": 0,
        "N_TOTAL": 0,
        "COBERTURA_PREVIA": 0.0,
        "POBLACION_ASOCIADA": null,
        "MANZANAS_POB_VALIDAS": 0,
        "MANZANAS_POB_FALTANTES": 0,
        "POBLACION_METODO": "Estimacion areal CPV2022 dentro del radio200m y18Plataformas; no poblacion rural completa",
        "UPC_CERCANA": "I0432",
        "NOMBRE_UPC": "QUIMIAG",
        "DIST_UPC_M": 352.87289444344344,
        "INFRA_CERCANA": "I0432",
        "DIST_INFRA_M": 352.87289444344344,
        "DIST_EXISTENTE": 7621.848170262664,
        "DIST_MUNICIPAL": 0.0,
        "INTERSECCION_O_NODO": "INTERSECCION_VIAL_CANTONAL",
        "CORREDOR_COINCIDENTE": null,
        "CORREDOR_METODO": "Eje intersecta buffer200m; no implica punto sobre eje ni criterio de seleccion",
        "SOLAPE_OTRAS49_PCT": 16.23598699497344,
        "D_EXCLUSIVOS": 0,
        "V_EXCLUSIVOS": 0,
        "C_EXCLUSIVOS": 0,
        "N_CORREDORES": 0,
        "CORREDOR": null,
        "BENEFICIO_CONTEXTO": "Exclusivo respecto103+otras49;no sumar entre camaras",
        "LONGITUD_EXCLUSIVA_ANILLO_VIAL_M": 0.0,
        "LONGITUD_EXCLUSIVA_CICLOVIAS_M": 0.0,
        "LONGITUD_EXCLUSIVA_BOULEVARD_MACAJI_BELLAVISTA_M": 0.0,
        "LONGITUD_EXCLUSIVA_QUEBRADA_LAS_ABRAS_M": 0.0
      },
      "geometry": {
        "type": "Point",
        "coordinates": [
          -78.57035035879088,
          -1.6583706752410032
        ]
      }
    },
    {
      "type": "Feature",
      "properties": {
        "ID_PROPUESTA": "MUN-015",
        "ID_ORIGINAL": "RUR_SAN _01",
        "FILA_ORIGINAL": 15,
        "GRUPO": "CABECERA_RURAL",
        "SUBTIPO": "INTERSECCION_CABECERA",
        "X": 746769.2216000003,
        "Y": 9819030.9857,
        "LONGITUD": -78.78200596975456,
        "LATITUD": -1.6360447443634953,
        "PARROQUIA": "San Juan",
        "ID_CANDIDATO": "RUR-SAN_JUAN-0024",
        "ORIGEN_CANDIDATO": "INTERSECCION_VIAL_CANTONAL",
        "GRADO_NODO": 4,
        "CRITERIO_PRINCIPAL": "Centralidad vial y nueva evidencia territorial en cabecera PUGS",
        "CRITERIOS_SECUNDARIOS": "Centro de cabecera; nuevos D/V y Convivencia; equipamientos; Gi* D/V rural; nueva area PUGS; menor solape",
        "JUSTIFICACION": "Interseccion vial dentro de la cabecera PUGS de San Juan; seleccion 2/2. 1 eventos adicionales dentro de la localidad y 95202.4 m2 nuevos de su area. Entorno 200 m: 1 incidentes; solape con escenario actual 0.00%. Pendiente inspeccion de campo.",
        "ESTADO": null,
        "ESTADO_VALIDACION": "PROPUESTA_REVISADA",
        "METODO_FINAL": null,
        "HOTSPOT_DEL": null,
        "NIVEL_DEL": 0,
        "HOTSPOT_VIOL": null,
        "NIVEL_VIOL": 0,
        "HOTSPOT_CONV": null,
        "NIVEL_CONV": 0,
        "AMBITO_HOTSPOT": "RURAL",
        "COINCIDENCIA_DV": false,
        "DELINCUENCIA_200M": 1,
        "VIOLENCIA_200M": 0,
        "CONVIVENCIA_200M": 0,
        "N_TOTAL": 1,
        "COBERTURA_PREVIA": 0.0,
        "POBLACION_ASOCIADA": null,
        "MANZANAS_POB_VALIDAS": 0,
        "MANZANAS_POB_FALTANTES": 0,
        "POBLACION_METODO": "Estimacion areal CPV2022 dentro del radio200m y18Plataformas; no poblacion rural completa",
        "UPC_CERCANA": "I0428",
        "NOMBRE_UPC": "SAN JUAN",
        "DIST_UPC_M": 170.22369256987895,
        "INFRA_CERCANA": "I0428",
        "DIST_INFRA_M": 170.22369256987895,
        "DIST_EXISTENTE": 1097.050343117405,
        "DIST_MUNICIPAL": 0.0,
        "INTERSECCION_O_NODO": "INTERSECCION_VIAL_CANTONAL",
        "CORREDOR_COINCIDENTE": null,
        "CORREDOR_METODO": "Eje intersecta buffer200m; no implica punto sobre eje ni criterio de seleccion",
        "SOLAPE_OTRAS49_PCT": 2.4580610072476046,
        "D_EXCLUSIVOS": 1,
        "V_EXCLUSIVOS": 0,
        "C_EXCLUSIVOS": 0,
        "N_CORREDORES": 0,
        "CORREDOR": null,
        "BENEFICIO_CONTEXTO": "Exclusivo respecto103+otras49;no sumar entre camaras",
        "LONGITUD_EXCLUSIVA_ANILLO_VIAL_M": 0.0,
        "LONGITUD_EXCLUSIVA_CICLOVIAS_M": 0.0,
        "LONGITUD_EXCLUSIVA_BOULEVARD_MACAJI_BELLAVISTA_M": 0.0,
        "LONGITUD_EXCLUSIVA_QUEBRADA_LAS_ABRAS_M": 0.0
      },
      "geometry": {
        "type": "Point",
        "coordinates": [
          -78.78200596975456,
          -1.6360447443634953
        ]
      }
    },
    {
      "type": "Feature",
      "properties": {
        "ID_PROPUESTA": "MUN-016",
        "ID_ORIGINAL": "RUR_SAN _02",
        "FILA_ORIGINAL": 16,
        "GRUPO": "CABECERA_RURAL",
        "SUBTIPO": "INTERSECCION_CABECERA",
        "X": 746651.3081000012,
        "Y": 9819381.497100001,
        "LONGITUD": -78.78306873563253,
        "LATITUD": -1.6328771516593334,
        "PARROQUIA": "San Juan",
        "ID_CANDIDATO": "RUR-SAN_JUAN-0018",
        "ORIGEN_CANDIDATO": "INTERSECCION_VIAL_CANTONAL",
        "GRADO_NODO": 3,
        "CRITERIO_PRINCIPAL": "Centralidad vial y nueva evidencia territorial en cabecera PUGS",
        "CRITERIOS_SECUNDARIOS": "Centro de cabecera; nuevos D/V y Convivencia; equipamientos; Gi* D/V rural; nueva area PUGS; menor solape",
        "JUSTIFICACION": "Interseccion vial dentro de la cabecera PUGS de San Juan; seleccion 1/2. 24 eventos adicionales dentro de la localidad y 100560.4 m2 nuevos de su area. Entorno 200 m: 25 incidentes; solape con escenario actual 0.00%. Pendiente inspeccion de campo.",
        "ESTADO": null,
        "ESTADO_VALIDACION": "PROPUESTA_REVISADA",
        "METODO_FINAL": null,
        "HOTSPOT_DEL": null,
        "NIVEL_DEL": 0,
        "HOTSPOT_VIOL": null,
        "NIVEL_VIOL": 0,
        "HOTSPOT_CONV": null,
        "NIVEL_CONV": 0,
        "AMBITO_HOTSPOT": "RURAL",
        "COINCIDENCIA_DV": false,
        "DELINCUENCIA_200M": 4,
        "VIOLENCIA_200M": 6,
        "CONVIVENCIA_200M": 15,
        "N_TOTAL": 25,
        "COBERTURA_PREVIA": 0.0,
        "POBLACION_ASOCIADA": null,
        "MANZANAS_POB_VALIDAS": 0,
        "MANZANAS_POB_FALTANTES": 0,
        "POBLACION_METODO": "Estimacion areal CPV2022 dentro del radio200m y18Plataformas; no poblacion rural completa",
        "UPC_CERCANA": "I0428",
        "NOMBRE_UPC": "SAN JUAN",
        "DIST_UPC_M": 244.76325252821965,
        "INFRA_CERCANA": "I0428",
        "DIST_INFRA_M": 244.76325252821965,
        "DIST_EXISTENTE": 738.7324434616849,
        "DIST_MUNICIPAL": 0.0,
        "INTERSECCION_O_NODO": "INTERSECCION_VIAL_CANTONAL",
        "CORREDOR_COINCIDENTE": null,
        "CORREDOR_METODO": "Eje intersecta buffer200m; no implica punto sobre eje ni criterio de seleccion",
        "SOLAPE_OTRAS49_PCT": 2.4580610072476046,
        "D_EXCLUSIVOS": 4,
        "V_EXCLUSIVOS": 6,
        "C_EXCLUSIVOS": 15,
        "N_CORREDORES": 0,
        "CORREDOR": null,
        "BENEFICIO_CONTEXTO": "Exclusivo respecto103+otras49;no sumar entre camaras",
        "LONGITUD_EXCLUSIVA_ANILLO_VIAL_M": 0.0,
        "LONGITUD_EXCLUSIVA_CICLOVIAS_M": 0.0,
        "LONGITUD_EXCLUSIVA_BOULEVARD_MACAJI_BELLAVISTA_M": 0.0,
        "LONGITUD_EXCLUSIVA_QUEBRADA_LAS_ABRAS_M": 0.0
      },
      "geometry": {
        "type": "Point",
        "coordinates": [
          -78.78306873563253,
          -1.6328771516593334
        ]
      }
    },
    {
      "type": "Feature",
      "properties": {
        "ID_PROPUESTA": "MUN-017",
        "ID_ORIGINAL": "RUR_CUBI_01",
        "FILA_ORIGINAL": 17,
        "GRUPO": "CABECERA_RURAL",
        "SUBTIPO": "INTERSECCION_CABECERA",
        "X": 768313.1290999989,
        "Y": 9818207.7774,
        "LONGITUD": -78.58846818584054,
        "LATITUD": -1.6432611207072307,
        "PARROQUIA": "Cubijies",
        "ID_CANDIDATO": "RUR-CUBIJIES-0027",
        "ORIGEN_CANDIDATO": "INTERSECCION_VIAL_CANTONAL",
        "GRADO_NODO": 3,
        "CRITERIO_PRINCIPAL": "Centralidad vial y nueva evidencia territorial en cabecera PUGS",
        "CRITERIOS_SECUNDARIOS": "Centro de cabecera; nuevos D/V y Convivencia; equipamientos; Gi* D/V rural; nueva area PUGS; menor solape",
        "JUSTIFICACION": "Interseccion vial dentro de la cabecera PUGS de Cubijies; seleccion 2/2. 2 eventos adicionales dentro de la localidad y 116202.4 m2 nuevos de su area. Entorno 200 m: 2 incidentes; solape con escenario actual 0.00%. Pendiente inspeccion de campo.",
        "ESTADO": null,
        "ESTADO_VALIDACION": "PROPUESTA_REVISADA",
        "METODO_FINAL": null,
        "HOTSPOT_DEL": null,
        "NIVEL_DEL": 0,
        "HOTSPOT_VIOL": null,
        "NIVEL_VIOL": 0,
        "HOTSPOT_CONV": null,
        "NIVEL_CONV": 0,
        "AMBITO_HOTSPOT": "RURAL",
        "COINCIDENCIA_DV": false,
        "DELINCUENCIA_200M": 0,
        "VIOLENCIA_200M": 0,
        "CONVIVENCIA_200M": 2,
        "N_TOTAL": 2,
        "COBERTURA_PREVIA": 0.0,
        "POBLACION_ASOCIADA": null,
        "MANZANAS_POB_VALIDAS": 0,
        "MANZANAS_POB_FALTANTES": 0,
        "POBLACION_METODO": "Estimacion areal CPV2022 dentro del radio200m y18Plataformas; no poblacion rural completa",
        "UPC_CERCANA": "I0431",
        "NOMBRE_UPC": "CUBIJIES",
        "DIST_UPC_M": 320.9921319102093,
        "INFRA_CERCANA": "I0431",
        "DIST_INFRA_M": 320.9921319102093,
        "DIST_EXISTENTE": 6121.669165081278,
        "DIST_MUNICIPAL": 0.0,
        "INTERSECCION_O_NODO": "INTERSECCION_VIAL_CANTONAL",
        "CORREDOR_COINCIDENTE": null,
        "CORREDOR_METODO": "Eje intersecta buffer200m; no implica punto sobre eje ni criterio de seleccion",
        "SOLAPE_OTRAS49_PCT": 0.0,
        "D_EXCLUSIVOS": 0,
        "V_EXCLUSIVOS": 0,
        "C_EXCLUSIVOS": 2,
        "N_CORREDORES": 0,
        "CORREDOR": null,
        "BENEFICIO_CONTEXTO": "Exclusivo respecto103+otras49;no sumar entre camaras",
        "LONGITUD_EXCLUSIVA_ANILLO_VIAL_M": 0.0,
        "LONGITUD_EXCLUSIVA_CICLOVIAS_M": 0.0,
        "LONGITUD_EXCLUSIVA_BOULEVARD_MACAJI_BELLAVISTA_M": 0.0,
        "LONGITUD_EXCLUSIVA_QUEBRADA_LAS_ABRAS_M": 0.0
      },
      "geometry": {
        "type": "Point",
        "coordinates": [
          -78.58846818584054,
          -1.6432611207072307
        ]
      }
    },
    {
      "type": "Feature",
      "properties": {
        "ID_PROPUESTA": "MUN-018",
        "ID_ORIGINAL": "RUR_CUBI_02",
        "FILA_ORIGINAL": 18,
        "GRUPO": "CABECERA_RURAL",
        "SUBTIPO": "INTERSECCION_CABECERA",
        "X": 768415.3718000003,
        "Y": 9817809.649800003,
        "LONGITUD": -78.58754547560767,
        "LATITUD": -1.6468587459549908,
        "PARROQUIA": "Cubijies",
        "ID_CANDIDATO": "RUR-CUBIJIES-0044",
        "ORIGEN_CANDIDATO": "INTERSECCION_VIAL_CANTONAL",
        "GRADO_NODO": 4,
        "CRITERIO_PRINCIPAL": "Centralidad vial y nueva evidencia territorial en cabecera PUGS",
        "CRITERIOS_SECUNDARIOS": "Centro de cabecera; nuevos D/V y Convivencia; equipamientos; Gi* D/V rural; nueva area PUGS; menor solape",
        "JUSTIFICACION": "Interseccion vial dentro de la cabecera PUGS de Cubijies; seleccion 1/2. 13 eventos adicionales dentro de la localidad y 121555.1 m2 nuevos de su area. Entorno 200 m: 13 incidentes; solape con escenario actual 0.00%. Pendiente inspeccion de campo.",
        "ESTADO": null,
        "ESTADO_VALIDACION": "PROPUESTA_REVISADA",
        "METODO_FINAL": null,
        "HOTSPOT_DEL": null,
        "NIVEL_DEL": 0,
        "HOTSPOT_VIOL": null,
        "NIVEL_VIOL": 0,
        "HOTSPOT_CONV": null,
        "NIVEL_CONV": 0,
        "AMBITO_HOTSPOT": "RURAL",
        "COINCIDENCIA_DV": false,
        "DELINCUENCIA_200M": 4,
        "VIOLENCIA_200M": 2,
        "CONVIVENCIA_200M": 7,
        "N_TOTAL": 13,
        "COBERTURA_PREVIA": 0.0,
        "POBLACION_ASOCIADA": null,
        "MANZANAS_POB_VALIDAS": 0,
        "MANZANAS_POB_FALTANTES": 0,
        "POBLACION_METODO": "Estimacion areal CPV2022 dentro del radio200m y18Plataformas; no poblacion rural completa",
        "UPC_CERCANA": "I0431",
        "NOMBRE_UPC": "CUBIJIES",
        "DIST_UPC_M": 133.87300599332022,
        "INFRA_CERCANA": "I0431",
        "DIST_INFRA_M": 133.87300599332022,
        "DIST_EXISTENTE": 6060.379028177488,
        "DIST_MUNICIPAL": 0.0,
        "INTERSECCION_O_NODO": "INTERSECCION_VIAL_CANTONAL",
        "CORREDOR_COINCIDENTE": null,
        "CORREDOR_METODO": "Eje intersecta buffer200m; no implica punto sobre eje ni criterio de seleccion",
        "SOLAPE_OTRAS49_PCT": 0.0,
        "D_EXCLUSIVOS": 4,
        "V_EXCLUSIVOS": 2,
        "C_EXCLUSIVOS": 7,
        "N_CORREDORES": 0,
        "CORREDOR": null,
        "BENEFICIO_CONTEXTO": "Exclusivo respecto103+otras49;no sumar entre camaras",
        "LONGITUD_EXCLUSIVA_ANILLO_VIAL_M": 0.0,
        "LONGITUD_EXCLUSIVA_CICLOVIAS_M": 0.0,
        "LONGITUD_EXCLUSIVA_BOULEVARD_MACAJI_BELLAVISTA_M": 0.0,
        "LONGITUD_EXCLUSIVA_QUEBRADA_LAS_ABRAS_M": 0.0
      },
      "geometry": {
        "type": "Point",
        "coordinates": [
          -78.58754547560767,
          -1.6468587459549908
        ]
      }
    },
    {
      "type": "Feature",
      "properties": {
        "ID_PROPUESTA": "MUN-019",
        "ID_ORIGINAL": "RUR_SAN _01",
        "FILA_ORIGINAL": 19,
        "GRUPO": "CABECERA_RURAL",
        "SUBTIPO": "INTERSECCION_CABECERA",
        "X": 762457.3087999993,
        "Y": 9810752.8618,
        "LONGITUD": -78.64098781397688,
        "LATITUD": -1.7107131889035228,
        "PARROQUIA": "San Luis",
        "ID_CANDIDATO": "RUR-SAN_LUIS-0037",
        "ORIGEN_CANDIDATO": "INTERSECCION_VIAL_CANTONAL",
        "GRADO_NODO": 3,
        "CRITERIO_PRINCIPAL": "Centralidad vial y nueva evidencia territorial en cabecera PUGS",
        "CRITERIOS_SECUNDARIOS": "Centro de cabecera; nuevos D/V y Convivencia; equipamientos; Gi* D/V rural; nueva area PUGS; menor solape",
        "JUSTIFICACION": "Interseccion vial dentro de la cabecera PUGS de San Luis; seleccion 2/2. 1 eventos adicionales dentro de la localidad y 90069.6 m2 nuevos de su area. Entorno 200 m: 1 incidentes; solape con escenario actual 0.00%. Pendiente inspeccion de campo.",
        "ESTADO": null,
        "ESTADO_VALIDACION": "PROPUESTA_REVISADA",
        "METODO_FINAL": null,
        "HOTSPOT_DEL": "R-1000-26-29",
        "NIVEL_DEL": 99,
        "HOTSPOT_VIOL": "R-1000-26-29",
        "NIVEL_VIOL": 99,
        "HOTSPOT_CONV": "R-1000-26-29",
        "NIVEL_CONV": 99,
        "AMBITO_HOTSPOT": "RURAL",
        "COINCIDENCIA_DV": true,
        "DELINCUENCIA_200M": 1,
        "VIOLENCIA_200M": 0,
        "CONVIVENCIA_200M": 0,
        "N_TOTAL": 1,
        "COBERTURA_PREVIA": 0.0,
        "POBLACION_ASOCIADA": null,
        "MANZANAS_POB_VALIDAS": 0,
        "MANZANAS_POB_FALTANTES": 0,
        "POBLACION_METODO": "Estimacion areal CPV2022 dentro del radio200m y18Plataformas; no poblacion rural completa",
        "UPC_CERCANA": "I0436",
        "NOMBRE_UPC": "SAN LUIS",
        "DIST_UPC_M": 727.1149070035392,
        "INFRA_CERCANA": "I0436",
        "DIST_INFRA_M": 727.1149070035392,
        "DIST_EXISTENTE": 2437.967854380135,
        "DIST_MUNICIPAL": 0.0,
        "INTERSECCION_O_NODO": "INTERSECCION_VIAL_CANTONAL",
        "CORREDOR_COINCIDENTE": null,
        "CORREDOR_METODO": "Eje intersecta buffer200m; no implica punto sobre eje ni criterio de seleccion",
        "SOLAPE_OTRAS49_PCT": 20.56237946549324,
        "D_EXCLUSIVOS": 1,
        "V_EXCLUSIVOS": 0,
        "C_EXCLUSIVOS": 0,
        "N_CORREDORES": 0,
        "CORREDOR": null,
        "BENEFICIO_CONTEXTO": "Exclusivo respecto103+otras49;no sumar entre camaras",
        "LONGITUD_EXCLUSIVA_ANILLO_VIAL_M": 0.0,
        "LONGITUD_EXCLUSIVA_CICLOVIAS_M": 0.0,
        "LONGITUD_EXCLUSIVA_BOULEVARD_MACAJI_BELLAVISTA_M": 0.0,
        "LONGITUD_EXCLUSIVA_QUEBRADA_LAS_ABRAS_M": 0.0
      },
      "geometry": {
        "type": "Point",
        "coordinates": [
          -78.64098781397688,
          -1.7107131889035228
        ]
      }
    },
    {
      "type": "Feature",
      "properties": {
        "ID_PROPUESTA": "MUN-020",
        "ID_ORIGINAL": "RUR_SAN _02",
        "FILA_ORIGINAL": 20,
        "GRUPO": "CABECERA_RURAL",
        "SUBTIPO": "INTERSECCION_CABECERA",
        "X": 762204.7269000018,
        "Y": 9810854.819300001,
        "LONGITUD": -78.64325789853301,
        "LATITUD": -1.7097943477909467,
        "PARROQUIA": "San Luis",
        "ID_CANDIDATO": "RUR-SAN_LUIS-0025",
        "ORIGEN_CANDIDATO": "INTERSECCION_VIAL_CANTONAL",
        "GRADO_NODO": 3,
        "CRITERIO_PRINCIPAL": "Centralidad vial y nueva evidencia territorial en cabecera PUGS",
        "CRITERIOS_SECUNDARIOS": "Centro de cabecera; nuevos D/V y Convivencia; equipamientos; Gi* D/V rural; nueva area PUGS; menor solape",
        "JUSTIFICACION": "Interseccion vial dentro de la cabecera PUGS de San Luis; seleccion 1/2. 27 eventos adicionales dentro de la localidad y 120692.2 m2 nuevos de su area. Entorno 200 m: 27 incidentes; solape con escenario actual 0.00%. Pendiente inspeccion de campo.",
        "ESTADO": null,
        "ESTADO_VALIDACION": "PROPUESTA_REVISADA",
        "METODO_FINAL": null,
        "HOTSPOT_DEL": "R-1000-26-29|R-1000-27-29",
        "NIVEL_DEL": 99,
        "HOTSPOT_VIOL": "R-1000-26-29|R-1000-27-29",
        "NIVEL_VIOL": 99,
        "HOTSPOT_CONV": "R-1000-26-29|R-1000-27-29",
        "NIVEL_CONV": 99,
        "AMBITO_HOTSPOT": "RURAL",
        "COINCIDENCIA_DV": true,
        "DELINCUENCIA_200M": 6,
        "VIOLENCIA_200M": 11,
        "CONVIVENCIA_200M": 10,
        "N_TOTAL": 27,
        "COBERTURA_PREVIA": 0.0,
        "POBLACION_ASOCIADA": null,
        "MANZANAS_POB_VALIDAS": 0,
        "MANZANAS_POB_FALTANTES": 0,
        "POBLACION_METODO": "Estimacion areal CPV2022 dentro del radio200m y18Plataformas; no poblacion rural completa",
        "UPC_CERCANA": "I0436",
        "NOMBRE_UPC": "SAN LUIS",
        "DIST_UPC_M": 456.5803837212865,
        "INFRA_CERCANA": "I0436",
        "DIST_INFRA_M": 456.5803837212865,
        "DIST_EXISTENTE": 2357.321688661743,
        "DIST_MUNICIPAL": 0.0,
        "INTERSECCION_O_NODO": "INTERSECCION_VIAL_CANTONAL",
        "CORREDOR_COINCIDENTE": null,
        "CORREDOR_METODO": "Eje intersecta buffer200m; no implica punto sobre eje ni criterio de seleccion",
        "SOLAPE_OTRAS49_PCT": 20.562379465493247,
        "D_EXCLUSIVOS": 6,
        "V_EXCLUSIVOS": 11,
        "C_EXCLUSIVOS": 10,
        "N_CORREDORES": 0,
        "CORREDOR": null,
        "BENEFICIO_CONTEXTO": "Exclusivo respecto103+otras49;no sumar entre camaras",
        "LONGITUD_EXCLUSIVA_ANILLO_VIAL_M": 0.0,
        "LONGITUD_EXCLUSIVA_CICLOVIAS_M": 0.0,
        "LONGITUD_EXCLUSIVA_BOULEVARD_MACAJI_BELLAVISTA_M": 0.0,
        "LONGITUD_EXCLUSIVA_QUEBRADA_LAS_ABRAS_M": 0.0
      },
      "geometry": {
        "type": "Point",
        "coordinates": [
          -78.64325789853301,
          -1.7097943477909467
        ]
      }
    },
    {
      "type": "Feature",
      "properties": {
        "ID_PROPUESTA": "MUN-021",
        "ID_ORIGINAL": "RUR_LICA_01",
        "FILA_ORIGINAL": 21,
        "GRUPO": "CABECERA_RURAL",
        "SUBTIPO": "INTERSECCION_CABECERA",
        "X": 755981.3276614937,
        "Y": 9817058.963338243,
        "LONGITUD": -78.69922995931343,
        "LATITUD": -1.6537778162057168,
        "PARROQUIA": "Lican",
        "ID_CANDIDATO": "RUR-LICAN-0082",
        "ORIGEN_CANDIDATO": "INTERSECCION_VIAL_CANTONAL",
        "GRADO_NODO": 3,
        "CRITERIO_PRINCIPAL": "Centralidad vial y nueva evidencia territorial en cabecera PUGS",
        "CRITERIOS_SECUNDARIOS": "Centro de cabecera; nuevos D/V y Convivencia; equipamientos; Gi* D/V rural; nueva area PUGS; menor solape",
        "JUSTIFICACION": "Interseccion vial dentro de la cabecera PUGS de Lican; seleccion 2/2. 9 eventos adicionales dentro de la localidad y 115276.0 m2 nuevos de su area. Entorno 200 m: 10 incidentes; solape con escenario actual 0.00%. Pendiente inspeccion de campo.",
        "ESTADO": null,
        "ESTADO_VALIDACION": "PROPUESTA_REVISADA",
        "METODO_FINAL": null,
        "HOTSPOT_DEL": "R-1000-32-22|R-1000-32-23|R-1000-33-22|R-1000-33-23",
        "NIVEL_DEL": 99,
        "HOTSPOT_VIOL": "R-1000-32-22|R-1000-32-23|R-1000-33-22|R-1000-33-23",
        "NIVEL_VIOL": 99,
        "HOTSPOT_CONV": "R-1000-32-22|R-1000-32-23|R-1000-33-22|R-1000-33-23",
        "NIVEL_CONV": 99,
        "AMBITO_HOTSPOT": "RURAL",
        "COINCIDENCIA_DV": true,
        "DELINCUENCIA_200M": 5,
        "VIOLENCIA_200M": 1,
        "CONVIVENCIA_200M": 4,
        "N_TOTAL": 10,
        "COBERTURA_PREVIA": 0.0,
        "POBLACION_ASOCIADA": null,
        "MANZANAS_POB_VALIDAS": 0,
        "MANZANAS_POB_FALTANTES": 0,
        "POBLACION_METODO": "Estimacion areal CPV2022 dentro del radio200m y18Plataformas; no poblacion rural completa",
        "UPC_CERCANA": "I0395",
        "NOMBRE_UPC": "24 DE MAYO",
        "DIST_UPC_M": 1880.301618685998,
        "INFRA_CERCANA": "I0395",
        "DIST_INFRA_M": 1880.301618685998,
        "DIST_EXISTENTE": 755.8247259165526,
        "DIST_MUNICIPAL": 0.0,
        "INTERSECCION_O_NODO": "INTERSECCION_VIAL_CANTONAL",
        "CORREDOR_COINCIDENTE": null,
        "CORREDOR_METODO": "Eje intersecta buffer200m; no implica punto sobre eje ni criterio de seleccion",
        "SOLAPE_OTRAS49_PCT": 0.0,
        "D_EXCLUSIVOS": 5,
        "V_EXCLUSIVOS": 1,
        "C_EXCLUSIVOS": 4,
        "N_CORREDORES": 0,
        "CORREDOR": null,
        "BENEFICIO_CONTEXTO": "Exclusivo respecto103+otras49;no sumar entre camaras",
        "LONGITUD_EXCLUSIVA_ANILLO_VIAL_M": 0.0,
        "LONGITUD_EXCLUSIVA_CICLOVIAS_M": 0.0,
        "LONGITUD_EXCLUSIVA_BOULEVARD_MACAJI_BELLAVISTA_M": 0.0,
        "LONGITUD_EXCLUSIVA_QUEBRADA_LAS_ABRAS_M": 0.0
      },
      "geometry": {
        "type": "Point",
        "coordinates": [
          -78.69922995931343,
          -1.6537778162057168
        ]
      }
    },
    {
      "type": "Feature",
      "properties": {
        "ID_PROPUESTA": "MUN-022",
        "ID_ORIGINAL": "RUR_LICA_02",
        "FILA_ORIGINAL": 22,
        "GRUPO": "CABECERA_RURAL",
        "SUBTIPO": "INTERSECCION_CABECERA",
        "X": 755250.5330999993,
        "Y": 9817255.552200003,
        "LONGITUD": -78.7057968677663,
        "LATITUD": -1.652008314510619,
        "PARROQUIA": "Lican",
        "ID_CANDIDATO": "RUR-LICAN-0042",
        "ORIGEN_CANDIDATO": "INTERSECCION_VIAL_CANTONAL",
        "GRADO_NODO": 3,
        "CRITERIO_PRINCIPAL": "Centralidad vial y nueva evidencia territorial en cabecera PUGS",
        "CRITERIOS_SECUNDARIOS": "Centro de cabecera; nuevos D/V y Convivencia; equipamientos; Gi* D/V rural; nueva area PUGS; menor solape",
        "JUSTIFICACION": "Interseccion vial dentro de la cabecera PUGS de Lican; seleccion 1/2. 94 eventos adicionales dentro de la localidad y 121440.5 m2 nuevos de su area. Entorno 200 m: 95 incidentes; solape con escenario actual 0.00%. Pendiente inspeccion de campo.",
        "ESTADO": null,
        "ESTADO_VALIDACION": "PROPUESTA_REVISADA",
        "METODO_FINAL": null,
        "HOTSPOT_DEL": "R-1000-33-22",
        "NIVEL_DEL": 99,
        "HOTSPOT_VIOL": "R-1000-33-22",
        "NIVEL_VIOL": 99,
        "HOTSPOT_CONV": "R-1000-33-22",
        "NIVEL_CONV": 99,
        "AMBITO_HOTSPOT": "RURAL",
        "COINCIDENCIA_DV": true,
        "DELINCUENCIA_200M": 28,
        "VIOLENCIA_200M": 26,
        "CONVIVENCIA_200M": 41,
        "N_TOTAL": 95,
        "COBERTURA_PREVIA": 0.0,
        "POBLACION_ASOCIADA": null,
        "MANZANAS_POB_VALIDAS": 0,
        "MANZANAS_POB_FALTANTES": 0,
        "POBLACION_METODO": "Estimacion areal CPV2022 dentro del radio200m y18Plataformas; no poblacion rural completa",
        "UPC_CERCANA": "I0395",
        "NOMBRE_UPC": "24 DE MAYO",
        "DIST_UPC_M": 2499.791818539102,
        "INFRA_CERCANA": "I0395",
        "DIST_INFRA_M": 2499.791818539102,
        "DIST_EXISTENTE": 1458.7928584828524,
        "DIST_MUNICIPAL": 0.0,
        "INTERSECCION_O_NODO": "INTERSECCION_VIAL_CANTONAL",
        "CORREDOR_COINCIDENTE": null,
        "CORREDOR_METODO": "Eje intersecta buffer200m; no implica punto sobre eje ni criterio de seleccion",
        "SOLAPE_OTRAS49_PCT": 0.0,
        "D_EXCLUSIVOS": 28,
        "V_EXCLUSIVOS": 26,
        "C_EXCLUSIVOS": 41,
        "N_CORREDORES": 0,
        "CORREDOR": null,
        "BENEFICIO_CONTEXTO": "Exclusivo respecto103+otras49;no sumar entre camaras",
        "LONGITUD_EXCLUSIVA_ANILLO_VIAL_M": 0.0,
        "LONGITUD_EXCLUSIVA_CICLOVIAS_M": 0.0,
        "LONGITUD_EXCLUSIVA_BOULEVARD_MACAJI_BELLAVISTA_M": 0.0,
        "LONGITUD_EXCLUSIVA_QUEBRADA_LAS_ABRAS_M": 0.0
      },
      "geometry": {
        "type": "Point",
        "coordinates": [
          -78.7057968677663,
          -1.652008314510619
        ]
      }
    },
    {
      "type": "Feature",
      "properties": {
        "ID_PROPUESTA": "MUN-023",
        "ID_ORIGINAL": "ABRAS_01",
        "FILA_ORIGINAL": 23,
        "GRUPO": "LAS_ABRAS",
        "SUBTIPO": "CRUCE_VIAL_EJE",
        "X": 758998.7175252293,
        "Y": 9818694.39993045,
        "LONGITUD": -78.67214164931372,
        "LATITUD": -1.6389621092382802,
        "PARROQUIA": null,
        "ID_CANDIDATO": "MAATE-NODO-025",
        "ORIGEN_CANDIDATO": "CRUCE_MAATE_RED_MUNICIPAL",
        "GRADO_NODO": 0,
        "CRITERIO_PRINCIPAL": "Cruce vial y evidencia territorial sobre eje MAATE cantonal",
        "CRITERIOS_SECUNDARIOS": "Proteccion, Jose Marti, poblacion, incidentes, Gi* complementario y longitud adicional",
        "JUSTIFICACION": "Reemplazo propuesto: longitud MAATE adicional 177.5 a 270.6 m; dimensiones con evidencia 2 a 5. Nodo/cruce real y evidencia local, no intervalos iguales; Cunduana distante no se atribuye como beneficio. Pendiente validacion de campo.",
        "ESTADO": null,
        "ESTADO_VALIDACION": "PROPUESTA_CONSOLIDADA_PARA_REVISION",
        "METODO_FINAL": null,
        "HOTSPOT_DEL": null,
        "NIVEL_DEL": 0,
        "HOTSPOT_VIOL": null,
        "NIVEL_VIOL": 0,
        "HOTSPOT_CONV": null,
        "NIVEL_CONV": 0,
        "AMBITO_HOTSPOT": "RURAL",
        "COINCIDENCIA_DV": false,
        "DELINCUENCIA_200M": 1,
        "VIOLENCIA_200M": 1,
        "CONVIVENCIA_200M": 0,
        "N_TOTAL": 2,
        "COBERTURA_PREVIA": 0.0,
        "POBLACION_ASOCIADA": 275.47877119096455,
        "MANZANAS_POB_VALIDAS": 14,
        "MANZANAS_POB_FALTANTES": 1,
        "POBLACION_METODO": "Estimacion areal CPV2022 dentro del radio200m y18Plataformas; no poblacion rural completa",
        "UPC_CERCANA": "I0395",
        "NOMBRE_UPC": "24 DE MAYO",
        "DIST_UPC_M": 1555.1310043287851,
        "INFRA_CERCANA": "I0395",
        "DIST_INFRA_M": 1555.1310043287851,
        "DIST_EXISTENTE": 585.3612643495568,
        "DIST_MUNICIPAL": 0.0,
        "INTERSECCION_O_NODO": "CRUCE_MAATE_RED_MUNICIPAL",
        "CORREDOR_COINCIDENTE": "QUEBRADA_LAS_ABRAS",
        "CORREDOR_METODO": "Eje intersecta buffer200m; no implica punto sobre eje ni criterio de seleccion",
        "SOLAPE_OTRAS49_PCT": 0.0,
        "D_EXCLUSIVOS": 1,
        "V_EXCLUSIVOS": 1,
        "C_EXCLUSIVOS": 0,
        "N_CORREDORES": 1,
        "CORREDOR": "QUEBRADA_LAS_ABRAS",
        "BENEFICIO_CONTEXTO": "Exclusivo respecto103+otras49;no sumar entre camaras",
        "LONGITUD_EXCLUSIVA_ANILLO_VIAL_M": 0.0,
        "LONGITUD_EXCLUSIVA_CICLOVIAS_M": 0.0,
        "LONGITUD_EXCLUSIVA_BOULEVARD_MACAJI_BELLAVISTA_M": 0.0,
        "LONGITUD_EXCLUSIVA_QUEBRADA_LAS_ABRAS_M": 304.4997255743099
      },
      "geometry": {
        "type": "Point",
        "coordinates": [
          -78.67214164931372,
          -1.6389621092382802
        ]
      }
    },
    {
      "type": "Feature",
      "properties": {
        "ID_PROPUESTA": "MUN-024",
        "ID_ORIGINAL": "ABRAS_02",
        "FILA_ORIGINAL": 24,
        "GRUPO": "LAS_ABRAS",
        "SUBTIPO": "CRUCE_VIAL_EJE",
        "X": 758067.4395955483,
        "Y": 9819999.417009573,
        "LONGITUD": -78.68052081270649,
        "LATITUD": -1.6271748157690087,
        "PARROQUIA": null,
        "ID_CANDIDATO": "MAATE-NODO-001",
        "ORIGEN_CANDIDATO": "CRUCE_MAATE_RED_CENSAL",
        "GRADO_NODO": 0,
        "CRITERIO_PRINCIPAL": "Cruce vial y evidencia territorial sobre eje MAATE cantonal",
        "CRITERIOS_SECUNDARIOS": "Proteccion, Jose Marti, poblacion, incidentes, Gi* complementario y longitud adicional",
        "JUSTIFICACION": "Reemplazo propuesto: longitud MAATE adicional 245.5 a 362.3 m; dimensiones con evidencia 3 a 4. Nodo/cruce real y evidencia local, no intervalos iguales; Cunduana distante no se atribuye como beneficio. Pendiente validacion de campo.",
        "ESTADO": null,
        "ESTADO_VALIDACION": "PROPUESTA_CONSOLIDADA_PARA_REVISION",
        "METODO_FINAL": null,
        "HOTSPOT_DEL": null,
        "NIVEL_DEL": 0,
        "HOTSPOT_VIOL": null,
        "NIVEL_VIOL": 0,
        "HOTSPOT_CONV": null,
        "NIVEL_CONV": 0,
        "AMBITO_HOTSPOT": "RURAL",
        "COINCIDENCIA_DV": false,
        "DELINCUENCIA_200M": 0,
        "VIOLENCIA_200M": 0,
        "CONVIVENCIA_200M": 2,
        "N_TOTAL": 2,
        "COBERTURA_PREVIA": 0.0,
        "POBLACION_ASOCIADA": 76.06186292136142,
        "MANZANAS_POB_VALIDAS": 8,
        "MANZANAS_POB_FALTANTES": 3,
        "POBLACION_METODO": "Estimacion areal CPV2022 dentro del radio200m y18Plataformas; no poblacion rural completa",
        "UPC_CERCANA": "I0395",
        "NOMBRE_UPC": "24 DE MAYO",
        "DIST_UPC_M": 2148.6784121813166,
        "INFRA_CERCANA": "I0395",
        "DIST_INFRA_M": 2148.6784121813166,
        "DIST_EXISTENTE": 958.6514928441939,
        "DIST_MUNICIPAL": 0.0,
        "INTERSECCION_O_NODO": "CRUCE_MAATE_RED_CENSAL",
        "CORREDOR_COINCIDENTE": "QUEBRADA_LAS_ABRAS",
        "CORREDOR_METODO": "Eje intersecta buffer200m; no implica punto sobre eje ni criterio de seleccion",
        "SOLAPE_OTRAS49_PCT": 0.0,
        "D_EXCLUSIVOS": 0,
        "V_EXCLUSIVOS": 0,
        "C_EXCLUSIVOS": 2,
        "N_CORREDORES": 1,
        "CORREDOR": "QUEBRADA_LAS_ABRAS",
        "BENEFICIO_CONTEXTO": "Exclusivo respecto103+otras49;no sumar entre camaras",
        "LONGITUD_EXCLUSIVA_ANILLO_VIAL_M": 0.0,
        "LONGITUD_EXCLUSIVA_CICLOVIAS_M": 0.0,
        "LONGITUD_EXCLUSIVA_BOULEVARD_MACAJI_BELLAVISTA_M": 0.0,
        "LONGITUD_EXCLUSIVA_QUEBRADA_LAS_ABRAS_M": 362.2748330627863
      },
      "geometry": {
        "type": "Point",
        "coordinates": [
          -78.68052081270649,
          -1.6271748157690087
        ]
      }
    },
    {
      "type": "Feature",
      "properties": {
        "ID_PROPUESTA": "MUN-025",
        "ID_ORIGINAL": "ABRAS_03",
        "FILA_ORIGINAL": 25,
        "GRUPO": "LAS_ABRAS",
        "SUBTIPO": "CRUCE_VIAL_EJE",
        "X": 758345.1972884506,
        "Y": 9819558.71019032,
        "LONGITUD": -78.67802117231848,
        "LATITUD": -1.631155810968884,
        "PARROQUIA": null,
        "ID_CANDIDATO": "MAATE-NODO-014",
        "ORIGEN_CANDIDATO": "CRUCE_MAATE_RED_MUNICIPAL",
        "GRADO_NODO": 0,
        "CRITERIO_PRINCIPAL": "Cruce vial y evidencia territorial sobre eje MAATE cantonal",
        "CRITERIOS_SECUNDARIOS": "Proteccion, Jose Marti, poblacion, incidentes, Gi* complementario y longitud adicional",
        "JUSTIFICACION": "Reemplazo propuesto: longitud MAATE adicional 409.9 a 421.3 m; dimensiones con evidencia 3 a 4. Nodo/cruce real y evidencia local, no intervalos iguales; Cunduana distante no se atribuye como beneficio. Pendiente validacion de campo.",
        "ESTADO": null,
        "ESTADO_VALIDACION": "PROPUESTA_CONSOLIDADA_PARA_REVISION",
        "METODO_FINAL": null,
        "HOTSPOT_DEL": null,
        "NIVEL_DEL": 0,
        "HOTSPOT_VIOL": null,
        "NIVEL_VIOL": 0,
        "HOTSPOT_CONV": null,
        "NIVEL_CONV": 0,
        "AMBITO_HOTSPOT": "RURAL",
        "COINCIDENCIA_DV": false,
        "DELINCUENCIA_200M": 0,
        "VIOLENCIA_200M": 0,
        "CONVIVENCIA_200M": 1,
        "N_TOTAL": 1,
        "COBERTURA_PREVIA": 0.0,
        "POBLACION_ASOCIADA": 78.31938186518049,
        "MANZANAS_POB_VALIDAS": 5,
        "MANZANAS_POB_FALTANTES": 3,
        "POBLACION_METODO": "Estimacion areal CPV2022 dentro del radio200m y18Plataformas; no poblacion rural completa",
        "UPC_CERCANA": "I0395",
        "NOMBRE_UPC": "24 DE MAYO",
        "DIST_UPC_M": 1802.3608828366232,
        "INFRA_CERCANA": "I0395",
        "DIST_INFRA_M": 1802.3608828366232,
        "DIST_EXISTENTE": 545.6250723921446,
        "DIST_MUNICIPAL": 0.0,
        "INTERSECCION_O_NODO": "CRUCE_MAATE_RED_MUNICIPAL",
        "CORREDOR_COINCIDENTE": "QUEBRADA_LAS_ABRAS",
        "CORREDOR_METODO": "Eje intersecta buffer200m; no implica punto sobre eje ni criterio de seleccion",
        "SOLAPE_OTRAS49_PCT": 0.0,
        "D_EXCLUSIVOS": 0,
        "V_EXCLUSIVOS": 0,
        "C_EXCLUSIVOS": 1,
        "N_CORREDORES": 1,
        "CORREDOR": "QUEBRADA_LAS_ABRAS",
        "BENEFICIO_CONTEXTO": "Exclusivo respecto103+otras49;no sumar entre camaras",
        "LONGITUD_EXCLUSIVA_ANILLO_VIAL_M": 0.0,
        "LONGITUD_EXCLUSIVA_CICLOVIAS_M": 0.0,
        "LONGITUD_EXCLUSIVA_BOULEVARD_MACAJI_BELLAVISTA_M": 0.0,
        "LONGITUD_EXCLUSIVA_QUEBRADA_LAS_ABRAS_M": 421.3315834624809
      },
      "geometry": {
        "type": "Point",
        "coordinates": [
          -78.67802117231848,
          -1.631155810968884
        ]
      }
    },
    {
      "type": "Feature",
      "properties": {
        "ID_PROPUESTA": "MUN-026",
        "ID_ORIGINAL": "ABRAS_04",
        "FILA_ORIGINAL": 26,
        "GRUPO": "LAS_ABRAS",
        "SUBTIPO": "CRUCE_VIAL_EJE",
        "X": 759404.5858253237,
        "Y": 9818738.534777902,
        "LONGITUD": -78.66849622843594,
        "LATITUD": -1.6385588743021142,
        "PARROQUIA": null,
        "ID_CANDIDATO": "MAATE-NODO-030",
        "ORIGEN_CANDIDATO": "CRUCE_MAATE_RED_MUNICIPAL",
        "GRADO_NODO": 0,
        "CRITERIO_PRINCIPAL": "Cruce vial y evidencia territorial sobre eje MAATE cantonal",
        "CRITERIOS_SECUNDARIOS": "Proteccion, Jose Marti, poblacion, incidentes, Gi* complementario y longitud adicional",
        "JUSTIFICACION": "Reemplazo propuesto: longitud MAATE adicional 400.3 a 416.8 m; dimensiones con evidencia 4 a 5. Nodo/cruce real y evidencia local, no intervalos iguales; Cunduana distante no se atribuye como beneficio. Pendiente validacion de campo.",
        "ESTADO": null,
        "ESTADO_VALIDACION": "PROPUESTA_CONSOLIDADA_PARA_REVISION",
        "METODO_FINAL": null,
        "HOTSPOT_DEL": null,
        "NIVEL_DEL": 0,
        "HOTSPOT_VIOL": null,
        "NIVEL_VIOL": 0,
        "HOTSPOT_CONV": null,
        "NIVEL_CONV": 0,
        "AMBITO_HOTSPOT": "RURAL",
        "COINCIDENCIA_DV": false,
        "DELINCUENCIA_200M": 0,
        "VIOLENCIA_200M": 1,
        "CONVIVENCIA_200M": 0,
        "N_TOTAL": 1,
        "COBERTURA_PREVIA": 0.0,
        "POBLACION_ASOCIADA": 309.9074110241869,
        "MANZANAS_POB_VALIDAS": 8,
        "MANZANAS_POB_FALTANTES": 1,
        "POBLACION_METODO": "Estimacion areal CPV2022 dentro del radio200m y18Plataformas; no poblacion rural completa",
        "UPC_CERCANA": "I0390",
        "NOMBRE_UPC": "CEMENTO CHIMBORAZO",
        "DIST_UPC_M": 1784.4751618527512,
        "INFRA_CERCANA": "I0390",
        "DIST_INFRA_M": 1784.4751618527512,
        "DIST_EXISTENTE": 637.2772460677206,
        "DIST_MUNICIPAL": 0.0,
        "INTERSECCION_O_NODO": "CRUCE_MAATE_RED_MUNICIPAL",
        "CORREDOR_COINCIDENTE": "QUEBRADA_LAS_ABRAS",
        "CORREDOR_METODO": "Eje intersecta buffer200m; no implica punto sobre eje ni criterio de seleccion",
        "SOLAPE_OTRAS49_PCT": 0.0,
        "D_EXCLUSIVOS": 0,
        "V_EXCLUSIVOS": 1,
        "C_EXCLUSIVOS": 0,
        "N_CORREDORES": 1,
        "CORREDOR": "QUEBRADA_LAS_ABRAS",
        "BENEFICIO_CONTEXTO": "Exclusivo respecto103+otras49;no sumar entre camaras",
        "LONGITUD_EXCLUSIVA_ANILLO_VIAL_M": 0.0,
        "LONGITUD_EXCLUSIVA_CICLOVIAS_M": 0.0,
        "LONGITUD_EXCLUSIVA_BOULEVARD_MACAJI_BELLAVISTA_M": 0.0,
        "LONGITUD_EXCLUSIVA_QUEBRADA_LAS_ABRAS_M": 416.78530338324197
      },
      "geometry": {
        "type": "Point",
        "coordinates": [
          -78.66849622843594,
          -1.6385588743021142
        ]
      }
    },
    {
      "type": "Feature",
      "properties": {
        "ID_PROPUESTA": "MUN-027",
        "ID_ORIGINAL": "COR_01",
        "FILA_ORIGINAL": 27,
        "GRUPO": "RED_ESTRUCTURAL",
        "SUBTIPO": "NODO_MULTICORREDOR",
        "X": 759560.7801999999,
        "Y": 9815767.2804,
        "LONGITUD": -78.66706180196813,
        "LATITUD": -1.665416445776435,
        "PARROQUIA": null,
        "ID_CANDIDATO": "EST-0134",
        "ORIGEN_CANDIDATO": "NODO_VIAL_URBANO",
        "GRADO_NODO": 3,
        "CRITERIO_PRINCIPAL": "Macaji>=98%;maximizarAnillo;despuesCiclovias;sin cuotas",
        "CRITERIOS_SECUNDARIOS": "Interseccion/acceso real; Gi* disponible; incidentes directos; solape marginal; continuidad en empate numerico",
        "JUSTIFICACION": "Nodo/cruce real;unionlineal200m;criterios jerarquicos. Perdida de Ciclovias documentada en informe; pendiente revision y campo.",
        "ESTADO": "PROPUESTA_FINAL_PARA_REVISION_NO_INSTALADA",
        "ESTADO_VALIDACION": "PROPUESTA_REVISADA",
        "METODO_FINAL": "Macaji>=98%; maximizar Anillo; despues Ciclovias; sin cuotas por corredor",
        "HOTSPOT_DEL": null,
        "NIVEL_DEL": 0,
        "HOTSPOT_VIOL": "GIU100-33-35|GIU100-33-36|GIU100-34-34|GIU100-34-35|GIU100-34-36|GIU100-35-34|GIU100-35-36",
        "NIVEL_VIOL": 99,
        "HOTSPOT_CONV": "GIU100-34-36|GIU100-35-35|GIU100-35-36",
        "NIVEL_CONV": 99,
        "AMBITO_HOTSPOT": "URBANO",
        "COINCIDENCIA_DV": false,
        "DELINCUENCIA_200M": 10,
        "VIOLENCIA_200M": 11,
        "CONVIVENCIA_200M": 30,
        "N_TOTAL": 51,
        "COBERTURA_PREVIA": 0.0,
        "POBLACION_ASOCIADA": 808.4824216469189,
        "MANZANAS_POB_VALIDAS": 12,
        "MANZANAS_POB_FALTANTES": 4,
        "POBLACION_METODO": "Estimacion areal CPV2022 dentro del radio200m y18Plataformas; no poblacion rural completa",
        "UPC_CERCANA": "I0419",
        "NOMBRE_UPC": "TERMINAL TERRESTRE 1",
        "DIST_UPC_M": 606.265345631051,
        "INFRA_CERCANA": "I0419",
        "DIST_INFRA_M": 606.265345631051,
        "DIST_EXISTENTE": 427.71630914974065,
        "DIST_MUNICIPAL": 0.0,
        "INTERSECCION_O_NODO": "NODO_VIAL_URBANO",
        "CORREDOR_COINCIDENTE": "ANILLO_VIAL|BOULEVARD_MACAJI_BELLAVISTA",
        "CORREDOR_METODO": "Eje intersecta buffer200m; no implica punto sobre eje ni criterio de seleccion",
        "SOLAPE_OTRAS49_PCT": 23.43189255995419,
        "D_EXCLUSIVOS": 3,
        "V_EXCLUSIVOS": 7,
        "C_EXCLUSIVOS": 12,
        "N_CORREDORES": 2,
        "CORREDOR": "ANILLO_VIAL|BOULEVARD_MACAJI_BELLAVISTA",
        "BENEFICIO_CONTEXTO": "Exclusivo respecto103+otras49;no sumar entre camaras",
        "LONGITUD_EXCLUSIVA_ANILLO_VIAL_M": 570.4123666871753,
        "LONGITUD_EXCLUSIVA_CICLOVIAS_M": 0.0,
        "LONGITUD_EXCLUSIVA_BOULEVARD_MACAJI_BELLAVISTA_M": 88.44741037249008,
        "LONGITUD_EXCLUSIVA_QUEBRADA_LAS_ABRAS_M": 0.0
      },
      "geometry": {
        "type": "Point",
        "coordinates": [
          -78.66706180196813,
          -1.665416445776435
        ]
      }
    },
    {
      "type": "Feature",
      "properties": {
        "ID_PROPUESTA": "MUN-028",
        "ID_ORIGINAL": "COR_02",
        "FILA_ORIGINAL": 28,
        "GRUPO": "RED_ESTRUCTURAL",
        "SUBTIPO": "NODO_MULTICORREDOR",
        "X": 761052.3886677333,
        "Y": 9813787.676767949,
        "LONGITUD": -78.65364143061953,
        "LATITUD": -1.6832952597165078,
        "PARROQUIA": null,
        "ID_CANDIDATO": "EST-0665",
        "ORIGEN_CANDIDATO": "CRUCE_ANILLO_VIAL_RED_VIAL",
        "GRADO_NODO": 0,
        "CRITERIO_PRINCIPAL": "Macaji>=98%;maximizarAnillo;despuesCiclovias;sin cuotas",
        "CRITERIOS_SECUNDARIOS": "Interseccion/acceso real; Gi* disponible; incidentes directos; solape marginal; continuidad en empate numerico",
        "JUSTIFICACION": "Nodo/cruce real;unionlineal200m;criterios jerarquicos. Perdida de Ciclovias documentada en informe; pendiente revision y campo.",
        "ESTADO": "PROPUESTA_FINAL_PARA_REVISION_NO_INSTALADA",
        "ESTADO_VALIDACION": "PROPUESTA_REVISADA",
        "METODO_FINAL": "Macaji>=98%; maximizar Anillo; despues Ciclovias; sin cuotas por corredor",
        "HOTSPOT_DEL": null,
        "NIVEL_DEL": 0,
        "HOTSPOT_VIOL": "GIU100-15-49",
        "NIVEL_VIOL": 95,
        "HOTSPOT_CONV": null,
        "NIVEL_CONV": 0,
        "AMBITO_HOTSPOT": "URBANO",
        "COINCIDENCIA_DV": false,
        "DELINCUENCIA_200M": 14,
        "VIOLENCIA_200M": 5,
        "CONVIVENCIA_200M": 25,
        "N_TOTAL": 44,
        "COBERTURA_PREVIA": 0.0,
        "POBLACION_ASOCIADA": 926.0557523060646,
        "MANZANAS_POB_VALIDAS": 24,
        "MANZANAS_POB_FALTANTES": 0,
        "POBLACION_METODO": "Estimacion areal CPV2022 dentro del radio200m y18Plataformas; no poblacion rural completa",
        "UPC_CERCANA": "I0415",
        "NOMBRE_UPC": "LA PAZ",
        "DIST_UPC_M": 495.8368942869268,
        "INFRA_CERCANA": "I0415",
        "DIST_INFRA_M": 495.8368942869268,
        "DIST_EXISTENTE": 746.3759655775374,
        "DIST_MUNICIPAL": 0.0,
        "INTERSECCION_O_NODO": "CRUCE_ANILLO_VIAL_RED_VIAL",
        "CORREDOR_COINCIDENTE": "ANILLO_VIAL",
        "CORREDOR_METODO": "Eje intersecta buffer200m; no implica punto sobre eje ni criterio de seleccion",
        "SOLAPE_OTRAS49_PCT": 0.0,
        "D_EXCLUSIVOS": 14,
        "V_EXCLUSIVOS": 5,
        "C_EXCLUSIVOS": 25,
        "N_CORREDORES": 1,
        "CORREDOR": "ANILLO_VIAL",
        "BENEFICIO_CONTEXTO": "Exclusivo respecto103+otras49;no sumar entre camaras",
        "LONGITUD_EXCLUSIVA_ANILLO_VIAL_M": 400.56194903219586,
        "LONGITUD_EXCLUSIVA_CICLOVIAS_M": 0.0,
        "LONGITUD_EXCLUSIVA_BOULEVARD_MACAJI_BELLAVISTA_M": 0.0,
        "LONGITUD_EXCLUSIVA_QUEBRADA_LAS_ABRAS_M": 0.0
      },
      "geometry": {
        "type": "Point",
        "coordinates": [
          -78.65364143061953,
          -1.6832952597165078
        ]
      }
    },
    {
      "type": "Feature",
      "properties": {
        "ID_PROPUESTA": "MUN-029",
        "ID_ORIGINAL": "COR_03",
        "FILA_ORIGINAL": 29,
        "GRUPO": "RED_ESTRUCTURAL",
        "SUBTIPO": "NODO_CORREDOR",
        "X": 760497.0587999998,
        "Y": 9815522.7103,
        "LONGITUD": -78.6586486074305,
        "LATITUD": -1.6676172304528458,
        "PARROQUIA": null,
        "ID_CANDIDATO": "EST-0442",
        "ORIGEN_CANDIDATO": "NODO_VIAL_URBANO",
        "GRADO_NODO": 3,
        "CRITERIO_PRINCIPAL": "Macaji>=98%;maximizarAnillo;despuesCiclovias;sin cuotas",
        "CRITERIOS_SECUNDARIOS": "Interseccion/acceso real; Gi* disponible; incidentes directos; solape marginal; continuidad en empate numerico",
        "JUSTIFICACION": "Nodo/cruce real;unionlineal200m;criterios jerarquicos. Perdida de Ciclovias documentada en informe; pendiente revision y campo.",
        "ESTADO": "PROPUESTA_FINAL_PARA_REVISION_NO_INSTALADA",
        "ESTADO_VALIDACION": "PROPUESTA_REVISADA",
        "METODO_FINAL": "Macaji>=98%; maximizar Anillo; despues Ciclovias; sin cuotas por corredor",
        "HOTSPOT_DEL": "GIU100-29-44|GIU100-29-45|GIU100-30-45|GIU100-31-44|GIU100-32-42|GIU100-32-43|GIU100-33-43|GIU100-33-44",
        "NIVEL_DEL": 99,
        "HOTSPOT_VIOL": null,
        "NIVEL_VIOL": 0,
        "HOTSPOT_CONV": "GIU100-29-44|GIU100-29-45|GIU100-30-43|GIU100-30-44|GIU100-30-45|GIU100-31-43|GIU100-31-44|GIU100-31-45|GIU100-32-43|GIU100-32-44|GIU100-32-45|GIU100-33-43|GIU100-33-44",
        "NIVEL_CONV": 99,
        "AMBITO_HOTSPOT": "URBANO",
        "COINCIDENCIA_DV": false,
        "DELINCUENCIA_200M": 18,
        "VIOLENCIA_200M": 2,
        "CONVIVENCIA_200M": 58,
        "N_TOTAL": 78,
        "COBERTURA_PREVIA": 48.692355730211084,
        "POBLACION_ASOCIADA": 539.0954091340429,
        "MANZANAS_POB_VALIDAS": 14,
        "MANZANAS_POB_FALTANTES": 2,
        "POBLACION_METODO": "Estimacion areal CPV2022 dentro del radio200m y18Plataformas; no poblacion rural completa",
        "UPC_CERCANA": "I0421",
        "NOMBRE_UPC": "LA CONDAMINE 1",
        "DIST_UPC_M": 673.5338469993968,
        "INFRA_CERCANA": "I0421",
        "DIST_INFRA_M": 673.5338469993968,
        "DIST_EXISTENTE": 239.89183304223985,
        "DIST_MUNICIPAL": 0.0,
        "INTERSECCION_O_NODO": "NODO_VIAL_URBANO",
        "CORREDOR_COINCIDENTE": "BOULEVARD_MACAJI_BELLAVISTA",
        "CORREDOR_METODO": "Eje intersecta buffer200m; no implica punto sobre eje ni criterio de seleccion",
        "SOLAPE_OTRAS49_PCT": 48.692355730211084,
        "D_EXCLUSIVOS": 9,
        "V_EXCLUSIVOS": 1,
        "C_EXCLUSIVOS": 40,
        "N_CORREDORES": 1,
        "CORREDOR": "BOULEVARD_MACAJI_BELLAVISTA",
        "BENEFICIO_CONTEXTO": "Exclusivo respecto103+otras49;no sumar entre camaras",
        "LONGITUD_EXCLUSIVA_ANILLO_VIAL_M": 0.0,
        "LONGITUD_EXCLUSIVA_CICLOVIAS_M": 0.0,
        "LONGITUD_EXCLUSIVA_BOULEVARD_MACAJI_BELLAVISTA_M": 380.3313582056984,
        "LONGITUD_EXCLUSIVA_QUEBRADA_LAS_ABRAS_M": 0.0
      },
      "geometry": {
        "type": "Point",
        "coordinates": [
          -78.6586486074305,
          -1.6676172304528458
        ]
      }
    },
    {
      "type": "Feature",
      "properties": {
        "ID_PROPUESTA": "MUN-030",
        "ID_ORIGINAL": "COR_04",
        "FILA_ORIGINAL": 30,
        "GRUPO": "RED_ESTRUCTURAL",
        "SUBTIPO": "NODO_MULTICORREDOR",
        "X": 763371.1517000003,
        "Y": 9814849.9692,
        "LONGITUD": -78.63282366371759,
        "LATITUD": -1.6736673654713468,
        "PARROQUIA": null,
        "ID_CANDIDATO": "EST-1799",
        "ORIGEN_CANDIDATO": "NODO_VIAL_URBANO",
        "GRADO_NODO": 3,
        "CRITERIO_PRINCIPAL": "Macaji>=98%;maximizarAnillo;despuesCiclovias;sin cuotas",
        "CRITERIOS_SECUNDARIOS": "Interseccion/acceso real; Gi* disponible; incidentes directos; solape marginal; continuidad en empate numerico",
        "JUSTIFICACION": "Nodo/cruce real;unionlineal200m;criterios jerarquicos. Perdida de Ciclovias documentada en informe; pendiente revision y campo.",
        "ESTADO": "PROPUESTA_FINAL_PARA_REVISION_NO_INSTALADA",
        "ESTADO_VALIDACION": "PROPUESTA_REVISADA",
        "METODO_FINAL": "Macaji>=98%; maximizar Anillo; despues Ciclovias; sin cuotas por corredor",
        "HOTSPOT_DEL": null,
        "NIVEL_DEL": 0,
        "HOTSPOT_VIOL": null,
        "NIVEL_VIOL": 0,
        "HOTSPOT_CONV": null,
        "NIVEL_CONV": 0,
        "AMBITO_HOTSPOT": "RURAL",
        "COINCIDENCIA_DV": false,
        "DELINCUENCIA_200M": 3,
        "VIOLENCIA_200M": 7,
        "CONVIVENCIA_200M": 11,
        "N_TOTAL": 21,
        "COBERTURA_PREVIA": 0.0,
        "POBLACION_ASOCIADA": 812.8646607156678,
        "MANZANAS_POB_VALIDAS": 20,
        "MANZANAS_POB_FALTANTES": 0,
        "POBLACION_METODO": "Estimacion areal CPV2022 dentro del radio200m y18Plataformas; no poblacion rural completa",
        "UPC_CERCANA": "I0409",
        "NOMBRE_UPC": "BASE DE LA ZONA 3",
        "DIST_UPC_M": 613.2518369073167,
        "INFRA_CERCANA": "I0409",
        "DIST_INFRA_M": 613.2518369073167,
        "DIST_EXISTENTE": 992.4215577214902,
        "DIST_MUNICIPAL": 0.0,
        "INTERSECCION_O_NODO": "NODO_VIAL_URBANO",
        "CORREDOR_COINCIDENTE": "ANILLO_VIAL",
        "CORREDOR_METODO": "Eje intersecta buffer200m; no implica punto sobre eje ni criterio de seleccion",
        "SOLAPE_OTRAS49_PCT": 0.0,
        "D_EXCLUSIVOS": 3,
        "V_EXCLUSIVOS": 7,
        "C_EXCLUSIVOS": 11,
        "N_CORREDORES": 1,
        "CORREDOR": "ANILLO_VIAL",
        "BENEFICIO_CONTEXTO": "Exclusivo respecto103+otras49;no sumar entre camaras",
        "LONGITUD_EXCLUSIVA_ANILLO_VIAL_M": 399.984649240023,
        "LONGITUD_EXCLUSIVA_CICLOVIAS_M": 0.0,
        "LONGITUD_EXCLUSIVA_BOULEVARD_MACAJI_BELLAVISTA_M": 0.0,
        "LONGITUD_EXCLUSIVA_QUEBRADA_LAS_ABRAS_M": 0.0
      },
      "geometry": {
        "type": "Point",
        "coordinates": [
          -78.63282366371759,
          -1.6736673654713468
        ]
      }
    },
    {
      "type": "Feature",
      "properties": {
        "ID_PROPUESTA": "MUN-031",
        "ID_ORIGINAL": "COR_05",
        "FILA_ORIGINAL": 31,
        "GRUPO": "RED_ESTRUCTURAL",
        "SUBTIPO": "NODO_CORREDOR",
        "X": 763031.5273000002,
        "Y": 9813108.0466,
        "LONGITUD": -78.63585549960456,
        "LATITUD": -1.6894171496029788,
        "PARROQUIA": null,
        "ID_CANDIDATO": "EST-1700",
        "ORIGEN_CANDIDATO": "NODO_VIAL_URBANO",
        "GRADO_NODO": 3,
        "CRITERIO_PRINCIPAL": "Macaji>=98%;maximizarAnillo;despuesCiclovias;sin cuotas",
        "CRITERIOS_SECUNDARIOS": "Interseccion/acceso real; Gi* disponible; incidentes directos; solape marginal; continuidad en empate numerico",
        "JUSTIFICACION": "Nodo/cruce real;unionlineal200m;criterios jerarquicos. Perdida de Ciclovias documentada en informe; pendiente revision y campo.",
        "ESTADO": "PROPUESTA_FINAL_PARA_REVISION_NO_INSTALADA",
        "ESTADO_VALIDACION": "PROPUESTA_REVISADA",
        "METODO_FINAL": "Macaji>=98%; maximizar Anillo; despues Ciclovias; sin cuotas por corredor",
        "HOTSPOT_DEL": "R-1000-28-29|R-1000-28-30|R-1000-29-29|R-1000-29-30",
        "NIVEL_DEL": 99,
        "HOTSPOT_VIOL": "R-1000-28-29|R-1000-28-30|R-1000-29-29|R-1000-29-30",
        "NIVEL_VIOL": 99,
        "HOTSPOT_CONV": "R-1000-28-29|R-1000-28-30|R-1000-29-29|R-1000-29-30",
        "NIVEL_CONV": 99,
        "AMBITO_HOTSPOT": "RURAL",
        "COINCIDENCIA_DV": true,
        "DELINCUENCIA_200M": 8,
        "VIOLENCIA_200M": 12,
        "CONVIVENCIA_200M": 43,
        "N_TOTAL": 63,
        "COBERTURA_PREVIA": 0.01935582335476034,
        "POBLACION_ASOCIADA": 995.6848599466665,
        "MANZANAS_POB_VALIDAS": 20,
        "MANZANAS_POB_FALTANTES": 1,
        "POBLACION_METODO": "Estimacion areal CPV2022 dentro del radio200m y18Plataformas; no poblacion rural completa",
        "UPC_CERCANA": "I0410",
        "NOMBRE_UPC": "PUCARA 1",
        "DIST_UPC_M": 748.587098445318,
        "INFRA_CERCANA": "I0410",
        "DIST_INFRA_M": 748.587098445318,
        "DIST_EXISTENTE": 398.79432833208006,
        "DIST_MUNICIPAL": 0.0,
        "INTERSECCION_O_NODO": "NODO_VIAL_URBANO",
        "CORREDOR_COINCIDENTE": "ANILLO_VIAL",
        "CORREDOR_METODO": "Eje intersecta buffer200m; no implica punto sobre eje ni criterio de seleccion",
        "SOLAPE_OTRAS49_PCT": 0.01935582335476034,
        "D_EXCLUSIVOS": 8,
        "V_EXCLUSIVOS": 12,
        "C_EXCLUSIVOS": 43,
        "N_CORREDORES": 1,
        "CORREDOR": "ANILLO_VIAL",
        "BENEFICIO_CONTEXTO": "Exclusivo respecto103+otras49;no sumar entre camaras",
        "LONGITUD_EXCLUSIVA_ANILLO_VIAL_M": 404.5718488847954,
        "LONGITUD_EXCLUSIVA_CICLOVIAS_M": 0.0,
        "LONGITUD_EXCLUSIVA_BOULEVARD_MACAJI_BELLAVISTA_M": 0.0,
        "LONGITUD_EXCLUSIVA_QUEBRADA_LAS_ABRAS_M": 0.0
      },
      "geometry": {
        "type": "Point",
        "coordinates": [
          -78.63585549960456,
          -1.6894171496029788
        ]
      }
    },
    {
      "type": "Feature",
      "properties": {
        "ID_PROPUESTA": "MUN-032",
        "ID_ORIGINAL": "COR_06",
        "FILA_ORIGINAL": 32,
        "GRUPO": "RED_ESTRUCTURAL",
        "SUBTIPO": "NODO_MULTICORREDOR",
        "X": 762971.1756999996,
        "Y": 9815036.1417,
        "LONGITUD": -78.63641860139039,
        "LATITUD": -1.6719888235573324,
        "PARROQUIA": null,
        "ID_CANDIDATO": "EST-1670",
        "ORIGEN_CANDIDATO": "NODO_VIAL_URBANO",
        "GRADO_NODO": 4,
        "CRITERIO_PRINCIPAL": "Macaji>=98%;maximizarAnillo;despuesCiclovias;sin cuotas",
        "CRITERIOS_SECUNDARIOS": "Interseccion/acceso real; Gi* disponible; incidentes directos; solape marginal; continuidad en empate numerico",
        "JUSTIFICACION": "Nodo/cruce real;unionlineal200m;criterios jerarquicos. Perdida de Ciclovias documentada en informe; pendiente revision y campo.",
        "ESTADO": "PROPUESTA_FINAL_PARA_REVISION_NO_INSTALADA",
        "ESTADO_VALIDACION": "PROPUESTA_REVISADA",
        "METODO_FINAL": "Macaji>=98%; maximizar Anillo; despues Ciclovias; sin cuotas por corredor",
        "HOTSPOT_DEL": null,
        "NIVEL_DEL": 0,
        "HOTSPOT_VIOL": "GIU100-25-66|GIU100-25-67|GIU100-26-66",
        "NIVEL_VIOL": 95,
        "HOTSPOT_CONV": null,
        "NIVEL_CONV": 0,
        "AMBITO_HOTSPOT": "URBANO",
        "COINCIDENCIA_DV": false,
        "DELINCUENCIA_200M": 15,
        "VIOLENCIA_200M": 5,
        "CONVIVENCIA_200M": 39,
        "N_TOTAL": 59,
        "COBERTURA_PREVIA": 0.0,
        "POBLACION_ASOCIADA": 1163.526512653457,
        "MANZANAS_POB_VALIDAS": 26,
        "MANZANAS_POB_FALTANTES": 1,
        "POBLACION_METODO": "Estimacion areal CPV2022 dentro del radio200m y18Plataformas; no poblacion rural completa",
        "UPC_CERCANA": "I0409",
        "NOMBRE_UPC": "BASE DE LA ZONA 3",
        "DIST_UPC_M": 337.09486765509456,
        "INFRA_CERCANA": "I0409",
        "DIST_INFRA_M": 337.09486765509456,
        "DIST_EXISTENTE": 632.0022113055904,
        "DIST_MUNICIPAL": 0.0,
        "INTERSECCION_O_NODO": "NODO_VIAL_URBANO",
        "CORREDOR_COINCIDENTE": "ANILLO_VIAL|BOULEVARD_MACAJI_BELLAVISTA",
        "CORREDOR_METODO": "Eje intersecta buffer200m; no implica punto sobre eje ni criterio de seleccion",
        "SOLAPE_OTRAS49_PCT": 0.06337003066731609,
        "D_EXCLUSIVOS": 15,
        "V_EXCLUSIVOS": 5,
        "C_EXCLUSIVOS": 39,
        "N_CORREDORES": 2,
        "CORREDOR": "ANILLO_VIAL|BOULEVARD_MACAJI_BELLAVISTA",
        "BENEFICIO_CONTEXTO": "Exclusivo respecto103+otras49;no sumar entre camaras",
        "LONGITUD_EXCLUSIVA_ANILLO_VIAL_M": 357.4274956558904,
        "LONGITUD_EXCLUSIVA_CICLOVIAS_M": 0.0,
        "LONGITUD_EXCLUSIVA_BOULEVARD_MACAJI_BELLAVISTA_M": 281.63397525234217,
        "LONGITUD_EXCLUSIVA_QUEBRADA_LAS_ABRAS_M": 0.0
      },
      "geometry": {
        "type": "Point",
        "coordinates": [
          -78.63641860139039,
          -1.6719888235573324
        ]
      }
    },
    {
      "type": "Feature",
      "properties": {
        "ID_PROPUESTA": "MUN-033",
        "ID_ORIGINAL": "COR_07",
        "FILA_ORIGINAL": 33,
        "GRUPO": "RED_ESTRUCTURAL",
        "SUBTIPO": "NODO_MULTICORREDOR",
        "X": 759830.0256291026,
        "Y": 9815705.659577373,
        "LONGITUD": -78.66464251132855,
        "LATITUD": -1.665970594498704,
        "PARROQUIA": null,
        "ID_CANDIDATO": "EST-0199",
        "ORIGEN_CANDIDATO": "CRUCE_BOULEVARD_MACAJI_BELLAVISTA_RED_VIAL",
        "GRADO_NODO": 0,
        "CRITERIO_PRINCIPAL": "Macaji>=98%;maximizarAnillo;despuesCiclovias;sin cuotas",
        "CRITERIOS_SECUNDARIOS": "Interseccion/acceso real; Gi* disponible; incidentes directos; solape marginal; continuidad en empate numerico",
        "JUSTIFICACION": "Nodo/cruce real;unionlineal200m;criterios jerarquicos. Perdida de Ciclovias documentada en informe; pendiente revision y campo.",
        "ESTADO": "PROPUESTA_FINAL_PARA_REVISION_NO_INSTALADA",
        "ESTADO_VALIDACION": "PROPUESTA_REVISADA",
        "METODO_FINAL": "Macaji>=98%; maximizar Anillo; despues Ciclovias; sin cuotas por corredor",
        "HOTSPOT_DEL": "GIU100-33-38|GIU100-34-39|GIU100-35-37",
        "NIVEL_DEL": 99,
        "HOTSPOT_VIOL": "GIU100-33-35|GIU100-33-36|GIU100-33-37|GIU100-33-38|GIU100-33-39|GIU100-34-35|GIU100-34-36|GIU100-34-37|GIU100-34-38|GIU100-34-39|GIU100-35-36|GIU100-35-37",
        "NIVEL_VIOL": 99,
        "HOTSPOT_CONV": "GIU100-33-38|GIU100-34-36|GIU100-34-37|GIU100-34-38|GIU100-34-39|GIU100-35-36|GIU100-35-37",
        "NIVEL_CONV": 99,
        "AMBITO_HOTSPOT": "URBANO",
        "COINCIDENCIA_DV": true,
        "DELINCUENCIA_200M": 15,
        "VIOLENCIA_200M": 13,
        "CONVIVENCIA_200M": 46,
        "N_TOTAL": 74,
        "COBERTURA_PREVIA": 34.03545618450882,
        "POBLACION_ASOCIADA": 765.472477541329,
        "MANZANAS_POB_VALIDAS": 11,
        "MANZANAS_POB_FALTANTES": 2,
        "POBLACION_METODO": "Estimacion areal CPV2022 dentro del radio200m y18Plataformas; no poblacion rural completa",
        "UPC_CERCANA": "I0419",
        "NOMBRE_UPC": "TERMINAL TERRESTRE 1",
        "DIST_UPC_M": 484.8046205181669,
        "INFRA_CERCANA": "I0419",
        "DIST_INFRA_M": 484.8046205181669,
        "DIST_EXISTENTE": 240.6612069824404,
        "DIST_MUNICIPAL": 0.0,
        "INTERSECCION_O_NODO": "CRUCE_BOULEVARD_MACAJI_BELLAVISTA_RED_VIAL",
        "CORREDOR_COINCIDENTE": "ANILLO_VIAL|BOULEVARD_MACAJI_BELLAVISTA",
        "CORREDOR_METODO": "Eje intersecta buffer200m; no implica punto sobre eje ni criterio de seleccion",
        "SOLAPE_OTRAS49_PCT": 54.91222338480472,
        "D_EXCLUSIVOS": 2,
        "V_EXCLUSIVOS": 0,
        "C_EXCLUSIVOS": 11,
        "N_CORREDORES": 2,
        "CORREDOR": "ANILLO_VIAL|BOULEVARD_MACAJI_BELLAVISTA",
        "BENEFICIO_CONTEXTO": "Exclusivo respecto103+otras49;no sumar entre camaras",
        "LONGITUD_EXCLUSIVA_ANILLO_VIAL_M": 34.39429050803885,
        "LONGITUD_EXCLUSIVA_CICLOVIAS_M": 0.0,
        "LONGITUD_EXCLUSIVA_BOULEVARD_MACAJI_BELLAVISTA_M": 447.97722477928073,
        "LONGITUD_EXCLUSIVA_QUEBRADA_LAS_ABRAS_M": 0.0
      },
      "geometry": {
        "type": "Point",
        "coordinates": [
          -78.66464251132855,
          -1.665970594498704
        ]
      }
    },
    {
      "type": "Feature",
      "properties": {
        "ID_PROPUESTA": "MUN-034",
        "ID_ORIGINAL": "COR_08",
        "FILA_ORIGINAL": 34,
        "GRUPO": "RED_ESTRUCTURAL",
        "SUBTIPO": "NODO_MULTICORREDOR",
        "X": 761778.5944153819,
        "Y": 9816223.767746722,
        "LONGITUD": -78.64714417012738,
        "LATITUD": -1.6612661626163159,
        "PARROQUIA": null,
        "ID_CANDIDATO": "EST-1076",
        "ORIGEN_CANDIDATO": "CRUCE_ANILLO_VIAL_RED_VIAL",
        "GRADO_NODO": 0,
        "CRITERIO_PRINCIPAL": "Macaji>=98%;maximizarAnillo;despuesCiclovias;sin cuotas",
        "CRITERIOS_SECUNDARIOS": "Interseccion/acceso real; Gi* disponible; incidentes directos; solape marginal; continuidad en empate numerico",
        "JUSTIFICACION": "Nodo/cruce real;unionlineal200m;criterios jerarquicos. Perdida de Ciclovias documentada en informe; pendiente revision y campo.",
        "ESTADO": "PROPUESTA_FINAL_PARA_REVISION_NO_INSTALADA",
        "ESTADO_VALIDACION": "PROPUESTA_REVISADA",
        "METODO_FINAL": "Macaji>=98%; maximizar Anillo; despues Ciclovias; sin cuotas por corredor",
        "HOTSPOT_DEL": null,
        "NIVEL_DEL": 0,
        "HOTSPOT_VIOL": "GIU100-36-55|GIU100-36-57|GIU100-37-54|GIU100-37-56|GIU100-38-57|GIU100-39-58",
        "NIVEL_VIOL": 95,
        "HOTSPOT_CONV": "GIU100-36-57|GIU100-38-58|GIU100-39-57|GIU100-39-58|GIU100-40-56|GIU100-40-57",
        "NIVEL_CONV": 99,
        "AMBITO_HOTSPOT": "URBANO",
        "COINCIDENCIA_DV": false,
        "DELINCUENCIA_200M": 16,
        "VIOLENCIA_200M": 8,
        "CONVIVENCIA_200M": 58,
        "N_TOTAL": 82,
        "COBERTURA_PREVIA": 0.3839816444602508,
        "POBLACION_ASOCIADA": 1481.2454251608656,
        "MANZANAS_POB_VALIDAS": 24,
        "MANZANAS_POB_FALTANTES": 0,
        "POBLACION_METODO": "Estimacion areal CPV2022 dentro del radio200m y18Plataformas; no poblacion rural completa",
        "UPC_CERCANA": "I0403",
        "NOMBRE_UPC": "PLAZA DAVALOS",
        "DIST_UPC_M": 491.3902822268372,
        "INFRA_CERCANA": "I0403",
        "DIST_INFRA_M": 491.3902822268372,
        "DIST_EXISTENTE": 391.277536470335,
        "DIST_MUNICIPAL": 0.0,
        "INTERSECCION_O_NODO": "CRUCE_ANILLO_VIAL_RED_VIAL",
        "CORREDOR_COINCIDENTE": "ANILLO_VIAL|CICLOVIAS",
        "CORREDOR_METODO": "Eje intersecta buffer200m; no implica punto sobre eje ni criterio de seleccion",
        "SOLAPE_OTRAS49_PCT": 0.3839816444602508,
        "D_EXCLUSIVOS": 16,
        "V_EXCLUSIVOS": 8,
        "C_EXCLUSIVOS": 58,
        "N_CORREDORES": 2,
        "CORREDOR": "ANILLO_VIAL|CICLOVIAS",
        "BENEFICIO_CONTEXTO": "Exclusivo respecto103+otras49;no sumar entre camaras",
        "LONGITUD_EXCLUSIVA_ANILLO_VIAL_M": 472.2883525061908,
        "LONGITUD_EXCLUSIVA_CICLOVIAS_M": 332.83994314359796,
        "LONGITUD_EXCLUSIVA_BOULEVARD_MACAJI_BELLAVISTA_M": 0.0,
        "LONGITUD_EXCLUSIVA_QUEBRADA_LAS_ABRAS_M": 0.0
      },
      "geometry": {
        "type": "Point",
        "coordinates": [
          -78.64714417012738,
          -1.6612661626163159
        ]
      }
    },
    {
      "type": "Feature",
      "properties": {
        "ID_PROPUESTA": "MUN-035",
        "ID_ORIGINAL": "COR_09",
        "FILA_ORIGINAL": 35,
        "GRUPO": "RED_ESTRUCTURAL",
        "SUBTIPO": "NODO_CORREDOR",
        "X": 761228.5687999995,
        "Y": 9814510.9849,
        "LONGITUD": -78.65206661377418,
        "LATITUD": -1.6767549338975554,
        "PARROQUIA": null,
        "ID_CANDIDATO": "EST-0768",
        "ORIGEN_CANDIDATO": "NODO_VIAL_URBANO",
        "GRADO_NODO": 4,
        "CRITERIO_PRINCIPAL": "Macaji>=98%;maximizarAnillo;despuesCiclovias;sin cuotas",
        "CRITERIOS_SECUNDARIOS": "Interseccion/acceso real; Gi* disponible; incidentes directos; solape marginal; continuidad en empate numerico",
        "JUSTIFICACION": "Nodo/cruce real;unionlineal200m;criterios jerarquicos. Perdida de Ciclovias documentada en informe; pendiente revision y campo.",
        "ESTADO": "PROPUESTA_FINAL_PARA_REVISION_NO_INSTALADA",
        "ESTADO_VALIDACION": "PROPUESTA_REVISADA",
        "METODO_FINAL": "Macaji>=98%; maximizar Anillo; despues Ciclovias; sin cuotas por corredor",
        "HOTSPOT_DEL": "GIU100-23-51",
        "NIVEL_DEL": 95,
        "HOTSPOT_VIOL": null,
        "NIVEL_VIOL": 0,
        "HOTSPOT_CONV": null,
        "NIVEL_CONV": 0,
        "AMBITO_HOTSPOT": "URBANO",
        "COINCIDENCIA_DV": false,
        "DELINCUENCIA_200M": 9,
        "VIOLENCIA_200M": 5,
        "CONVIVENCIA_200M": 33,
        "N_TOTAL": 47,
        "COBERTURA_PREVIA": 5.005210668184974,
        "POBLACION_ASOCIADA": 1123.7536226286006,
        "MANZANAS_POB_VALIDAS": 30,
        "MANZANAS_POB_FALTANTES": 0,
        "POBLACION_METODO": "Estimacion areal CPV2022 dentro del radio200m y18Plataformas; no poblacion rural completa",
        "UPC_CERCANA": "I0416",
        "NOMBRE_UPC": "LA JOYA",
        "DIST_UPC_M": 651.7790019395843,
        "INFRA_CERCANA": "I0407",
        "DIST_INFRA_M": 581.0027451379249,
        "DIST_EXISTENTE": 351.2838460564566,
        "DIST_MUNICIPAL": 0.0,
        "INTERSECCION_O_NODO": "NODO_VIAL_URBANO",
        "CORREDOR_COINCIDENTE": "BOULEVARD_MACAJI_BELLAVISTA",
        "CORREDOR_METODO": "Eje intersecta buffer200m; no implica punto sobre eje ni criterio de seleccion",
        "SOLAPE_OTRAS49_PCT": 5.005210668184974,
        "D_EXCLUSIVOS": 8,
        "V_EXCLUSIVOS": 5,
        "C_EXCLUSIVOS": 32,
        "N_CORREDORES": 1,
        "CORREDOR": "BOULEVARD_MACAJI_BELLAVISTA",
        "BENEFICIO_CONTEXTO": "Exclusivo respecto103+otras49;no sumar entre camaras",
        "LONGITUD_EXCLUSIVA_ANILLO_VIAL_M": 0.0,
        "LONGITUD_EXCLUSIVA_CICLOVIAS_M": 0.0,
        "LONGITUD_EXCLUSIVA_BOULEVARD_MACAJI_BELLAVISTA_M": 400.00721034341586,
        "LONGITUD_EXCLUSIVA_QUEBRADA_LAS_ABRAS_M": 0.0
      },
      "geometry": {
        "type": "Point",
        "coordinates": [
          -78.65206661377418,
          -1.6767549338975554
        ]
      }
    },
    {
      "type": "Feature",
      "properties": {
        "ID_PROPUESTA": "MUN-036",
        "ID_ORIGINAL": "COR_10",
        "FILA_ORIGINAL": 36,
        "GRUPO": "RED_ESTRUCTURAL",
        "SUBTIPO": "NODO_CORREDOR",
        "X": 763466.0132999998,
        "Y": 9813109.2605,
        "LONGITUD": -78.63195256308522,
        "LATITUD": -1.6894013921660243,
        "PARROQUIA": null,
        "ID_CANDIDATO": "EST-1815",
        "ORIGEN_CANDIDATO": "NODO_VIAL_URBANO",
        "GRADO_NODO": 3,
        "CRITERIO_PRINCIPAL": "Macaji>=98%;maximizarAnillo;despuesCiclovias;sin cuotas",
        "CRITERIOS_SECUNDARIOS": "Interseccion/acceso real; Gi* disponible; incidentes directos; solape marginal; continuidad en empate numerico",
        "JUSTIFICACION": "Nodo/cruce real;unionlineal200m;criterios jerarquicos. Perdida de Ciclovias documentada en informe; pendiente revision y campo.",
        "ESTADO": "PROPUESTA_FINAL_PARA_REVISION_NO_INSTALADA",
        "ESTADO_VALIDACION": "PROPUESTA_REVISADA",
        "METODO_FINAL": "Macaji>=98%; maximizar Anillo; despues Ciclovias; sin cuotas por corredor",
        "HOTSPOT_DEL": "R-1000-28-30|R-1000-29-30",
        "NIVEL_DEL": 99,
        "HOTSPOT_VIOL": "R-1000-28-30|R-1000-29-30",
        "NIVEL_VIOL": 99,
        "HOTSPOT_CONV": "R-1000-28-30|R-1000-29-30",
        "NIVEL_CONV": 99,
        "AMBITO_HOTSPOT": "RURAL",
        "COINCIDENCIA_DV": true,
        "DELINCUENCIA_200M": 11,
        "VIOLENCIA_200M": 5,
        "CONVIVENCIA_200M": 23,
        "N_TOTAL": 39,
        "COBERTURA_PREVIA": 23.018602062292803,
        "POBLACION_ASOCIADA": 400.6051799917889,
        "MANZANAS_POB_VALIDAS": 7,
        "MANZANAS_POB_FALTANTES": 0,
        "POBLACION_METODO": "Estimacion areal CPV2022 dentro del radio200m y18Plataformas; no poblacion rural completa",
        "UPC_CERCANA": "I0410",
        "NOMBRE_UPC": "PUCARA 1",
        "DIST_UPC_M": 1095.1313821847284,
        "INFRA_CERCANA": "I0410",
        "DIST_INFRA_M": 1095.1313821847284,
        "DIST_EXISTENTE": 262.0137197791262,
        "DIST_MUNICIPAL": 0.0,
        "INTERSECCION_O_NODO": "NODO_VIAL_URBANO",
        "CORREDOR_COINCIDENTE": "ANILLO_VIAL",
        "CORREDOR_METODO": "Eje intersecta buffer200m; no implica punto sobre eje ni criterio de seleccion",
        "SOLAPE_OTRAS49_PCT": 23.077326371049974,
        "D_EXCLUSIVOS": 8,
        "V_EXCLUSIVOS": 5,
        "C_EXCLUSIVOS": 21,
        "N_CORREDORES": 1,
        "CORREDOR": "ANILLO_VIAL",
        "BENEFICIO_CONTEXTO": "Exclusivo respecto103+otras49;no sumar entre camaras",
        "LONGITUD_EXCLUSIVA_ANILLO_VIAL_M": 408.3159589559382,
        "LONGITUD_EXCLUSIVA_CICLOVIAS_M": 0.0,
        "LONGITUD_EXCLUSIVA_BOULEVARD_MACAJI_BELLAVISTA_M": 0.0,
        "LONGITUD_EXCLUSIVA_QUEBRADA_LAS_ABRAS_M": 0.0
      },
      "geometry": {
        "type": "Point",
        "coordinates": [
          -78.63195256308522,
          -1.6894013921660243
        ]
      }
    },
    {
      "type": "Feature",
      "properties": {
        "ID_PROPUESTA": "MUN-037",
        "ID_ORIGINAL": "COR_11",
        "FILA_ORIGINAL": 37,
        "GRUPO": "RED_ESTRUCTURAL",
        "SUBTIPO": "NODO_CORREDOR",
        "X": 762719.2523999996,
        "Y": 9814728.8408,
        "LONGITUD": -78.63867826824422,
        "LATITUD": -1.6747694120150374,
        "PARROQUIA": null,
        "ID_CANDIDATO": "EST-1540",
        "ORIGEN_CANDIDATO": "NODO_VIAL_URBANO",
        "GRADO_NODO": 4,
        "CRITERIO_PRINCIPAL": "Macaji>=98%;maximizarAnillo;despuesCiclovias;sin cuotas",
        "CRITERIOS_SECUNDARIOS": "Interseccion/acceso real; Gi* disponible; incidentes directos; solape marginal; continuidad en empate numerico",
        "JUSTIFICACION": "Nodo/cruce real;unionlineal200m;criterios jerarquicos. Perdida de Ciclovias documentada en informe; pendiente revision y campo.",
        "ESTADO": "PROPUESTA_FINAL_PARA_REVISION_NO_INSTALADA",
        "ESTADO_VALIDACION": "PROPUESTA_REVISADA",
        "METODO_FINAL": "Macaji>=98%; maximizar Anillo; despues Ciclovias; sin cuotas por corredor",
        "HOTSPOT_DEL": null,
        "NIVEL_DEL": 0,
        "HOTSPOT_VIOL": "GIU100-24-65|GIU100-24-66|GIU100-25-65|GIU100-25-66|GIU100-25-67",
        "NIVEL_VIOL": 95,
        "HOTSPOT_CONV": null,
        "NIVEL_CONV": 0,
        "AMBITO_HOTSPOT": "URBANO",
        "COINCIDENCIA_DV": false,
        "DELINCUENCIA_200M": 13,
        "VIOLENCIA_200M": 7,
        "CONVIVENCIA_200M": 17,
        "N_TOTAL": 37,
        "COBERTURA_PREVIA": 0.0,
        "POBLACION_ASOCIADA": 1137.8840770412012,
        "MANZANAS_POB_VALIDAS": 33,
        "MANZANAS_POB_FALTANTES": 1,
        "POBLACION_METODO": "Estimacion areal CPV2022 dentro del radio200m y18Plataformas; no poblacion rural completa",
        "UPC_CERCANA": "I0409",
        "NOMBRE_UPC": "BASE DE LA ZONA 3",
        "DIST_UPC_M": 60.76216898791342,
        "INFRA_CERCANA": "I0409",
        "DIST_INFRA_M": 60.76216898791342,
        "DIST_EXISTENTE": 529.9135898683603,
        "DIST_MUNICIPAL": 0.0,
        "INTERSECCION_O_NODO": "NODO_VIAL_URBANO",
        "CORREDOR_COINCIDENTE": "BOULEVARD_MACAJI_BELLAVISTA",
        "CORREDOR_METODO": "Eje intersecta buffer200m; no implica punto sobre eje ni criterio de seleccion",
        "SOLAPE_OTRAS49_PCT": 0.06337003066731609,
        "D_EXCLUSIVOS": 13,
        "V_EXCLUSIVOS": 7,
        "C_EXCLUSIVOS": 17,
        "N_CORREDORES": 1,
        "CORREDOR": "BOULEVARD_MACAJI_BELLAVISTA",
        "BENEFICIO_CONTEXTO": "Exclusivo respecto103+otras49;no sumar entre camaras",
        "LONGITUD_EXCLUSIVA_ANILLO_VIAL_M": 0.0,
        "LONGITUD_EXCLUSIVA_CICLOVIAS_M": 0.0,
        "LONGITUD_EXCLUSIVA_BOULEVARD_MACAJI_BELLAVISTA_M": 397.6871647017671,
        "LONGITUD_EXCLUSIVA_QUEBRADA_LAS_ABRAS_M": 0.0
      },
      "geometry": {
        "type": "Point",
        "coordinates": [
          -78.63867826824422,
          -1.6747694120150374
        ]
      }
    },
    {
      "type": "Feature",
      "properties": {
        "ID_PROPUESTA": "MUN-038",
        "ID_ORIGINAL": "COR_12",
        "FILA_ORIGINAL": 38,
        "GRUPO": "RED_ESTRUCTURAL",
        "SUBTIPO": "NODO_MULTICORREDOR",
        "X": 762391.1140000001,
        "Y": 9814473.172,
        "LONGITUD": -78.64162313188511,
        "LATITUD": -1.6770841081829695,
        "PARROQUIA": null,
        "ID_CANDIDATO": "EST-1411",
        "ORIGEN_CANDIDATO": "NODO_VIAL_URBANO",
        "GRADO_NODO": 4,
        "CRITERIO_PRINCIPAL": "Macaji>=98%;maximizarAnillo;despuesCiclovias;sin cuotas",
        "CRITERIOS_SECUNDARIOS": "Interseccion/acceso real; Gi* disponible; incidentes directos; solape marginal; continuidad en empate numerico",
        "JUSTIFICACION": "Nodo/cruce real;unionlineal200m;criterios jerarquicos. Perdida de Ciclovias documentada en informe; pendiente revision y campo.",
        "ESTADO": "PROPUESTA_FINAL_PARA_REVISION_NO_INSTALADA",
        "ESTADO_VALIDACION": "PROPUESTA_REVISADA",
        "METODO_FINAL": "Macaji>=98%; maximizar Anillo; despues Ciclovias; sin cuotas por corredor",
        "HOTSPOT_DEL": "GIU100-18-61|GIU100-18-62|GIU100-18-63|GIU100-19-61|GIU100-19-62|GIU100-19-63",
        "NIVEL_DEL": 99,
        "HOTSPOT_VIOL": null,
        "NIVEL_VIOL": 0,
        "HOTSPOT_CONV": "GIU100-18-61|GIU100-18-62|GIU100-18-63|GIU100-19-61|GIU100-19-62|GIU100-19-63|GIU100-20-60|GIU100-20-61|GIU100-20-62|GIU100-21-60|GIU100-21-61|GIU100-21-62|GIU100-21-63|GIU100-22-61|GIU100-22-62",
        "NIVEL_CONV": 99,
        "AMBITO_HOTSPOT": "URBANO",
        "COINCIDENCIA_DV": false,
        "DELINCUENCIA_200M": 17,
        "VIOLENCIA_200M": 7,
        "CONVIVENCIA_200M": 89,
        "N_TOTAL": 113,
        "COBERTURA_PREVIA": 48.33450730422343,
        "POBLACION_ASOCIADA": 1535.597884659367,
        "MANZANAS_POB_VALIDAS": 24,
        "MANZANAS_POB_FALTANTES": 1,
        "POBLACION_METODO": "Estimacion areal CPV2022 dentro del radio200m y18Plataformas; no poblacion rural completa",
        "UPC_CERCANA": "I0409",
        "NOMBRE_UPC": "BASE DE LA ZONA 3",
        "DIST_UPC_M": 476.4524480293343,
        "INFRA_CERCANA": "I0411",
        "DIST_INFRA_M": 446.2377824011036,
        "DIST_EXISTENTE": 254.8726560106718,
        "DIST_MUNICIPAL": 0.0,
        "INTERSECCION_O_NODO": "NODO_VIAL_URBANO",
        "CORREDOR_COINCIDENTE": "CICLOVIAS|BOULEVARD_MACAJI_BELLAVISTA",
        "CORREDOR_METODO": "Eje intersecta buffer200m; no implica punto sobre eje ni criterio de seleccion",
        "SOLAPE_OTRAS49_PCT": 48.33450730422343,
        "D_EXCLUSIVOS": 5,
        "V_EXCLUSIVOS": 4,
        "C_EXCLUSIVOS": 9,
        "N_CORREDORES": 2,
        "CORREDOR": "CICLOVIAS|BOULEVARD_MACAJI_BELLAVISTA",
        "BENEFICIO_CONTEXTO": "Exclusivo respecto103+otras49;no sumar entre camaras",
        "LONGITUD_EXCLUSIVA_ANILLO_VIAL_M": 0.0,
        "LONGITUD_EXCLUSIVA_CICLOVIAS_M": 255.00152511514,
        "LONGITUD_EXCLUSIVA_BOULEVARD_MACAJI_BELLAVISTA_M": 293.20145327861405,
        "LONGITUD_EXCLUSIVA_QUEBRADA_LAS_ABRAS_M": 0.0
      },
      "geometry": {
        "type": "Point",
        "coordinates": [
          -78.64162313188511,
          -1.6770841081829695
        ]
      }
    },
    {
      "type": "Feature",
      "properties": {
        "ID_PROPUESTA": "MUN-039",
        "ID_ORIGINAL": "COR_13",
        "FILA_ORIGINAL": 39,
        "GRUPO": "RED_ESTRUCTURAL",
        "SUBTIPO": "NODO_CORREDOR",
        "X": 763637.4111000001,
        "Y": 9813467.9039,
        "LONGITUD": -78.63041684121173,
        "LATITUD": -1.686157564730574,
        "PARROQUIA": null,
        "ID_CANDIDATO": "EST-1844",
        "ORIGEN_CANDIDATO": "NODO_VIAL_URBANO",
        "GRADO_NODO": 3,
        "CRITERIO_PRINCIPAL": "Macaji>=98%;maximizarAnillo;despuesCiclovias;sin cuotas",
        "CRITERIOS_SECUNDARIOS": "Interseccion/acceso real; Gi* disponible; incidentes directos; solape marginal; continuidad en empate numerico",
        "JUSTIFICACION": "Nodo/cruce real;unionlineal200m;criterios jerarquicos. Perdida de Ciclovias documentada en informe; pendiente revision y campo.",
        "ESTADO": "PROPUESTA_FINAL_PARA_REVISION_NO_INSTALADA",
        "ESTADO_VALIDACION": "PROPUESTA_REVISADA",
        "METODO_FINAL": "Macaji>=98%; maximizar Anillo; despues Ciclovias; sin cuotas por corredor",
        "HOTSPOT_DEL": null,
        "NIVEL_DEL": 0,
        "HOTSPOT_VIOL": "GIU100-10-74",
        "NIVEL_VIOL": 90,
        "HOTSPOT_CONV": null,
        "NIVEL_CONV": 0,
        "AMBITO_HOTSPOT": "URBANO",
        "COINCIDENCIA_DV": false,
        "DELINCUENCIA_200M": 5,
        "VIOLENCIA_200M": 6,
        "CONVIVENCIA_200M": 6,
        "N_TOTAL": 17,
        "COBERTURA_PREVIA": 0.0,
        "POBLACION_ASOCIADA": 517.5103541533143,
        "MANZANAS_POB_VALIDAS": 7,
        "MANZANAS_POB_FALTANTES": 2,
        "POBLACION_METODO": "Estimacion areal CPV2022 dentro del radio200m y18Plataformas; no poblacion rural completa",
        "UPC_CERCANA": "I0410",
        "NOMBRE_UPC": "PUCARA 1",
        "DIST_UPC_M": 1139.5771764165718,
        "INFRA_CERCANA": "I0410",
        "DIST_INFRA_M": 1139.5771764165718,
        "DIST_EXISTENTE": 414.7806694692635,
        "DIST_MUNICIPAL": 0.0,
        "INTERSECCION_O_NODO": "NODO_VIAL_URBANO",
        "CORREDOR_COINCIDENTE": "ANILLO_VIAL",
        "CORREDOR_METODO": "Eje intersecta buffer200m; no implica punto sobre eje ni criterio de seleccion",
        "SOLAPE_OTRAS49_PCT": 0.05872430875717158,
        "D_EXCLUSIVOS": 5,
        "V_EXCLUSIVOS": 6,
        "C_EXCLUSIVOS": 6,
        "N_CORREDORES": 1,
        "CORREDOR": "ANILLO_VIAL",
        "BENEFICIO_CONTEXTO": "Exclusivo respecto103+otras49;no sumar entre camaras",
        "LONGITUD_EXCLUSIVA_ANILLO_VIAL_M": 405.37521756402936,
        "LONGITUD_EXCLUSIVA_CICLOVIAS_M": 0.0,
        "LONGITUD_EXCLUSIVA_BOULEVARD_MACAJI_BELLAVISTA_M": 0.0,
        "LONGITUD_EXCLUSIVA_QUEBRADA_LAS_ABRAS_M": 0.0
      },
      "geometry": {
        "type": "Point",
        "coordinates": [
          -78.63041684121173,
          -1.686157564730574
        ]
      }
    },
    {
      "type": "Feature",
      "properties": {
        "ID_PROPUESTA": "MUN-040",
        "ID_ORIGINAL": "COR_14",
        "FILA_ORIGINAL": 40,
        "GRUPO": "RED_ESTRUCTURAL",
        "SUBTIPO": "NODO_CORREDOR",
        "X": 760951.6727499954,
        "Y": 9814180.587482648,
        "LONGITUD": -78.65455040543168,
        "LATITUD": -1.6797445976375625,
        "PARROQUIA": null,
        "ID_CANDIDATO": "EST-0608",
        "ORIGEN_CANDIDATO": "CRUCE_BOULEVARD_MACAJI_BELLAVISTA_RED_VIAL",
        "GRADO_NODO": 0,
        "CRITERIO_PRINCIPAL": "Macaji>=98%;maximizarAnillo;despuesCiclovias;sin cuotas",
        "CRITERIOS_SECUNDARIOS": "Interseccion/acceso real; Gi* disponible; incidentes directos; solape marginal; continuidad en empate numerico",
        "JUSTIFICACION": "Nodo/cruce real;unionlineal200m;criterios jerarquicos. Perdida de Ciclovias documentada en informe; pendiente revision y campo.",
        "ESTADO": "PROPUESTA_FINAL_PARA_REVISION_NO_INSTALADA",
        "ESTADO_VALIDACION": "PROPUESTA_REVISADA",
        "METODO_FINAL": "Macaji>=98%; maximizar Anillo; despues Ciclovias; sin cuotas por corredor",
        "HOTSPOT_DEL": null,
        "NIVEL_DEL": 0,
        "HOTSPOT_VIOL": "GIU100-15-49|GIU100-16-48|GIU100-16-49",
        "NIVEL_VIOL": 95,
        "HOTSPOT_CONV": null,
        "NIVEL_CONV": 0,
        "AMBITO_HOTSPOT": "URBANO",
        "COINCIDENCIA_DV": false,
        "DELINCUENCIA_200M": 10,
        "VIOLENCIA_200M": 8,
        "CONVIVENCIA_200M": 19,
        "N_TOTAL": 37,
        "COBERTURA_PREVIA": 0.0,
        "POBLACION_ASOCIADA": 1145.5429507682454,
        "MANZANAS_POB_VALIDAS": 21,
        "MANZANAS_POB_FALTANTES": 1,
        "POBLACION_METODO": "Estimacion areal CPV2022 dentro del radio200m y18Plataformas; no poblacion rural completa",
        "UPC_CERCANA": "I0415",
        "NOMBRE_UPC": "LA PAZ",
        "DIST_UPC_M": 668.9172886660207,
        "INFRA_CERCANA": "I0415",
        "DIST_INFRA_M": 668.9172886660207,
        "DIST_EXISTENTE": 413.1312360185699,
        "DIST_MUNICIPAL": 0.0,
        "INTERSECCION_O_NODO": "CRUCE_BOULEVARD_MACAJI_BELLAVISTA_RED_VIAL",
        "CORREDOR_COINCIDENTE": "ANILLO_VIAL|BOULEVARD_MACAJI_BELLAVISTA",
        "CORREDOR_METODO": "Eje intersecta buffer200m; no implica punto sobre eje ni criterio de seleccion",
        "SOLAPE_OTRAS49_PCT": 0.0,
        "D_EXCLUSIVOS": 10,
        "V_EXCLUSIVOS": 8,
        "C_EXCLUSIVOS": 19,
        "N_CORREDORES": 2,
        "CORREDOR": "ANILLO_VIAL|BOULEVARD_MACAJI_BELLAVISTA",
        "BENEFICIO_CONTEXTO": "Exclusivo respecto103+otras49;no sumar entre camaras",
        "LONGITUD_EXCLUSIVA_ANILLO_VIAL_M": 204.93250253644132,
        "LONGITUD_EXCLUSIVA_CICLOVIAS_M": 0.0,
        "LONGITUD_EXCLUSIVA_BOULEVARD_MACAJI_BELLAVISTA_M": 367.24787057857054,
        "LONGITUD_EXCLUSIVA_QUEBRADA_LAS_ABRAS_M": 0.0
      },
      "geometry": {
        "type": "Point",
        "coordinates": [
          -78.65455040543168,
          -1.6797445976375625
        ]
      }
    },
    {
      "type": "Feature",
      "properties": {
        "ID_PROPUESTA": "MUN-041",
        "ID_ORIGINAL": "COR_15",
        "FILA_ORIGINAL": 41,
        "GRUPO": "RED_ESTRUCTURAL",
        "SUBTIPO": "NODO_CORREDOR",
        "X": 760268.8658999996,
        "Y": 9814846.7761,
        "LONGITUD": -78.6606912280142,
        "LATITUD": -1.6737298897456938,
        "PARROQUIA": null,
        "ID_CANDIDATO": "EST-0356",
        "ORIGEN_CANDIDATO": "NODO_VIAL_URBANO",
        "GRADO_NODO": 4,
        "CRITERIO_PRINCIPAL": "Macaji>=98%;maximizarAnillo;despuesCiclovias;sin cuotas",
        "CRITERIOS_SECUNDARIOS": "Interseccion/acceso real; Gi* disponible; incidentes directos; solape marginal; continuidad en empate numerico",
        "JUSTIFICACION": "Nodo/cruce real;unionlineal200m;criterios jerarquicos. Perdida de Ciclovias documentada en informe; pendiente revision y campo.",
        "ESTADO": "PROPUESTA_FINAL_PARA_REVISION_NO_INSTALADA",
        "ESTADO_VALIDACION": "PROPUESTA_REVISADA",
        "METODO_FINAL": "Macaji>=98%; maximizar Anillo; despues Ciclovias; sin cuotas por corredor",
        "HOTSPOT_DEL": null,
        "NIVEL_DEL": 0,
        "HOTSPOT_VIOL": "GIU100-22-40|GIU100-22-42|GIU100-22-43|GIU100-23-41|GIU100-23-42|GIU100-23-43|GIU100-24-42|GIU100-24-43|GIU100-25-43",
        "NIVEL_VIOL": 99,
        "HOTSPOT_CONV": "GIU100-24-42",
        "NIVEL_CONV": 90,
        "AMBITO_HOTSPOT": "URBANO",
        "COINCIDENCIA_DV": false,
        "DELINCUENCIA_200M": 9,
        "VIOLENCIA_200M": 7,
        "CONVIVENCIA_200M": 36,
        "N_TOTAL": 52,
        "COBERTURA_PREVIA": 3.3949718104844058,
        "POBLACION_ASOCIADA": 1653.2711204603477,
        "MANZANAS_POB_VALIDAS": 22,
        "MANZANAS_POB_FALTANTES": 0,
        "POBLACION_METODO": "Estimacion areal CPV2022 dentro del radio200m y18Plataformas; no poblacion rural completa",
        "UPC_CERCANA": "I0421",
        "NOMBRE_UPC": "LA CONDAMINE 1",
        "DIST_UPC_M": 246.83103805447405,
        "INFRA_CERCANA": "I0421",
        "DIST_INFRA_M": 246.83103805447405,
        "DIST_EXISTENTE": 369.8064768036738,
        "DIST_MUNICIPAL": 0.0,
        "INTERSECCION_O_NODO": "NODO_VIAL_URBANO",
        "CORREDOR_COINCIDENTE": "ANILLO_VIAL",
        "CORREDOR_METODO": "Eje intersecta buffer200m; no implica punto sobre eje ni criterio de seleccion",
        "SOLAPE_OTRAS49_PCT": 3.3949718104844058,
        "D_EXCLUSIVOS": 8,
        "V_EXCLUSIVOS": 7,
        "C_EXCLUSIVOS": 36,
        "N_CORREDORES": 1,
        "CORREDOR": "ANILLO_VIAL",
        "BENEFICIO_CONTEXTO": "Exclusivo respecto103+otras49;no sumar entre camaras",
        "LONGITUD_EXCLUSIVA_ANILLO_VIAL_M": 349.4802335105472,
        "LONGITUD_EXCLUSIVA_CICLOVIAS_M": 0.0,
        "LONGITUD_EXCLUSIVA_BOULEVARD_MACAJI_BELLAVISTA_M": 0.0,
        "LONGITUD_EXCLUSIVA_QUEBRADA_LAS_ABRAS_M": 0.0
      },
      "geometry": {
        "type": "Point",
        "coordinates": [
          -78.6606912280142,
          -1.6737298897456938
        ]
      }
    },
    {
      "type": "Feature",
      "properties": {
        "ID_PROPUESTA": "MUN-042",
        "ID_ORIGINAL": "COR_16",
        "FILA_ORIGINAL": 42,
        "GRUPO": "RED_ESTRUCTURAL",
        "SUBTIPO": "NODO_CORREDOR",
        "X": 762079.8249000004,
        "Y": 9815405.2812,
        "LONGITUD": -78.64442947071933,
        "LATITUD": -1.6686616596117176,
        "PARROQUIA": null,
        "ID_CANDIDATO": "EST-1234",
        "ORIGEN_CANDIDATO": "NODO_VIAL_URBANO",
        "GRADO_NODO": 3,
        "CRITERIO_PRINCIPAL": "Macaji>=98%;maximizarAnillo;despuesCiclovias;sin cuotas",
        "CRITERIOS_SECUNDARIOS": "Interseccion/acceso real; Gi* disponible; incidentes directos; solape marginal; continuidad en empate numerico",
        "JUSTIFICACION": "Nodo/cruce real;unionlineal200m;criterios jerarquicos. Perdida de Ciclovias documentada en informe; pendiente revision y campo.",
        "ESTADO": "PROPUESTA_FINAL_PARA_REVISION_NO_INSTALADA",
        "ESTADO_VALIDACION": "PROPUESTA_REVISADA",
        "METODO_FINAL": "Macaji>=98%; maximizar Anillo; despues Ciclovias; sin cuotas por corredor",
        "HOTSPOT_DEL": "GIU100-28-58|GIU100-29-57|GIU100-30-60|GIU100-31-59|GIU100-31-60|GIU100-31-61|GIU100-32-59|GIU100-32-60",
        "NIVEL_DEL": 99,
        "HOTSPOT_VIOL": "GIU100-28-58|GIU100-28-59|GIU100-28-60|GIU100-29-57|GIU100-29-58|GIU100-29-59|GIU100-29-60|GIU100-30-57|GIU100-30-58|GIU100-30-59|GIU100-30-60|GIU100-30-61|GIU100-31-58|GIU100-31-59|GIU100-31-60|GIU100-31-61|GIU100-32-59|GIU100-32-60",
        "NIVEL_VIOL": 99,
        "HOTSPOT_CONV": "GIU100-31-60|GIU100-31-61",
        "NIVEL_CONV": 95,
        "AMBITO_HOTSPOT": "URBANO",
        "COINCIDENCIA_DV": true,
        "DELINCUENCIA_200M": 19,
        "VIOLENCIA_200M": 16,
        "CONVIVENCIA_200M": 40,
        "N_TOTAL": 75,
        "COBERTURA_PREVIA": 23.88966826428773,
        "POBLACION_ASOCIADA": 1454.1078292291863,
        "MANZANAS_POB_VALIDAS": 23,
        "MANZANAS_POB_FALTANTES": 0,
        "POBLACION_METODO": "Estimacion areal CPV2022 dentro del radio200m y18Plataformas; no poblacion rural completa",
        "UPC_CERCANA": "I0404",
        "NOMBRE_UPC": "LA ESTACION 2",
        "DIST_UPC_M": 241.93156593090166,
        "INFRA_CERCANA": "I0404",
        "DIST_INFRA_M": 241.93156593090166,
        "DIST_EXISTENTE": 293.51047396931443,
        "DIST_MUNICIPAL": 0.0,
        "INTERSECCION_O_NODO": "NODO_VIAL_URBANO",
        "CORREDOR_COINCIDENTE": "BOULEVARD_MACAJI_BELLAVISTA",
        "CORREDOR_METODO": "Eje intersecta buffer200m; no implica punto sobre eje ni criterio de seleccion",
        "SOLAPE_OTRAS49_PCT": 23.88966826428773,
        "D_EXCLUSIVOS": 9,
        "V_EXCLUSIVOS": 11,
        "C_EXCLUSIVOS": 29,
        "N_CORREDORES": 1,
        "CORREDOR": "BOULEVARD_MACAJI_BELLAVISTA",
        "BENEFICIO_CONTEXTO": "Exclusivo respecto103+otras49;no sumar entre camaras",
        "LONGITUD_EXCLUSIVA_ANILLO_VIAL_M": 0.0,
        "LONGITUD_EXCLUSIVA_CICLOVIAS_M": 0.0,
        "LONGITUD_EXCLUSIVA_BOULEVARD_MACAJI_BELLAVISTA_M": 230.95682939974657,
        "LONGITUD_EXCLUSIVA_QUEBRADA_LAS_ABRAS_M": 0.0
      },
      "geometry": {
        "type": "Point",
        "coordinates": [
          -78.64442947071933,
          -1.6686616596117176
        ]
      }
    },
    {
      "type": "Feature",
      "properties": {
        "ID_PROPUESTA": "MUN-043",
        "ID_ORIGINAL": "COR_17",
        "FILA_ORIGINAL": 43,
        "GRUPO": "RED_ESTRUCTURAL",
        "SUBTIPO": "NODO_CORREDOR",
        "X": 762265.8403000003,
        "Y": 9813432.3272,
        "LONGITUD": -78.64273715826398,
        "LATITUD": -1.6864942185891811,
        "PARROQUIA": null,
        "ID_CANDIDATO": "EST-1350",
        "ORIGEN_CANDIDATO": "NODO_VIAL_URBANO",
        "GRADO_NODO": 3,
        "CRITERIO_PRINCIPAL": "Macaji>=98%;maximizarAnillo;despuesCiclovias;sin cuotas",
        "CRITERIOS_SECUNDARIOS": "Interseccion/acceso real; Gi* disponible; incidentes directos; solape marginal; continuidad en empate numerico",
        "JUSTIFICACION": "Nodo/cruce real;unionlineal200m;criterios jerarquicos. Perdida de Ciclovias documentada en informe; pendiente revision y campo.",
        "ESTADO": "PROPUESTA_FINAL_PARA_REVISION_NO_INSTALADA",
        "ESTADO_VALIDACION": "PROPUESTA_REVISADA",
        "METODO_FINAL": "Macaji>=98%; maximizar Anillo; despues Ciclovias; sin cuotas por corredor",
        "HOTSPOT_DEL": "GIU100-11-63|GIU100-12-62",
        "NIVEL_DEL": 95,
        "HOTSPOT_VIOL": "GIU100-10-59|GIU100-10-61|GIU100-11-60|GIU100-11-62|GIU100-12-61|GIU100-9-60",
        "NIVEL_VIOL": 99,
        "HOTSPOT_CONV": null,
        "NIVEL_CONV": 0,
        "AMBITO_HOTSPOT": "URBANO",
        "COINCIDENCIA_DV": false,
        "DELINCUENCIA_200M": 14,
        "VIOLENCIA_200M": 8,
        "CONVIVENCIA_200M": 18,
        "N_TOTAL": 40,
        "COBERTURA_PREVIA": 12.060591589873209,
        "POBLACION_ASOCIADA": 1165.9727919901184,
        "MANZANAS_POB_VALIDAS": 23,
        "MANZANAS_POB_FALTANTES": 0,
        "POBLACION_METODO": "Estimacion areal CPV2022 dentro del radio200m y18Plataformas; no poblacion rural completa",
        "UPC_CERCANA": "I0410",
        "NOMBRE_UPC": "PUCARA 1",
        "DIST_UPC_M": 326.6125993297557,
        "INFRA_CERCANA": "I0410",
        "DIST_INFRA_M": 326.6125993297557,
        "DIST_EXISTENTE": 311.52954711155604,
        "DIST_MUNICIPAL": 0.0,
        "INTERSECCION_O_NODO": "NODO_VIAL_URBANO",
        "CORREDOR_COINCIDENTE": "ANILLO_VIAL",
        "CORREDOR_METODO": "Eje intersecta buffer200m; no implica punto sobre eje ni criterio de seleccion",
        "SOLAPE_OTRAS49_PCT": 12.060591589873209,
        "D_EXCLUSIVOS": 14,
        "V_EXCLUSIVOS": 8,
        "C_EXCLUSIVOS": 17,
        "N_CORREDORES": 1,
        "CORREDOR": "ANILLO_VIAL",
        "BENEFICIO_CONTEXTO": "Exclusivo respecto103+otras49;no sumar entre camaras",
        "LONGITUD_EXCLUSIVA_ANILLO_VIAL_M": 409.5326125888015,
        "LONGITUD_EXCLUSIVA_CICLOVIAS_M": 0.0,
        "LONGITUD_EXCLUSIVA_BOULEVARD_MACAJI_BELLAVISTA_M": 0.0,
        "LONGITUD_EXCLUSIVA_QUEBRADA_LAS_ABRAS_M": 0.0
      },
      "geometry": {
        "type": "Point",
        "coordinates": [
          -78.64273715826398,
          -1.6864942185891811
        ]
      }
    },
    {
      "type": "Feature",
      "properties": {
        "ID_PROPUESTA": "MUN-044",
        "ID_ORIGINAL": "COR_18",
        "FILA_ORIGINAL": 44,
        "GRUPO": "RED_ESTRUCTURAL",
        "SUBTIPO": "NODO_CORREDOR",
        "X": 762519.8106000004,
        "Y": 9815957.2108,
        "LONGITUD": -78.64048307473297,
        "LATITUD": -1.6636677156599031,
        "PARROQUIA": null,
        "ID_CANDIDATO": "EST-1457",
        "ORIGEN_CANDIDATO": "NODO_VIAL_URBANO",
        "GRADO_NODO": 3,
        "CRITERIO_PRINCIPAL": "Macaji>=98%;maximizarAnillo;despuesCiclovias;sin cuotas",
        "CRITERIOS_SECUNDARIOS": "Interseccion/acceso real; Gi* disponible; incidentes directos; solape marginal; continuidad en empate numerico",
        "JUSTIFICACION": "Nodo/cruce real;unionlineal200m;criterios jerarquicos. Perdida de Ciclovias documentada en informe; pendiente revision y campo.",
        "ESTADO": "PROPUESTA_FINAL_PARA_REVISION_NO_INSTALADA",
        "ESTADO_VALIDACION": "PROPUESTA_REVISADA",
        "METODO_FINAL": "Macaji>=98%; maximizar Anillo; despues Ciclovias; sin cuotas por corredor",
        "HOTSPOT_DEL": "GIU100-34-62|GIU100-34-63|GIU100-34-64|GIU100-34-66|GIU100-35-62|GIU100-35-63|GIU100-35-64|GIU100-35-65|GIU100-35-66|GIU100-36-63|GIU100-36-66",
        "NIVEL_DEL": 99,
        "HOTSPOT_VIOL": "GIU100-33-62|GIU100-33-63|GIU100-34-62|GIU100-34-63|GIU100-34-64|GIU100-34-65|GIU100-34-66|GIU100-35-62|GIU100-35-63|GIU100-35-64|GIU100-35-65|GIU100-35-66|GIU100-36-62|GIU100-36-63|GIU100-36-64|GIU100-36-65|GIU100-36-66|GIU100-37-62|GIU100-37-63|GIU100-37-64|GIU100-37-65",
        "NIVEL_VIOL": 99,
        "HOTSPOT_CONV": "GIU100-33-62|GIU100-34-62|GIU100-34-63|GIU100-35-62|GIU100-35-63|GIU100-35-64|GIU100-35-65|GIU100-36-62|GIU100-36-63|GIU100-37-62|GIU100-37-63",
        "NIVEL_CONV": 99,
        "AMBITO_HOTSPOT": "URBANO",
        "COINCIDENCIA_DV": true,
        "DELINCUENCIA_200M": 21,
        "VIOLENCIA_200M": 15,
        "CONVIVENCIA_200M": 64,
        "N_TOTAL": 100,
        "COBERTURA_PREVIA": 26.95172894436775,
        "POBLACION_ASOCIADA": 1328.9198841738944,
        "MANZANAS_POB_VALIDAS": 27,
        "MANZANAS_POB_FALTANTES": 2,
        "POBLACION_METODO": "Estimacion areal CPV2022 dentro del radio200m y18Plataformas; no poblacion rural completa",
        "UPC_CERCANA": "I0397",
        "NOMBRE_UPC": "LA ESPERANZA",
        "DIST_UPC_M": 342.93415884114734,
        "INFRA_CERCANA": "I0397",
        "DIST_INFRA_M": 342.93415884114734,
        "DIST_EXISTENTE": 263.5489244173506,
        "DIST_MUNICIPAL": 0.0,
        "INTERSECCION_O_NODO": "NODO_VIAL_URBANO",
        "CORREDOR_COINCIDENTE": "ANILLO_VIAL|BOULEVARD_MACAJI_BELLAVISTA",
        "CORREDOR_METODO": "Eje intersecta buffer200m; no implica punto sobre eje ni criterio de seleccion",
        "SOLAPE_OTRAS49_PCT": 26.95172894436775,
        "D_EXCLUSIVOS": 20,
        "V_EXCLUSIVOS": 12,
        "C_EXCLUSIVOS": 48,
        "N_CORREDORES": 2,
        "CORREDOR": "ANILLO_VIAL|BOULEVARD_MACAJI_BELLAVISTA",
        "BENEFICIO_CONTEXTO": "Exclusivo respecto103+otras49;no sumar entre camaras",
        "LONGITUD_EXCLUSIVA_ANILLO_VIAL_M": 330.8333885739479,
        "LONGITUD_EXCLUSIVA_CICLOVIAS_M": 0.0,
        "LONGITUD_EXCLUSIVA_BOULEVARD_MACAJI_BELLAVISTA_M": 100.91901335536288,
        "LONGITUD_EXCLUSIVA_QUEBRADA_LAS_ABRAS_M": 0.0
      },
      "geometry": {
        "type": "Point",
        "coordinates": [
          -78.64048307473297,
          -1.6636677156599031
        ]
      }
    },
    {
      "type": "Feature",
      "properties": {
        "ID_PROPUESTA": "MUN-045",
        "ID_ORIGINAL": "COR_19",
        "FILA_ORIGINAL": 45,
        "GRUPO": "RED_ESTRUCTURAL",
        "SUBTIPO": "NODO_CORREDOR",
        "X": 761798.5318,
        "Y": 9813522.2492,
        "LONGITUD": -78.64693595337202,
        "LATITUD": -1.68568647698586,
        "PARROQUIA": null,
        "ID_CANDIDATO": "EST-1088",
        "ORIGEN_CANDIDATO": "NODO_VIAL_URBANO",
        "GRADO_NODO": 3,
        "CRITERIO_PRINCIPAL": "Macaji>=98%;maximizarAnillo;despuesCiclovias;sin cuotas",
        "CRITERIOS_SECUNDARIOS": "Interseccion/acceso real; Gi* disponible; incidentes directos; solape marginal; continuidad en empate numerico",
        "JUSTIFICACION": "Nodo/cruce real;unionlineal200m;criterios jerarquicos. Perdida de Ciclovias documentada en informe; pendiente revision y campo.",
        "ESTADO": "PROPUESTA_FINAL_PARA_REVISION_NO_INSTALADA",
        "ESTADO_VALIDACION": "PROPUESTA_REVISADA",
        "METODO_FINAL": "Macaji>=98%; maximizar Anillo; despues Ciclovias; sin cuotas por corredor",
        "HOTSPOT_DEL": null,
        "NIVEL_DEL": 0,
        "HOTSPOT_VIOL": null,
        "NIVEL_VIOL": 0,
        "HOTSPOT_CONV": null,
        "NIVEL_CONV": 0,
        "AMBITO_HOTSPOT": "RURAL",
        "COINCIDENCIA_DV": false,
        "DELINCUENCIA_200M": 7,
        "VIOLENCIA_200M": 4,
        "CONVIVENCIA_200M": 28,
        "N_TOTAL": 39,
        "COBERTURA_PREVIA": 0.0,
        "POBLACION_ASOCIADA": 1233.120134566126,
        "MANZANAS_POB_VALIDAS": 21,
        "MANZANAS_POB_FALTANTES": 3,
        "POBLACION_METODO": "Estimacion areal CPV2022 dentro del radio200m y18Plataformas; no poblacion rural completa",
        "UPC_CERCANA": "I0415",
        "NOMBRE_UPC": "LA PAZ",
        "DIST_UPC_M": 428.9225820804852,
        "INFRA_CERCANA": "I0415",
        "DIST_INFRA_M": 428.9225820804852,
        "DIST_EXISTENTE": 470.54969418737545,
        "DIST_MUNICIPAL": 0.0,
        "INTERSECCION_O_NODO": "NODO_VIAL_URBANO",
        "CORREDOR_COINCIDENTE": "ANILLO_VIAL",
        "CORREDOR_METODO": "Eje intersecta buffer200m; no implica punto sobre eje ni criterio de seleccion",
        "SOLAPE_OTRAS49_PCT": 0.017589548328795678,
        "D_EXCLUSIVOS": 7,
        "V_EXCLUSIVOS": 4,
        "C_EXCLUSIVOS": 28,
        "N_CORREDORES": 1,
        "CORREDOR": "ANILLO_VIAL",
        "BENEFICIO_CONTEXTO": "Exclusivo respecto103+otras49;no sumar entre camaras",
        "LONGITUD_EXCLUSIVA_ANILLO_VIAL_M": 399.97737094763204,
        "LONGITUD_EXCLUSIVA_CICLOVIAS_M": 0.0,
        "LONGITUD_EXCLUSIVA_BOULEVARD_MACAJI_BELLAVISTA_M": 0.0,
        "LONGITUD_EXCLUSIVA_QUEBRADA_LAS_ABRAS_M": 0.0
      },
      "geometry": {
        "type": "Point",
        "coordinates": [
          -78.64693595337202,
          -1.68568647698586
        ]
      }
    },
    {
      "type": "Feature",
      "properties": {
        "ID_PROPUESTA": "MUN-046",
        "ID_ORIGINAL": "COR_20",
        "FILA_ORIGINAL": 46,
        "GRUPO": "RED_ESTRUCTURAL",
        "SUBTIPO": "NODO_CORREDOR",
        "X": 763670.3903999999,
        "Y": 9814540.3062,
        "LONGITUD": -78.63013228973597,
        "LATITUD": -1.6764632796778616,
        "PARROQUIA": null,
        "ID_CANDIDATO": "EST-1856",
        "ORIGEN_CANDIDATO": "NODO_VIAL_URBANO",
        "GRADO_NODO": 4,
        "CRITERIO_PRINCIPAL": "Macaji>=98%;maximizarAnillo;despuesCiclovias;sin cuotas",
        "CRITERIOS_SECUNDARIOS": "Interseccion/acceso real; Gi* disponible; incidentes directos; solape marginal; continuidad en empate numerico",
        "JUSTIFICACION": "Nodo/cruce real;unionlineal200m;criterios jerarquicos. Perdida de Ciclovias documentada en informe; pendiente revision y campo.",
        "ESTADO": "PROPUESTA_FINAL_PARA_REVISION_NO_INSTALADA",
        "ESTADO_VALIDACION": "PROPUESTA_REVISADA",
        "METODO_FINAL": "Macaji>=98%; maximizar Anillo; despues Ciclovias; sin cuotas por corredor",
        "HOTSPOT_DEL": null,
        "NIVEL_DEL": 0,
        "HOTSPOT_VIOL": null,
        "NIVEL_VIOL": 0,
        "HOTSPOT_CONV": null,
        "NIVEL_CONV": 0,
        "AMBITO_HOTSPOT": "RURAL",
        "COINCIDENCIA_DV": false,
        "DELINCUENCIA_200M": 3,
        "VIOLENCIA_200M": 5,
        "CONVIVENCIA_200M": 6,
        "N_TOTAL": 14,
        "COBERTURA_PREVIA": 0.0,
        "POBLACION_ASOCIADA": 458.40553707599105,
        "MANZANAS_POB_VALIDAS": 13,
        "MANZANAS_POB_FALTANTES": 0,
        "POBLACION_METODO": "Estimacion areal CPV2022 dentro del radio200m y18Plataformas; no poblacion rural completa",
        "UPC_CERCANA": "I0409",
        "NOMBRE_UPC": "BASE DE LA ZONA 3",
        "DIST_UPC_M": 936.2530000290395,
        "INFRA_CERCANA": "I0409",
        "DIST_INFRA_M": 936.2530000290395,
        "DIST_EXISTENTE": 1077.6965820340815,
        "DIST_MUNICIPAL": 0.0,
        "INTERSECCION_O_NODO": "NODO_VIAL_URBANO",
        "CORREDOR_COINCIDENTE": "ANILLO_VIAL",
        "CORREDOR_METODO": "Eje intersecta buffer200m; no implica punto sobre eje ni criterio de seleccion",
        "SOLAPE_OTRAS49_PCT": 0.0,
        "D_EXCLUSIVOS": 3,
        "V_EXCLUSIVOS": 5,
        "C_EXCLUSIVOS": 6,
        "N_CORREDORES": 1,
        "CORREDOR": "ANILLO_VIAL",
        "BENEFICIO_CONTEXTO": "Exclusivo respecto103+otras49;no sumar entre camaras",
        "LONGITUD_EXCLUSIVA_ANILLO_VIAL_M": 403.6794012102273,
        "LONGITUD_EXCLUSIVA_CICLOVIAS_M": 0.0,
        "LONGITUD_EXCLUSIVA_BOULEVARD_MACAJI_BELLAVISTA_M": 0.0,
        "LONGITUD_EXCLUSIVA_QUEBRADA_LAS_ABRAS_M": 0.0
      },
      "geometry": {
        "type": "Point",
        "coordinates": [
          -78.63013228973597,
          -1.6764632796778616
        ]
      }
    },
    {
      "type": "Feature",
      "properties": {
        "ID_PROPUESTA": "MUN-047",
        "ID_ORIGINAL": "COR_21",
        "FILA_ORIGINAL": 47,
        "GRUPO": "RED_ESTRUCTURAL",
        "SUBTIPO": "NODO_CORREDOR",
        "X": 759590.8328861839,
        "Y": 9815408.675317863,
        "LONGITUD": -78.66678801981624,
        "LATITUD": -1.6686578013841273,
        "PARROQUIA": null,
        "ID_CANDIDATO": "EST-0141",
        "ORIGEN_CANDIDATO": "CRUCE_ANILLO_VIAL_RED_VIAL",
        "GRADO_NODO": 0,
        "CRITERIO_PRINCIPAL": "Macaji>=98%;maximizarAnillo;despuesCiclovias;sin cuotas",
        "CRITERIOS_SECUNDARIOS": "Interseccion/acceso real; Gi* disponible; incidentes directos; solape marginal; continuidad en empate numerico",
        "JUSTIFICACION": "Nodo/cruce real;unionlineal200m;criterios jerarquicos. Perdida de Ciclovias documentada en informe; pendiente revision y campo.",
        "ESTADO": "PROPUESTA_FINAL_PARA_REVISION_NO_INSTALADA",
        "ESTADO_VALIDACION": "PROPUESTA_REVISADA",
        "METODO_FINAL": "Macaji>=98%; maximizar Anillo; despues Ciclovias; sin cuotas por corredor",
        "HOTSPOT_DEL": null,
        "NIVEL_DEL": 0,
        "HOTSPOT_VIOL": null,
        "NIVEL_VIOL": 0,
        "HOTSPOT_CONV": null,
        "NIVEL_CONV": 0,
        "AMBITO_HOTSPOT": "RURAL",
        "COINCIDENCIA_DV": false,
        "DELINCUENCIA_200M": 9,
        "VIOLENCIA_200M": 2,
        "CONVIVENCIA_200M": 10,
        "N_TOTAL": 21,
        "COBERTURA_PREVIA": 0.0,
        "POBLACION_ASOCIADA": 262.3436474094256,
        "MANZANAS_POB_VALIDAS": 9,
        "MANZANAS_POB_FALTANTES": 1,
        "POBLACION_METODO": "Estimacion areal CPV2022 dentro del radio200m y18Plataformas; no poblacion rural completa",
        "UPC_CERCANA": "I0419",
        "NOMBRE_UPC": "TERMINAL TERRESTRE 1",
        "DIST_UPC_M": 859.9187556158466,
        "INFRA_CERCANA": "I0419",
        "DIST_INFRA_M": 859.9187556158466,
        "DIST_EXISTENTE": 486.08242455925534,
        "DIST_MUNICIPAL": 0.0,
        "INTERSECCION_O_NODO": "CRUCE_ANILLO_VIAL_RED_VIAL",
        "CORREDOR_COINCIDENTE": "ANILLO_VIAL",
        "CORREDOR_METODO": "Eje intersecta buffer200m; no implica punto sobre eje ni criterio de seleccion",
        "SOLAPE_OTRAS49_PCT": 4.955336733002266,
        "D_EXCLUSIVOS": 9,
        "V_EXCLUSIVOS": 2,
        "C_EXCLUSIVOS": 10,
        "N_CORREDORES": 1,
        "CORREDOR": "ANILLO_VIAL",
        "BENEFICIO_CONTEXTO": "Exclusivo respecto103+otras49;no sumar entre camaras",
        "LONGITUD_EXCLUSIVA_ANILLO_VIAL_M": 401.8184741077953,
        "LONGITUD_EXCLUSIVA_CICLOVIAS_M": 0.0,
        "LONGITUD_EXCLUSIVA_BOULEVARD_MACAJI_BELLAVISTA_M": 0.0,
        "LONGITUD_EXCLUSIVA_QUEBRADA_LAS_ABRAS_M": 0.0
      },
      "geometry": {
        "type": "Point",
        "coordinates": [
          -78.66678801981624,
          -1.6686578013841273
        ]
      }
    },
    {
      "type": "Feature",
      "properties": {
        "ID_PROPUESTA": "MUN-048",
        "ID_ORIGINAL": "COR_22",
        "FILA_ORIGINAL": 48,
        "GRUPO": "RED_ESTRUCTURAL",
        "SUBTIPO": "NODO_CORREDOR",
        "X": 761113.4786999999,
        "Y": 9816381.6714,
        "LONGITUD": -78.65312051602012,
        "LATITUD": -1.6598459298363621,
        "PARROQUIA": null,
        "ID_CANDIDATO": "EST-0691",
        "ORIGEN_CANDIDATO": "NODO_VIAL_URBANO",
        "GRADO_NODO": 3,
        "CRITERIO_PRINCIPAL": "Macaji>=98%;maximizarAnillo;despuesCiclovias;sin cuotas",
        "CRITERIOS_SECUNDARIOS": "Interseccion/acceso real; Gi* disponible; incidentes directos; solape marginal; continuidad en empate numerico",
        "JUSTIFICACION": "Nodo/cruce real;unionlineal200m;criterios jerarquicos. Perdida de Ciclovias documentada en informe; pendiente revision y campo.",
        "ESTADO": "PROPUESTA_FINAL_PARA_REVISION_NO_INSTALADA",
        "ESTADO_VALIDACION": "PROPUESTA_REVISADA",
        "METODO_FINAL": "Macaji>=98%; maximizar Anillo; despues Ciclovias; sin cuotas por corredor",
        "HOTSPOT_DEL": null,
        "NIVEL_DEL": 0,
        "HOTSPOT_VIOL": "GIU100-37-50|GIU100-38-50",
        "NIVEL_VIOL": 95,
        "HOTSPOT_CONV": null,
        "NIVEL_CONV": 0,
        "AMBITO_HOTSPOT": "URBANO",
        "COINCIDENCIA_DV": false,
        "DELINCUENCIA_200M": 5,
        "VIOLENCIA_200M": 8,
        "CONVIVENCIA_200M": 6,
        "N_TOTAL": 19,
        "COBERTURA_PREVIA": 2.826153124941092,
        "POBLACION_ASOCIADA": 170.74619925786465,
        "MANZANAS_POB_VALIDAS": 4,
        "MANZANAS_POB_FALTANTES": 0,
        "POBLACION_METODO": "Estimacion areal CPV2022 dentro del radio200m y18Plataformas; no poblacion rural completa",
        "UPC_CERCANA": "I0403",
        "NOMBRE_UPC": "PLAZA DAVALOS",
        "DIST_UPC_M": 804.7087180533949,
        "INFRA_CERCANA": "I0403",
        "DIST_INFRA_M": 804.7087180533949,
        "DIST_EXISTENTE": 366.846957091247,
        "DIST_MUNICIPAL": 0.0,
        "INTERSECCION_O_NODO": "NODO_VIAL_URBANO",
        "CORREDOR_COINCIDENTE": "ANILLO_VIAL",
        "CORREDOR_METODO": "Eje intersecta buffer200m; no implica punto sobre eje ni criterio de seleccion",
        "SOLAPE_OTRAS49_PCT": 2.826153124941092,
        "D_EXCLUSIVOS": 5,
        "V_EXCLUSIVOS": 8,
        "C_EXCLUSIVOS": 6,
        "N_CORREDORES": 1,
        "CORREDOR": "ANILLO_VIAL",
        "BENEFICIO_CONTEXTO": "Exclusivo respecto103+otras49;no sumar entre camaras",
        "LONGITUD_EXCLUSIVA_ANILLO_VIAL_M": 404.762414032654,
        "LONGITUD_EXCLUSIVA_CICLOVIAS_M": 0.0,
        "LONGITUD_EXCLUSIVA_BOULEVARD_MACAJI_BELLAVISTA_M": 0.0,
        "LONGITUD_EXCLUSIVA_QUEBRADA_LAS_ABRAS_M": 0.0
      },
      "geometry": {
        "type": "Point",
        "coordinates": [
          -78.65312051602012,
          -1.6598459298363621
        ]
      }
    },
    {
      "type": "Feature",
      "properties": {
        "ID_PROPUESTA": "MUN-049",
        "ID_ORIGINAL": "COR_23",
        "FILA_ORIGINAL": 49,
        "GRUPO": "RED_ESTRUCTURAL",
        "SUBTIPO": "NODO_CORREDOR",
        "X": 761403.9900000002,
        "Y": 9813580.8376,
        "LONGITUD": -78.65048075428172,
        "LATITUD": -1.6851611704588958,
        "PARROQUIA": null,
        "ID_CANDIDATO": "EST-0868",
        "ORIGEN_CANDIDATO": "NODO_VIAL_URBANO",
        "GRADO_NODO": 3,
        "CRITERIO_PRINCIPAL": "Macaji>=98%;maximizarAnillo;despuesCiclovias;sin cuotas",
        "CRITERIOS_SECUNDARIOS": "Interseccion/acceso real; Gi* disponible; incidentes directos; solape marginal; continuidad en empate numerico",
        "JUSTIFICACION": "Nodo/cruce real;unionlineal200m;criterios jerarquicos. Perdida de Ciclovias documentada en informe; pendiente revision y campo.",
        "ESTADO": "PROPUESTA_FINAL_PARA_REVISION_NO_INSTALADA",
        "ESTADO_VALIDACION": "PROPUESTA_REVISADA",
        "METODO_FINAL": "Macaji>=98%; maximizar Anillo; despues Ciclovias; sin cuotas por corredor",
        "HOTSPOT_DEL": null,
        "NIVEL_DEL": 0,
        "HOTSPOT_VIOL": null,
        "NIVEL_VIOL": 0,
        "HOTSPOT_CONV": null,
        "NIVEL_CONV": 0,
        "AMBITO_HOTSPOT": "RURAL",
        "COINCIDENCIA_DV": false,
        "DELINCUENCIA_200M": 8,
        "VIOLENCIA_200M": 3,
        "CONVIVENCIA_200M": 28,
        "N_TOTAL": 39,
        "COBERTURA_PREVIA": 0.0,
        "POBLACION_ASOCIADA": 593.9249022097085,
        "MANZANAS_POB_VALIDAS": 18,
        "MANZANAS_POB_FALTANTES": 0,
        "POBLACION_METODO": "Estimacion areal CPV2022 dentro del radio200m y18Plataformas; no poblacion rural completa",
        "UPC_CERCANA": "I0415",
        "NOMBRE_UPC": "LA PAZ",
        "DIST_UPC_M": 316.8052976807136,
        "INFRA_CERCANA": "I0415",
        "DIST_INFRA_M": 316.8052976807136,
        "DIST_EXISTENTE": 827.1966628321421,
        "DIST_MUNICIPAL": 0.0,
        "INTERSECCION_O_NODO": "NODO_VIAL_URBANO",
        "CORREDOR_COINCIDENTE": "ANILLO_VIAL",
        "CORREDOR_METODO": "Eje intersecta buffer200m; no implica punto sobre eje ni criterio de seleccion",
        "SOLAPE_OTRAS49_PCT": 0.017589548328795678,
        "D_EXCLUSIVOS": 8,
        "V_EXCLUSIVOS": 3,
        "C_EXCLUSIVOS": 28,
        "N_CORREDORES": 1,
        "CORREDOR": "ANILLO_VIAL",
        "BENEFICIO_CONTEXTO": "Exclusivo respecto103+otras49;no sumar entre camaras",
        "LONGITUD_EXCLUSIVA_ANILLO_VIAL_M": 406.3403004133361,
        "LONGITUD_EXCLUSIVA_CICLOVIAS_M": 0.0,
        "LONGITUD_EXCLUSIVA_BOULEVARD_MACAJI_BELLAVISTA_M": 0.0,
        "LONGITUD_EXCLUSIVA_QUEBRADA_LAS_ABRAS_M": 0.0
      },
      "geometry": {
        "type": "Point",
        "coordinates": [
          -78.65048075428172,
          -1.6851611704588958
        ]
      }
    },
    {
      "type": "Feature",
      "properties": {
        "ID_PROPUESTA": "MUN-050",
        "ID_ORIGINAL": "COR_24",
        "FILA_ORIGINAL": 50,
        "GRUPO": "RED_ESTRUCTURAL",
        "SUBTIPO": "NODO_MULTICORREDOR",
        "X": 763685.0911470883,
        "Y": 9814086.261940472,
        "LONGITUD": -78.62999529084694,
        "LATITUD": -1.6805674268041577,
        "PARROQUIA": null,
        "ID_CANDIDATO": "EST-1871",
        "ORIGEN_CANDIDATO": "CRUCE_ANILLO_VIAL_RED_VIAL",
        "GRADO_NODO": 0,
        "CRITERIO_PRINCIPAL": "Macaji>=98%;maximizarAnillo;despuesCiclovias;sin cuotas",
        "CRITERIOS_SECUNDARIOS": "Interseccion/acceso real; Gi* disponible; incidentes directos; solape marginal; continuidad en empate numerico",
        "JUSTIFICACION": "Nodo/cruce real;unionlineal200m;criterios jerarquicos. Perdida de Ciclovias documentada en informe; pendiente revision y campo.",
        "ESTADO": "PROPUESTA_FINAL_PARA_REVISION_NO_INSTALADA",
        "ESTADO_VALIDACION": "PROPUESTA_REVISADA",
        "METODO_FINAL": "Macaji>=98%; maximizar Anillo; despues Ciclovias; sin cuotas por corredor",
        "HOTSPOT_DEL": null,
        "NIVEL_DEL": 0,
        "HOTSPOT_VIOL": null,
        "NIVEL_VIOL": 0,
        "HOTSPOT_CONV": null,
        "NIVEL_CONV": 0,
        "AMBITO_HOTSPOT": "RURAL",
        "COINCIDENCIA_DV": false,
        "DELINCUENCIA_200M": 5,
        "VIOLENCIA_200M": 2,
        "CONVIVENCIA_200M": 6,
        "N_TOTAL": 13,
        "COBERTURA_PREVIA": 0.0,
        "POBLACION_ASOCIADA": 276.45889673435875,
        "MANZANAS_POB_VALIDAS": 11,
        "MANZANAS_POB_FALTANTES": 0,
        "POBLACION_METODO": "Estimacion areal CPV2022 dentro del radio200m y18Plataformas; no poblacion rural completa",
        "UPC_CERCANA": "I0409",
        "NOMBRE_UPC": "BASE DE LA ZONA 3",
        "DIST_UPC_M": 1148.5271436733162,
        "INFRA_CERCANA": "I0411",
        "DIST_INFRA_M": 1057.1265824386398,
        "DIST_EXISTENTE": 780.042703622985,
        "DIST_MUNICIPAL": 0.0,
        "INTERSECCION_O_NODO": "CRUCE_ANILLO_VIAL_RED_VIAL",
        "CORREDOR_COINCIDENTE": "ANILLO_VIAL|CICLOVIAS",
        "CORREDOR_METODO": "Eje intersecta buffer200m; no implica punto sobre eje ni criterio de seleccion",
        "SOLAPE_OTRAS49_PCT": 0.0,
        "D_EXCLUSIVOS": 5,
        "V_EXCLUSIVOS": 2,
        "C_EXCLUSIVOS": 6,
        "N_CORREDORES": 2,
        "CORREDOR": "ANILLO_VIAL|CICLOVIAS",
        "BENEFICIO_CONTEXTO": "Exclusivo respecto103+otras49;no sumar entre camaras",
        "LONGITUD_EXCLUSIVA_ANILLO_VIAL_M": 400.0085530399917,
        "LONGITUD_EXCLUSIVA_CICLOVIAS_M": 185.45980446635255,
        "LONGITUD_EXCLUSIVA_BOULEVARD_MACAJI_BELLAVISTA_M": 0.0,
        "LONGITUD_EXCLUSIVA_QUEBRADA_LAS_ABRAS_M": 0.0
      },
      "geometry": {
        "type": "Point",
        "coordinates": [
          -78.62999529084694,
          -1.6805674268041577
        ]
      }
    }
  ]
}