{
  "type": "FeatureCollection",
  "features": [
    {
      "type": "Feature",
      "properties": {
        "nombre": "Red vial OSM alcanzable a 500 m desde el limite exterior de Poligono de referencia",
        "target_name": "Poligono de referencia",
        "target_platform": "Poligono de referencia",
        "distance_m": 500,
        "mode": "walking",
        "source_type": "polygon_boundary_outer",
        "boundary_sample_step_m": 5,
        "boundary_samples": 358,
        "source_nodes": 357,
        "snap_promedio_m": 1.17,
        "snap_p95_m": 2.75,
        "snap_max_m": 4.26,
        "segmentos_red": 780,
        "longitud_red_m": 32290.4
      },
      "geometry": {
        "type": "MultiLineString",
        "coordinates": [
          [
            [
              -78.6567596,
              -1.6686608000000043
            ],
            [
              -78.6574432,
              -1.6684450999999938
            ]
          ],
          [
            [
              -78.6567596,
              -1.6686608000000043
            ],
            [
              -78.6559607,
              -1.6677160000000073
            ]
          ],
          [
            [
              -78.6567596,
              -1.6686608000000043
            ],
            [
              -78.6566165,
              -1.668703500000005
            ]
          ],
          [
            [
              -78.6574432,
              -1.6684450999999938
            ],
            [
              -78.6578096,
              -1.6683439000000069
            ]
          ],
          [
            [
              -78.6574432,
              -1.6684450999999938
            ],
            [
              -78.6575289,
              -1.6685223999999999
            ]
          ],
          [
            [
              -78.6574432,
              -1.6684450999999938
            ],
            [
              -78.6570398,
              -1.6679957000000056
            ]
          ],
          [
            [
              -78.6578096,
              -1.6683439000000069
            ],
            [
              -78.6583539,
              -1.6681882999999995
            ]
          ],
          [
            [
              -78.6578096,
              -1.6683439000000069
            ],
            [
              -78.6577461,
              -1.6680061999999933
            ]
          ],
          [
            [
              -78.6583539,
              -1.6681882999999995
            ],
            [
              -78.658514815839,
              -1.6681404580331978
            ]
          ],
          [
            [
              -78.6583539,
              -1.6681882999999995
            ],
            [
              -78.6583406,
              -1.6681176999999994
            ]
          ],
          [
            [
              -78.6583539,
              -1.6681882999999995
            ],
            [
              -78.6583638,
              -1.6683001999999971
            ]
          ],
          [
            [
              -78.6583638,
              -1.6683001999999971
            ],
            [
              -78.65837617571246,
              -1.6683553182582829
            ]
          ],
          [
            [
              -78.6575939,
              -1.6685902999999922
            ],
            [
              -78.65787310538099,
              -1.6685237219349693
            ]
          ],
          [
            [
              -78.6573021,
              -1.6692639000000065
            ],
            [
              -78.6573701906318,
              -1.6692061707327641
            ]
          ],
          [
            [
              -78.6575939,
              -1.6685902999999922
            ],
            [
              -78.65779036763522,
              -1.6688007441712687
            ]
          ],
          [
            [
              -78.6569958,
              -1.6688629999999987
            ],
            [
              -78.6573021,
              -1.6692639000000065
            ]
          ],
          [
            [
              -78.6569958,
              -1.6688629999999987
            ],
            [
              -78.6572385,
              -1.6686840999999966
            ]
          ],
          [
            [
              -78.6569958,
              -1.6688629999999987
            ],
            [
              -78.6563523,
              -1.6693468999999974
            ]
          ],
          [
            [
              -78.6573021,
              -1.6692639000000065
            ],
            [
              -78.65735569818435,
              -1.6693354440524286
            ]
          ],
          [
            [
              -78.6573021,
              -1.6692639000000065
            ],
            [
              -78.6567042,
              -1.6697735999999976
            ]
          ],
          [
            [
              -78.6557473,
              -1.6717289999999954
            ],
            [
              -78.65579664650897,
              -1.6717942275781423
            ]
          ],
          [
            [
              -78.6566269,
              -1.6718566999999998
            ],
            [
              -78.65659072158167,
              -1.6718873936397043
            ]
          ],
          [
            [
              -78.6557473,
              -1.6717289999999954
            ],
            [
              -78.6552449,
              -1.6711200999999962
            ]
          ],
          [
            [
              -78.6557473,
              -1.6717289999999954
            ],
            [
              -78.65623220000002,
              -1.6713070000000032
            ]
          ],
          [
            [
              -78.6557473,
              -1.6717289999999954
            ],
            [
              -78.6551771,
              -1.6722217000000017
            ]
          ],
          [
            [
              -78.6552449,
              -1.6711200999999962
            ],
            [
              -78.6548099,
              -1.6705760999999946
            ]
          ],
          [
            [
              -78.6552449,
              -1.6711200999999962
            ],
            [
              -78.6551452,
              -1.671210099999993
            ]
          ],
          [
            [
              -78.6552449,
              -1.6711200999999962
            ],
            [
              -78.6557301,
              -1.6706828000000074
            ]
          ],
          [
            [
              -78.6548099,
              -1.6705760999999946
            ],
            [
              -78.6543249,
              -1.6699832999999955
            ]
          ],
          [
            [
              -78.6548099,
              -1.6705760999999946
            ],
            [
              -78.6553153,
              -1.6701360999999937
            ]
          ],
          [
            [
              -78.6548099,
              -1.6705760999999946
            ],
            [
              -78.6542384,
              -1.6710744000000008
            ]
          ],
          [
            [
              -78.6543249,
              -1.6699832999999955
            ],
            [
              -78.6548457,
              -1.6695267999999985
            ]
          ],
          [
            [
              -78.6543249,
              -1.6699832999999955
            ],
            [
              -78.6537706,
              -1.670448600000001
            ]
          ],
          [
            [
              -78.6545612,
              -1.672728500000005
            ],
            [
              -78.65457971719243,
              -1.6727502675503791
            ]
          ],
          [
            [
              -78.6551771,
              -1.6722217000000017
            ],
            [
              -78.65521248233206,
              -1.6722649406030932
            ]
          ],
          [
            [
              -78.6566269,
              -1.6718566999999998
            ],
            [
              -78.65666295100964,
              -1.6718258549247387
            ]
          ],
          [
            [
              -78.6566269,
              -1.6718566999999998
            ],
            [
              -78.65623220000002,
              -1.6713070000000032
            ]
          ],
          [
            [
              -78.6566269,
              -1.6718566999999998
            ],
            [
              -78.65665604352039,
              -1.671894215942805
            ]
          ],
          [
            [
              -78.6581141,
              -1.6656394999999957
            ],
            [
              -78.65872621560165,
              -1.6651021466890603
            ]
          ],
          [
            [
              -78.6586443,
              -1.6648109999999947
            ],
            [
              -78.65876073223356,
              -1.6649309196943676
            ]
          ],
          [
            [
              -78.6550437,
              -1.6642908999999957
            ],
            [
              -78.6555805,
              -1.664914599999998
            ]
          ],
          [
            [
              -78.6550437,
              -1.6642908999999957
            ],
            [
              -78.6552094,
              -1.6641500999999932
            ]
          ],
          [
            [
              -78.6550437,
              -1.6642908999999957
            ],
            [
              -78.6547494,
              -1.664551199999998
            ]
          ],
          [
            [
              -78.6550437,
              -1.6642908999999957
            ],
            [
              -78.6549385,
              -1.6641704999999969
            ]
          ],
          [
            [
              -78.6555805,
              -1.664914599999998
            ],
            [
              -78.6560608,
              -1.665467699999994
            ]
          ],
          [
            [
              -78.6555805,
              -1.664914599999998
            ],
            [
              -78.656037,
              -1.6645251000000059
            ]
          ],
          [
            [
              -78.6555805,
              -1.664914599999998
            ],
            [
              -78.6550245537433,
              -1.6653925221508052
            ]
          ],
          [
            [
              -78.6560608,
              -1.665467699999994
            ],
            [
              -78.6565331,
              -1.6660148000000012
            ]
          ],
          [
            [
              -78.6560608,
              -1.665467699999994
            ],
            [
              -78.65550601908494,
              -1.6659522015790345
            ]
          ],
          [
            [
              -78.6560608,
              -1.665467699999994
            ],
            [
              -78.65678390000001,
              -1.664829300000007
            ]
          ],
          [
            [
              -78.6565331,
              -1.6660148000000012
            ],
            [
              -78.6570362,
              -1.6665873999999956
            ]
          ],
          [
            [
              -78.6565331,
              -1.6660148000000012
            ],
            [
              -78.6583095,
              -1.6644575999999962
            ]
          ],
          [
            [
              -78.6565331,
              -1.6660148000000012
            ],
            [
              -78.6559516,
              -1.666524600000008
            ]
          ],
          [
            [
              -78.6570362,
              -1.6665873999999956
            ],
            [
              -78.6571052,
              -1.6666643999999984
            ]
          ],
          [
            [
              -78.6570362,
              -1.6665873999999956
            ],
            [
              -78.6564378,
              -1.6671027000000052
            ]
          ],
          [
            [
              -78.6570362,
              -1.6665873999999956
            ],
            [
              -78.657586,
              -1.6661111000000064
            ]
          ],
          [
            [
              -78.6571052,
              -1.6666643999999984
            ],
            [
              -78.6577265,
              -1.6673949999999929
            ]
          ],
          [
            [
              -78.6571052,
              -1.6666643999999984
            ],
            [
              -78.6576188,
              -1.6662075999999992
            ]
          ],
          [
            [
              -78.6571052,
              -1.6666643999999984
            ],
            [
              -78.6564256,
              -1.6672760999999936
            ]
          ],
          [
            [
              -78.6577265,
              -1.6673949999999929
            ],
            [
              -78.6580575,
              -1.6677497000000012
            ]
          ],
          [
            [
              -78.6577265,
              -1.6673949999999929
            ],
            [
              -78.6570398,
              -1.6679957000000056
            ]
          ],
          [
            [
              -78.6577265,
              -1.6673949999999929
            ],
            [
              -78.6578048,
              -1.6673093999999977
            ]
          ],
          [
            [
              -78.6580575,
              -1.6677497000000012
            ],
            [
              -78.6583021,
              -1.6680700999999938
            ]
          ],
          [
            [
              -78.6580575,
              -1.6677497000000012
            ],
            [
              -78.6586303,
              -1.667624700000004
            ]
          ],
          [
            [
              -78.6580575,
              -1.6677497000000012
            ],
            [
              -78.6577563,
              -1.6679733
            ]
          ],
          [
            [
              -78.6583021,
              -1.6680700999999938
            ],
            [
              -78.6583406,
              -1.6681176999999994
            ]
          ],
          [
            [
              -78.6579728,
              -1.6659001999999963
            ],
            [
              -78.6583673,
              -1.6669269000000049
            ]
          ],
          [
            [
              -78.6579728,
              -1.6659001999999963
            ],
            [
              -78.6585161,
              -1.665426399999995
            ]
          ],
          [
            [
              -78.6579728,
              -1.6659001999999963
            ],
            [
              -78.6576188,
              -1.6662075999999992
            ]
          ],
          [
            [
              -78.6579728,
              -1.6659001999999963
            ],
            [
              -78.6580472,
              -1.6659740999999986
            ]
          ],
          [
            [
              -78.6583673,
              -1.6669269000000049
            ],
            [
              -78.6584371,
              -1.6671074999999986
            ]
          ],
          [
            [
              -78.6583673,
              -1.6669269000000049
            ],
            [
              -78.6584122,
              -1.6669127000000026
            ]
          ],
          [
            [
              -78.6584371,
              -1.6671074999999986
            ],
            [
              -78.6586303,
              -1.667624700000004
            ]
          ],
          [
            [
              -78.6584371,
              -1.6671074999999986
            ],
            [
              -78.6583137,
              -1.6671195999999975
            ]
          ],
          [
            [
              -78.6586303,
              -1.667624700000004
            ],
            [
              -78.65867648909081,
              -1.667731311962389
            ]
          ],
          [
            [
              -78.6581141,
              -1.6656394999999957
            ],
            [
              -78.6584024,
              -1.6651845000000065
            ]
          ],
          [
            [
              -78.6581141,
              -1.6656394999999957
            ],
            [
              -78.657586,
              -1.6661111000000064
            ]
          ],
          [
            [
              -78.6584024,
              -1.6651845000000065
            ],
            [
              -78.6585534,
              -1.6649448000000082
            ]
          ],
          [
            [
              -78.6585534,
              -1.6649448000000082
            ],
            [
              -78.6586443,
              -1.6648109999999947
            ]
          ],
          [
            [
              -78.6586443,
              -1.6648109999999947
            ],
            [
              -78.6583095,
              -1.6644575999999962
            ]
          ],
          [
            [
              -78.6567042,
              -1.6697735999999976
            ],
            [
              -78.65722504209245,
              -1.6704417269711678
            ]
          ],
          [
            [
              -78.6565414,
              -1.671040500000008
            ],
            [
              -78.65678000975934,
              -1.6708348849708012
            ]
          ],
          [
            [
              -78.6563428,
              -1.6701081000000046
            ],
            [
              -78.65678111898708,
              -1.6706334935559246
            ]
          ],
          [
            [
              -78.6565414,
              -1.671040500000008
            ],
            [
              -78.65623220000002,
              -1.6713070000000032
            ]
          ],
          [
            [
              -78.6565414,
              -1.671040500000008
            ],
            [
              -78.6566896,
              -1.6712285999999927
            ]
          ],
          [
            [
              -78.6565414,
              -1.671040500000008
            ],
            [
              -78.6560346,
              -1.6703971999999954
            ]
          ],
          [
            [
              -78.65623220000002,
              -1.6713070000000032
            ],
            [
              -78.6557301,
              -1.6706828000000074
            ]
          ],
          [
            [
              -78.6551771,
              -1.6722217000000017
            ],
            [
              -78.6545612,
              -1.672728500000005
            ]
          ],
          [
            [
              -78.6551771,
              -1.6722217000000017
            ],
            [
              -78.6546862,
              -1.6716244000000067
            ]
          ],
          [
            [
              -78.6545612,
              -1.672728500000005
            ],
            [
              -78.65453987755363,
              -1.6727474908461701
            ]
          ],
          [
            [
              -78.6545612,
              -1.672728500000005
            ],
            [
              -78.6540726,
              -1.6721407999999924
            ]
          ],
          [
            [
              -78.6535065,
              -1.6726487000000014
            ],
            [
              -78.6535414178494,
              -1.6726907047086907
            ]
          ],
          [
            [
              -78.65678390000001,
              -1.664829300000007
            ],
            [
              -78.6578339,
              -1.6639338999999977
            ]
          ],
          [
            [
              -78.65678390000001,
              -1.664829300000007
            ],
            [
              -78.6563074,
              -1.6642681000000064
            ]
          ],
          [
            [
              -78.6578339,
              -1.6639338999999977
            ],
            [
              -78.65886197378106,
              -1.6630428763687306
            ]
          ],
          [
            [
              -78.6578339,
              -1.6639338999999977
            ],
            [
              -78.6583095,
              -1.6644575999999962
            ]
          ],
          [
            [
              -78.6578339,
              -1.6639338999999977
            ],
            [
              -78.6573281,
              -1.6633707000000046
            ]
          ],
          [
            [
              -78.6570398,
              -1.6679957000000056
            ],
            [
              -78.6564256,
              -1.6672760999999936
            ]
          ],
          [
            [
              -78.6578048,
              -1.6673093999999977
            ],
            [
              -78.65790470000002,
              -1.6672277000000055
            ]
          ],
          [
            [
              -78.65790470000002,
              -1.6672277000000055
            ],
            [
              -78.6580103,
              -1.6671766000000017
            ]
          ],
          [
            [
              -78.6580103,
              -1.6671766000000017
            ],
            [
              -78.6581347,
              -1.6671449999999928
            ]
          ],
          [
            [
              -78.6581347,
              -1.6671449999999928
            ],
            [
              -78.6583137,
              -1.6671195999999975
            ]
          ],
          [
            [
              -78.6585161,
              -1.665426399999995
            ],
            [
              -78.65872412397682,
              -1.6652550398685462
            ]
          ],
          [
            [
              -78.6585161,
              -1.665426399999995
            ],
            [
              -78.6585591,
              -1.6654694000000074
            ]
          ],
          [
            [
              -78.6576188,
              -1.6662075999999992
            ],
            [
              -78.657866,
              -1.6668118999999924
            ]
          ],
          [
            [
              -78.6564256,
              -1.6672760999999936
            ],
            [
              -78.6559431,
              -1.6676949000000079
            ]
          ],
          [
            [
              -78.6559431,
              -1.6676949000000079
            ],
            [
              -78.6554749,
              -1.6680898999999973
            ]
          ],
          [
            [
              -78.6559431,
              -1.6676949000000079
            ],
            [
              -78.6559607,
              -1.6677160000000073
            ]
          ],
          [
            [
              -78.6554749,
              -1.6680898999999973
            ],
            [
              -78.6554478,
              -1.6681117999999993
            ]
          ],
          [
            [
              -78.6554749,
              -1.6680898999999973
            ],
            [
              -78.655507,
              -1.6681097999999936
            ]
          ],
          [
            [
              -78.6554478,
              -1.6681117999999993
            ],
            [
              -78.6553878,
              -1.6681648999999938
            ]
          ],
          [
            [
              -78.6554478,
              -1.6681117999999993
            ],
            [
              -78.6553819,
              -1.6680316999999993
            ]
          ],
          [
            [
              -78.6554478,
              -1.6681117999999993
            ],
            [
              -78.6554668,
              -1.6681370000000009
            ]
          ],
          [
            [
              -78.6553878,
              -1.6681648999999938
            ],
            [
              -78.6548657,
              -1.6686403999999941
            ]
          ],
          [
            [
              -78.6553878,
              -1.6681648999999938
            ],
            [
              -78.6559685,
              -1.6689253999999962
            ]
          ],
          [
            [
              -78.6553878,
              -1.6681648999999938
            ],
            [
              -78.6553253,
              -1.6680810000000055
            ]
          ],
          [
            [
              -78.6548657,
              -1.6686403999999941
            ],
            [
              -78.6544369,
              -1.6690034000000034
            ]
          ],
          [
            [
              -78.6544369,
              -1.6690034000000034
            ],
            [
              -78.6546872,
              -1.669334799999993
            ]
          ],
          [
            [
              -78.6544369,
              -1.6690034000000034
            ],
            [
              -78.6543688,
              -1.6689078000000082
            ]
          ],
          [
            [
              -78.6544369,
              -1.6690034000000034
            ],
            [
              -78.6535045,
              -1.6697796999999999
            ]
          ],
          [
            [
              -78.6532791,
              -1.6698559000000004
            ],
            [
              -78.6537866,
              -1.6694125
            ]
          ],
          [
            [
              -78.6532791,
              -1.6698559000000004
            ],
            [
              -78.652913,
              -1.6701917999999925
            ]
          ],
          [
            [
              -78.6532791,
              -1.6698559000000004
            ],
            [
              -78.6527806,
              -1.6693043999999926
            ]
          ],
          [
            [
              -78.6532791,
              -1.6698559000000004
            ],
            [
              -78.6533408,
              -1.6699278000000044
            ]
          ],
          [
            [
              -78.6537866,
              -1.6694125
            ],
            [
              -78.6540938,
              -1.6691349999999985
            ]
          ],
          [
            [
              -78.6537866,
              -1.6694125
            ],
            [
              -78.6537643,
              -1.669383000000004
            ]
          ],
          [
            [
              -78.6537866,
              -1.6694125
            ],
            [
              -78.6533177,
              -1.6688335000000087
            ]
          ],
          [
            [
              -78.6540938,
              -1.6691349999999985
            ],
            [
              -78.6543688,
              -1.6689078000000082
            ]
          ],
          [
            [
              -78.6540938,
              -1.6691349999999985
            ],
            [
              -78.65367626424282,
              -1.6685527295322258
            ]
          ],
          [
            [
              -78.6543688,
              -1.6689078000000082
            ],
            [
              -78.6547812,
              -1.6685544000000012
            ]
          ],
          [
            [
              -78.6543688,
              -1.6689078000000082
            ],
            [
              -78.6542252,
              -1.668716100000003
            ]
          ],
          [
            [
              -78.6547812,
              -1.6685544000000012
            ],
            [
              -78.6553253,
              -1.6680810000000055
            ]
          ],
          [
            [
              -78.6547812,
              -1.6685544000000012
            ],
            [
              -78.654350652551,
              -1.667976482035421
            ]
          ],
          [
            [
              -78.6553253,
              -1.6680810000000055
            ],
            [
              -78.6553819,
              -1.6680316999999993
            ]
          ],
          [
            [
              -78.6553253,
              -1.6680810000000055
            ],
            [
              -78.6548754,
              -1.6674778999999968
            ]
          ],
          [
            [
              -78.6553819,
              -1.6680316999999993
            ],
            [
              -78.6558726,
              -1.667591500000008
            ]
          ],
          [
            [
              -78.6553819,
              -1.6680316999999993
            ],
            [
              -78.6549222,
              -1.6674367999999926
            ]
          ],
          [
            [
              -78.6558726,
              -1.667591500000008
            ],
            [
              -78.6564378,
              -1.6671027000000052
            ]
          ],
          [
            [
              -78.6558726,
              -1.667591500000008
            ],
            [
              -78.6553859,
              -1.6670205000000038
            ]
          ],
          [
            [
              -78.6564378,
              -1.6671027000000052
            ],
            [
              -78.6559516,
              -1.666524600000008
            ]
          ],
          [
            [
              -78.6575939,
              -1.6685902999999922
            ],
            [
              -78.6573131,
              -1.6686644000000064
            ]
          ],
          [
            [
              -78.6575939,
              -1.6685902999999922
            ],
            [
              -78.6575289,
              -1.6685223999999999
            ]
          ],
          [
            [
              -78.6573131,
              -1.6686644000000064
            ],
            [
              -78.6572385,
              -1.6686840999999966
            ]
          ],
          [
            [
              -78.6572385,
              -1.6686840999999966
            ],
            [
              -78.6561438,
              -1.6689829000000072
            ]
          ],
          [
            [
              -78.6561438,
              -1.6689829000000072
            ],
            [
              -78.6561186,
              -1.6689898000000074
            ]
          ],
          [
            [
              -78.6561186,
              -1.6689898000000074
            ],
            [
              -78.6561026,
              -1.6689941999999989
            ]
          ],
          [
            [
              -78.6561026,
              -1.6689941999999989
            ],
            [
              -78.6559708,
              -1.6690346000000045
            ]
          ],
          [
            [
              -78.6561026,
              -1.6689941999999989
            ],
            [
              -78.6561223,
              -1.6690221000000063
            ]
          ],
          [
            [
              -78.6561026,
              -1.6689941999999989
            ],
            [
              -78.6560353,
              -1.6689677000000083
            ]
          ],
          [
            [
              -78.6559708,
              -1.6690346000000045
            ],
            [
              -78.6552308,
              -1.6692799000000025
            ]
          ],
          [
            [
              -78.6559708,
              -1.6690346000000045
            ],
            [
              -78.6560165,
              -1.6689912000000036
            ]
          ],
          [
            [
              -78.6552308,
              -1.6692799000000025
            ],
            [
              -78.6550312,
              -1.6693809000000064
            ]
          ],
          [
            [
              -78.6550312,
              -1.6693809000000064
            ],
            [
              -78.6548457,
              -1.6695267999999985
            ]
          ],
          [
            [
              -78.6548457,
              -1.6695267999999985
            ],
            [
              -78.6553153,
              -1.6701360999999937
            ]
          ],
          [
            [
              -78.6548457,
              -1.6695267999999985
            ],
            [
              -78.6546872,
              -1.669334799999993
            ]
          ],
          [
            [
              -78.6537706,
              -1.670448600000001
            ],
            [
              -78.6531425,
              -1.6710065999999968
            ]
          ],
          [
            [
              -78.6537706,
              -1.670448600000001
            ],
            [
              -78.654236,
              -1.6710765999999944
            ]
          ],
          [
            [
              -78.6537706,
              -1.670448600000001
            ],
            [
              -78.6533408,
              -1.6699278000000044
            ]
          ],
          [
            [
              -78.6585753,
              -1.6664418999999968
            ],
            [
              -78.65867028705149,
              -1.6665903398384723
            ]
          ],
          [
            [
              -78.6580472,
              -1.6659740999999986
            ],
            [
              -78.6580743,
              -1.6659921999999998
            ]
          ],
          [
            [
              -78.6580743,
              -1.6659921999999998
            ],
            [
              -78.6581225,
              -1.6660503999999985
            ]
          ],
          [
            [
              -78.6580743,
              -1.6659921999999998
            ],
            [
              -78.6581255,
              -1.6659746999999965
            ]
          ],
          [
            [
              -78.6581225,
              -1.6660503999999985
            ],
            [
              -78.6583083,
              -1.6662422000000001
            ]
          ],
          [
            [
              -78.6583083,
              -1.6662422000000001
            ],
            [
              -78.658441,
              -1.6663243999999973
            ]
          ],
          [
            [
              -78.658441,
              -1.6663243999999973
            ],
            [
              -78.6585753,
              -1.6664418999999968
            ]
          ],
          [
            [
              -78.6586479,
              -1.6655555
            ],
            [
              -78.65871767670409,
              -1.6656041700655182
            ]
          ],
          [
            [
              -78.6585223,
              -1.6668835999999951
            ],
            [
              -78.65855796446132,
              -1.6668730341657831
            ]
          ],
          [
            [
              -78.6585223,
              -1.6668835999999951
            ],
            [
              -78.6584122,
              -1.6669127000000026
            ]
          ],
          [
            [
              -78.6585591,
              -1.6654694000000074
            ],
            [
              -78.6586479,
              -1.6655555
            ]
          ],
          [
            [
              -78.6586479,
              -1.6655555
            ],
            [
              -78.65866260000001,
              -1.665691400000001
            ]
          ],
          [
            [
              -78.6567042,
              -1.6697735999999976
            ],
            [
              -78.6563523,
              -1.6693468999999974
            ]
          ],
          [
            [
              -78.6567042,
              -1.6697735999999976
            ],
            [
              -78.6566816,
              -1.6697944999999983
            ]
          ],
          [
            [
              -78.6563523,
              -1.6693468999999974
            ],
            [
              -78.6561223,
              -1.6690221000000063
            ]
          ],
          [
            [
              -78.6563523,
              -1.6693468999999974
            ],
            [
              -78.6553153,
              -1.6701360999999937
            ]
          ],
          [
            [
              -78.6585462,
              -1.666268600000004
            ],
            [
              -78.6582191,
              -1.6660174999999997
            ]
          ],
          [
            [
              -78.6585462,
              -1.666268600000004
            ],
            [
              -78.6585799,
              -1.6662088000000055
            ]
          ],
          [
            [
              -78.6582191,
              -1.6660174999999997
            ],
            [
              -78.6582515,
              -1.6659917000000075
            ]
          ],
          [
            [
              -78.6582515,
              -1.6659917000000075
            ],
            [
              -78.658623,
              -1.665696399999993
            ]
          ],
          [
            [
              -78.6582515,
              -1.6659917000000075
            ],
            [
              -78.6581255,
              -1.6659746999999965
            ]
          ],
          [
            [
              -78.658623,
              -1.665696399999993
            ],
            [
              -78.65866260000001,
              -1.665691400000001
            ]
          ],
          [
            [
              -78.65866260000001,
              -1.665691400000001
            ],
            [
              -78.6587211,
              -1.6656841999999945
            ]
          ],
          [
            [
              -78.6587211,
              -1.6656841999999945
            ],
            [
              -78.65874288502216,
              -1.665779557030077
            ]
          ],
          [
            [
              -78.658696,
              -1.666139300000002
            ],
            [
              -78.65870732971423,
              -1.6661390856096552
            ]
          ],
          [
            [
              -78.658696,
              -1.666139300000002
            ],
            [
              -78.6586319,
              -1.666163900000004
            ]
          ],
          [
            [
              -78.6586319,
              -1.666163900000004
            ],
            [
              -78.6585799,
              -1.6662088000000055
            ]
          ],
          [
            [
              -78.6559516,
              -1.666524600000008
            ],
            [
              -78.6553859,
              -1.6670205000000038
            ]
          ],
          [
            [
              -78.6559516,
              -1.666524600000008
            ],
            [
              -78.65550577483904,
              -1.6659898788968148
            ]
          ],
          [
            [
              -78.6553859,
              -1.6670205000000038
            ],
            [
              -78.6549222,
              -1.6674367999999926
            ]
          ],
          [
            [
              -78.6553859,
              -1.6670205000000038
            ],
            [
              -78.65493217437083,
              -1.6664843139959307
            ]
          ],
          [
            [
              -78.6549222,
              -1.6674367999999926
            ],
            [
              -78.6548754,
              -1.6674778999999968
            ]
          ],
          [
            [
              -78.6549222,
              -1.6674367999999926
            ],
            [
              -78.65446687156116,
              -1.6668853975525357
            ]
          ],
          [
            [
              -78.6548754,
              -1.6674778999999968
            ],
            [
              -78.65433793392795,
              -1.667943434230389
            ]
          ],
          [
            [
              -78.6548754,
              -1.6674778999999968
            ],
            [
              -78.65439627014311,
              -1.6669462547978202
            ]
          ],
          [
            [
              -78.6533177,
              -1.6688335000000087
            ],
            [
              -78.6527806,
              -1.6693043999999926
            ]
          ],
          [
            [
              -78.6533177,
              -1.6688335000000087
            ],
            [
              -78.6528638988587,
              -1.6682730793495328
            ]
          ],
          [
            [
              -78.6533177,
              -1.6688335000000087
            ],
            [
              -78.65329561546291,
              -1.668804885682908
            ]
          ],
          [
            [
              -78.6533177,
              -1.6688335000000087
            ],
            [
              -78.65332347446578,
              -1.6688406049459514
            ]
          ],
          [
            [
              -78.6533177,
              -1.6688335000000087
            ],
            [
              -78.65331900367454,
              -1.6688323887821213
            ]
          ],
          [
            [
              -78.6527806,
              -1.6693043999999926
            ],
            [
              -78.6524229,
              -1.6696179
            ]
          ],
          [
            [
              -78.6527806,
              -1.6693043999999926
            ],
            [
              -78.65232176309544,
              -1.6687570121816435
            ]
          ],
          [
            [
              -78.6474447,
              -1.6699852999999945
            ],
            [
              -78.64692820686572,
              -1.670452002283879
            ]
          ],
          [
            [
              -78.6474447,
              -1.6699852999999945
            ],
            [
              -78.6479876,
              -1.6695118999999998
            ]
          ],
          [
            [
              -78.6474447,
              -1.6699852999999945
            ],
            [
              -78.6469902,
              -1.669454399999999
            ]
          ],
          [
            [
              -78.6474447,
              -1.6699852999999945
            ],
            [
              -78.6479282,
              -1.6705605999999984
            ]
          ],
          [
            [
              -78.6479876,
              -1.6695118999999998
            ],
            [
              -78.6485779,
              -1.6690000000000076
            ]
          ],
          [
            [
              -78.6479876,
              -1.6695118999999998
            ],
            [
              -78.6484596,
              -1.6700612999999933
            ]
          ],
          [
            [
              -78.6479876,
              -1.6695118999999998
            ],
            [
              -78.647548,
              -1.6689609999999995
            ]
          ],
          [
            [
              -78.6485779,
              -1.6690000000000076
            ],
            [
              -78.6491165,
              -1.668540300000006
            ]
          ],
          [
            [
              -78.6485779,
              -1.6690000000000076
            ],
            [
              -78.6481005,
              -1.6684722999999937
            ]
          ],
          [
            [
              -78.6485779,
              -1.6690000000000076
            ],
            [
              -78.6490521,
              -1.6695850000000072
            ]
          ],
          [
            [
              -78.6491165,
              -1.668540300000006
            ],
            [
              -78.6497047,
              -1.668021300000002
            ]
          ],
          [
            [
              -78.6491165,
              -1.668540300000006
            ],
            [
              -78.6495927,
              -1.6690984999999992
            ]
          ],
          [
            [
              -78.6491165,
              -1.668540300000006
            ],
            [
              -78.6487261,
              -1.6680661000000032
            ]
          ],
          [
            [
              -78.6497047,
              -1.668021300000002
            ],
            [
              -78.6502669,
              -1.667520199999996
            ]
          ],
          [
            [
              -78.6497047,
              -1.668021300000002
            ],
            [
              -78.6492564,
              -1.6674477000000039
            ]
          ],
          [
            [
              -78.6497047,
              -1.668021300000002
            ],
            [
              -78.6501824,
              -1.6685767000000036
            ]
          ],
          [
            [
              -78.6502669,
              -1.667520199999996
            ],
            [
              -78.6497815,
              -1.6669705999999949
            ]
          ],
          [
            [
              -78.6502669,
              -1.667520199999996
            ],
            [
              -78.65029631676859,
              -1.6674947713699206
            ]
          ],
          [
            [
              -78.6502669,
              -1.667520199999996
            ],
            [
              -78.65030883608377,
              -1.6675710022128216
            ]
          ],
          [
            [
              -78.6504186,
              -1.672371500000008
            ],
            [
              -78.65013929783696,
              -1.672610232441101
            ]
          ],
          [
            [
              -78.6493518,
              -1.6722947999999997
            ],
            [
              -78.64937546357277,
              -1.6723236350155917
            ]
          ],
          [
            [
              -78.6504186,
              -1.672371500000008
            ],
            [
              -78.6504681,
              -1.6723280999999919
            ]
          ],
          [
            [
              -78.6504186,
              -1.672371500000008
            ],
            [
              -78.65065095179959,
              -1.6726566656359803
            ]
          ],
          [
            [
              -78.6504186,
              -1.672371500000008
            ],
            [
              -78.6503583,
              -1.672300199999999
            ]
          ],
          [
            [
              -78.6504681,
              -1.6723280999999919
            ],
            [
              -78.6509094,
              -1.6719411999999976
            ]
          ],
          [
            [
              -78.6504681,
              -1.6723280999999919
            ],
            [
              -78.6504095,
              -1.672257399999997
            ]
          ],
          [
            [
              -78.6509094,
              -1.6719411999999976
            ],
            [
              -78.6509694,
              -1.671888599999992
            ]
          ],
          [
            [
              -78.6509094,
              -1.6719411999999976
            ],
            [
              -78.6508573,
              -1.6718798000000066
            ]
          ],
          [
            [
              -78.6509694,
              -1.671888599999992
            ],
            [
              -78.6515074,
              -1.6714104999999932
            ]
          ],
          [
            [
              -78.6509694,
              -1.671888599999992
            ],
            [
              -78.6509214,
              -1.6718294000000065
            ]
          ],
          [
            [
              -78.6509694,
              -1.671888599999992
            ],
            [
              -78.6514448,
              -1.6724817999999915
            ]
          ],
          [
            [
              -78.6515074,
              -1.6714104999999932
            ],
            [
              -78.6520879,
              -1.6709075
            ]
          ],
          [
            [
              -78.6515074,
              -1.6714104999999932
            ],
            [
              -78.6520034,
              -1.6719939999999933
            ]
          ],
          [
            [
              -78.6515074,
              -1.6714104999999932
            ],
            [
              -78.6510237,
              -1.6708315000000047
            ]
          ],
          [
            [
              -78.6520879,
              -1.6709075
            ],
            [
              -78.65265770000002,
              -1.6704207000000066
            ]
          ],
          [
            [
              -78.6520879,
              -1.6709075
            ],
            [
              -78.6515952,
              -1.6703358000000064
            ]
          ],
          [
            [
              -78.6520879,
              -1.6709075
            ],
            [
              -78.65257370000002,
              -1.6715006999999993
            ]
          ],
          [
            [
              -78.65265770000002,
              -1.6704207000000066
            ],
            [
              -78.652913,
              -1.6701917999999925
            ]
          ],
          [
            [
              -78.65265770000002,
              -1.6704207000000066
            ],
            [
              -78.6531425,
              -1.6710065999999968
            ]
          ],
          [
            [
              -78.65265770000002,
              -1.6704207000000066
            ],
            [
              -78.6522037,
              -1.6698688000000004
            ]
          ],
          [
            [
              -78.652913,
              -1.6701917999999925
            ],
            [
              -78.6524229,
              -1.6696179
            ]
          ],
          [
            [
              -78.6493711,
              -1.6652494999999965
            ],
            [
              -78.6498962,
              -1.6658290999999943
            ]
          ],
          [
            [
              -78.6493711,
              -1.6652494999999965
            ],
            [
              -78.6494017,
              -1.6643261000000051
            ]
          ],
          [
            [
              -78.6493711,
              -1.6652494999999965
            ],
            [
              -78.6492791,
              -1.6653321000000079
            ]
          ],
          [
            [
              -78.6493711,
              -1.6652494999999965
            ],
            [
              -78.6493889,
              -1.6661723999999967
            ]
          ],
          [
            [
              -78.6493711,
              -1.6652494999999965
            ],
            [
              -78.6498379,
              -1.6648306000000073
            ]
          ],
          [
            [
              -78.6498962,
              -1.6658290999999943
            ],
            [
              -78.6503727,
              -1.666451099999999
            ]
          ],
          [
            [
              -78.6498962,
              -1.6658290999999943
            ],
            [
              -78.6493934,
              -1.6662737999999961
            ]
          ],
          [
            [
              -78.6498962,
              -1.6658290999999943
            ],
            [
              -78.6504479,
              -1.6653072999999956
            ]
          ],
          [
            [
              -78.6503727,
              -1.666451099999999
            ],
            [
              -78.6508533,
              -1.667013300000006
            ]
          ],
          [
            [
              -78.6503727,
              -1.666451099999999
            ],
            [
              -78.6509674,
              -1.6659420000000058
            ]
          ],
          [
            [
              -78.6503727,
              -1.666451099999999
            ],
            [
              -78.65008660000001,
              -1.666701400000007
            ]
          ],
          [
            [
              -78.6508533,
              -1.667013300000006
            ],
            [
              -78.65085387022442,
              -1.6670139651622948
            ]
          ],
          [
            [
              -78.6508533,
              -1.667013300000006
            ],
            [
              -78.65087103457009,
              -1.6669970308781725
            ]
          ],
          [
            [
              -78.6508533,
              -1.667013300000006
            ],
            [
              -78.65083760759421,
              -1.6670268649500048
            ]
          ],
          [
            [
              -78.6577563,
              -1.6679733
            ],
            [
              -78.6577461,
              -1.6680061999999933
            ]
          ],
          [
            [
              -78.6510237,
              -1.6708315000000047
            ],
            [
              -78.650554,
              -1.6702652999999967
            ]
          ],
          [
            [
              -78.6510237,
              -1.6708315000000047
            ],
            [
              -78.6515952,
              -1.6703358000000064
            ]
          ],
          [
            [
              -78.6510237,
              -1.6708315000000047
            ],
            [
              -78.65049850000001,
              -1.6713073000000058
            ]
          ],
          [
            [
              -78.650554,
              -1.6702652999999967
            ],
            [
              -78.6500754,
              -1.6696903999999921
            ]
          ],
          [
            [
              -78.650554,
              -1.6702652999999967
            ],
            [
              -78.6500194,
              -1.6707157999999969
            ]
          ],
          [
            [
              -78.650554,
              -1.6702652999999967
            ],
            [
              -78.6511431,
              -1.6697532000000048
            ]
          ],
          [
            [
              -78.6500754,
              -1.6696903999999921
            ],
            [
              -78.6495927,
              -1.6690984999999992
            ]
          ],
          [
            [
              -78.6500754,
              -1.6696903999999921
            ],
            [
              -78.64956,
              -1.6701569999999986
            ]
          ],
          [
            [
              -78.6500754,
              -1.6696903999999921
            ],
            [
              -78.6506703,
              -1.6691763999999998
            ]
          ],
          [
            [
              -78.6495927,
              -1.6690984999999992
            ],
            [
              -78.6501824,
              -1.6685767000000036
            ]
          ],
          [
            [
              -78.6495927,
              -1.6690984999999992
            ],
            [
              -78.6490521,
              -1.6695850000000072
            ]
          ],
          [
            [
              -78.6487261,
              -1.6680661000000032
            ],
            [
              -78.6486647,
              -1.6679923999999924
            ]
          ],
          [
            [
              -78.6486647,
              -1.6679923999999924
            ],
            [
              -78.6486569,
              -1.6679830000000078
            ]
          ],
          [
            [
              -78.6486569,
              -1.6679830000000078
            ],
            [
              -78.6483746,
              -1.6676435999999997
            ]
          ],
          [
            [
              -78.6486569,
              -1.6679830000000078
            ],
            [
              -78.6487202,
              -1.6679264999999934
            ]
          ],
          [
            [
              -78.6486569,
              -1.6679830000000078
            ],
            [
              -78.6481005,
              -1.6684722999999937
            ]
          ],
          [
            [
              -78.6483746,
              -1.6676435999999997
            ],
            [
              -78.648153,
              -1.667377199999992
            ]
          ],
          [
            [
              -78.648153,
              -1.667377199999992
            ],
            [
              -78.6476707,
              -1.6667973999999965
            ]
          ],
          [
            [
              -78.648153,
              -1.667377199999992
            ],
            [
              -78.6476764,
              -1.6678041999999975
            ]
          ],
          [
            [
              -78.648153,
              -1.667377199999992
            ],
            [
              -78.6487516,
              -1.6668307999999974
            ]
          ],
          [
            [
              -78.6476707,
              -1.6667973999999965
            ],
            [
              -78.64725032199496,
              -1.6662916209134715
            ]
          ],
          [
            [
              -78.6476707,
              -1.6667973999999965
            ],
            [
              -78.6482625,
              -1.6662332000000024
            ]
          ],
          [
            [
              -78.6476707,
              -1.6667973999999965
            ],
            [
              -78.64719006812035,
              -1.6672455474865489
            ]
          ],
          [
            [
              -78.6477964,
              -1.6656660999999997
            ],
            [
              -78.64726044770018,
              -1.6661179143424802
            ]
          ],
          [
            [
              -78.6479064,
              -1.664618099999994
            ],
            [
              -78.64747453960979,
              -1.6640605481821547
            ]
          ],
          [
            [
              -78.649016,
              -1.663629899999993
            ],
            [
              -78.64882379507628,
              -1.6638026673758162
            ]
          ],
          [
            [
              -78.649016,
              -1.663629899999993
            ],
            [
              -78.6488544486357,
              -1.6634278363435908
            ]
          ],
          [
            [
              -78.649016,
              -1.663629899999993
            ],
            [
              -78.6490702,
              -1.6636254000000048
            ]
          ],
          [
            [
              -78.6479064,
              -1.664618099999994
            ],
            [
              -78.6484345597518,
              -1.664152004690746
            ]
          ],
          [
            [
              -78.6479064,
              -1.664618099999994
            ],
            [
              -78.64737822108894,
              -1.6650841730552293
            ]
          ],
          [
            [
              -78.6479064,
              -1.664618099999994
            ],
            [
              -78.648357,
              -1.6651935000000007
            ]
          ],
          [
            [
              -78.6477964,
              -1.6656660999999997
            ],
            [
              -78.64734569441715,
              -1.6651282245530985
            ]
          ],
          [
            [
              -78.6504982,
              -1.6628058000000043
            ],
            [
              -78.6507827,
              -1.663150399999996
            ]
          ],
          [
            [
              -78.6504982,
              -1.6628058000000043
            ],
            [
              -78.6508634,
              -1.6625010000000051
            ]
          ],
          [
            [
              -78.6504982,
              -1.6628058000000043
            ],
            [
              -78.6501535,
              -1.6630936
            ]
          ],
          [
            [
              -78.6507827,
              -1.663150399999996
            ],
            [
              -78.6511962,
              -1.663634999999997
            ]
          ],
          [
            [
              -78.6507827,
              -1.663150399999996
            ],
            [
              -78.6504435,
              -1.6634343999999925
            ]
          ],
          [
            [
              -78.6507827,
              -1.663150399999996
            ],
            [
              -78.6511671,
              -1.6628285999999999
            ]
          ],
          [
            [
              -78.6511962,
              -1.663634999999997
            ],
            [
              -78.6517085,
              -1.6642475999999928
            ]
          ],
          [
            [
              -78.6511962,
              -1.663634999999997
            ],
            [
              -78.6515727,
              -1.6633091000000018
            ]
          ],
          [
            [
              -78.6511962,
              -1.663634999999997
            ],
            [
              -78.6508538,
              -1.6639188000000078
            ]
          ],
          [
            [
              -78.6517085,
              -1.6642475999999928
            ],
            [
              -78.6522238,
              -1.664862100000002
            ]
          ],
          [
            [
              -78.6517085,
              -1.6642475999999928
            ],
            [
              -78.651381,
              -1.6645255000000057
            ]
          ],
          [
            [
              -78.6517085,
              -1.6642475999999928
            ],
            [
              -78.6520649,
              -1.6639496000000022
            ]
          ],
          [
            [
              -78.6522238,
              -1.664862100000002
            ],
            [
              -78.65266,
              -1.6654132000000061
            ]
          ],
          [
            [
              -78.6522238,
              -1.664862100000002
            ],
            [
              -78.6526131,
              -1.6645386999999918
            ]
          ],
          [
            [
              -78.6522238,
              -1.664862100000002
            ],
            [
              -78.6518888,
              -1.6651402999999931
            ]
          ],
          [
            [
              -78.65266,
              -1.6654132000000061
            ],
            [
              -78.65269198841091,
              -1.6653846781577983
            ]
          ],
          [
            [
              -78.65266,
              -1.6654132000000061
            ],
            [
              -78.65265841370332,
              -1.665414590093712
            ]
          ],
          [
            [
              -78.6488099,
              -1.665753300000003
            ],
            [
              -78.648357,
              -1.6651935000000007
            ]
          ],
          [
            [
              -78.6488099,
              -1.665753300000003
            ],
            [
              -78.64908320000002,
              -1.6655079999999924
            ]
          ],
          [
            [
              -78.6488099,
              -1.665753300000003
            ],
            [
              -78.6482625,
              -1.6662332000000024
            ]
          ],
          [
            [
              -78.6488099,
              -1.665753300000003
            ],
            [
              -78.6493109,
              -1.6663311000000058
            ]
          ],
          [
            [
              -78.648357,
              -1.6651935000000007
            ],
            [
              -78.6477964,
              -1.6656660999999997
            ]
          ],
          [
            [
              -78.648357,
              -1.6651935000000007
            ],
            [
              -78.6492982,
              -1.6644190999999957
            ]
          ],
          [
            [
              -78.6519809,
              -1.6629761999999988
            ],
            [
              -78.6515727,
              -1.6633091000000018
            ]
          ],
          [
            [
              -78.6519809,
              -1.6629761999999988
            ],
            [
              -78.6515713,
              -1.6624902000000006
            ]
          ],
          [
            [
              -78.6519809,
              -1.6629761999999988
            ],
            [
              -78.6525005,
              -1.6635827000000074
            ]
          ],
          [
            [
              -78.6519809,
              -1.6629761999999988
            ],
            [
              -78.6525665,
              -1.6624988999999937
            ]
          ],
          [
            [
              -78.6515727,
              -1.6633091000000018
            ],
            [
              -78.6520649,
              -1.6639496000000022
            ]
          ],
          [
            [
              -78.6515727,
              -1.6633091000000018
            ],
            [
              -78.6511671,
              -1.6628285999999999
            ]
          ],
          [
            [
              -78.6508538,
              -1.6639188000000078
            ],
            [
              -78.6504895,
              -1.6642457999999987
            ]
          ],
          [
            [
              -78.6508538,
              -1.6639188000000078
            ],
            [
              -78.651381,
              -1.6645255000000057
            ]
          ],
          [
            [
              -78.6508538,
              -1.6639188000000078
            ],
            [
              -78.6504435,
              -1.6634343999999925
            ]
          ],
          [
            [
              -78.6504895,
              -1.6642457999999987
            ],
            [
              -78.6499759,
              -1.664706799999992
            ]
          ],
          [
            [
              -78.6504895,
              -1.6642457999999987
            ],
            [
              -78.6500571,
              -1.6637579000000002
            ]
          ],
          [
            [
              -78.6504895,
              -1.6642457999999987
            ],
            [
              -78.6509989,
              -1.6648457999999937
            ]
          ],
          [
            [
              -78.6499759,
              -1.664706799999992
            ],
            [
              -78.6504479,
              -1.6653072999999956
            ]
          ],
          [
            [
              -78.6499759,
              -1.664706799999992
            ],
            [
              -78.6495558,
              -1.6641924999999949
            ]
          ],
          [
            [
              -78.6499759,
              -1.664706799999992
            ],
            [
              -78.6504564,
              -1.6653002000000006
            ]
          ],
          [
            [
              -78.6499759,
              -1.664706799999992
            ],
            [
              -78.6498379,
              -1.6648306000000073
            ]
          ],
          [
            [
              -78.6523269,
              -1.6657051000000003
            ],
            [
              -78.6518888,
              -1.6651402999999931
            ]
          ],
          [
            [
              -78.6523269,
              -1.6657051000000003
            ],
            [
              -78.65235357123433,
              -1.6656817276492606
            ]
          ],
          [
            [
              -78.6523269,
              -1.6657051000000003
            ],
            [
              -78.65231966385963,
              -1.665711783000297
            ]
          ],
          [
            [
              -78.6518888,
              -1.6651402999999931
            ],
            [
              -78.651381,
              -1.6645255000000057
            ]
          ],
          [
            [
              -78.6518888,
              -1.6651402999999931
            ],
            [
              -78.6514883,
              -1.6654612999999998
            ]
          ],
          [
            [
              -78.651381,
              -1.6645255000000057
            ],
            [
              -78.6510171,
              -1.664830399999996
            ]
          ],
          [
            [
              -78.6504435,
              -1.6634343999999925
            ],
            [
              -78.6501535,
              -1.6630936
            ]
          ],
          [
            [
              -78.6504435,
              -1.6634343999999925
            ],
            [
              -78.6500571,
              -1.6637579000000002
            ]
          ],
          [
            [
              -78.6501535,
              -1.6630936
            ],
            [
              -78.6498208,
              -1.6633714000000075
            ]
          ],
          [
            [
              -78.65415202969392,
              -1.664378256530831
            ],
            [
              -78.6547153,
              -1.6639031000000055
            ]
          ],
          [
            [
              -78.6547153,
              -1.6639031000000055
            ],
            [
              -78.6543271,
              -1.6634551000000055
            ]
          ],
          [
            [
              -78.6547153,
              -1.6639031000000055
            ],
            [
              -78.6549385,
              -1.6641704999999969
            ]
          ],
          [
            [
              -78.6547153,
              -1.6639031000000055
            ],
            [
              -78.65545580000001,
              -1.6632790000000017
            ]
          ],
          [
            [
              -78.6497775,
              -1.663407500000004
            ],
            [
              -78.6500571,
              -1.6637579000000002
            ]
          ],
          [
            [
              -78.6497775,
              -1.663407500000004
            ],
            [
              -78.6498208,
              -1.6633714000000075
            ]
          ],
          [
            [
              -78.6497775,
              -1.663407500000004
            ],
            [
              -78.6495994,
              -1.6635587000000036
            ]
          ],
          [
            [
              -78.6500571,
              -1.6637579000000002
            ],
            [
              -78.6495558,
              -1.6641924999999949
            ]
          ],
          [
            [
              -78.6509989,
              -1.6648457999999937
            ],
            [
              -78.6514883,
              -1.6654612999999998
            ]
          ],
          [
            [
              -78.6509989,
              -1.6648457999999937
            ],
            [
              -78.6504564,
              -1.6653002000000006
            ]
          ],
          [
            [
              -78.6509989,
              -1.6648457999999937
            ],
            [
              -78.6510171,
              -1.664830399999996
            ]
          ],
          [
            [
              -78.6514883,
              -1.6654612999999998
            ],
            [
              -78.6509725,
              -1.6659375000000072
            ]
          ],
          [
            [
              -78.6530328,
              -1.6650807999999995
            ],
            [
              -78.6526131,
              -1.6645386999999918
            ]
          ],
          [
            [
              -78.6530328,
              -1.6650807999999995
            ],
            [
              -78.65306265685018,
              -1.6650555869073373
            ]
          ],
          [
            [
              -78.6530328,
              -1.6650807999999995
            ],
            [
              -78.6530349801947,
              -1.6650835721291743
            ]
          ],
          [
            [
              -78.6530328,
              -1.6650807999999995
            ],
            [
              -78.65299454052263,
              -1.6651149133480945
            ]
          ],
          [
            [
              -78.6526131,
              -1.6645386999999918
            ],
            [
              -78.6520649,
              -1.6639496000000022
            ]
          ],
          [
            [
              -78.6526131,
              -1.6645386999999918
            ],
            [
              -78.6530231,
              -1.6641981999999957
            ]
          ],
          [
            [
              -78.6520649,
              -1.6639496000000022
            ],
            [
              -78.6525005,
              -1.6635827000000074
            ]
          ],
          [
            [
              -78.6511671,
              -1.6628285999999999
            ],
            [
              -78.6508634,
              -1.6625010000000051
            ]
          ],
          [
            [
              -78.6511671,
              -1.6628285999999999
            ],
            [
              -78.6515713,
              -1.6624902000000006
            ]
          ],
          [
            [
              -78.6508634,
              -1.6625010000000051
            ],
            [
              -78.6512901,
              -1.6621447999999956
            ]
          ],
          [
            [
              -78.6483248,
              -1.6722006999999932
            ],
            [
              -78.6488599,
              -1.6717371000000076
            ]
          ],
          [
            [
              -78.6483248,
              -1.6722006999999932
            ],
            [
              -78.64833727910468,
              -1.6722156563000488
            ]
          ],
          [
            [
              -78.6483248,
              -1.6722006999999932
            ],
            [
              -78.6478651,
              -1.6716505000000026
            ]
          ],
          [
            [
              -78.6483248,
              -1.6722006999999932
            ],
            [
              -78.64831025500918,
              -1.672213628881521
            ]
          ],
          [
            [
              -78.6488599,
              -1.6717371000000076
            ],
            [
              -78.6494381,
              -1.671225899999996
            ]
          ],
          [
            [
              -78.6488599,
              -1.6717371000000076
            ],
            [
              -78.6484097,
              -1.6711707000000067
            ]
          ],
          [
            [
              -78.6488599,
              -1.6717371000000076
            ],
            [
              -78.6493518,
              -1.6722947999999997
            ]
          ],
          [
            [
              -78.6494381,
              -1.671225899999996
            ],
            [
              -78.6494827,
              -1.671186799999996
            ]
          ],
          [
            [
              -78.6494381,
              -1.671225899999996
            ],
            [
              -78.6499346,
              -1.671799299999993
            ]
          ],
          [
            [
              -78.6494381,
              -1.671225899999996
            ],
            [
              -78.6489782,
              -1.670669599999996
            ]
          ],
          [
            [
              -78.6494827,
              -1.671186799999996
            ],
            [
              -78.6500194,
              -1.6707157999999969
            ]
          ],
          [
            [
              -78.6500194,
              -1.6707157999999969
            ],
            [
              -78.64956,
              -1.6701569999999986
            ]
          ],
          [
            [
              -78.6500194,
              -1.6707157999999969
            ],
            [
              -78.65049850000001,
              -1.6713073000000058
            ]
          ],
          [
            [
              -78.6511431,
              -1.6697532000000048
            ],
            [
              -78.6517007462561,
              -1.669273865333101
            ]
          ],
          [
            [
              -78.6511431,
              -1.6697532000000048
            ],
            [
              -78.6506703,
              -1.6691763999999998
            ]
          ],
          [
            [
              -78.6511431,
              -1.6697532000000048
            ],
            [
              -78.6515952,
              -1.6703358000000064
            ]
          ],
          [
            [
              -78.6563074,
              -1.6642681000000064
            ],
            [
              -78.655867,
              -1.663752899999994
            ]
          ],
          [
            [
              -78.6563074,
              -1.6642681000000064
            ],
            [
              -78.656037,
              -1.6645251000000059
            ]
          ],
          [
            [
              -78.6563074,
              -1.6642681000000064
            ],
            [
              -78.6573281,
              -1.6633707000000046
            ]
          ],
          [
            [
              -78.655867,
              -1.663752899999994
            ],
            [
              -78.65545580000001,
              -1.6632790000000017
            ]
          ],
          [
            [
              -78.655867,
              -1.663752899999994
            ],
            [
              -78.6556442,
              -1.663855699999998
            ]
          ],
          [
            [
              -78.655867,
              -1.663752899999994
            ],
            [
              -78.6565234,
              -1.6631747000000068
            ]
          ],
          [
            [
              -78.65545580000001,
              -1.6632790000000017
            ],
            [
              -78.65516,
              -1.662938099999999
            ]
          ],
          [
            [
              -78.65545580000001,
              -1.6632790000000017
            ],
            [
              -78.6561416,
              -1.6626919999999932
            ]
          ],
          [
            [
              -78.65516,
              -1.662938099999999
            ],
            [
              -78.65493340000002,
              -1.6626770000000042
            ]
          ],
          [
            [
              -78.65516,
              -1.662938099999999
            ],
            [
              -78.6558637,
              -1.6623390000000016
            ]
          ],
          [
            [
              -78.65493340000002,
              -1.6626770000000042
            ],
            [
              -78.6554862,
              -1.6618594000000035
            ]
          ],
          [
            [
              -78.65493340000002,
              -1.6626770000000042
            ],
            [
              -78.6547055,
              -1.6630174999999945
            ]
          ],
          [
            [
              -78.64956,
              -1.6701569999999986
            ],
            [
              -78.6490521,
              -1.6695850000000072
            ]
          ],
          [
            [
              -78.64956,
              -1.6701569999999986
            ],
            [
              -78.6489782,
              -1.670669599999996
            ]
          ],
          [
            [
              -78.6506703,
              -1.6691763999999998
            ],
            [
              -78.651227,
              -1.6686897000000058
            ]
          ],
          [
            [
              -78.6506703,
              -1.6691763999999998
            ],
            [
              -78.6501824,
              -1.6685767000000036
            ]
          ],
          [
            [
              -78.651227,
              -1.6686897000000058
            ],
            [
              -78.65119537683198,
              -1.668650976168658
            ]
          ],
          [
            [
              -78.651227,
              -1.6686897000000058
            ],
            [
              -78.65123307028793,
              -1.6686846333112428
            ]
          ],
          [
            [
              -78.651227,
              -1.6686897000000058
            ],
            [
              -78.65125241217564,
              -1.6687208056130678
            ]
          ],
          [
            [
              -78.6573281,
              -1.6633707000000046
            ],
            [
              -78.6578975,
              -1.6629335999999972
            ]
          ],
          [
            [
              -78.6573281,
              -1.6633707000000046
            ],
            [
              -78.6572567,
              -1.6633027000000076
            ]
          ],
          [
            [
              -78.6578975,
              -1.6629335999999972
            ],
            [
              -78.6582784,
              -1.6626036000000035
            ]
          ],
          [
            [
              -78.6578975,
              -1.6629335999999972
            ],
            [
              -78.65725410000002,
              -1.661588699999997
            ]
          ],
          [
            [
              -78.6582784,
              -1.6626036000000035
            ],
            [
              -78.65843979502903,
              -1.6624780540825441
            ]
          ],
          [
            [
              -78.6582784,
              -1.6626036000000035
            ],
            [
              -78.65818812463765,
              -1.6624195155643706
            ]
          ],
          [
            [
              -78.6553153,
              -1.6701360999999937
            ],
            [
              -78.6557301,
              -1.6706828000000074
            ]
          ],
          [
            [
              -78.6542384,
              -1.6710744000000008
            ],
            [
              -78.654236,
              -1.6710765999999944
            ]
          ],
          [
            [
              -78.654236,
              -1.6710765999999944
            ],
            [
              -78.6536135,
              -1.6715709000000087
            ]
          ],
          [
            [
              -78.654236,
              -1.6710765999999944
            ],
            [
              -78.6546862,
              -1.6716244000000067
            ]
          ],
          [
            [
              -78.6536135,
              -1.6715709000000087
            ],
            [
              -78.6530628,
              -1.6720979999999932
            ]
          ],
          [
            [
              -78.6536135,
              -1.6715709000000087
            ],
            [
              -78.6536442,
              -1.6716088999999954
            ]
          ],
          [
            [
              -78.6536135,
              -1.6715709000000087
            ],
            [
              -78.6531425,
              -1.6710065999999968
            ]
          ],
          [
            [
              -78.6530628,
              -1.6720979999999932
            ],
            [
              -78.65248806655424,
              -1.6725967818864806
            ]
          ],
          [
            [
              -78.6530628,
              -1.6720979999999932
            ],
            [
              -78.6535065,
              -1.6726487000000014
            ]
          ],
          [
            [
              -78.6530628,
              -1.6720979999999932
            ],
            [
              -78.65257370000002,
              -1.6715006999999993
            ]
          ],
          [
            [
              -78.6520034,
              -1.6719939999999933
            ],
            [
              -78.65247343726438,
              -1.672579338579135
            ]
          ],
          [
            [
              -78.6514448,
              -1.6724817999999915
            ],
            [
              -78.6514727057468,
              -1.6725158950025756
            ]
          ],
          [
            [
              -78.6557301,
              -1.6706828000000074
            ],
            [
              -78.6560346,
              -1.6703971999999954
            ]
          ],
          [
            [
              -78.6531425,
              -1.6710065999999968
            ],
            [
              -78.65257370000002,
              -1.6715006999999993
            ]
          ],
          [
            [
              -78.65257370000002,
              -1.6715006999999993
            ],
            [
              -78.6520034,
              -1.6719939999999933
            ]
          ],
          [
            [
              -78.6520034,
              -1.6719939999999933
            ],
            [
              -78.6514448,
              -1.6724817999999915
            ]
          ],
          [
            [
              -78.6514448,
              -1.6724817999999915
            ],
            [
              -78.65141164644314,
              -1.6725107480264698
            ]
          ],
          [
            [
              -78.6534754,
              -1.672674299999993
            ],
            [
              -78.6534645584825,
              -1.6726835927295347
            ]
          ],
          [
            [
              -78.6534754,
              -1.672674299999993
            ],
            [
              -78.6535065,
              -1.6726487000000014
            ]
          ],
          [
            [
              -78.6535065,
              -1.6726487000000014
            ],
            [
              -78.6540726,
              -1.6721407999999924
            ]
          ],
          [
            [
              -78.6540726,
              -1.6721407999999924
            ],
            [
              -78.6546862,
              -1.6716244000000067
            ]
          ],
          [
            [
              -78.6540726,
              -1.6721407999999924
            ],
            [
              -78.6536442,
              -1.6716088999999954
            ]
          ],
          [
            [
              -78.6546862,
              -1.6716244000000067
            ],
            [
              -78.6551452,
              -1.671210099999993
            ]
          ],
          [
            [
              -78.6560346,
              -1.6703971999999954
            ],
            [
              -78.6563428,
              -1.6701081000000046
            ]
          ],
          [
            [
              -78.6563428,
              -1.6701081000000046
            ],
            [
              -78.6566816,
              -1.6697944999999983
            ]
          ],
          [
            [
              -78.6503583,
              -1.672300199999999
            ],
            [
              -78.6499885,
              -1.6718629999999934
            ]
          ],
          [
            [
              -78.6503583,
              -1.672300199999999
            ],
            [
              -78.6504095,
              -1.672257399999997
            ]
          ],
          [
            [
              -78.6499885,
              -1.6718629999999934
            ],
            [
              -78.6499346,
              -1.671799299999993
            ]
          ],
          [
            [
              -78.6499885,
              -1.6718629999999934
            ],
            [
              -78.65004400000001,
              -1.671816600000002
            ]
          ],
          [
            [
              -78.6499346,
              -1.671799299999993
            ],
            [
              -78.6499898,
              -1.671751199999996
            ]
          ],
          [
            [
              -78.6499346,
              -1.671799299999993
            ],
            [
              -78.6493518,
              -1.6722947999999997
            ]
          ],
          [
            [
              -78.6489782,
              -1.670669599999996
            ],
            [
              -78.6484097,
              -1.6711707000000067
            ]
          ],
          [
            [
              -78.6537643,
              -1.669383000000004
            ],
            [
              -78.65332347446578,
              -1.6688406049459514
            ]
          ],
          [
            [
              -78.6514169,
              -1.6665100000000057
            ],
            [
              -78.6509674,
              -1.6659420000000058
            ]
          ],
          [
            [
              -78.6514169,
              -1.6665100000000057
            ],
            [
              -78.6514286,
              -1.6665015000000063
            ]
          ],
          [
            [
              -78.6514169,
              -1.6665100000000057
            ],
            [
              -78.65141952707012,
              -1.666513331257055
            ]
          ],
          [
            [
              -78.6514169,
              -1.6665100000000057
            ],
            [
              -78.6513749010229,
              -1.666546620563887
            ]
          ],
          [
            [
              -78.6509674,
              -1.6659420000000058
            ],
            [
              -78.6504479,
              -1.6653072999999956
            ]
          ],
          [
            [
              -78.6509674,
              -1.6659420000000058
            ],
            [
              -78.6509725,
              -1.6659375000000072
            ]
          ],
          [
            [
              -78.6504479,
              -1.6653072999999956
            ],
            [
              -78.6504564,
              -1.6653002000000006
            ]
          ],
          [
            [
              -78.6495558,
              -1.6641924999999949
            ],
            [
              -78.6494017,
              -1.6643261000000051
            ]
          ],
          [
            [
              -78.6524229,
              -1.6696179
            ],
            [
              -78.6520784,
              -1.669220799999994
            ]
          ],
          [
            [
              -78.6524229,
              -1.6696179
            ],
            [
              -78.6521745,
              -1.6698332999999985
            ]
          ],
          [
            [
              -78.6520784,
              -1.669220799999994
            ],
            [
              -78.6519578661915,
              -1.6690818412192214
            ]
          ],
          [
            [
              -78.6484596,
              -1.6700612999999933
            ],
            [
              -78.6490521,
              -1.6695850000000072
            ]
          ],
          [
            [
              -78.6484596,
              -1.6700612999999933
            ],
            [
              -78.6479282,
              -1.6705605999999984
            ]
          ],
          [
            [
              -78.647548,
              -1.6689609999999995
            ],
            [
              -78.64707316951842,
              -1.6683806731410036
            ]
          ],
          [
            [
              -78.647548,
              -1.6689609999999995
            ],
            [
              -78.6481005,
              -1.6684722999999937
            ]
          ],
          [
            [
              -78.647548,
              -1.6689609999999995
            ],
            [
              -78.6469902,
              -1.669454399999999
            ]
          ],
          [
            [
              -78.6475972,
              -1.6678752000000008
            ],
            [
              -78.64707222606735,
              -1.6683480461121436
            ]
          ],
          [
            [
              -78.6493518,
              -1.6722947999999997
            ],
            [
              -78.64932415252666,
              -1.6723197890803634
            ]
          ],
          [
            [
              -78.6554668,
              -1.6681370000000009
            ],
            [
              -78.6560495,
              -1.6688742999999995
            ]
          ],
          [
            [
              -78.6554668,
              -1.6681370000000009
            ],
            [
              -78.655507,
              -1.6681097999999936
            ]
          ],
          [
            [
              -78.6560495,
              -1.6688742999999995
            ],
            [
              -78.6561176,
              -1.6688525000000043
            ]
          ],
          [
            [
              -78.6560495,
              -1.6688742999999995
            ],
            [
              -78.6560564,
              -1.668901399999998
            ]
          ],
          [
            [
              -78.65359640000001,
              -1.6637220999999967
            ],
            [
              -78.6533716,
              -1.663908700000002
            ]
          ],
          [
            [
              -78.65359640000001,
              -1.6637220999999967
            ],
            [
              -78.6530731,
              -1.6631015000000082
            ]
          ],
          [
            [
              -78.65359640000001,
              -1.6637220999999967
            ],
            [
              -78.6538401,
              -1.6640381000000044
            ]
          ],
          [
            [
              -78.6533716,
              -1.663908700000002
            ],
            [
              -78.6530231,
              -1.6641981999999957
            ]
          ],
          [
            [
              -78.6530231,
              -1.6641981999999957
            ],
            [
              -78.6525005,
              -1.6635827000000074
            ]
          ],
          [
            [
              -78.6530231,
              -1.6641981999999957
            ],
            [
              -78.65343311573515,
              -1.6647312007146402
            ]
          ],
          [
            [
              -78.6509725,
              -1.6659375000000072
            ],
            [
              -78.6514286,
              -1.6665015000000063
            ]
          ],
          [
            [
              -78.6509725,
              -1.6659375000000072
            ],
            [
              -78.6504564,
              -1.6653002000000006
            ]
          ],
          [
            [
              -78.65008660000001,
              -1.666701400000007
            ],
            [
              -78.6497815,
              -1.6669705999999949
            ]
          ],
          [
            [
              -78.6497815,
              -1.6669705999999949
            ],
            [
              -78.6492564,
              -1.6674477000000039
            ]
          ],
          [
            [
              -78.6497815,
              -1.6669705999999949
            ],
            [
              -78.6494233,
              -1.666486199999997
            ]
          ],
          [
            [
              -78.6492564,
              -1.6674477000000039
            ],
            [
              -78.6487202,
              -1.6679264999999934
            ]
          ],
          [
            [
              -78.6492564,
              -1.6674477000000039
            ],
            [
              -78.6487516,
              -1.6668307999999974
            ]
          ],
          [
            [
              -78.6481005,
              -1.6684722999999937
            ],
            [
              -78.647711,
              -1.6680102000000034
            ]
          ],
          [
            [
              -78.6469902,
              -1.669454399999999
            ],
            [
              -78.64698692633789,
              -1.6694572955493623
            ]
          ],
          [
            [
              -78.6469902,
              -1.669454399999999
            ],
            [
              -78.64698735897164,
              -1.6694510738762338
            ]
          ],
          [
            [
              -78.6478651,
              -1.6716505000000026
            ],
            [
              -78.6474079,
              -1.6710643000000034
            ]
          ],
          [
            [
              -78.6478651,
              -1.6716505000000026
            ],
            [
              -78.6484097,
              -1.6711707000000067
            ]
          ],
          [
            [
              -78.6478651,
              -1.6716505000000026
            ],
            [
              -78.64786190524786,
              -1.671653315413204
            ]
          ],
          [
            [
              -78.6474079,
              -1.6710643000000034
            ],
            [
              -78.64740181918273,
              -1.6710566254134893
            ]
          ],
          [
            [
              -78.6474079,
              -1.6710643000000034
            ],
            [
              -78.6479282,
              -1.6705605999999984
            ]
          ],
          [
            [
              -78.6474079,
              -1.6710643000000034
            ],
            [
              -78.64740038722249,
              -1.6710705599946802
            ]
          ],
          [
            [
              -78.6477964,
              -1.6656660999999997
            ],
            [
              -78.6482625,
              -1.6662332000000024
            ]
          ],
          [
            [
              -78.6492982,
              -1.6644190999999957
            ],
            [
              -78.6494017,
              -1.6643261000000051
            ]
          ],
          [
            [
              -78.6492982,
              -1.6644190999999957
            ],
            [
              -78.6492791,
              -1.6653321000000079
            ]
          ],
          [
            [
              -78.6492982,
              -1.6644190999999957
            ],
            [
              -78.6493106,
              -1.663825900000007
            ]
          ],
          [
            [
              -78.6494017,
              -1.6643261000000051
            ],
            [
              -78.649409,
              -1.6637997000000035
            ]
          ],
          [
            [
              -78.6515713,
              -1.6624902000000006
            ],
            [
              -78.6521506,
              -1.6620052000000012
            ]
          ],
          [
            [
              -78.6515713,
              -1.6624902000000006
            ],
            [
              -78.6512901,
              -1.6621447999999956
            ]
          ],
          [
            [
              -78.6521506,
              -1.6620052000000012
            ],
            [
              -78.6527356,
              -1.6615133999999943
            ]
          ],
          [
            [
              -78.6521506,
              -1.6620052000000012
            ],
            [
              -78.6525665,
              -1.6624988999999937
            ]
          ],
          [
            [
              -78.6521506,
              -1.6620052000000012
            ],
            [
              -78.65186440000001,
              -1.6616652999999924
            ]
          ],
          [
            [
              -78.6527356,
              -1.6615133999999943
            ],
            [
              -78.65237720000002,
              -1.661230699999997
            ]
          ],
          [
            [
              -78.6527356,
              -1.6615133999999943
            ],
            [
              -78.653219,
              -1.661907299999994
            ]
          ],
          [
            [
              -78.6530731,
              -1.6631015000000082
            ],
            [
              -78.6525665,
              -1.6624988999999937
            ]
          ],
          [
            [
              -78.6530731,
              -1.6631015000000082
            ],
            [
              -78.6525005,
              -1.6635827000000074
            ]
          ],
          [
            [
              -78.6530731,
              -1.6631015000000082
            ],
            [
              -78.6538594,
              -1.662375200000005
            ]
          ],
          [
            [
              -78.6525665,
              -1.6624988999999937
            ],
            [
              -78.653219,
              -1.661907299999994
            ]
          ],
          [
            [
              -78.65186440000001,
              -1.6616652999999924
            ],
            [
              -78.65237720000002,
              -1.661230699999997
            ]
          ],
          [
            [
              -78.65186440000001,
              -1.6616652999999924
            ],
            [
              -78.6512901,
              -1.6621447999999956
            ]
          ],
          [
            [
              -78.6559607,
              -1.6677160000000073
            ],
            [
              -78.655507,
              -1.6681097999999936
            ]
          ],
          [
            [
              -78.6561176,
              -1.6688525000000043
            ],
            [
              -78.6566165,
              -1.668703500000005
            ]
          ],
          [
            [
              -78.6561176,
              -1.6688525000000043
            ],
            [
              -78.655507,
              -1.6681097999999936
            ]
          ],
          [
            [
              -78.6492257,
              -1.6635820999999955
            ],
            [
              -78.649227,
              -1.6635559000000038
            ]
          ],
          [
            [
              -78.6492257,
              -1.6635820999999955
            ],
            [
              -78.6492293,
              -1.6636081999999919
            ]
          ],
          [
            [
              -78.649227,
              -1.6635559000000038
            ],
            [
              -78.6492332,
              -1.6635302999999924
            ]
          ],
          [
            [
              -78.6492332,
              -1.6635302999999924
            ],
            [
              -78.6492439,
              -1.6635063000000059
            ]
          ],
          [
            [
              -78.6492439,
              -1.6635063000000059
            ],
            [
              -78.6492532,
              -1.6634919999999922
            ]
          ],
          [
            [
              -78.6492439,
              -1.6635063000000059
            ],
            [
              -78.6490702,
              -1.6636254000000048
            ]
          ],
          [
            [
              -78.6492532,
              -1.6634919999999922
            ],
            [
              -78.6492641,
              -1.6634787999999965
            ]
          ],
          [
            [
              -78.6492641,
              -1.6634787999999965
            ],
            [
              -78.6492765,
              -1.6634671000000036
            ]
          ],
          [
            [
              -78.6492765,
              -1.6634671000000036
            ],
            [
              -78.6492902,
              -1.6634569000000028
            ]
          ],
          [
            [
              -78.6492902,
              -1.6634569000000028
            ],
            [
              -78.6493117,
              -1.6634455000000028
            ]
          ],
          [
            [
              -78.6492902,
              -1.6634569000000028
            ],
            [
              -78.6492937,
              -1.6634361000000009
            ]
          ],
          [
            [
              -78.6493117,
              -1.6634455000000028
            ],
            [
              -78.6493348,
              -1.663437799999995
            ]
          ],
          [
            [
              -78.6493348,
              -1.663437799999995
            ],
            [
              -78.6493589,
              -1.6634341999999942
            ]
          ],
          [
            [
              -78.6493589,
              -1.6634341999999942
            ],
            [
              -78.6493832,
              -1.6634348000000014
            ]
          ],
          [
            [
              -78.6493832,
              -1.6634348000000014
            ],
            [
              -78.6494071,
              -1.663439500000004
            ]
          ],
          [
            [
              -78.6494071,
              -1.663439500000004
            ],
            [
              -78.6494299,
              -1.6634482000000075
            ]
          ],
          [
            [
              -78.6494299,
              -1.6634482000000075
            ],
            [
              -78.6494446,
              -1.6634563999999974
            ]
          ],
          [
            [
              -78.6494299,
              -1.6634482000000075
            ],
            [
              -78.6494237,
              -1.663415999999992
            ]
          ],
          [
            [
              -78.6494446,
              -1.6634563999999974
            ],
            [
              -78.6494582,
              -1.6634663999999917
            ]
          ],
          [
            [
              -78.6494582,
              -1.6634663999999917
            ],
            [
              -78.6494706,
              -1.6634779000000053
            ]
          ],
          [
            [
              -78.6494706,
              -1.6634779000000053
            ],
            [
              -78.6494815,
              -1.6634906999999945
            ]
          ],
          [
            [
              -78.6494815,
              -1.6634906999999945
            ],
            [
              -78.6494953,
              -1.6635132000000075
            ]
          ],
          [
            [
              -78.6494815,
              -1.6634906999999945
            ],
            [
              -78.6495264,
              -1.6634623000000075
            ]
          ],
          [
            [
              -78.6494953,
              -1.6635132000000075
            ],
            [
              -78.6495048,
              -1.6635378000000016
            ]
          ],
          [
            [
              -78.6495048,
              -1.6635378000000016
            ],
            [
              -78.6495095,
              -1.6635638000000024
            ]
          ],
          [
            [
              -78.6495095,
              -1.6635638000000024
            ],
            [
              -78.6495093,
              -1.6635902000000078
            ]
          ],
          [
            [
              -78.6495093,
              -1.6635902000000078
            ],
            [
              -78.6495043,
              -1.6636160999999967
            ]
          ],
          [
            [
              -78.6495043,
              -1.6636160999999967
            ],
            [
              -78.649495,
              -1.663639599999999
            ]
          ],
          [
            [
              -78.6495043,
              -1.6636160999999967
            ],
            [
              -78.6495994,
              -1.6635587000000036
            ]
          ],
          [
            [
              -78.649495,
              -1.663639599999999
            ],
            [
              -78.6494817,
              -1.663661199999994
            ]
          ],
          [
            [
              -78.6494817,
              -1.663661199999994
            ],
            [
              -78.6494648,
              -1.6636800000000023
            ]
          ],
          [
            [
              -78.6494648,
              -1.6636800000000023
            ],
            [
              -78.6494448,
              -1.6636955999999927
            ]
          ],
          [
            [
              -78.6494448,
              -1.6636955999999927
            ],
            [
              -78.6494223,
              -1.663707299999992
            ]
          ],
          [
            [
              -78.6494223,
              -1.663707299999992
            ],
            [
              -78.6493975,
              -1.663715100000003
            ]
          ],
          [
            [
              -78.6494223,
              -1.663707299999992
            ],
            [
              -78.6494166,
              -1.663740800000002
            ]
          ],
          [
            [
              -78.6493975,
              -1.663715100000003
            ],
            [
              -78.6493716,
              -1.6637181999999933
            ]
          ],
          [
            [
              -78.6493716,
              -1.6637181999999933
            ],
            [
              -78.6493457,
              -1.6637165000000043
            ]
          ],
          [
            [
              -78.6493457,
              -1.6637165000000043
            ],
            [
              -78.6493205,
              -1.6637100999999932
            ]
          ],
          [
            [
              -78.6493205,
              -1.6637100999999932
            ],
            [
              -78.6492968,
              -1.6636991999999944
            ]
          ],
          [
            [
              -78.6492968,
              -1.6636991999999944
            ],
            [
              -78.6492792,
              -1.663687299999994
            ]
          ],
          [
            [
              -78.6492968,
              -1.6636991999999944
            ],
            [
              -78.6493036,
              -1.6637430000000022
            ]
          ],
          [
            [
              -78.6492792,
              -1.663687299999994
            ],
            [
              -78.64926360000001,
              -1.6636727999999918
            ]
          ],
          [
            [
              -78.64926360000001,
              -1.6636727999999918
            ],
            [
              -78.6492503,
              -1.663656100000002
            ]
          ],
          [
            [
              -78.6492503,
              -1.663656100000002
            ],
            [
              -78.6492375,
              -1.6636331000000064
            ]
          ],
          [
            [
              -78.6492503,
              -1.663656100000002
            ],
            [
              -78.6491658,
              -1.6636504999999984
            ]
          ],
          [
            [
              -78.6492375,
              -1.6636331000000064
            ],
            [
              -78.6492293,
              -1.6636081999999919
            ]
          ],
          [
            [
              -78.652615,
              -1.6609950000000018
            ],
            [
              -78.65270434166695,
              -1.6608812748692166
            ]
          ],
          [
            [
              -78.652615,
              -1.6609950000000018
            ],
            [
              -78.65237720000002,
              -1.661230699999997
            ]
          ],
          [
            [
              -78.65237720000002,
              -1.661230699999997
            ],
            [
              -78.6522977,
              -1.6611631000000056
            ]
          ],
          [
            [
              -78.6563212,
              -1.6606351000000048
            ],
            [
              -78.65632812455858,
              -1.6606106256125808
            ]
          ],
          [
            [
              -78.6563212,
              -1.6606351000000048
            ],
            [
              -78.6554862,
              -1.6618594000000035
            ]
          ],
          [
            [
              -78.6563212,
              -1.6606351000000048
            ],
            [
              -78.656956,
              -1.661999999999999
            ]
          ],
          [
            [
              -78.6554862,
              -1.6618594000000035
            ],
            [
              -78.6558637,
              -1.6623390000000016
            ]
          ],
          [
            [
              -78.6547055,
              -1.6630174999999945
            ],
            [
              -78.6543271,
              -1.6634551000000055
            ]
          ],
          [
            [
              -78.6547055,
              -1.6630174999999945
            ],
            [
              -78.6538594,
              -1.662375200000005
            ]
          ],
          [
            [
              -78.6543271,
              -1.6634551000000055
            ],
            [
              -78.6538401,
              -1.6640381000000044
            ]
          ],
          [
            [
              -78.6538401,
              -1.6640381000000044
            ],
            [
              -78.6540002911921,
              -1.6642292191945318
            ]
          ],
          [
            [
              -78.65008340000001,
              -1.6718202999999927
            ],
            [
              -78.6502746,
              -1.6717732999999977
            ]
          ],
          [
            [
              -78.65008340000001,
              -1.6718202999999927
            ],
            [
              -78.65004400000001,
              -1.671816600000002
            ]
          ],
          [
            [
              -78.65008340000001,
              -1.6718202999999927
            ],
            [
              -78.6502648,
              -1.671894700000005
            ]
          ],
          [
            [
              -78.6502746,
              -1.6717732999999977
            ],
            [
              -78.6503901,
              -1.671768699999993
            ]
          ],
          [
            [
              -78.6503901,
              -1.671768699999993
            ],
            [
              -78.6504557,
              -1.671762600000006
            ]
          ],
          [
            [
              -78.6503901,
              -1.671768699999993
            ],
            [
              -78.6503637,
              -1.6718422000000037
            ]
          ],
          [
            [
              -78.6503901,
              -1.671768699999993
            ],
            [
              -78.6504081,
              -1.6716701999999988
            ]
          ],
          [
            [
              -78.6504557,
              -1.671762600000006
            ],
            [
              -78.650534,
              -1.6717833000000057
            ]
          ],
          [
            [
              -78.650534,
              -1.6717833000000057
            ],
            [
              -78.6506195,
              -1.6718017999999977
            ]
          ],
          [
            [
              -78.650534,
              -1.6717833000000057
            ],
            [
              -78.6505266,
              -1.6716775000000021
            ]
          ],
          [
            [
              -78.650534,
              -1.6717833000000057
            ],
            [
              -78.6505371,
              -1.6718632999999945
            ]
          ],
          [
            [
              -78.6506195,
              -1.6718017999999977
            ],
            [
              -78.6508054,
              -1.6718741000000028
            ]
          ],
          [
            [
              -78.6508054,
              -1.6718741000000028
            ],
            [
              -78.6506627,
              -1.671910100000006
            ]
          ],
          [
            [
              -78.6508054,
              -1.6718741000000028
            ],
            [
              -78.6508573,
              -1.6718798000000066
            ]
          ],
          [
            [
              -78.6504879,
              -1.6714930000000052
            ],
            [
              -78.6505266,
              -1.6716775000000021
            ]
          ],
          [
            [
              -78.6504879,
              -1.6714930000000052
            ],
            [
              -78.6504081,
              -1.6716701999999988
            ]
          ],
          [
            [
              -78.6504879,
              -1.6714930000000052
            ],
            [
              -78.6504921,
              -1.6714419000000036
            ]
          ],
          [
            [
              -78.6505371,
              -1.6718632999999945
            ],
            [
              -78.650516,
              -1.671923699999995
            ]
          ],
          [
            [
              -78.650516,
              -1.671923699999995
            ],
            [
              -78.6504867,
              -1.6720282000000004
            ]
          ],
          [
            [
              -78.650516,
              -1.671923699999995
            ],
            [
              -78.650438,
              -1.671933200000003
            ]
          ],
          [
            [
              -78.650516,
              -1.671923699999995
            ],
            [
              -78.6506627,
              -1.671910100000006
            ]
          ],
          [
            [
              -78.6504867,
              -1.6720282000000004
            ],
            [
              -78.650413,
              -1.672212500000008
            ]
          ],
          [
            [
              -78.650413,
              -1.672212500000008
            ],
            [
              -78.6504095,
              -1.672257399999997
            ]
          ],
          [
            [
              -78.650413,
              -1.672212500000008
            ],
            [
              -78.6503714,
              -1.672013399999994
            ]
          ],
          [
            [
              -78.6509214,
              -1.6718294000000065
            ],
            [
              -78.6508573,
              -1.6718798000000066
            ]
          ],
          [
            [
              -78.6509214,
              -1.6718294000000065
            ],
            [
              -78.650561,
              -1.6713844000000064
            ]
          ],
          [
            [
              -78.6508573,
              -1.6718798000000066
            ],
            [
              -78.6504095,
              -1.672257399999997
            ]
          ],
          [
            [
              -78.6508573,
              -1.6718798000000066
            ],
            [
              -78.6504921,
              -1.6714419000000036
            ]
          ],
          [
            [
              -78.6504095,
              -1.672257399999997
            ],
            [
              -78.65004400000001,
              -1.671816600000002
            ]
          ],
          [
            [
              -78.6499898,
              -1.671751199999996
            ],
            [
              -78.65004400000001,
              -1.671816600000002
            ]
          ],
          [
            [
              -78.6499898,
              -1.671751199999996
            ],
            [
              -78.6504313,
              -1.671365900000003
            ]
          ],
          [
            [
              -78.65004400000001,
              -1.671816600000002
            ],
            [
              -78.6504921,
              -1.6714419000000036
            ]
          ],
          [
            [
              -78.6504313,
              -1.671365900000003
            ],
            [
              -78.6504921,
              -1.6714419000000036
            ]
          ],
          [
            [
              -78.6504313,
              -1.671365900000003
            ],
            [
              -78.65049850000001,
              -1.6713073000000058
            ]
          ],
          [
            [
              -78.6504921,
              -1.6714419000000036
            ],
            [
              -78.650561,
              -1.6713844000000064
            ]
          ],
          [
            [
              -78.650561,
              -1.6713844000000064
            ],
            [
              -78.65049850000001,
              -1.6713073000000058
            ]
          ],
          [
            [
              -78.6502648,
              -1.671894700000005
            ],
            [
              -78.6503711,
              -1.6719150000000065
            ]
          ],
          [
            [
              -78.6503711,
              -1.6719150000000065
            ],
            [
              -78.650438,
              -1.671933200000003
            ]
          ],
          [
            [
              -78.6503711,
              -1.6719150000000065
            ],
            [
              -78.6503714,
              -1.672013399999994
            ]
          ],
          [
            [
              -78.6503711,
              -1.6719150000000065
            ],
            [
              -78.6503637,
              -1.6718422000000037
            ]
          ],
          [
            [
              -78.650738,
              -1.6680908999999975
            ],
            [
              -78.6501824,
              -1.6685767000000036
            ]
          ],
          [
            [
              -78.650738,
              -1.6680908999999975
            ],
            [
              -78.65071055627189,
              -1.6680576541158842
            ]
          ],
          [
            [
              -78.650738,
              -1.6680908999999975
            ],
            [
              -78.65075203718679,
              -1.6680785724803773
            ]
          ],
          [
            [
              -78.650738,
              -1.6680908999999975
            ],
            [
              -78.65076767125858,
              -1.668127233638331
            ]
          ],
          [
            [
              -78.6479282,
              -1.6705605999999984
            ],
            [
              -78.6484097,
              -1.6711707000000067
            ]
          ],
          [
            [
              -78.6494166,
              -1.663740800000002
            ],
            [
              -78.649409,
              -1.6637997000000035
            ]
          ],
          [
            [
              -78.6492791,
              -1.6653321000000079
            ],
            [
              -78.6492766,
              -1.6656708000000076
            ]
          ],
          [
            [
              -78.6492791,
              -1.6653321000000079
            ],
            [
              -78.64908320000002,
              -1.6655079999999924
            ]
          ],
          [
            [
              -78.6493106,
              -1.663825900000007
            ],
            [
              -78.6493068,
              -1.663777700000006
            ]
          ],
          [
            [
              -78.6493068,
              -1.663777700000006
            ],
            [
              -78.64930420000002,
              -1.663764299999992
            ]
          ],
          [
            [
              -78.64930420000002,
              -1.663764299999992
            ],
            [
              -78.6493036,
              -1.6637430000000022
            ]
          ],
          [
            [
              -78.6491658,
              -1.6636504999999984
            ],
            [
              -78.6490702,
              -1.6636254000000048
            ]
          ],
          [
            [
              -78.6475972,
              -1.6678752000000008
            ],
            [
              -78.6476764,
              -1.6678041999999975
            ]
          ],
          [
            [
              -78.6475972,
              -1.6678752000000008
            ],
            [
              -78.64713359337235,
              -1.6673413296378996
            ]
          ],
          [
            [
              -78.6475972,
              -1.6678752000000008
            ],
            [
              -78.647711,
              -1.6680102000000034
            ]
          ],
          [
            [
              -78.6487516,
              -1.6668307999999974
            ],
            [
              -78.6493109,
              -1.6663311000000058
            ]
          ],
          [
            [
              -78.6487516,
              -1.6668307999999974
            ],
            [
              -78.6482625,
              -1.6662332000000024
            ]
          ],
          [
            [
              -78.6493109,
              -1.6663311000000058
            ],
            [
              -78.6493934,
              -1.6662737999999961
            ]
          ],
          [
            [
              -78.6493109,
              -1.6663311000000058
            ],
            [
              -78.6493094,
              -1.6661806999999984
            ]
          ],
          [
            [
              -78.6493109,
              -1.6663311000000058
            ],
            [
              -78.6494233,
              -1.666486199999997
            ]
          ],
          [
            [
              -78.6493934,
              -1.6662737999999961
            ],
            [
              -78.6493889,
              -1.6661723999999967
            ]
          ],
          [
            [
              -78.6566896,
              -1.6712285999999927
            ],
            [
              -78.65673653636917,
              -1.6712882347586735
            ]
          ],
          [
            [
              -78.6492766,
              -1.6656708000000076
            ],
            [
              -78.6491959,
              -1.6656286999999999
            ]
          ],
          [
            [
              -78.6492766,
              -1.6656708000000076
            ],
            [
              -78.6493094,
              -1.6661806999999984
            ]
          ],
          [
            [
              -78.6491959,
              -1.6656286999999999
            ],
            [
              -78.6491617,
              -1.6656025000000059
            ]
          ],
          [
            [
              -78.6491617,
              -1.6656025000000059
            ],
            [
              -78.64908320000002,
              -1.6655079999999924
            ]
          ],
          [
            [
              -78.6521745,
              -1.6698332999999985
            ],
            [
              -78.6515952,
              -1.6703358000000064
            ]
          ],
          [
            [
              -78.6521745,
              -1.6698332999999985
            ],
            [
              -78.6522037,
              -1.6698688000000004
            ]
          ],
          [
            [
              -78.6521745,
              -1.6698332999999985
            ],
            [
              -78.65172010215993,
              -1.6692926850582372
            ]
          ],
          [
            [
              -78.6559916,
              -1.668947099999993
            ],
            [
              -78.6559685,
              -1.6689253999999962
            ]
          ],
          [
            [
              -78.6559916,
              -1.668947099999993
            ],
            [
              -78.6560353,
              -1.6689677000000083
            ]
          ],
          [
            [
              -78.65449424310135,
              -1.6647760625157444
            ],
            [
              -78.6547494,
              -1.664551199999998
            ]
          ],
          [
            [
              -78.6556442,
              -1.663855699999998
            ],
            [
              -78.6554099,
              -1.6639899999999943
            ]
          ],
          [
            [
              -78.6554099,
              -1.6639899999999943
            ],
            [
              -78.6552094,
              -1.6641500999999932
            ]
          ],
          [
            [
              -78.6565234,
              -1.6631747000000068
            ],
            [
              -78.6569167,
              -1.6631968999999946
            ]
          ],
          [
            [
              -78.6565234,
              -1.6631747000000068
            ],
            [
              -78.6570582,
              -1.6627032000000062
            ]
          ],
          [
            [
              -78.6565234,
              -1.6631747000000068
            ],
            [
              -78.6561416,
              -1.6626919999999932
            ]
          ],
          [
            [
              -78.6535045,
              -1.6697796999999999
            ],
            [
              -78.6533408,
              -1.6699278000000044
            ]
          ],
          [
            [
              -78.6560353,
              -1.6689677000000083
            ],
            [
              -78.6560502,
              -1.6689437999999923
            ]
          ],
          [
            [
              -78.6560353,
              -1.6689677000000083
            ],
            [
              -78.6560165,
              -1.6689912000000036
            ]
          ],
          [
            [
              -78.6542252,
              -1.668716100000003
            ],
            [
              -78.65393626350912,
              -1.668330566958464
            ]
          ],
          [
            [
              -78.6514303787147,
              -1.6665037270145187
            ],
            [
              -78.6514286,
              -1.6665015000000063
            ]
          ],
          [
            [
              -78.6514286,
              -1.6665015000000063
            ],
            [
              -78.65144375167867,
              -1.666488455347426
            ]
          ],
          [
            [
              -78.6495264,
              -1.6634623000000075
            ],
            [
              -78.649569,
              -1.6634357000000055
            ]
          ],
          [
            [
              -78.649569,
              -1.6634357000000055
            ],
            [
              -78.6495963,
              -1.6634133000000064
            ]
          ],
          [
            [
              -78.6495963,
              -1.6634133000000064
            ],
            [
              -78.6495683,
              -1.6634237999999977
            ]
          ],
          [
            [
              -78.6495963,
              -1.6634133000000064
            ],
            [
              -78.6497246,
              -1.6633081000000005
            ]
          ],
          [
            [
              -78.6511147,
              -1.6667735000000037
            ],
            [
              -78.65113729427527,
              -1.6667537991751804
            ]
          ],
          [
            [
              -78.6511147,
              -1.6667735000000037
            ],
            [
              -78.6511033441991,
              -1.6667839174522245
            ]
          ],
          [
            [
              -78.6560564,
              -1.668901399999998
            ],
            [
              -78.6560523,
              -1.6689293000000043
            ]
          ],
          [
            [
              -78.6560523,
              -1.6689293000000043
            ],
            [
              -78.6560502,
              -1.6689437999999923
            ]
          ],
          [
            [
              -78.65725410000002,
              -1.661588699999997
            ],
            [
              -78.65743628907512,
              -1.661356960948279
            ]
          ],
          [
            [
              -78.6561416,
              -1.6626919999999932
            ],
            [
              -78.656956,
              -1.661999999999999
            ]
          ],
          [
            [
              -78.6561416,
              -1.6626919999999932
            ],
            [
              -78.6558637,
              -1.6623390000000016
            ]
          ],
          [
            [
              -78.656956,
              -1.661999999999999
            ],
            [
              -78.65725410000002,
              -1.661588699999997
            ]
          ],
          [
            [
              -78.656956,
              -1.661999999999999
            ],
            [
              -78.6573134103568,
              -1.6627197003750842
            ]
          ],
          [
            [
              -78.65725410000002,
              -1.661588699999997
            ],
            [
              -78.65713315248492,
              -1.6613194369833024
            ]
          ],
          [
            [
              -78.6522977,
              -1.6611631000000056
            ],
            [
              -78.65202179176583,
              -1.6609093763897815
            ]
          ],
          [
            [
              -78.6522977,
              -1.6611631000000056
            ],
            [
              -78.65200916279149,
              -1.661402175442796
            ]
          ],
          [
            [
              -78.6522977,
              -1.6611631000000056
            ],
            [
              -78.6525435,
              -1.660912900000005
            ]
          ],
          [
            [
              -78.6538594,
              -1.662375200000005
            ],
            [
              -78.6543152,
              -1.6618105000000047
            ]
          ],
          [
            [
              -78.6538594,
              -1.662375200000005
            ],
            [
              -78.653219,
              -1.661907299999994
            ]
          ],
          [
            [
              -78.6569167,
              -1.6631968999999946
            ],
            [
              -78.6570377,
              -1.6632131000000037
            ]
          ],
          [
            [
              -78.6570377,
              -1.6632131000000037
            ],
            [
              -78.65712190000002,
              -1.663235799999998
            ]
          ],
          [
            [
              -78.65712190000002,
              -1.663235799999998
            ],
            [
              -78.6572089,
              -1.6632712999999937
            ]
          ],
          [
            [
              -78.6572089,
              -1.6632712999999937
            ],
            [
              -78.6572567,
              -1.6633027000000076
            ]
          ],
          [
            [
              -78.6558637,
              -1.6623390000000016
            ],
            [
              -78.656281,
              -1.6617286999999967
            ]
          ],
          [
            [
              -78.6525435,
              -1.660912900000005
            ],
            [
              -78.6525584694045,
              -1.660893844407337
            ]
          ],
          [
            [
              -78.6492937,
              -1.6634361000000009
            ],
            [
              -78.6493027,
              -1.6633761000000076
            ]
          ],
          [
            [
              -78.6493027,
              -1.6633761000000076
            ],
            [
              -78.6493032,
              -1.663292900000006
            ]
          ],
          [
            [
              -78.6493032,
              -1.663292900000006
            ],
            [
              -78.64928733340447,
              -1.6631866967082234
            ]
          ],
          [
            [
              -78.6494125,
              -1.663358800000001
            ],
            [
              -78.6494237,
              -1.663415999999992
            ]
          ],
          [
            [
              -78.6494125,
              -1.663358800000001
            ],
            [
              -78.6494001,
              -1.6632966999999976
            ]
          ],
          [
            [
              -78.6494125,
              -1.663358800000001
            ],
            [
              -78.6494365,
              -1.6633886999999967
            ]
          ],
          [
            [
              -78.6494001,
              -1.6632966999999976
            ],
            [
              -78.64936517913627,
              -1.663087095612577
            ]
          ],
          [
            [
              -78.653219,
              -1.661907299999994
            ],
            [
              -78.6533903,
              -1.6616861
            ]
          ],
          [
            [
              -78.6494365,
              -1.6633886999999967
            ],
            [
              -78.6494602,
              -1.6634090000000048
            ]
          ],
          [
            [
              -78.6494602,
              -1.6634090000000048
            ],
            [
              -78.6494898,
              -1.663422500000004
            ]
          ],
          [
            [
              -78.6494898,
              -1.663422500000004
            ],
            [
              -78.6495345,
              -1.663425799999997
            ]
          ],
          [
            [
              -78.6495345,
              -1.663425799999997
            ],
            [
              -78.6495683,
              -1.6634237999999977
            ]
          ],
          [
            [
              -78.6497246,
              -1.6633081000000005
            ],
            [
              -78.649823142038,
              -1.663225823998177
            ]
          ],
          [
            [
              -78.65314864144142,
              -1.6649829758384325
            ],
            [
              -78.65313144913615,
              -1.6649974941580428
            ]
          ],
          [
            [
              -78.65313144913615,
              -1.6649974941580428
            ],
            [
              -78.65309705299354,
              -1.6650265405337152
            ]
          ],
          [
            [
              -78.65309705299354,
              -1.6650265405337152
            ],
            [
              -78.65306265685018,
              -1.6650555869073373
            ]
          ],
          [
            [
              -78.65299454052263,
              -1.6651149133480945
            ],
            [
              -78.65296092362469,
              -1.6651448872239922
            ]
          ],
          [
            [
              -78.65296092362469,
              -1.6651448872239922
            ],
            [
              -78.65292730672591,
              -1.6651748610978365
            ]
          ],
          [
            [
              -78.65292730672591,
              -1.6651748610978365
            ],
            [
              -78.65289368982629,
              -1.6652048349696618
            ]
          ],
          [
            [
              -78.65289368982629,
              -1.6652048349696618
            ],
            [
              -78.65286007292583,
              -1.6652348088394338
            ]
          ],
          [
            [
              -78.65286007292583,
              -1.6652348088394338
            ],
            [
              -78.65282645602454,
              -1.6652647827071865
            ]
          ],
          [
            [
              -78.65282645602454,
              -1.6652647827071865
            ],
            [
              -78.6527928391224,
              -1.6652947565729024
            ]
          ],
          [
            [
              -78.6527928391224,
              -1.6652947565729024
            ],
            [
              -78.65275922221942,
              -1.665324730436565
            ]
          ],
          [
            [
              -78.65275922221942,
              -1.665324730436565
            ],
            [
              -78.65272560531558,
              -1.6653547042982082
            ]
          ],
          [
            [
              -78.65272560531558,
              -1.6653547042982082
            ],
            [
              -78.65269198841091,
              -1.6653846781577983
            ]
          ],
          [
            [
              -78.65265841370332,
              -1.665414590093712
            ],
            [
              -78.65262454232113,
              -1.6654442720524965
            ]
          ],
          [
            [
              -78.65262454232113,
              -1.6654442720524965
            ],
            [
              -78.65259067093814,
              -1.665473954009239
            ]
          ],
          [
            [
              -78.65259067093814,
              -1.665473954009239
            ],
            [
              -78.65255679955433,
              -1.6655036359639397
            ]
          ],
          [
            [
              -78.65255679955433,
              -1.6655036359639397
            ],
            [
              -78.65252292816972,
              -1.6655333179165979
            ]
          ],
          [
            [
              -78.65252292816972,
              -1.6655333179165979
            ],
            [
              -78.65248905678426,
              -1.665562999867215
            ]
          ],
          [
            [
              -78.65248905678426,
              -1.665562999867215
            ],
            [
              -78.65245518539801,
              -1.6655926818157891
            ]
          ],
          [
            [
              -78.65245518539801,
              -1.6655926818157891
            ],
            [
              -78.65242131401094,
              -1.665622363762322
            ]
          ],
          [
            [
              -78.65242131401094,
              -1.665622363762322
            ],
            [
              -78.65238744262304,
              -1.665652045706812
            ]
          ],
          [
            [
              -78.65238744262304,
              -1.665652045706812
            ],
            [
              -78.65235357123433,
              -1.6656817276492606
            ]
          ],
          [
            [
              -78.65231966385963,
              -1.665711783000297
            ],
            [
              -78.65228658042845,
              -1.6657423374887528
            ]
          ],
          [
            [
              -78.65228658042845,
              -1.6657423374887528
            ],
            [
              -78.65225349699637,
              -1.6657728919751844
            ]
          ],
          [
            [
              -78.65225349699637,
              -1.6657728919751844
            ],
            [
              -78.6522204135634,
              -1.665803446459593
            ]
          ],
          [
            [
              -78.6522204135634,
              -1.665803446459593
            ],
            [
              -78.6521928901827,
              -1.6658288659085025
            ]
          ],
          [
            [
              -78.65158625200806,
              -1.66636577140391
            ],
            [
              -78.65158025385965,
              -1.6663709354385432
            ]
          ],
          [
            [
              -78.65158025385965,
              -1.6663709354385432
            ],
            [
              -78.6515461283156,
              -1.666400315418831
            ]
          ],
          [
            [
              -78.6515461283156,
              -1.666400315418831
            ],
            [
              -78.65151200277074,
              -1.6664296953970714
            ]
          ],
          [
            [
              -78.65151200277074,
              -1.6664296953970714
            ],
            [
              -78.65147787722509,
              -1.6664590753732809
            ]
          ],
          [
            [
              -78.65147787722509,
              -1.6664590753732809
            ],
            [
              -78.65144375167867,
              -1.666488455347426
            ]
          ],
          [
            [
              -78.6513749010229,
              -1.666546620563887
            ],
            [
              -78.65134095720424,
              -1.6665762175144865
            ]
          ],
          [
            [
              -78.65134095720424,
              -1.6665762175144865
            ],
            [
              -78.65130701338477,
              -1.666605814463058
            ]
          ],
          [
            [
              -78.65130701338477,
              -1.666605814463058
            ],
            [
              -78.6512730695645,
              -1.6666354114095685
            ]
          ],
          [
            [
              -78.6512730695645,
              -1.6666354114095685
            ],
            [
              -78.65123912574339,
              -1.6666650083540508
            ]
          ],
          [
            [
              -78.65123912574339,
              -1.6666650083540508
            ],
            [
              -78.65120518192151,
              -1.666694605296472
            ]
          ],
          [
            [
              -78.65120518192151,
              -1.666694605296472
            ],
            [
              -78.65117123809878,
              -1.6667242022368487
            ]
          ],
          [
            [
              -78.65117123809878,
              -1.6667242022368487
            ],
            [
              -78.65113729427527,
              -1.6667537991751804
            ]
          ],
          [
            [
              -78.6511033441991,
              -1.6667839174522245
            ],
            [
              -78.65107015711189,
              -1.6668143622334477
            ]
          ],
          [
            [
              -78.65107015711189,
              -1.6668143622334477
            ],
            [
              -78.65103697002381,
              -1.6668448070126434
            ]
          ],
          [
            [
              -78.65103697002381,
              -1.6668448070126434
            ],
            [
              -78.65100378293484,
              -1.6668752517898109
            ]
          ],
          [
            [
              -78.65100378293484,
              -1.6668752517898109
            ],
            [
              -78.65097059584498,
              -1.6669056965649345
            ]
          ],
          [
            [
              -78.65097059584498,
              -1.6669056965649345
            ],
            [
              -78.65093740875423,
              -1.6669361413380304
            ]
          ],
          [
            [
              -78.65093740875423,
              -1.6669361413380304
            ],
            [
              -78.6509042216626,
              -1.6669665861091152
            ]
          ],
          [
            [
              -78.6509042216626,
              -1.6669665861091152
            ],
            [
              -78.65087103457009,
              -1.6669970308781725
            ]
          ],
          [
            [
              -78.65083760759421,
              -1.6670268649500048
            ],
            [
              -78.65080353962193,
              -1.6670563142464165
            ]
          ],
          [
            [
              -78.65080353962193,
              -1.6670563142464165
            ],
            [
              -78.65076947164884,
              -1.6670857635407805
            ]
          ],
          [
            [
              -78.65076947164884,
              -1.6670857635407805
            ],
            [
              -78.65073540367496,
              -1.6671152128330977
            ]
          ],
          [
            [
              -78.65073540367496,
              -1.6671152128330977
            ],
            [
              -78.65070133570028,
              -1.6671446621233674
            ]
          ],
          [
            [
              -78.65070133570028,
              -1.6671446621233674
            ],
            [
              -78.6506672677248,
              -1.6671741114115892
            ]
          ],
          [
            [
              -78.6506672677248,
              -1.6671741114115892
            ],
            [
              -78.65063319974853,
              -1.667203560697764
            ]
          ],
          [
            [
              -78.65063319974853,
              -1.667203560697764
            ],
            [
              -78.65059913177147,
              -1.6672330099819084
            ]
          ],
          [
            [
              -78.65059913177147,
              -1.6672330099819084
            ],
            [
              -78.65056506379361,
              -1.667262459263988
            ]
          ],
          [
            [
              -78.65056506379361,
              -1.667262459263988
            ],
            [
              -78.65053099581496,
              -1.66729190854402
            ]
          ],
          [
            [
              -78.65053099581496,
              -1.66729190854402
            ],
            [
              -78.6504969278355,
              -1.6673213578220052
            ]
          ],
          [
            [
              -78.6504969278355,
              -1.6673213578220052
            ],
            [
              -78.65046285985527,
              -1.6673508070979424
            ]
          ],
          [
            [
              -78.65046285985527,
              -1.6673508070979424
            ],
            [
              -78.65042879187422,
              -1.667380256371832
            ]
          ],
          [
            [
              -78.65042879187422,
              -1.667380256371832
            ],
            [
              -78.65039472389239,
              -1.6674097056436736
            ]
          ],
          [
            [
              -78.65039472389239,
              -1.6674097056436736
            ],
            [
              -78.65036065590976,
              -1.6674391549134682
            ]
          ],
          [
            [
              -78.65036065590976,
              -1.6674391549134682
            ],
            [
              -78.65032658792633,
              -1.6674686041812148
            ]
          ],
          [
            [
              -78.65032658792633,
              -1.6674686041812148
            ],
            [
              -78.65029631676859,
              -1.6674947713699206
            ]
          ],
          [
            [
              -78.65030883608377,
              -1.6675710022128216
            ],
            [
              -78.6503375303781,
              -1.6676057630565153
            ]
          ],
          [
            [
              -78.6503375303781,
              -1.6676057630565153
            ],
            [
              -78.65036622467316,
              -1.6676405239012124
            ]
          ],
          [
            [
              -78.65036622467316,
              -1.6676405239012124
            ],
            [
              -78.65039491896897,
              -1.6676752847469138
            ]
          ],
          [
            [
              -78.65039491896897,
              -1.6676752847469138
            ],
            [
              -78.65042361326553,
              -1.6677100455936205
            ]
          ],
          [
            [
              -78.65042361326553,
              -1.6677100455936205
            ],
            [
              -78.65045230756283,
              -1.6677448064413298
            ]
          ],
          [
            [
              -78.65045230756283,
              -1.6677448064413298
            ],
            [
              -78.65048100186087,
              -1.6677795672900444
            ]
          ],
          [
            [
              -78.65048100186087,
              -1.6677795672900444
            ],
            [
              -78.65050969615965,
              -1.667814328139762
            ]
          ],
          [
            [
              -78.65050969615965,
              -1.667814328139762
            ],
            [
              -78.65053839045916,
              -1.6678490889904845
            ]
          ],
          [
            [
              -78.65053839045916,
              -1.6678490889904845
            ],
            [
              -78.65056708475943,
              -1.6678838498422104
            ]
          ],
          [
            [
              -78.65056708475943,
              -1.6678838498422104
            ],
            [
              -78.65059577906044,
              -1.667918610694924
            ]
          ],
          [
            [
              -78.65059577906044,
              -1.667918610694924
            ],
            [
              -78.65062447336219,
              -1.667953371548658
            ]
          ],
          [
            [
              -78.65062447336219,
              -1.667953371548658
            ],
            [
              -78.65065316766467,
              -1.6679881324033963
            ]
          ],
          [
            [
              -78.65065316766467,
              -1.6679881324033963
            ],
            [
              -78.65068186196791,
              -1.668022893259138
            ]
          ],
          [
            [
              -78.65068186196791,
              -1.668022893259138
            ],
            [
              -78.65071055627189,
              -1.6680576541158842
            ]
          ],
          [
            [
              -78.65076767125858,
              -1.668127233638331
            ],
            [
              -78.65079618495838,
              -1.668162149799989
            ]
          ],
          [
            [
              -78.65079618495838,
              -1.668162149799989
            ],
            [
              -78.65082469865894,
              -1.6681970659626357
            ]
          ],
          [
            [
              -78.65082469865894,
              -1.6681970659626357
            ],
            [
              -78.6508532123602,
              -1.6682319821262883
            ]
          ],
          [
            [
              -78.6508532123602,
              -1.6682319821262883
            ],
            [
              -78.6508817260622,
              -1.6682668982909479
            ]
          ],
          [
            [
              -78.6508817260622,
              -1.6682668982909479
            ],
            [
              -78.6509102397649,
              -1.6683018144566306
            ]
          ],
          [
            [
              -78.6509102397649,
              -1.6683018144566306
            ],
            [
              -78.65093875346834,
              -1.6683367306233023
            ]
          ],
          [
            [
              -78.65093875346834,
              -1.6683367306233023
            ],
            [
              -78.6509672671725,
              -1.6683716467909808
            ]
          ],
          [
            [
              -78.6509672671725,
              -1.6683716467909808
            ],
            [
              -78.65099578087741,
              -1.6684065629596647
            ]
          ],
          [
            [
              -78.65099578087741,
              -1.6684065629596647
            ],
            [
              -78.65102429458302,
              -1.6684414791293554
            ]
          ],
          [
            [
              -78.65102429458302,
              -1.6684414791293554
            ],
            [
              -78.65105280828936,
              -1.6684763953000685
            ]
          ],
          [
            [
              -78.65105280828936,
              -1.6684763953000685
            ],
            [
              -78.65108132199643,
              -1.6685113114717713
            ]
          ],
          [
            [
              -78.65108132199643,
              -1.6685113114717713
            ],
            [
              -78.65110983570423,
              -1.6685462276444798
            ]
          ],
          [
            [
              -78.65110983570423,
              -1.6685462276444798
            ],
            [
              -78.65113834941275,
              -1.6685811438181943
            ]
          ],
          [
            [
              -78.65113834941275,
              -1.6685811438181943
            ],
            [
              -78.651166863122,
              -1.6686160599929154
            ]
          ],
          [
            [
              -78.651166863122,
              -1.6686160599929154
            ],
            [
              -78.65119537683198,
              -1.668650976168658
            ]
          ],
          [
            [
              -78.65125241217564,
              -1.6687208056130678
            ],
            [
              -78.6512809327064,
              -1.668755715988725
            ]
          ],
          [
            [
              -78.6512809327064,
              -1.668755715988725
            ],
            [
              -78.6513094532379,
              -1.6687906263653716
            ]
          ],
          [
            [
              -78.6513094532379,
              -1.6687906263653716
            ],
            [
              -78.65133797377013,
              -1.6688255367430407
            ]
          ],
          [
            [
              -78.65133797377013,
              -1.6688255367430407
            ],
            [
              -78.65136649430306,
              -1.6688604471217152
            ]
          ],
          [
            [
              -78.65136649430306,
              -1.6688604471217152
            ],
            [
              -78.65139501483674,
              -1.6688953575013787
            ]
          ],
          [
            [
              -78.65139501483674,
              -1.6688953575013787
            ],
            [
              -78.65142353537114,
              -1.6689302678820643
            ]
          ],
          [
            [
              -78.65142353537114,
              -1.6689302678820643
            ],
            [
              -78.65145205590628,
              -1.6689651782637565
            ]
          ],
          [
            [
              -78.65145205590628,
              -1.6689651782637565
            ],
            [
              -78.65148057644213,
              -1.6690000886464538
            ]
          ],
          [
            [
              -78.65148057644213,
              -1.6690000886464538
            ],
            [
              -78.6515090969787,
              -1.6690349990301396
            ]
          ],
          [
            [
              -78.6515090969787,
              -1.6690349990301396
            ],
            [
              -78.65153761751601,
              -1.669069909414848
            ]
          ],
          [
            [
              -78.65153761751601,
              -1.669069909414848
            ],
            [
              -78.65156613805405,
              -1.669104819800562
            ]
          ],
          [
            [
              -78.65156613805405,
              -1.669104819800562
            ],
            [
              -78.65158145332704,
              -1.6691235663644484
            ]
          ],
          [
            [
              -78.65319589075239,
              -1.6686756751658929
            ],
            [
              -78.65321296716115,
              -1.6686978005907371
            ]
          ],
          [
            [
              -78.65321296716115,
              -1.6686978005907371
            ],
            [
              -78.65324051659444,
              -1.668733495620441
            ]
          ],
          [
            [
              -78.65324051659444,
              -1.668733495620441
            ],
            [
              -78.65326806602836,
              -1.6687691906511588
            ]
          ],
          [
            [
              -78.65326806602836,
              -1.6687691906511588
            ],
            [
              -78.65329561546291,
              -1.668804885682908
            ]
          ]
        ]
      }
    },
    {
      "type": "Feature",
      "properties": {
        "nombre": "Red vial OSM alcanzable a 200 m desde el limite exterior de Poligono de referencia",
        "target_name": "Poligono de referencia",
        "target_platform": "Poligono de referencia",
        "distance_m": 200,
        "mode": "walking",
        "source_type": "polygon_boundary_outer",
        "boundary_sample_step_m": 5,
        "boundary_samples": 358,
        "source_nodes": 357,
        "snap_promedio_m": 1.17,
        "snap_p95_m": 2.75,
        "snap_max_m": 4.26,
        "segmentos_red": 321,
        "longitud_red_m": 10459.42
      },
      "geometry": {
        "type": "MultiLineString",
        "coordinates": [
          [
            [
              -78.6548457,
              -1.6695267999999985
            ],
            [
              -78.65463896476857,
              -1.669708010971265
            ]
          ],
          [
            [
              -78.6550437,
              -1.6642908999999957
            ],
            [
              -78.6555805,
              -1.664914599999998
            ]
          ],
          [
            [
              -78.6550437,
              -1.6642908999999957
            ],
            [
              -78.6552094,
              -1.6641500999999932
            ]
          ],
          [
            [
              -78.6550437,
              -1.6642908999999957
            ],
            [
              -78.6547494,
              -1.664551199999998
            ]
          ],
          [
            [
              -78.6550437,
              -1.6642908999999957
            ],
            [
              -78.6549385,
              -1.6641704999999969
            ]
          ],
          [
            [
              -78.6555805,
              -1.664914599999998
            ],
            [
              -78.6560608,
              -1.665467699999994
            ]
          ],
          [
            [
              -78.6555805,
              -1.664914599999998
            ],
            [
              -78.656037,
              -1.6645251000000059
            ]
          ],
          [
            [
              -78.6555805,
              -1.664914599999998
            ],
            [
              -78.6550245537433,
              -1.6653925221508052
            ]
          ],
          [
            [
              -78.6560608,
              -1.665467699999994
            ],
            [
              -78.6565331,
              -1.6660148000000012
            ]
          ],
          [
            [
              -78.6560608,
              -1.665467699999994
            ],
            [
              -78.65550601908494,
              -1.6659522015790345
            ]
          ],
          [
            [
              -78.6560608,
              -1.665467699999994
            ],
            [
              -78.65678390000001,
              -1.664829300000007
            ]
          ],
          [
            [
              -78.6565331,
              -1.6660148000000012
            ],
            [
              -78.65673741998924,
              -1.6662473454688196
            ]
          ],
          [
            [
              -78.6565331,
              -1.6660148000000012
            ],
            [
              -78.6567656886695,
              -1.6658109121875206
            ]
          ],
          [
            [
              -78.6565331,
              -1.6660148000000012
            ],
            [
              -78.6559516,
              -1.666524600000008
            ]
          ],
          [
            [
              -78.6564378,
              -1.6671027000000052
            ],
            [
              -78.6566863133462,
              -1.6668886978836595
            ]
          ],
          [
            [
              -78.65678390000001,
              -1.664829300000007
            ],
            [
              -78.65681306564757,
              -1.6648044286811412
            ]
          ],
          [
            [
              -78.65678390000001,
              -1.664829300000007
            ],
            [
              -78.6563074,
              -1.6642681000000064
            ]
          ],
          [
            [
              -78.6554749,
              -1.6680898999999973
            ],
            [
              -78.65561474913689,
              -1.6679719154108152
            ]
          ],
          [
            [
              -78.6554749,
              -1.6680898999999973
            ],
            [
              -78.6554478,
              -1.6681117999999993
            ]
          ],
          [
            [
              -78.6554749,
              -1.6680898999999973
            ],
            [
              -78.655507,
              -1.6681097999999936
            ]
          ],
          [
            [
              -78.6554478,
              -1.6681117999999993
            ],
            [
              -78.6553878,
              -1.6681648999999938
            ]
          ],
          [
            [
              -78.6554478,
              -1.6681117999999993
            ],
            [
              -78.6553819,
              -1.6680316999999993
            ]
          ],
          [
            [
              -78.6554478,
              -1.6681117999999993
            ],
            [
              -78.6554668,
              -1.6681370000000009
            ]
          ],
          [
            [
              -78.6553878,
              -1.6681648999999938
            ],
            [
              -78.6548657,
              -1.6686403999999941
            ]
          ],
          [
            [
              -78.6553878,
              -1.6681648999999938
            ],
            [
              -78.65553130729843,
              -1.668352840925593
            ]
          ],
          [
            [
              -78.6553878,
              -1.6681648999999938
            ],
            [
              -78.6553253,
              -1.6680810000000055
            ]
          ],
          [
            [
              -78.6548657,
              -1.6686403999999941
            ],
            [
              -78.6544369,
              -1.6690034000000034
            ]
          ],
          [
            [
              -78.6544369,
              -1.6690034000000034
            ],
            [
              -78.6546872,
              -1.669334799999993
            ]
          ],
          [
            [
              -78.6544369,
              -1.6690034000000034
            ],
            [
              -78.6543688,
              -1.6689078000000082
            ]
          ],
          [
            [
              -78.6544369,
              -1.6690034000000034
            ],
            [
              -78.6535045,
              -1.6697796999999999
            ]
          ],
          [
            [
              -78.6532791,
              -1.6698559000000004
            ],
            [
              -78.6537866,
              -1.6694125
            ]
          ],
          [
            [
              -78.6532791,
              -1.6698559000000004
            ],
            [
              -78.652913,
              -1.6701917999999925
            ]
          ],
          [
            [
              -78.6532791,
              -1.6698559000000004
            ],
            [
              -78.6527806,
              -1.6693043999999926
            ]
          ],
          [
            [
              -78.6532791,
              -1.6698559000000004
            ],
            [
              -78.6533408,
              -1.6699278000000044
            ]
          ],
          [
            [
              -78.6537866,
              -1.6694125
            ],
            [
              -78.6540938,
              -1.6691349999999985
            ]
          ],
          [
            [
              -78.6537866,
              -1.6694125
            ],
            [
              -78.6537643,
              -1.669383000000004
            ]
          ],
          [
            [
              -78.6537866,
              -1.6694125
            ],
            [
              -78.6533177,
              -1.6688335000000087
            ]
          ],
          [
            [
              -78.6540938,
              -1.6691349999999985
            ],
            [
              -78.6543688,
              -1.6689078000000082
            ]
          ],
          [
            [
              -78.6540938,
              -1.6691349999999985
            ],
            [
              -78.65367626424282,
              -1.6685527295322258
            ]
          ],
          [
            [
              -78.6543688,
              -1.6689078000000082
            ],
            [
              -78.6547812,
              -1.6685544000000012
            ]
          ],
          [
            [
              -78.6543688,
              -1.6689078000000082
            ],
            [
              -78.6542252,
              -1.668716100000003
            ]
          ],
          [
            [
              -78.6547812,
              -1.6685544000000012
            ],
            [
              -78.6553253,
              -1.6680810000000055
            ]
          ],
          [
            [
              -78.6547812,
              -1.6685544000000012
            ],
            [
              -78.654350652551,
              -1.667976482035421
            ]
          ],
          [
            [
              -78.6553253,
              -1.6680810000000055
            ],
            [
              -78.6553819,
              -1.6680316999999993
            ]
          ],
          [
            [
              -78.6553253,
              -1.6680810000000055
            ],
            [
              -78.6548754,
              -1.6674778999999968
            ]
          ],
          [
            [
              -78.6553819,
              -1.6680316999999993
            ],
            [
              -78.6558726,
              -1.667591500000008
            ]
          ],
          [
            [
              -78.6553819,
              -1.6680316999999993
            ],
            [
              -78.6549222,
              -1.6674367999999926
            ]
          ],
          [
            [
              -78.6558726,
              -1.667591500000008
            ],
            [
              -78.6564378,
              -1.6671027000000052
            ]
          ],
          [
            [
              -78.6558726,
              -1.667591500000008
            ],
            [
              -78.6553859,
              -1.6670205000000038
            ]
          ],
          [
            [
              -78.6564378,
              -1.6671027000000052
            ],
            [
              -78.6559516,
              -1.666524600000008
            ]
          ],
          [
            [
              -78.6550312,
              -1.6693809000000064
            ],
            [
              -78.65506579924913,
              -1.6693633923674311
            ]
          ],
          [
            [
              -78.6550312,
              -1.6693809000000064
            ],
            [
              -78.6548457,
              -1.6695267999999985
            ]
          ],
          [
            [
              -78.6548457,
              -1.6695267999999985
            ],
            [
              -78.65501372451321,
              -1.6697448096527194
            ]
          ],
          [
            [
              -78.6548457,
              -1.6695267999999985
            ],
            [
              -78.6546872,
              -1.669334799999993
            ]
          ],
          [
            [
              -78.6533408,
              -1.6699278000000044
            ],
            [
              -78.65352522509977,
              -1.6701512727565673
            ]
          ],
          [
            [
              -78.6559516,
              -1.666524600000008
            ],
            [
              -78.6553859,
              -1.6670205000000038
            ]
          ],
          [
            [
              -78.6559516,
              -1.666524600000008
            ],
            [
              -78.65550577483904,
              -1.6659898788968148
            ]
          ],
          [
            [
              -78.6553859,
              -1.6670205000000038
            ],
            [
              -78.6549222,
              -1.6674367999999926
            ]
          ],
          [
            [
              -78.6553859,
              -1.6670205000000038
            ],
            [
              -78.65493217437083,
              -1.6664843139959307
            ]
          ],
          [
            [
              -78.6549222,
              -1.6674367999999926
            ],
            [
              -78.6548754,
              -1.6674778999999968
            ]
          ],
          [
            [
              -78.6549222,
              -1.6674367999999926
            ],
            [
              -78.65446687156116,
              -1.6668853975525357
            ]
          ],
          [
            [
              -78.6548754,
              -1.6674778999999968
            ],
            [
              -78.65433793392795,
              -1.667943434230389
            ]
          ],
          [
            [
              -78.6548754,
              -1.6674778999999968
            ],
            [
              -78.65439627014311,
              -1.6669462547978202
            ]
          ],
          [
            [
              -78.6533177,
              -1.6688335000000087
            ],
            [
              -78.6527806,
              -1.6693043999999926
            ]
          ],
          [
            [
              -78.6533177,
              -1.6688335000000087
            ],
            [
              -78.6528638988587,
              -1.6682730793495328
            ]
          ],
          [
            [
              -78.6533177,
              -1.6688335000000087
            ],
            [
              -78.65329561546291,
              -1.668804885682908
            ]
          ],
          [
            [
              -78.6533177,
              -1.6688335000000087
            ],
            [
              -78.65332347446578,
              -1.6688406049459514
            ]
          ],
          [
            [
              -78.6533177,
              -1.6688335000000087
            ],
            [
              -78.65331900367454,
              -1.6688323887821213
            ]
          ],
          [
            [
              -78.6527806,
              -1.6693043999999926
            ],
            [
              -78.6524229,
              -1.6696179
            ]
          ],
          [
            [
              -78.6527806,
              -1.6693043999999926
            ],
            [
              -78.65232176309544,
              -1.6687570121816435
            ]
          ],
          [
            [
              -78.6491165,
              -1.668540300000006
            ],
            [
              -78.6489615869468,
              -1.6686725197690562
            ]
          ],
          [
            [
              -78.6491165,
              -1.668540300000006
            ],
            [
              -78.6497047,
              -1.668021300000002
            ]
          ],
          [
            [
              -78.6491165,
              -1.668540300000006
            ],
            [
              -78.6495927,
              -1.6690984999999992
            ]
          ],
          [
            [
              -78.6491165,
              -1.668540300000006
            ],
            [
              -78.64898690869391,
              -1.6683828917053605
            ]
          ],
          [
            [
              -78.6497047,
              -1.668021300000002
            ],
            [
              -78.6502669,
              -1.667520199999996
            ]
          ],
          [
            [
              -78.6497047,
              -1.668021300000002
            ],
            [
              -78.6492564,
              -1.6674477000000039
            ]
          ],
          [
            [
              -78.6497047,
              -1.668021300000002
            ],
            [
              -78.6501824,
              -1.6685767000000036
            ]
          ],
          [
            [
              -78.6502669,
              -1.667520199999996
            ],
            [
              -78.6497815,
              -1.6669705999999949
            ]
          ],
          [
            [
              -78.6502669,
              -1.667520199999996
            ],
            [
              -78.65029631676859,
              -1.6674947713699206
            ]
          ],
          [
            [
              -78.6502669,
              -1.667520199999996
            ],
            [
              -78.65030883608377,
              -1.6675710022128216
            ]
          ],
          [
            [
              -78.65265770000002,
              -1.6704207000000066
            ],
            [
              -78.65241829920237,
              -1.6706252285372118
            ]
          ],
          [
            [
              -78.6515952,
              -1.6703358000000064
            ],
            [
              -78.65180010869042,
              -1.670573563948644
            ]
          ],
          [
            [
              -78.65265770000002,
              -1.6704207000000066
            ],
            [
              -78.652913,
              -1.6701917999999925
            ]
          ],
          [
            [
              -78.65265770000002,
              -1.6704207000000066
            ],
            [
              -78.65285864895091,
              -1.670663554762179
            ]
          ],
          [
            [
              -78.65265770000002,
              -1.6704207000000066
            ],
            [
              -78.6522037,
              -1.6698688000000004
            ]
          ],
          [
            [
              -78.652913,
              -1.6701917999999925
            ],
            [
              -78.6524229,
              -1.6696179
            ]
          ],
          [
            [
              -78.6498962,
              -1.6658290999999943
            ],
            [
              -78.64972733494274,
              -1.6656427084799739
            ]
          ],
          [
            [
              -78.6493889,
              -1.6661723999999967
            ],
            [
              -78.64938863081173,
              -1.666158442813919
            ]
          ],
          [
            [
              -78.6498962,
              -1.6658290999999943
            ],
            [
              -78.6503727,
              -1.666451099999999
            ]
          ],
          [
            [
              -78.6498962,
              -1.6658290999999943
            ],
            [
              -78.6493934,
              -1.6662737999999961
            ]
          ],
          [
            [
              -78.6498962,
              -1.6658290999999943
            ],
            [
              -78.6504479,
              -1.6653072999999956
            ]
          ],
          [
            [
              -78.6503727,
              -1.666451099999999
            ],
            [
              -78.6508533,
              -1.667013300000006
            ]
          ],
          [
            [
              -78.6503727,
              -1.666451099999999
            ],
            [
              -78.6509674,
              -1.6659420000000058
            ]
          ],
          [
            [
              -78.6503727,
              -1.666451099999999
            ],
            [
              -78.65008660000001,
              -1.666701400000007
            ]
          ],
          [
            [
              -78.6508533,
              -1.667013300000006
            ],
            [
              -78.65085387022442,
              -1.6670139651622948
            ]
          ],
          [
            [
              -78.6508533,
              -1.667013300000006
            ],
            [
              -78.65087103457009,
              -1.6669970308781725
            ]
          ],
          [
            [
              -78.6508533,
              -1.667013300000006
            ],
            [
              -78.65083760759421,
              -1.6670268649500048
            ]
          ],
          [
            [
              -78.650554,
              -1.6702652999999967
            ],
            [
              -78.6507262873918,
              -1.6704729838830061
            ]
          ],
          [
            [
              -78.6515952,
              -1.6703358000000064
            ],
            [
              -78.6513583034811,
              -1.6705412762171705
            ]
          ],
          [
            [
              -78.650554,
              -1.6702652999999967
            ],
            [
              -78.6500754,
              -1.6696903999999921
            ]
          ],
          [
            [
              -78.650554,
              -1.6702652999999967
            ],
            [
              -78.65034788239575,
              -1.670438992521183
            ]
          ],
          [
            [
              -78.650554,
              -1.6702652999999967
            ],
            [
              -78.6511431,
              -1.6697532000000048
            ]
          ],
          [
            [
              -78.6500754,
              -1.6696903999999921
            ],
            [
              -78.6495927,
              -1.6690984999999992
            ]
          ],
          [
            [
              -78.6500754,
              -1.6696903999999921
            ],
            [
              -78.64988545440814,
              -1.6698623609108816
            ]
          ],
          [
            [
              -78.6500754,
              -1.6696903999999921
            ],
            [
              -78.6506703,
              -1.6691763999999998
            ]
          ],
          [
            [
              -78.6495927,
              -1.6690984999999992
            ],
            [
              -78.6501824,
              -1.6685767000000036
            ]
          ],
          [
            [
              -78.6495927,
              -1.6690984999999992
            ],
            [
              -78.64940823445414,
              -1.6692645054246817
            ]
          ],
          [
            [
              -78.6517085,
              -1.6642475999999928
            ],
            [
              -78.6515237628796,
              -1.6640266943555577
            ]
          ],
          [
            [
              -78.6517085,
              -1.6642475999999928
            ],
            [
              -78.6522238,
              -1.664862100000002
            ]
          ],
          [
            [
              -78.6517085,
              -1.6642475999999928
            ],
            [
              -78.651381,
              -1.6645255000000057
            ]
          ],
          [
            [
              -78.6517085,
              -1.6642475999999928
            ],
            [
              -78.6520649,
              -1.6639496000000022
            ]
          ],
          [
            [
              -78.6522238,
              -1.664862100000002
            ],
            [
              -78.65266,
              -1.6654132000000061
            ]
          ],
          [
            [
              -78.6522238,
              -1.664862100000002
            ],
            [
              -78.6526131,
              -1.6645386999999918
            ]
          ],
          [
            [
              -78.6522238,
              -1.664862100000002
            ],
            [
              -78.6518888,
              -1.6651402999999931
            ]
          ],
          [
            [
              -78.65266,
              -1.6654132000000061
            ],
            [
              -78.65269198841091,
              -1.6653846781577983
            ]
          ],
          [
            [
              -78.65266,
              -1.6654132000000061
            ],
            [
              -78.65265841370332,
              -1.665414590093712
            ]
          ],
          [
            [
              -78.6493109,
              -1.6663311000000058
            ],
            [
              -78.64916955988184,
              -1.6661680933713003
            ]
          ],
          [
            [
              -78.6525005,
              -1.6635827000000074
            ],
            [
              -78.65229930633393,
              -1.663347857891276
            ]
          ],
          [
            [
              -78.6520649,
              -1.6639496000000022
            ],
            [
              -78.65188413445563,
              -1.663714369738131
            ]
          ],
          [
            [
              -78.651381,
              -1.6645255000000057
            ],
            [
              -78.65120329600468,
              -1.6643209988337977
            ]
          ],
          [
            [
              -78.6504479,
              -1.6653072999999956
            ],
            [
              -78.6503013357859,
              -1.6651208342943853
            ]
          ],
          [
            [
              -78.6504564,
              -1.6653002000000006
            ],
            [
              -78.65031134699503,
              -1.665121064817745
            ]
          ],
          [
            [
              -78.6523269,
              -1.6657051000000003
            ],
            [
              -78.6518888,
              -1.6651402999999931
            ]
          ],
          [
            [
              -78.6523269,
              -1.6657051000000003
            ],
            [
              -78.65235357123433,
              -1.6656817276492606
            ]
          ],
          [
            [
              -78.6523269,
              -1.6657051000000003
            ],
            [
              -78.65231966385963,
              -1.665711783000297
            ]
          ],
          [
            [
              -78.6518888,
              -1.6651402999999931
            ],
            [
              -78.651381,
              -1.6645255000000057
            ]
          ],
          [
            [
              -78.6518888,
              -1.6651402999999931
            ],
            [
              -78.6514883,
              -1.6654612999999998
            ]
          ],
          [
            [
              -78.651381,
              -1.6645255000000057
            ],
            [
              -78.65117354010648,
              -1.664699323948356
            ]
          ],
          [
            [
              -78.65415202969392,
              -1.664378256530831
            ],
            [
              -78.6547153,
              -1.6639031000000055
            ]
          ],
          [
            [
              -78.6547153,
              -1.6639031000000055
            ],
            [
              -78.6543271,
              -1.6634551000000055
            ]
          ],
          [
            [
              -78.6547153,
              -1.6639031000000055
            ],
            [
              -78.6549385,
              -1.6641704999999969
            ]
          ],
          [
            [
              -78.6547153,
              -1.6639031000000055
            ],
            [
              -78.65545580000001,
              -1.6632790000000017
            ]
          ],
          [
            [
              -78.6514883,
              -1.6654612999999998
            ],
            [
              -78.65114319629657,
              -1.6650272760280804
            ]
          ],
          [
            [
              -78.6504564,
              -1.6653002000000006
            ],
            [
              -78.65063288973985,
              -1.665152371615826
            ]
          ],
          [
            [
              -78.6514883,
              -1.6654612999999998
            ],
            [
              -78.6509725,
              -1.6659375000000072
            ]
          ],
          [
            [
              -78.6530328,
              -1.6650807999999995
            ],
            [
              -78.6526131,
              -1.6645386999999918
            ]
          ],
          [
            [
              -78.6530328,
              -1.6650807999999995
            ],
            [
              -78.65306265685018,
              -1.6650555869073373
            ]
          ],
          [
            [
              -78.6530328,
              -1.6650807999999995
            ],
            [
              -78.6530349801947,
              -1.6650835721291743
            ]
          ],
          [
            [
              -78.6530328,
              -1.6650807999999995
            ],
            [
              -78.65299454052263,
              -1.6651149133480945
            ]
          ],
          [
            [
              -78.6526131,
              -1.6645386999999918
            ],
            [
              -78.6520649,
              -1.6639496000000022
            ]
          ],
          [
            [
              -78.6526131,
              -1.6645386999999918
            ],
            [
              -78.6530231,
              -1.6641981999999957
            ]
          ],
          [
            [
              -78.6520649,
              -1.6639496000000022
            ],
            [
              -78.6525005,
              -1.6635827000000074
            ]
          ],
          [
            [
              -78.6511431,
              -1.6697532000000048
            ],
            [
              -78.6517007462561,
              -1.669273865333101
            ]
          ],
          [
            [
              -78.6511431,
              -1.6697532000000048
            ],
            [
              -78.6506703,
              -1.6691763999999998
            ]
          ],
          [
            [
              -78.6511431,
              -1.6697532000000048
            ],
            [
              -78.6515952,
              -1.6703358000000064
            ]
          ],
          [
            [
              -78.6563074,
              -1.6642681000000064
            ],
            [
              -78.655867,
              -1.663752899999994
            ]
          ],
          [
            [
              -78.6563074,
              -1.6642681000000064
            ],
            [
              -78.656037,
              -1.6645251000000059
            ]
          ],
          [
            [
              -78.6563074,
              -1.6642681000000064
            ],
            [
              -78.65637011193502,
              -1.664212963704765
            ]
          ],
          [
            [
              -78.655867,
              -1.663752899999994
            ],
            [
              -78.65545580000001,
              -1.6632790000000017
            ]
          ],
          [
            [
              -78.655867,
              -1.663752899999994
            ],
            [
              -78.6556442,
              -1.663855699999998
            ]
          ],
          [
            [
              -78.655867,
              -1.663752899999994
            ],
            [
              -78.65591650000358,
              -1.6637092971995229
            ]
          ],
          [
            [
              -78.65545580000001,
              -1.6632790000000017
            ],
            [
              -78.65540919720311,
              -1.6632252917729744
            ]
          ],
          [
            [
              -78.65545580000001,
              -1.6632790000000017
            ],
            [
              -78.65550977158588,
              -1.6632328038876822
            ]
          ],
          [
            [
              -78.6547055,
              -1.6630174999999945
            ],
            [
              -78.65481536440859,
              -1.662853354225879
            ]
          ],
          [
            [
              -78.6506703,
              -1.6691763999999998
            ],
            [
              -78.651227,
              -1.6686897000000058
            ]
          ],
          [
            [
              -78.6506703,
              -1.6691763999999998
            ],
            [
              -78.6501824,
              -1.6685767000000036
            ]
          ],
          [
            [
              -78.651227,
              -1.6686897000000058
            ],
            [
              -78.65119537683198,
              -1.668650976168658
            ]
          ],
          [
            [
              -78.651227,
              -1.6686897000000058
            ],
            [
              -78.65123307028793,
              -1.6686846333112428
            ]
          ],
          [
            [
              -78.651227,
              -1.6686897000000058
            ],
            [
              -78.65125241217564,
              -1.6687208056130678
            ]
          ],
          [
            [
              -78.6537643,
              -1.669383000000004
            ],
            [
              -78.65332347446578,
              -1.6688406049459514
            ]
          ],
          [
            [
              -78.6514169,
              -1.6665100000000057
            ],
            [
              -78.6509674,
              -1.6659420000000058
            ]
          ],
          [
            [
              -78.6514169,
              -1.6665100000000057
            ],
            [
              -78.6514286,
              -1.6665015000000063
            ]
          ],
          [
            [
              -78.6514169,
              -1.6665100000000057
            ],
            [
              -78.65141952707012,
              -1.666513331257055
            ]
          ],
          [
            [
              -78.6514169,
              -1.6665100000000057
            ],
            [
              -78.6513749010229,
              -1.666546620563887
            ]
          ],
          [
            [
              -78.6509674,
              -1.6659420000000058
            ],
            [
              -78.6504479,
              -1.6653072999999956
            ]
          ],
          [
            [
              -78.6509674,
              -1.6659420000000058
            ],
            [
              -78.6509725,
              -1.6659375000000072
            ]
          ],
          [
            [
              -78.6504479,
              -1.6653072999999956
            ],
            [
              -78.6504564,
              -1.6653002000000006
            ]
          ],
          [
            [
              -78.6524229,
              -1.6696179
            ],
            [
              -78.6520784,
              -1.669220799999994
            ]
          ],
          [
            [
              -78.6524229,
              -1.6696179
            ],
            [
              -78.6521745,
              -1.6698332999999985
            ]
          ],
          [
            [
              -78.6520784,
              -1.669220799999994
            ],
            [
              -78.6519578661915,
              -1.6690818412192214
            ]
          ],
          [
            [
              -78.6554668,
              -1.6681370000000009
            ],
            [
              -78.65558246171169,
              -1.6682833486817854
            ]
          ],
          [
            [
              -78.6554668,
              -1.6681370000000009
            ],
            [
              -78.655507,
              -1.6681097999999936
            ]
          ],
          [
            [
              -78.65359640000001,
              -1.6637220999999967
            ],
            [
              -78.6533716,
              -1.663908700000002
            ]
          ],
          [
            [
              -78.65359640000001,
              -1.6637220999999967
            ],
            [
              -78.6530731,
              -1.6631015000000082
            ]
          ],
          [
            [
              -78.65359640000001,
              -1.6637220999999967
            ],
            [
              -78.6538401,
              -1.6640381000000044
            ]
          ],
          [
            [
              -78.6533716,
              -1.663908700000002
            ],
            [
              -78.6530231,
              -1.6641981999999957
            ]
          ],
          [
            [
              -78.6530231,
              -1.6641981999999957
            ],
            [
              -78.6525005,
              -1.6635827000000074
            ]
          ],
          [
            [
              -78.6530231,
              -1.6641981999999957
            ],
            [
              -78.65343311573515,
              -1.6647312007146402
            ]
          ],
          [
            [
              -78.6509725,
              -1.6659375000000072
            ],
            [
              -78.6514286,
              -1.6665015000000063
            ]
          ],
          [
            [
              -78.6509725,
              -1.6659375000000072
            ],
            [
              -78.6504564,
              -1.6653002000000006
            ]
          ],
          [
            [
              -78.65008660000001,
              -1.666701400000007
            ],
            [
              -78.6497815,
              -1.6669705999999949
            ]
          ],
          [
            [
              -78.6497815,
              -1.6669705999999949
            ],
            [
              -78.6492564,
              -1.6674477000000039
            ]
          ],
          [
            [
              -78.6497815,
              -1.6669705999999949
            ],
            [
              -78.6494233,
              -1.666486199999997
            ]
          ],
          [
            [
              -78.6492564,
              -1.6674477000000039
            ],
            [
              -78.64903328758048,
              -1.6676469284088637
            ]
          ],
          [
            [
              -78.6492564,
              -1.6674477000000039
            ],
            [
              -78.64906678824612,
              -1.667215981511195
            ]
          ],
          [
            [
              -78.6530731,
              -1.6631015000000082
            ],
            [
              -78.65286406347245,
              -1.6628528513361467
            ]
          ],
          [
            [
              -78.6530731,
              -1.6631015000000082
            ],
            [
              -78.6525005,
              -1.6635827000000074
            ]
          ],
          [
            [
              -78.6530731,
              -1.6631015000000082
            ],
            [
              -78.65331153358882,
              -1.662881260674221
            ]
          ],
          [
            [
              -78.655507,
              -1.6681097999999936
            ],
            [
              -78.65561664166583,
              -1.6680146338820245
            ]
          ],
          [
            [
              -78.655507,
              -1.6681097999999936
            ],
            [
              -78.65559929711209,
              -1.6682220650888608
            ]
          ],
          [
            [
              -78.6547055,
              -1.6630174999999945
            ],
            [
              -78.6543271,
              -1.6634551000000055
            ]
          ],
          [
            [
              -78.6547055,
              -1.6630174999999945
            ],
            [
              -78.65454849781823,
              -1.6628983149268894
            ]
          ],
          [
            [
              -78.6543271,
              -1.6634551000000055
            ],
            [
              -78.6538401,
              -1.6640381000000044
            ]
          ],
          [
            [
              -78.6538401,
              -1.6640381000000044
            ],
            [
              -78.6540002911921,
              -1.6642292191945318
            ]
          ],
          [
            [
              -78.650738,
              -1.6680908999999975
            ],
            [
              -78.6501824,
              -1.6685767000000036
            ]
          ],
          [
            [
              -78.650738,
              -1.6680908999999975
            ],
            [
              -78.65071055627189,
              -1.6680576541158842
            ]
          ],
          [
            [
              -78.650738,
              -1.6680908999999975
            ],
            [
              -78.65075203718679,
              -1.6680785724803773
            ]
          ],
          [
            [
              -78.650738,
              -1.6680908999999975
            ],
            [
              -78.65076767125858,
              -1.668127233638331
            ]
          ],
          [
            [
              -78.6493109,
              -1.6663311000000058
            ],
            [
              -78.64915013859766,
              -1.666474730461533
            ]
          ],
          [
            [
              -78.6493109,
              -1.6663311000000058
            ],
            [
              -78.6493934,
              -1.6662737999999961
            ]
          ],
          [
            [
              -78.6493109,
              -1.6663311000000058
            ],
            [
              -78.6493094,
              -1.6661806999999984
            ]
          ],
          [
            [
              -78.6493109,
              -1.6663311000000058
            ],
            [
              -78.6494233,
              -1.666486199999997
            ]
          ],
          [
            [
              -78.6493934,
              -1.6662737999999961
            ],
            [
              -78.6493889,
              -1.6661723999999967
            ]
          ],
          [
            [
              -78.6493094,
              -1.6661806999999984
            ],
            [
              -78.64930516796838,
              -1.6661149098243817
            ]
          ],
          [
            [
              -78.6521745,
              -1.6698332999999985
            ],
            [
              -78.6515952,
              -1.6703358000000064
            ]
          ],
          [
            [
              -78.6521745,
              -1.6698332999999985
            ],
            [
              -78.6522037,
              -1.6698688000000004
            ]
          ],
          [
            [
              -78.6521745,
              -1.6698332999999985
            ],
            [
              -78.65172010215993,
              -1.6692926850582372
            ]
          ],
          [
            [
              -78.65449424310135,
              -1.6647760625157444
            ],
            [
              -78.6547494,
              -1.664551199999998
            ]
          ],
          [
            [
              -78.6556442,
              -1.663855699999998
            ],
            [
              -78.6554099,
              -1.6639899999999943
            ]
          ],
          [
            [
              -78.6554099,
              -1.6639899999999943
            ],
            [
              -78.6552094,
              -1.6641500999999932
            ]
          ],
          [
            [
              -78.6535045,
              -1.6697796999999999
            ],
            [
              -78.6533408,
              -1.6699278000000044
            ]
          ],
          [
            [
              -78.6542252,
              -1.668716100000003
            ],
            [
              -78.65393626350912,
              -1.668330566958464
            ]
          ],
          [
            [
              -78.6514303787147,
              -1.6665037270145187
            ],
            [
              -78.6514286,
              -1.6665015000000063
            ]
          ],
          [
            [
              -78.6514286,
              -1.6665015000000063
            ],
            [
              -78.65144375167867,
              -1.666488455347426
            ]
          ],
          [
            [
              -78.6511147,
              -1.6667735000000037
            ],
            [
              -78.65113729427527,
              -1.6667537991751804
            ]
          ],
          [
            [
              -78.6511147,
              -1.6667735000000037
            ],
            [
              -78.6511033441991,
              -1.6667839174522245
            ]
          ],
          [
            [
              -78.65314864144142,
              -1.6649829758384325
            ],
            [
              -78.65313144913615,
              -1.6649974941580428
            ]
          ],
          [
            [
              -78.65313144913615,
              -1.6649974941580428
            ],
            [
              -78.65309705299354,
              -1.6650265405337152
            ]
          ],
          [
            [
              -78.65309705299354,
              -1.6650265405337152
            ],
            [
              -78.65306265685018,
              -1.6650555869073373
            ]
          ],
          [
            [
              -78.65299454052263,
              -1.6651149133480945
            ],
            [
              -78.65296092362469,
              -1.6651448872239922
            ]
          ],
          [
            [
              -78.65296092362469,
              -1.6651448872239922
            ],
            [
              -78.65292730672591,
              -1.6651748610978365
            ]
          ],
          [
            [
              -78.65292730672591,
              -1.6651748610978365
            ],
            [
              -78.65289368982629,
              -1.6652048349696618
            ]
          ],
          [
            [
              -78.65289368982629,
              -1.6652048349696618
            ],
            [
              -78.65286007292583,
              -1.6652348088394338
            ]
          ],
          [
            [
              -78.65286007292583,
              -1.6652348088394338
            ],
            [
              -78.65282645602454,
              -1.6652647827071865
            ]
          ],
          [
            [
              -78.65282645602454,
              -1.6652647827071865
            ],
            [
              -78.6527928391224,
              -1.6652947565729024
            ]
          ],
          [
            [
              -78.6527928391224,
              -1.6652947565729024
            ],
            [
              -78.65275922221942,
              -1.665324730436565
            ]
          ],
          [
            [
              -78.65275922221942,
              -1.665324730436565
            ],
            [
              -78.65272560531558,
              -1.6653547042982082
            ]
          ],
          [
            [
              -78.65272560531558,
              -1.6653547042982082
            ],
            [
              -78.65269198841091,
              -1.6653846781577983
            ]
          ],
          [
            [
              -78.65265841370332,
              -1.665414590093712
            ],
            [
              -78.65262454232113,
              -1.6654442720524965
            ]
          ],
          [
            [
              -78.65262454232113,
              -1.6654442720524965
            ],
            [
              -78.65259067093814,
              -1.665473954009239
            ]
          ],
          [
            [
              -78.65259067093814,
              -1.665473954009239
            ],
            [
              -78.65255679955433,
              -1.6655036359639397
            ]
          ],
          [
            [
              -78.65255679955433,
              -1.6655036359639397
            ],
            [
              -78.65252292816972,
              -1.6655333179165979
            ]
          ],
          [
            [
              -78.65252292816972,
              -1.6655333179165979
            ],
            [
              -78.65248905678426,
              -1.665562999867215
            ]
          ],
          [
            [
              -78.65248905678426,
              -1.665562999867215
            ],
            [
              -78.65245518539801,
              -1.6655926818157891
            ]
          ],
          [
            [
              -78.65245518539801,
              -1.6655926818157891
            ],
            [
              -78.65242131401094,
              -1.665622363762322
            ]
          ],
          [
            [
              -78.65242131401094,
              -1.665622363762322
            ],
            [
              -78.65238744262304,
              -1.665652045706812
            ]
          ],
          [
            [
              -78.65238744262304,
              -1.665652045706812
            ],
            [
              -78.65235357123433,
              -1.6656817276492606
            ]
          ],
          [
            [
              -78.65231966385963,
              -1.665711783000297
            ],
            [
              -78.65228658042845,
              -1.6657423374887528
            ]
          ],
          [
            [
              -78.65228658042845,
              -1.6657423374887528
            ],
            [
              -78.65225349699637,
              -1.6657728919751844
            ]
          ],
          [
            [
              -78.65225349699637,
              -1.6657728919751844
            ],
            [
              -78.6522204135634,
              -1.665803446459593
            ]
          ],
          [
            [
              -78.6522204135634,
              -1.665803446459593
            ],
            [
              -78.6521928901827,
              -1.6658288659085025
            ]
          ],
          [
            [
              -78.65158625200806,
              -1.66636577140391
            ],
            [
              -78.65158025385965,
              -1.6663709354385432
            ]
          ],
          [
            [
              -78.65158025385965,
              -1.6663709354385432
            ],
            [
              -78.6515461283156,
              -1.666400315418831
            ]
          ],
          [
            [
              -78.6515461283156,
              -1.666400315418831
            ],
            [
              -78.65151200277074,
              -1.6664296953970714
            ]
          ],
          [
            [
              -78.65151200277074,
              -1.6664296953970714
            ],
            [
              -78.65147787722509,
              -1.6664590753732809
            ]
          ],
          [
            [
              -78.65147787722509,
              -1.6664590753732809
            ],
            [
              -78.65144375167867,
              -1.666488455347426
            ]
          ],
          [
            [
              -78.6513749010229,
              -1.666546620563887
            ],
            [
              -78.65134095720424,
              -1.6665762175144865
            ]
          ],
          [
            [
              -78.65134095720424,
              -1.6665762175144865
            ],
            [
              -78.65130701338477,
              -1.666605814463058
            ]
          ],
          [
            [
              -78.65130701338477,
              -1.666605814463058
            ],
            [
              -78.6512730695645,
              -1.6666354114095685
            ]
          ],
          [
            [
              -78.6512730695645,
              -1.6666354114095685
            ],
            [
              -78.65123912574339,
              -1.6666650083540508
            ]
          ],
          [
            [
              -78.65123912574339,
              -1.6666650083540508
            ],
            [
              -78.65120518192151,
              -1.666694605296472
            ]
          ],
          [
            [
              -78.65120518192151,
              -1.666694605296472
            ],
            [
              -78.65117123809878,
              -1.6667242022368487
            ]
          ],
          [
            [
              -78.65117123809878,
              -1.6667242022368487
            ],
            [
              -78.65113729427527,
              -1.6667537991751804
            ]
          ],
          [
            [
              -78.6511033441991,
              -1.6667839174522245
            ],
            [
              -78.65107015711189,
              -1.6668143622334477
            ]
          ],
          [
            [
              -78.65107015711189,
              -1.6668143622334477
            ],
            [
              -78.65103697002381,
              -1.6668448070126434
            ]
          ],
          [
            [
              -78.65103697002381,
              -1.6668448070126434
            ],
            [
              -78.65100378293484,
              -1.6668752517898109
            ]
          ],
          [
            [
              -78.65100378293484,
              -1.6668752517898109
            ],
            [
              -78.65097059584498,
              -1.6669056965649345
            ]
          ],
          [
            [
              -78.65097059584498,
              -1.6669056965649345
            ],
            [
              -78.65093740875423,
              -1.6669361413380304
            ]
          ],
          [
            [
              -78.65093740875423,
              -1.6669361413380304
            ],
            [
              -78.6509042216626,
              -1.6669665861091152
            ]
          ],
          [
            [
              -78.6509042216626,
              -1.6669665861091152
            ],
            [
              -78.65087103457009,
              -1.6669970308781725
            ]
          ],
          [
            [
              -78.65083760759421,
              -1.6670268649500048
            ],
            [
              -78.65080353962193,
              -1.6670563142464165
            ]
          ],
          [
            [
              -78.65080353962193,
              -1.6670563142464165
            ],
            [
              -78.65076947164884,
              -1.6670857635407805
            ]
          ],
          [
            [
              -78.65076947164884,
              -1.6670857635407805
            ],
            [
              -78.65073540367496,
              -1.6671152128330977
            ]
          ],
          [
            [
              -78.65073540367496,
              -1.6671152128330977
            ],
            [
              -78.65070133570028,
              -1.6671446621233674
            ]
          ],
          [
            [
              -78.65070133570028,
              -1.6671446621233674
            ],
            [
              -78.6506672677248,
              -1.6671741114115892
            ]
          ],
          [
            [
              -78.6506672677248,
              -1.6671741114115892
            ],
            [
              -78.65063319974853,
              -1.667203560697764
            ]
          ],
          [
            [
              -78.65063319974853,
              -1.667203560697764
            ],
            [
              -78.65059913177147,
              -1.6672330099819084
            ]
          ],
          [
            [
              -78.65059913177147,
              -1.6672330099819084
            ],
            [
              -78.65056506379361,
              -1.667262459263988
            ]
          ],
          [
            [
              -78.65056506379361,
              -1.667262459263988
            ],
            [
              -78.65053099581496,
              -1.66729190854402
            ]
          ],
          [
            [
              -78.65053099581496,
              -1.66729190854402
            ],
            [
              -78.6504969278355,
              -1.6673213578220052
            ]
          ],
          [
            [
              -78.6504969278355,
              -1.6673213578220052
            ],
            [
              -78.65046285985527,
              -1.6673508070979424
            ]
          ],
          [
            [
              -78.65046285985527,
              -1.6673508070979424
            ],
            [
              -78.65042879187422,
              -1.667380256371832
            ]
          ],
          [
            [
              -78.65042879187422,
              -1.667380256371832
            ],
            [
              -78.65039472389239,
              -1.6674097056436736
            ]
          ],
          [
            [
              -78.65039472389239,
              -1.6674097056436736
            ],
            [
              -78.65036065590976,
              -1.6674391549134682
            ]
          ],
          [
            [
              -78.65036065590976,
              -1.6674391549134682
            ],
            [
              -78.65032658792633,
              -1.6674686041812148
            ]
          ],
          [
            [
              -78.65032658792633,
              -1.6674686041812148
            ],
            [
              -78.65029631676859,
              -1.6674947713699206
            ]
          ],
          [
            [
              -78.65030883608377,
              -1.6675710022128216
            ],
            [
              -78.6503375303781,
              -1.6676057630565153
            ]
          ],
          [
            [
              -78.6503375303781,
              -1.6676057630565153
            ],
            [
              -78.65036622467316,
              -1.6676405239012124
            ]
          ],
          [
            [
              -78.65036622467316,
              -1.6676405239012124
            ],
            [
              -78.65039491896897,
              -1.6676752847469138
            ]
          ],
          [
            [
              -78.65039491896897,
              -1.6676752847469138
            ],
            [
              -78.65042361326553,
              -1.6677100455936205
            ]
          ],
          [
            [
              -78.65042361326553,
              -1.6677100455936205
            ],
            [
              -78.65045230756283,
              -1.6677448064413298
            ]
          ],
          [
            [
              -78.65045230756283,
              -1.6677448064413298
            ],
            [
              -78.65048100186087,
              -1.6677795672900444
            ]
          ],
          [
            [
              -78.65048100186087,
              -1.6677795672900444
            ],
            [
              -78.65050969615965,
              -1.667814328139762
            ]
          ],
          [
            [
              -78.65050969615965,
              -1.667814328139762
            ],
            [
              -78.65053839045916,
              -1.6678490889904845
            ]
          ],
          [
            [
              -78.65053839045916,
              -1.6678490889904845
            ],
            [
              -78.65056708475943,
              -1.6678838498422104
            ]
          ],
          [
            [
              -78.65056708475943,
              -1.6678838498422104
            ],
            [
              -78.65059577906044,
              -1.667918610694924
            ]
          ],
          [
            [
              -78.65059577906044,
              -1.667918610694924
            ],
            [
              -78.65062447336219,
              -1.667953371548658
            ]
          ],
          [
            [
              -78.65062447336219,
              -1.667953371548658
            ],
            [
              -78.65065316766467,
              -1.6679881324033963
            ]
          ],
          [
            [
              -78.65065316766467,
              -1.6679881324033963
            ],
            [
              -78.65068186196791,
              -1.668022893259138
            ]
          ],
          [
            [
              -78.65068186196791,
              -1.668022893259138
            ],
            [
              -78.65071055627189,
              -1.6680576541158842
            ]
          ],
          [
            [
              -78.65076767125858,
              -1.668127233638331
            ],
            [
              -78.65079618495838,
              -1.668162149799989
            ]
          ],
          [
            [
              -78.65079618495838,
              -1.668162149799989
            ],
            [
              -78.65082469865894,
              -1.6681970659626357
            ]
          ],
          [
            [
              -78.65082469865894,
              -1.6681970659626357
            ],
            [
              -78.6508532123602,
              -1.6682319821262883
            ]
          ],
          [
            [
              -78.6508532123602,
              -1.6682319821262883
            ],
            [
              -78.6508817260622,
              -1.6682668982909479
            ]
          ],
          [
            [
              -78.6508817260622,
              -1.6682668982909479
            ],
            [
              -78.6509102397649,
              -1.6683018144566306
            ]
          ],
          [
            [
              -78.6509102397649,
              -1.6683018144566306
            ],
            [
              -78.65093875346834,
              -1.6683367306233023
            ]
          ],
          [
            [
              -78.65093875346834,
              -1.6683367306233023
            ],
            [
              -78.6509672671725,
              -1.6683716467909808
            ]
          ],
          [
            [
              -78.6509672671725,
              -1.6683716467909808
            ],
            [
              -78.65099578087741,
              -1.6684065629596647
            ]
          ],
          [
            [
              -78.65099578087741,
              -1.6684065629596647
            ],
            [
              -78.65102429458302,
              -1.6684414791293554
            ]
          ],
          [
            [
              -78.65102429458302,
              -1.6684414791293554
            ],
            [
              -78.65105280828936,
              -1.6684763953000685
            ]
          ],
          [
            [
              -78.65105280828936,
              -1.6684763953000685
            ],
            [
              -78.65108132199643,
              -1.6685113114717713
            ]
          ],
          [
            [
              -78.65108132199643,
              -1.6685113114717713
            ],
            [
              -78.65110983570423,
              -1.6685462276444798
            ]
          ],
          [
            [
              -78.65110983570423,
              -1.6685462276444798
            ],
            [
              -78.65113834941275,
              -1.6685811438181943
            ]
          ],
          [
            [
              -78.65113834941275,
              -1.6685811438181943
            ],
            [
              -78.651166863122,
              -1.6686160599929154
            ]
          ],
          [
            [
              -78.651166863122,
              -1.6686160599929154
            ],
            [
              -78.65119537683198,
              -1.668650976168658
            ]
          ],
          [
            [
              -78.65125241217564,
              -1.6687208056130678
            ],
            [
              -78.6512809327064,
              -1.668755715988725
            ]
          ],
          [
            [
              -78.6512809327064,
              -1.668755715988725
            ],
            [
              -78.6513094532379,
              -1.6687906263653716
            ]
          ],
          [
            [
              -78.6513094532379,
              -1.6687906263653716
            ],
            [
              -78.65133797377013,
              -1.6688255367430407
            ]
          ],
          [
            [
              -78.65133797377013,
              -1.6688255367430407
            ],
            [
              -78.65136649430306,
              -1.6688604471217152
            ]
          ],
          [
            [
              -78.65136649430306,
              -1.6688604471217152
            ],
            [
              -78.65139501483674,
              -1.6688953575013787
            ]
          ],
          [
            [
              -78.65139501483674,
              -1.6688953575013787
            ],
            [
              -78.65142353537114,
              -1.6689302678820643
            ]
          ],
          [
            [
              -78.65142353537114,
              -1.6689302678820643
            ],
            [
              -78.65145205590628,
              -1.6689651782637565
            ]
          ],
          [
            [
              -78.65145205590628,
              -1.6689651782637565
            ],
            [
              -78.65148057644213,
              -1.6690000886464538
            ]
          ],
          [
            [
              -78.65148057644213,
              -1.6690000886464538
            ],
            [
              -78.6515090969787,
              -1.6690349990301396
            ]
          ],
          [
            [
              -78.6515090969787,
              -1.6690349990301396
            ],
            [
              -78.65153761751601,
              -1.669069909414848
            ]
          ],
          [
            [
              -78.65153761751601,
              -1.669069909414848
            ],
            [
              -78.65156613805405,
              -1.669104819800562
            ]
          ],
          [
            [
              -78.65156613805405,
              -1.669104819800562
            ],
            [
              -78.65158145332704,
              -1.6691235663644484
            ]
          ],
          [
            [
              -78.65319589075239,
              -1.6686756751658929
            ],
            [
              -78.65321296716115,
              -1.6686978005907371
            ]
          ],
          [
            [
              -78.65321296716115,
              -1.6686978005907371
            ],
            [
              -78.65324051659444,
              -1.668733495620441
            ]
          ],
          [
            [
              -78.65324051659444,
              -1.668733495620441
            ],
            [
              -78.65326806602836,
              -1.6687691906511588
            ]
          ],
          [
            [
              -78.65326806602836,
              -1.6687691906511588
            ],
            [
              -78.65329561546291,
              -1.668804885682908
            ]
          ]
        ]
      }
    }
  ]
}