{
  "type": "FeatureCollection",
  "features": [
    {
      "type": "Feature",
      "properties": {
        "CELL_ID": "GIU100-9-60",
        "AMBITO": "URBANO",
        "CATEGORIA": "VIOLENCIA",
        "PLATAFORMA": "PLATAFORMA P",
        "PARROQUIA": null,
        "DISTANCE_M": 200,
        "CELL_SIZE_M": 100,
        "COUNT": 1,
        "GI_ZSCORE": 2.734803677642649,
        "GI_PVALUE": 0.006241749090433691,
        "GI_CLASS": "HOTSPOT 99%",
        "GI_STAR": 2.734803677642649,
        "SIGNIFICANCIA": 99,
        "SUMA_LOCAL": 16,
        "NIVEL": 99,
        "COB_A_PCT": 0.0,
        "ESTADO_A": "SIN COBERTURA",
        "COB_B_PCT": 98.4401536217181,
        "ESTADO_B": "PARCIALMENTE CUBIERTO",
        "COB_C_PCT": 98.4401536217181,
        "ESTADO_C": "PARCIALMENTE CUBIERTO",
        "COB_B_ANTERIOR_PCT": 98.4401536217181,
        "ESTADO_B_ANTERIOR": "PARCIALMENTE CUBIERTO",
        "COB_C_ANTERIOR_PCT": 98.4401536217181,
        "ESTADO_C_ANTERIOR": "PARCIALMENTE CUBIERTO"
      },
      "geometry": {
        "type": "MultiPolygon",
        "coordinates": [
          [
            [
              [
                -78.64422545558118,
                -1.6876922109024683
              ],
              [
                -78.64422654368978,
                -1.6867882571770665
              ],
              [
                -78.64332824719811,
                -1.6867871623016804
              ],
              [
                -78.64332715867552,
                -1.68769111544001
              ],
              [
                -78.64422545558118,
                -1.6876922109024683
              ]
            ]
          ]
        ]
      }
    },
    {
      "type": "Feature",
      "properties": {
        "CELL_ID": "GIU100-10-59",
        "AMBITO": "URBANO",
        "CATEGORIA": "VIOLENCIA",
        "PLATAFORMA": "PLATAFORMA P",
        "PARROQUIA": null,
        "DISTANCE_M": 200,
        "CELL_SIZE_M": 100,
        "COUNT": 1,
        "GI_ZSCORE": 1.9782125252176277,
        "GI_PVALUE": 0.047904736321680026,
        "GI_CLASS": "HOTSPOT 95%",
        "GI_STAR": 1.9782125252176277,
        "SIGNIFICANCIA": 95,
        "SUMA_LOCAL": 13,
        "NIVEL": 95,
        "COB_A_PCT": 0.0,
        "ESTADO_A": "SIN COBERTURA",
        "COB_B_PCT": 31.23796692846192,
        "ESTADO_B": "PARCIALMENTE CUBIERTO",
        "COB_C_PCT": 31.23796692846192,
        "ESTADO_C": "PARCIALMENTE CUBIERTO",
        "COB_B_ANTERIOR_PCT": 31.23796692846192,
        "ESTADO_B_ANTERIOR": "PARCIALMENTE CUBIERTO",
        "COB_C_ANTERIOR_PCT": 31.23796692846192,
        "ESTADO_C_ANTERIOR": "PARCIALMENTE CUBIERTO"
      },
      "geometry": {
        "type": "MultiPolygon",
        "coordinates": [
          [
            [
              [
                -78.64512484076525,
                -1.686789351635978
              ],
              [
                -78.6451259278763,
                -1.6858853973145989
              ],
              [
                -78.64422763121459,
                -1.685884303442536
              ],
              [
                -78.64422654368978,
                -1.6867882571770665
              ],
              [
                -78.64512484076525,
                -1.686789351635978
              ]
            ]
          ]
        ]
      }
    },
    {
      "type": "Feature",
      "properties": {
        "CELL_ID": "GIU100-10-61",
        "AMBITO": "URBANO",
        "CATEGORIA": "VIOLENCIA",
        "PLATAFORMA": "PLATAFORMA P",
        "PARROQUIA": null,
        "DISTANCE_M": 200,
        "CELL_SIZE_M": 100,
        "COUNT": 3,
        "GI_ZSCORE": 1.9782125252176277,
        "GI_PVALUE": 0.047904736321680026,
        "GI_CLASS": "HOTSPOT 95%",
        "GI_STAR": 1.9782125252176277,
        "SIGNIFICANCIA": 95,
        "SUMA_LOCAL": 13,
        "NIVEL": 95,
        "COB_A_PCT": 0.0,
        "ESTADO_A": "SIN COBERTURA",
        "COB_B_PCT": 100.0,
        "ESTADO_B": "CUBIERTO",
        "COB_C_PCT": 100.0,
        "ESTADO_C": "CUBIERTO",
        "COB_B_ANTERIOR_PCT": 100.0,
        "ESTADO_B_ANTERIOR": "CUBIERTO",
        "COB_C_ANTERIOR_PCT": 100.0,
        "ESTADO_C_ANTERIOR": "CUBIERTO"
      },
      "geometry": {
        "type": "MultiPolygon",
        "coordinates": [
          [
            [
              [
                -78.64332824719811,
                -1.6867871623016804
              ],
              [
                -78.64332933513668,
                -1.6858832091542209
              ],
              [
                -78.6424310396428,
                -1.6858821144496554
              ],
              [
                -78.64242995129048,
                -1.6867860670098205
              ],
              [
                -78.64332824719811,
                -1.6867871623016804
              ]
            ]
          ]
        ]
      }
    },
    {
      "type": "Feature",
      "properties": {
        "CELL_ID": "GIU100-10-74",
        "AMBITO": "URBANO",
        "CATEGORIA": "VIOLENCIA",
        "PLATAFORMA": "PLATAFORMA Q",
        "PARROQUIA": null,
        "DISTANCE_M": 200,
        "CELL_SIZE_M": 100,
        "COUNT": 0,
        "GI_ZSCORE": 1.7260154744092873,
        "GI_PVALUE": 0.08434462886201807,
        "GI_CLASS": "HOTSPOT 90%",
        "GI_STAR": 1.7260154744092873,
        "SIGNIFICANCIA": 90,
        "SUMA_LOCAL": 12,
        "NIVEL": 90,
        "COB_A_PCT": 0.0,
        "ESTADO_A": "SIN COBERTURA",
        "COB_B_PCT": 100.0,
        "ESTADO_B": "CUBIERTO",
        "COB_C_PCT": 100.0,
        "ESTADO_C": "CUBIERTO",
        "COB_B_ANTERIOR_PCT": 100.0,
        "ESTADO_B_ANTERIOR": "CUBIERTO",
        "COB_C_ANTERIOR_PCT": 100.0,
        "ESTADO_C_ANTERIOR": "CUBIERTO"
      },
      "geometry": {
        "type": "MultiPolygon",
        "coordinates": [
          [
            [
              [
                -78.63165044603326,
                -1.6867728910230715
              ],
              [
                -78.63165153935054,
                -1.685868945527863
              ],
              [
                -78.63075325146913,
                -1.6858678454121705
              ],
              [
                -78.63075215773812,
                -1.6867717903171804
              ],
              [
                -78.63165044603326,
                -1.6867728910230715
              ]
            ]
          ]
        ]
      }
    },
    {
      "type": "Feature",
      "properties": {
        "CELL_ID": "GIU100-11-60",
        "AMBITO": "URBANO",
        "CATEGORIA": "VIOLENCIA",
        "PLATAFORMA": "PLATAFORMA Ñ",
        "PARROQUIA": null,
        "DISTANCE_M": 200,
        "CELL_SIZE_M": 100,
        "COUNT": 4,
        "GI_ZSCORE": 2.230409576025968,
        "GI_PVALUE": 0.025720264423434874,
        "GI_CLASS": "HOTSPOT 95%",
        "GI_STAR": 2.230409576025968,
        "SIGNIFICANCIA": 95,
        "SUMA_LOCAL": 14,
        "NIVEL": 95,
        "COB_A_PCT": 46.5427019588421,
        "ESTADO_A": "PARCIALMENTE CUBIERTO",
        "COB_B_PCT": 97.34827154504569,
        "ESTADO_B": "PARCIALMENTE CUBIERTO",
        "COB_C_PCT": 97.34827154504569,
        "ESTADO_C": "PARCIALMENTE CUBIERTO",
        "COB_B_ANTERIOR_PCT": 97.34827154504569,
        "ESTADO_B_ANTERIOR": "PARCIALMENTE CUBIERTO",
        "COB_C_ANTERIOR_PCT": 97.34827154504569,
        "ESTADO_C_ANTERIOR": "PARCIALMENTE CUBIERTO"
      },
      "geometry": {
        "type": "MultiPolygon",
        "coordinates": [
          [
            [
              [
                -78.64422763121459,
                -1.685884303442536
              ],
              [
                -78.64422871815562,
                -1.684980349698881
              ],
              [
                -78.64333042249123,
                -1.6849792559976373
              ],
              [
                -78.64332933513668,
                -1.6858832091542209
              ],
              [
                -78.64422763121459,
                -1.685884303442536
              ]
            ]
          ]
        ]
      }
    },
    {
      "type": "Feature",
      "properties": {
        "CELL_ID": "GIU100-11-62",
        "AMBITO": "URBANO",
        "CATEGORIA": "VIOLENCIA",
        "PLATAFORMA": "PLATAFORMA P",
        "PARROQUIA": null,
        "DISTANCE_M": 200,
        "CELL_SIZE_M": 100,
        "COUNT": 1,
        "GI_ZSCORE": 1.7260154744092873,
        "GI_PVALUE": 0.08434462886201807,
        "GI_CLASS": "HOTSPOT 90%",
        "GI_STAR": 1.7260154744092873,
        "SIGNIFICANCIA": 90,
        "SUMA_LOCAL": 12,
        "NIVEL": 90,
        "COB_A_PCT": 14.204898232323421,
        "ESTADO_A": "PARCIALMENTE CUBIERTO",
        "COB_B_PCT": 98.11459426958301,
        "ESTADO_B": "PARCIALMENTE CUBIERTO",
        "COB_C_PCT": 98.11459426958301,
        "ESTADO_C": "PARCIALMENTE CUBIERTO",
        "COB_B_ANTERIOR_PCT": 98.11459426958301,
        "ESTADO_B_ANTERIOR": "PARCIALMENTE CUBIERTO",
        "COB_C_ANTERIOR_PCT": 98.11459426958301,
        "ESTADO_C_ANTERIOR": "PARCIALMENTE CUBIERTO"
      },
      "geometry": {
        "type": "MultiPolygon",
        "coordinates": [
          [
            [
              [
                -78.6424310396428,
                -1.6858821144496554
              ],
              [
                -78.64243212741088,
                -1.6849781618803668
              ],
              [
                -78.64153383291476,
                -1.6849770673470705
              ],
              [
                -78.64153274473315,
                -1.6858810193288425
              ],
              [
                -78.6424310396428,
                -1.6858821144496554
              ]
            ]
          ]
        ]
      }
    },
    {
      "type": "Feature",
      "properties": {
        "CELL_ID": "GIU100-11-67",
        "AMBITO": "URBANO",
        "CATEGORIA": "VIOLENCIA",
        "PLATAFORMA": "PLATAFORMA P",
        "PARROQUIA": null,
        "DISTANCE_M": 200,
        "CELL_SIZE_M": 100,
        "COUNT": 1,
        "GI_ZSCORE": 1.7260154744092873,
        "GI_PVALUE": 0.08434462886201807,
        "GI_CLASS": "HOTSPOT 90%",
        "GI_STAR": 1.7260154744092873,
        "SIGNIFICANCIA": 90,
        "SUMA_LOCAL": 12,
        "NIVEL": 90,
        "COB_A_PCT": 0.0,
        "ESTADO_A": "SIN COBERTURA",
        "COB_B_PCT": 0.0,
        "ESTADO_B": "SIN COBERTURA",
        "COB_C_PCT": 0.0,
        "ESTADO_C": "SIN COBERTURA",
        "COB_B_ANTERIOR_PCT": 0.0,
        "ESTADO_B_ANTERIOR": "SIN COBERTURA",
        "COB_C_ANTERIOR_PCT": 0.0,
        "ESTADO_C_ANTERIOR": "SIN COBERTURA"
      },
      "geometry": {
        "type": "MultiPolygon",
        "coordinates": [
          [
            [
              [
                -78.63793957094144,
                -1.6858766346831278
              ],
              [
                -78.63794066077716,
                -1.6849726850536604
              ],
              [
                -78.63704236920559,
                -1.6849715884402574
              ],
              [
                -78.63704127895632,
                -1.6858755374810908
              ],
              [
                -78.63793957094144,
                -1.6858766346831278
              ]
            ]
          ]
        ]
      }
    },
    {
      "type": "Feature",
      "properties": {
        "CELL_ID": "GIU100-12-61",
        "AMBITO": "URBANO",
        "CATEGORIA": "VIOLENCIA",
        "PLATAFORMA": "PLATAFORMA P",
        "PARROQUIA": null,
        "DISTANCE_M": 200,
        "CELL_SIZE_M": 100,
        "COUNT": 0,
        "GI_ZSCORE": 2.734803677642649,
        "GI_PVALUE": 0.006241749090433691,
        "GI_CLASS": "HOTSPOT 99%",
        "GI_STAR": 2.734803677642649,
        "SIGNIFICANCIA": 99,
        "SUMA_LOCAL": 16,
        "NIVEL": 99,
        "COB_A_PCT": 100.0,
        "ESTADO_A": "CUBIERTO",
        "COB_B_PCT": 100.0,
        "ESTADO_B": "CUBIERTO",
        "COB_C_PCT": 100.0,
        "ESTADO_C": "CUBIERTO",
        "COB_B_ANTERIOR_PCT": 100.0,
        "ESTADO_B_ANTERIOR": "CUBIERTO",
        "COB_C_ANTERIOR_PCT": 100.0,
        "ESTADO_C_ANTERIOR": "CUBIERTO"
      },
      "geometry": {
        "type": "MultiPolygon",
        "coordinates": [
          [
            [
              [
                -78.64333042249123,
                -1.6849792559976373
              ],
              [
                -78.64333150926177,
                -1.684075302831935
              ],
              [
                -78.64243321459473,
                -1.684074209301958
              ],
              [
                -78.64243212741088,
                -1.6849781618803668
              ],
              [
                -78.64333042249123,
                -1.6849792559976373
              ]
            ]
          ]
        ]
      }
    },
    {
      "type": "Feature",
      "properties": {
        "CELL_ID": "GIU100-12-67",
        "AMBITO": "URBANO",
        "CATEGORIA": "VIOLENCIA",
        "PLATAFORMA": "PLATAFORMA P",
        "PARROQUIA": null,
        "DISTANCE_M": 200,
        "CELL_SIZE_M": 100,
        "COUNT": 0,
        "GI_ZSCORE": 1.9782125252176277,
        "GI_PVALUE": 0.047904736321680026,
        "GI_CLASS": "HOTSPOT 95%",
        "GI_STAR": 1.9782125252176277,
        "SIGNIFICANCIA": 95,
        "SUMA_LOCAL": 13,
        "NIVEL": 95,
        "COB_A_PCT": 45.501721234316065,
        "ESTADO_A": "PARCIALMENTE CUBIERTO",
        "COB_B_PCT": 45.501721234316065,
        "ESTADO_B": "PARCIALMENTE CUBIERTO",
        "COB_C_PCT": 45.501721234316065,
        "ESTADO_C": "PARCIALMENTE CUBIERTO",
        "COB_B_ANTERIOR_PCT": 45.501721234316065,
        "ESTADO_B_ANTERIOR": "PARCIALMENTE CUBIERTO",
        "COB_C_ANTERIOR_PCT": 45.501721234316065,
        "ESTADO_C_ANTERIOR": "PARCIALMENTE CUBIERTO"
      },
      "geometry": {
        "type": "MultiPolygon",
        "coordinates": [
          [
            [
              [
                -78.63794066077716,
                -1.6849726850536604
              ],
              [
                -78.63794175002754,
                -1.68406873541507
              ],
              [
                -78.63704345886927,
                -1.684067639390301
              ],
              [
                -78.63704236920559,
                -1.6849715884402574
              ],
              [
                -78.63794066077716,
                -1.6849726850536604
              ]
            ]
          ]
        ]
      }
    },
    {
      "type": "Feature",
      "properties": {
        "CELL_ID": "GIU100-12-68",
        "AMBITO": "URBANO",
        "CATEGORIA": "VIOLENCIA",
        "PLATAFORMA": "PLATAFORMA P",
        "PARROQUIA": null,
        "DISTANCE_M": 200,
        "CELL_SIZE_M": 100,
        "COUNT": 0,
        "GI_ZSCORE": 2.4826066268343085,
        "GI_PVALUE": 0.01304250275922858,
        "GI_CLASS": "HOTSPOT 95%",
        "GI_STAR": 2.4826066268343085,
        "SIGNIFICANCIA": 95,
        "SUMA_LOCAL": 15,
        "NIVEL": 95,
        "COB_A_PCT": 15.986480536786809,
        "ESTADO_A": "PARCIALMENTE CUBIERTO",
        "COB_B_PCT": 15.986480536786809,
        "ESTADO_B": "PARCIALMENTE CUBIERTO",
        "COB_C_PCT": 50.65235531676701,
        "ESTADO_C": "PARCIALMENTE CUBIERTO",
        "COB_B_ANTERIOR_PCT": 15.986480536786809,
        "ESTADO_B_ANTERIOR": "PARCIALMENTE CUBIERTO",
        "COB_C_ANTERIOR_PCT": 15.986480536786809,
        "ESTADO_C_ANTERIOR": "PARCIALMENTE CUBIERTO"
      },
      "geometry": {
        "type": "MultiPolygon",
        "coordinates": [
          [
            [
              [
                -78.63704236920559,
                -1.6849715884402574
              ],
              [
                -78.63704345886927,
                -1.684067639390301
              ],
              [
                -78.63614516829657,
                -1.684066542949738
              ],
              [
                -78.63614407821957,
                -1.6849704914108374
              ],
              [
                -78.63704236920559,
                -1.6849715884402574
              ]
            ]
          ]
        ]
      }
    },
    {
      "type": "Feature",
      "properties": {
        "CELL_ID": "GIU100-12-69",
        "AMBITO": "URBANO",
        "CATEGORIA": "VIOLENCIA",
        "PLATAFORMA": "PLATAFORMA P",
        "PARROQUIA": null,
        "DISTANCE_M": 200,
        "CELL_SIZE_M": 100,
        "COUNT": 1,
        "GI_ZSCORE": 2.4826066268343085,
        "GI_PVALUE": 0.01304250275922858,
        "GI_CLASS": "HOTSPOT 95%",
        "GI_STAR": 2.4826066268343085,
        "SIGNIFICANCIA": 95,
        "SUMA_LOCAL": 15,
        "NIVEL": 95,
        "COB_A_PCT": 1.49528483619487,
        "ESTADO_A": "PARCIALMENTE CUBIERTO",
        "COB_B_PCT": 1.49528483619487,
        "ESTADO_B": "PARCIALMENTE CUBIERTO",
        "COB_C_PCT": 100.0,
        "ESTADO_C": "CUBIERTO",
        "COB_B_ANTERIOR_PCT": 1.49528483619487,
        "ESTADO_B_ANTERIOR": "PARCIALMENTE CUBIERTO",
        "COB_C_ANTERIOR_PCT": 1.49528483619487,
        "ESTADO_C_ANTERIOR": "PARCIALMENTE CUBIERTO"
      },
      "geometry": {
        "type": "MultiPolygon",
        "coordinates": [
          [
            [
              [
                -78.63614407821957,
                -1.6849704914108374
              ],
              [
                -78.63614516829657,
                -1.684066542949738
              ],
              [
                -78.63524687830964,
                -1.6840654460933822
              ],
              [
                -78.63524578781937,
                -1.6849693939654014
              ],
              [
                -78.63614407821957,
                -1.6849704914108374
              ]
            ]
          ]
        ]
      }
    },
    {
      "type": "Feature",
      "properties": {
        "CELL_ID": "GIU100-12-70",
        "AMBITO": "URBANO",
        "CATEGORIA": "VIOLENCIA",
        "PLATAFORMA": "PLATAFORMA Q",
        "PARROQUIA": null,
        "DISTANCE_M": 200,
        "CELL_SIZE_M": 100,
        "COUNT": 0,
        "GI_ZSCORE": 1.7260154744092873,
        "GI_PVALUE": 0.08434462886201807,
        "GI_CLASS": "HOTSPOT 90%",
        "GI_STAR": 1.7260154744092873,
        "SIGNIFICANCIA": 90,
        "SUMA_LOCAL": 12,
        "NIVEL": 90,
        "COB_A_PCT": 41.6651154071255,
        "ESTADO_A": "PARCIALMENTE CUBIERTO",
        "COB_B_PCT": 41.6651154071255,
        "ESTADO_B": "PARCIALMENTE CUBIERTO",
        "COB_C_PCT": 100.0,
        "ESTADO_C": "CUBIERTO",
        "COB_B_ANTERIOR_PCT": 41.6651154071255,
        "ESTADO_B_ANTERIOR": "PARCIALMENTE CUBIERTO",
        "COB_C_ANTERIOR_PCT": 41.6651154071255,
        "ESTADO_C_ANTERIOR": "PARCIALMENTE CUBIERTO"
      },
      "geometry": {
        "type": "MultiPolygon",
        "coordinates": [
          [
            [
              [
                -78.63524578781937,
                -1.6849693939654014
              ],
              [
                -78.63524687830964,
                -1.6840654460933822
              ],
              [
                -78.63434858890875,
                -1.6840643488212352
              ],
              [
                -78.6343474980052,
                -1.6849682961039505
              ],
              [
                -78.63524578781937,
                -1.6849693939654014
              ]
            ]
          ]
        ]
      }
    },
    {
      "type": "Feature",
      "properties": {
        "CELL_ID": "GIU100-13-61",
        "AMBITO": "URBANO",
        "CATEGORIA": "VIOLENCIA",
        "PLATAFORMA": "PLATAFORMA P",
        "PARROQUIA": null,
        "DISTANCE_M": 200,
        "CELL_SIZE_M": 100,
        "COUNT": 1,
        "GI_ZSCORE": 9.039729947851162,
        "GI_PVALUE": 1.5705934078457133e-19,
        "GI_CLASS": "HOTSPOT 99%",
        "GI_STAR": 9.039729947851162,
        "SIGNIFICANCIA": 99,
        "SUMA_LOCAL": 41,
        "NIVEL": 99,
        "COB_A_PCT": 100.0,
        "ESTADO_A": "CUBIERTO",
        "COB_B_PCT": 100.0,
        "ESTADO_B": "CUBIERTO",
        "COB_C_PCT": 100.0,
        "ESTADO_C": "CUBIERTO",
        "COB_B_ANTERIOR_PCT": 100.0,
        "ESTADO_B_ANTERIOR": "CUBIERTO",
        "COB_C_ANTERIOR_PCT": 100.0,
        "ESTADO_C_ANTERIOR": "CUBIERTO"
      },
      "geometry": {
        "type": "MultiPolygon",
        "coordinates": [
          [
            [
              [
                -78.64333150926177,
                -1.684075302831935
              ],
              [
                -78.6433325954483,
                -1.6831713496571175
              ],
              [
                -78.64243430119434,
                -1.6831702567144342
              ],
              [
                -78.64243321459473,
                -1.684074209301958
              ],
              [
                -78.64333150926177,
                -1.684075302831935
              ]
            ]
          ]
        ]
      }
    },
    {
      "type": "Feature",
      "properties": {
        "CELL_ID": "GIU100-13-66",
        "AMBITO": "URBANO",
        "CATEGORIA": "VIOLENCIA",
        "PLATAFORMA": "PLATAFORMA P",
        "PARROQUIA": null,
        "DISTANCE_M": 200,
        "CELL_SIZE_M": 100,
        "COUNT": 0,
        "GI_ZSCORE": 1.7260154744092873,
        "GI_PVALUE": 0.08434462886201807,
        "GI_CLASS": "HOTSPOT 90%",
        "GI_STAR": 1.7260154744092873,
        "SIGNIFICANCIA": 90,
        "SUMA_LOCAL": 12,
        "NIVEL": 90,
        "COB_A_PCT": 99.43459436086349,
        "ESTADO_A": "PARCIALMENTE CUBIERTO",
        "COB_B_PCT": 99.43459436086349,
        "ESTADO_B": "PARCIALMENTE CUBIERTO",
        "COB_C_PCT": 100.0,
        "ESTADO_C": "CUBIERTO",
        "COB_B_ANTERIOR_PCT": 99.43459436086349,
        "ESTADO_B_ANTERIOR": "PARCIALMENTE CUBIERTO",
        "COB_C_ANTERIOR_PCT": 100.0,
        "ESTADO_C_ANTERIOR": "CUBIERTO"
      },
      "geometry": {
        "type": "MultiPolygon",
        "coordinates": [
          [
            [
              [
                -78.63884004177116,
                -1.6840698310240438
              ],
              [
                -78.63884113002311,
                -1.683165880787926
              ],
              [
                -78.63794283869258,
                -1.6831647857673624
              ],
              [
                -78.63794175002754,
                -1.68406873541507
              ],
              [
                -78.63884004177116,
                -1.6840698310240438
              ]
            ]
          ]
        ]
      }
    },
    {
      "type": "Feature",
      "properties": {
        "CELL_ID": "GIU100-13-67",
        "AMBITO": "URBANO",
        "CATEGORIA": "VIOLENCIA",
        "PLATAFORMA": "PLATAFORMA P",
        "PARROQUIA": null,
        "DISTANCE_M": 200,
        "CELL_SIZE_M": 100,
        "COUNT": 2,
        "GI_ZSCORE": 2.9870007284509894,
        "GI_PVALUE": 0.002817290511545885,
        "GI_CLASS": "HOTSPOT 99%",
        "GI_STAR": 2.9870007284509894,
        "SIGNIFICANCIA": 99,
        "SUMA_LOCAL": 17,
        "NIVEL": 99,
        "COB_A_PCT": 100.0,
        "ESTADO_A": "CUBIERTO",
        "COB_B_PCT": 100.0,
        "ESTADO_B": "CUBIERTO",
        "COB_C_PCT": 100.0,
        "ESTADO_C": "CUBIERTO",
        "COB_B_ANTERIOR_PCT": 100.0,
        "ESTADO_B_ANTERIOR": "CUBIERTO",
        "COB_C_ANTERIOR_PCT": 100.0,
        "ESTADO_C_ANTERIOR": "CUBIERTO"
      },
      "geometry": {
        "type": "MultiPolygon",
        "coordinates": [
          [
            [
              [
                -78.63794175002754,
                -1.68406873541507
              ],
              [
                -78.63794283869258,
                -1.6831647857673624
              ],
              [
                -78.63704454794737,
                -1.6831636903312264
              ],
              [
                -78.63704345886927,
                -1.684067639390301
              ],
              [
                -78.63794175002754,
                -1.68406873541507
              ]
            ]
          ]
        ]
      }
    },
    {
      "type": "Feature",
      "properties": {
        "CELL_ID": "GIU100-13-68",
        "AMBITO": "URBANO",
        "CATEGORIA": "VIOLENCIA",
        "PLATAFORMA": "PLATAFORMA P",
        "PARROQUIA": null,
        "DISTANCE_M": 200,
        "CELL_SIZE_M": 100,
        "COUNT": 2,
        "GI_ZSCORE": 4.247985982492692,
        "GI_PVALUE": 2.1570088737979582e-05,
        "GI_CLASS": "HOTSPOT 99%",
        "GI_STAR": 4.247985982492692,
        "SIGNIFICANCIA": 99,
        "SUMA_LOCAL": 22,
        "NIVEL": 99,
        "COB_A_PCT": 95.80568175949958,
        "ESTADO_A": "PARCIALMENTE CUBIERTO",
        "COB_B_PCT": 95.80568175949958,
        "ESTADO_B": "PARCIALMENTE CUBIERTO",
        "COB_C_PCT": 100.0,
        "ESTADO_C": "CUBIERTO",
        "COB_B_ANTERIOR_PCT": 95.80568175949958,
        "ESTADO_B_ANTERIOR": "PARCIALMENTE CUBIERTO",
        "COB_C_ANTERIOR_PCT": 95.80568175949958,
        "ESTADO_C_ANTERIOR": "PARCIALMENTE CUBIERTO"
      },
      "geometry": {
        "type": "MultiPolygon",
        "coordinates": [
          [
            [
              [
                -78.63704345886927,
                -1.684067639390301
              ],
              [
                -78.63704454794737,
                -1.6831636903312264
              ],
              [
                -78.63614625778774,
                -1.6831625944795199
              ],
              [
                -78.63614516829657,
                -1.684066542949738
              ],
              [
                -78.63704345886927,
                -1.684067639390301
              ]
            ]
          ]
        ]
      }
    },
    {
      "type": "Feature",
      "properties": {
        "CELL_ID": "GIU100-13-69",
        "AMBITO": "URBANO",
        "CATEGORIA": "VIOLENCIA",
        "PLATAFORMA": "PLATAFORMA Q",
        "PARROQUIA": null,
        "DISTANCE_M": 200,
        "CELL_SIZE_M": 100,
        "COUNT": 4,
        "GI_ZSCORE": 3.743591880876011,
        "GI_PVALUE": 0.00018140822292464902,
        "GI_CLASS": "HOTSPOT 99%",
        "GI_STAR": 3.743591880876011,
        "SIGNIFICANCIA": 99,
        "SUMA_LOCAL": 20,
        "NIVEL": 99,
        "COB_A_PCT": 13.696157554597532,
        "ESTADO_A": "PARCIALMENTE CUBIERTO",
        "COB_B_PCT": 13.696157554597532,
        "ESTADO_B": "PARCIALMENTE CUBIERTO",
        "COB_C_PCT": 100.0,
        "ESTADO_C": "CUBIERTO",
        "COB_B_ANTERIOR_PCT": 13.696157554597532,
        "ESTADO_B_ANTERIOR": "PARCIALMENTE CUBIERTO",
        "COB_C_ANTERIOR_PCT": 72.56026179116087,
        "ESTADO_C_ANTERIOR": "PARCIALMENTE CUBIERTO"
      },
      "geometry": {
        "type": "MultiPolygon",
        "coordinates": [
          [
            [
              [
                -78.63614516829657,
                -1.684066542949738
              ],
              [
                -78.63614625778774,
                -1.6831625944795199
              ],
              [
                -78.63524796821392,
                -1.683161498212244
              ],
              [
                -78.63524687830964,
                -1.6840654460933822
              ],
              [
                -78.63614516829657,
                -1.684066542949738
              ]
            ]
          ]
        ]
      }
    },
    {
      "type": "Feature",
      "properties": {
        "CELL_ID": "GIU100-13-70",
        "AMBITO": "URBANO",
        "CATEGORIA": "VIOLENCIA",
        "PLATAFORMA": "PLATAFORMA Q",
        "PARROQUIA": null,
        "DISTANCE_M": 200,
        "CELL_SIZE_M": 100,
        "COUNT": 5,
        "GI_ZSCORE": 2.4826066268343085,
        "GI_PVALUE": 0.01304250275922858,
        "GI_CLASS": "HOTSPOT 95%",
        "GI_STAR": 2.4826066268343085,
        "SIGNIFICANCIA": 95,
        "SUMA_LOCAL": 15,
        "NIVEL": 95,
        "COB_A_PCT": 0.0,
        "ESTADO_A": "SIN COBERTURA",
        "COB_B_PCT": 0.0,
        "ESTADO_B": "SIN COBERTURA",
        "COB_C_PCT": 100.0,
        "ESTADO_C": "CUBIERTO",
        "COB_B_ANTERIOR_PCT": 0.0,
        "ESTADO_B_ANTERIOR": "SIN COBERTURA",
        "COB_C_ANTERIOR_PCT": 50.98469144950867,
        "ESTADO_C_ANTERIOR": "PARCIALMENTE CUBIERTO"
      },
      "geometry": {
        "type": "MultiPolygon",
        "coordinates": [
          [
            [
              [
                -78.63524687830964,
                -1.6840654460933822
              ],
              [
                -78.63524796821392,
                -1.683161498212244
              ],
              [
                -78.63434967922609,
                -1.6831604015294
              ],
              [
                -78.63434858890875,
                -1.6840643488212352
              ],
              [
                -78.63524687830964,
                -1.6840654460933822
              ]
            ]
          ]
        ]
      }
    },
    {
      "type": "Feature",
      "properties": {
        "CELL_ID": "GIU100-13-71",
        "AMBITO": "URBANO",
        "CATEGORIA": "VIOLENCIA",
        "PLATAFORMA": "PLATAFORMA Q",
        "PARROQUIA": null,
        "DISTANCE_M": 200,
        "CELL_SIZE_M": 100,
        "COUNT": 0,
        "GI_ZSCORE": 1.7260154744092873,
        "GI_PVALUE": 0.08434462886201807,
        "GI_CLASS": "HOTSPOT 90%",
        "GI_STAR": 1.7260154744092873,
        "SIGNIFICANCIA": 90,
        "SUMA_LOCAL": 12,
        "NIVEL": 90,
        "COB_A_PCT": 0.0,
        "ESTADO_A": "SIN COBERTURA",
        "COB_B_PCT": 0.0,
        "ESTADO_B": "SIN COBERTURA",
        "COB_C_PCT": 100.0,
        "ESTADO_C": "CUBIERTO",
        "COB_B_ANTERIOR_PCT": 0.0,
        "ESTADO_B_ANTERIOR": "SIN COBERTURA",
        "COB_C_ANTERIOR_PCT": 1.6420590043556191,
        "ESTADO_C_ANTERIOR": "PARCIALMENTE CUBIERTO"
      },
      "geometry": {
        "type": "MultiPolygon",
        "coordinates": [
          [
            [
              [
                -78.63434858890875,
                -1.6840643488212352
              ],
              [
                -78.63434967922609,
                -1.6831604015294
              ],
              [
                -78.63345139082452,
                -1.6831593044309894
              ],
              [
                -78.6334503000941,
                -1.6840632511332985
              ],
              [
                -78.63434858890875,
                -1.6840643488212352
              ]
            ]
          ]
        ]
      }
    },
    {
      "type": "Feature",
      "properties": {
        "CELL_ID": "GIU100-14-60",
        "AMBITO": "URBANO",
        "CATEGORIA": "VIOLENCIA",
        "PLATAFORMA": "PLATAFORMA Ñ",
        "PARROQUIA": null,
        "DISTANCE_M": 200,
        "CELL_SIZE_M": 100,
        "COUNT": 1,
        "GI_ZSCORE": 8.787532897042821,
        "GI_PVALUE": 1.5288012156127487e-18,
        "GI_CLASS": "HOTSPOT 99%",
        "GI_STAR": 8.787532897042821,
        "SIGNIFICANCIA": 99,
        "SUMA_LOCAL": 40,
        "NIVEL": 99,
        "COB_A_PCT": 100.0,
        "ESTADO_A": "CUBIERTO",
        "COB_B_PCT": 100.0,
        "ESTADO_B": "CUBIERTO",
        "COB_C_PCT": 100.0,
        "ESTADO_C": "CUBIERTO",
        "COB_B_ANTERIOR_PCT": 100.0,
        "ESTADO_B_ANTERIOR": "CUBIERTO",
        "COB_C_ANTERIOR_PCT": 100.0,
        "ESTADO_C_ANTERIOR": "CUBIERTO"
      },
      "geometry": {
        "type": "MultiPolygon",
        "coordinates": [
          [
            [
              [
                -78.64423089028627,
                -1.6831724421842214
              ],
              [
                -78.6442319754759,
                -1.6822684884132246
              ],
              [
                -78.6433336810508,
                -1.682267396473191
              ],
              [
                -78.6433325954483,
                -1.6831713496571175
              ],
              [
                -78.64423089028627,
                -1.6831724421842214
              ]
            ]
          ]
        ]
      }
    },
    {
      "type": "Feature",
      "properties": {
        "CELL_ID": "GIU100-14-61",
        "AMBITO": "URBANO",
        "CATEGORIA": "VIOLENCIA",
        "PLATAFORMA": "PLATAFORMA P",
        "PARROQUIA": null,
        "DISTANCE_M": 200,
        "CELL_SIZE_M": 100,
        "COUNT": 1,
        "GI_ZSCORE": 9.544124049467843,
        "GI_PVALUE": 1.3726264354537217e-21,
        "GI_CLASS": "HOTSPOT 99%",
        "GI_STAR": 9.544124049467843,
        "SIGNIFICANCIA": 99,
        "SUMA_LOCAL": 43,
        "NIVEL": 99,
        "COB_A_PCT": 100.0,
        "ESTADO_A": "CUBIERTO",
        "COB_B_PCT": 100.0,
        "ESTADO_B": "CUBIERTO",
        "COB_C_PCT": 100.0,
        "ESTADO_C": "CUBIERTO",
        "COB_B_ANTERIOR_PCT": 100.0,
        "ESTADO_B_ANTERIOR": "CUBIERTO",
        "COB_C_ANTERIOR_PCT": 100.0,
        "ESTADO_C_ANTERIOR": "CUBIERTO"
      },
      "geometry": {
        "type": "MultiPolygon",
        "coordinates": [
          [
            [
              [
                -78.6433325954483,
                -1.6831713496571175
              ],
              [
                -78.6433336810508,
                -1.682267396473191
              ],
              [
                -78.64243538720972,
                -1.6822663041177999
              ],
              [
                -78.64243430119434,
                -1.6831702567144342
              ],
              [
                -78.6433325954483,
                -1.6831713496571175
              ]
            ]
          ]
        ]
      }
    },
    {
      "type": "Feature",
      "properties": {
        "CELL_ID": "GIU100-14-62",
        "AMBITO": "URBANO",
        "CATEGORIA": "VIOLENCIA",
        "PLATAFORMA": "PLATAFORMA P",
        "PARROQUIA": null,
        "DISTANCE_M": 200,
        "CELL_SIZE_M": 100,
        "COUNT": 1,
        "GI_ZSCORE": 10.048518151084524,
        "GI_PVALUE": 9.325919127203898e-24,
        "GI_CLASS": "HOTSPOT 99%",
        "GI_STAR": 10.048518151084524,
        "SIGNIFICANCIA": 99,
        "SUMA_LOCAL": 45,
        "NIVEL": 99,
        "COB_A_PCT": 100.0,
        "ESTADO_A": "CUBIERTO",
        "COB_B_PCT": 100.0,
        "ESTADO_B": "CUBIERTO",
        "COB_C_PCT": 100.0,
        "ESTADO_C": "CUBIERTO",
        "COB_B_ANTERIOR_PCT": 100.0,
        "ESTADO_B_ANTERIOR": "CUBIERTO",
        "COB_C_ANTERIOR_PCT": 100.0,
        "ESTADO_C_ANTERIOR": "CUBIERTO"
      },
      "geometry": {
        "type": "MultiPolygon",
        "coordinates": [
          [
            [
              [
                -78.64243430119434,
                -1.6831702567144342
              ],
              [
                -78.64243538720972,
                -1.6822663041177999
              ],
              [
                -78.64153709395286,
                -1.6822652113470542
              ],
              [
                -78.64153600752462,
                -1.6831691633561718
              ],
              [
                -78.64243430119434,
                -1.6831702567144342
              ]
            ]
          ]
        ]
      }
    },
    {
      "type": "Feature",
      "properties": {
        "CELL_ID": "GIU100-14-66",
        "AMBITO": "URBANO",
        "CATEGORIA": "VIOLENCIA",
        "PLATAFORMA": "PLATAFORMA P",
        "PARROQUIA": null,
        "DISTANCE_M": 200,
        "CELL_SIZE_M": 100,
        "COUNT": 0,
        "GI_ZSCORE": 1.7260154744092873,
        "GI_PVALUE": 0.08434462886201807,
        "GI_CLASS": "HOTSPOT 90%",
        "GI_STAR": 1.7260154744092873,
        "SIGNIFICANCIA": 90,
        "SUMA_LOCAL": 12,
        "NIVEL": 90,
        "COB_A_PCT": 100.0,
        "ESTADO_A": "CUBIERTO",
        "COB_B_PCT": 100.0,
        "ESTADO_B": "CUBIERTO",
        "COB_C_PCT": 100.0,
        "ESTADO_C": "CUBIERTO",
        "COB_B_ANTERIOR_PCT": 100.0,
        "ESTADO_B_ANTERIOR": "CUBIERTO",
        "COB_C_ANTERIOR_PCT": 100.0,
        "ESTADO_C_ANTERIOR": "CUBIERTO"
      },
      "geometry": {
        "type": "MultiPolygon",
        "coordinates": [
          [
            [
              [
                -78.63884113002311,
                -1.683165880787926
              ],
              [
                -78.63884221768993,
                -1.6822619305426962
              ],
              [
                -78.63794392677225,
                -1.682260836110542
              ],
              [
                -78.63794283869258,
                -1.6831647857673624
              ],
              [
                -78.63884113002311,
                -1.683165880787926
              ]
            ]
          ]
        ]
      }
    },
    {
      "type": "Feature",
      "properties": {
        "CELL_ID": "GIU100-14-67",
        "AMBITO": "URBANO",
        "CATEGORIA": "VIOLENCIA",
        "PLATAFORMA": "PLATAFORMA Q",
        "PARROQUIA": null,
        "DISTANCE_M": 200,
        "CELL_SIZE_M": 100,
        "COUNT": 4,
        "GI_ZSCORE": 2.734803677642649,
        "GI_PVALUE": 0.006241749090433691,
        "GI_CLASS": "HOTSPOT 99%",
        "GI_STAR": 2.734803677642649,
        "SIGNIFICANCIA": 99,
        "SUMA_LOCAL": 16,
        "NIVEL": 99,
        "COB_A_PCT": 100.0,
        "ESTADO_A": "CUBIERTO",
        "COB_B_PCT": 100.0,
        "ESTADO_B": "CUBIERTO",
        "COB_C_PCT": 100.0,
        "ESTADO_C": "CUBIERTO",
        "COB_B_ANTERIOR_PCT": 100.0,
        "ESTADO_B_ANTERIOR": "CUBIERTO",
        "COB_C_ANTERIOR_PCT": 100.0,
        "ESTADO_C_ANTERIOR": "CUBIERTO"
      },
      "geometry": {
        "type": "MultiPolygon",
        "coordinates": [
          [
            [
              [
                -78.63794283869258,
                -1.6831647857673624
              ],
              [
                -78.63794392677225,
                -1.682260836110542
              ],
              [
                -78.63704563643991,
                -1.6822597412630385
              ],
              [
                -78.63704454794737,
                -1.6831636903312264
              ],
              [
                -78.63794283869258,
                -1.6831647857673624
              ]
            ]
          ]
        ]
      }
    },
    {
      "type": "Feature",
      "properties": {
        "CELL_ID": "GIU100-14-68",
        "AMBITO": "URBANO",
        "CATEGORIA": "VIOLENCIA",
        "PLATAFORMA": "PLATAFORMA Q",
        "PARROQUIA": null,
        "DISTANCE_M": 200,
        "CELL_SIZE_M": 100,
        "COUNT": 1,
        "GI_ZSCORE": 3.743591880876011,
        "GI_PVALUE": 0.00018140822292464902,
        "GI_CLASS": "HOTSPOT 99%",
        "GI_STAR": 3.743591880876011,
        "SIGNIFICANCIA": 99,
        "SUMA_LOCAL": 20,
        "NIVEL": 99,
        "COB_A_PCT": 100.0,
        "ESTADO_A": "CUBIERTO",
        "COB_B_PCT": 100.0,
        "ESTADO_B": "CUBIERTO",
        "COB_C_PCT": 100.0,
        "ESTADO_C": "CUBIERTO",
        "COB_B_ANTERIOR_PCT": 100.0,
        "ESTADO_B_ANTERIOR": "CUBIERTO",
        "COB_C_ANTERIOR_PCT": 100.0,
        "ESTADO_C_ANTERIOR": "CUBIERTO"
      },
      "geometry": {
        "type": "MultiPolygon",
        "coordinates": [
          [
            [
              [
                -78.63704454794737,
                -1.6831636903312264
              ],
              [
                -78.63704563643991,
                -1.6822597412630385
              ],
              [
                -78.63614734669316,
                -1.682258646000188
              ],
              [
                -78.63614625778774,
                -1.6831625944795199
              ],
              [
                -78.63704454794737,
                -1.6831636903312264
              ]
            ]
          ]
        ]
      }
    },
    {
      "type": "Feature",
      "properties": {
        "CELL_ID": "GIU100-14-69",
        "AMBITO": "URBANO",
        "CATEGORIA": "VIOLENCIA",
        "PLATAFORMA": "PLATAFORMA Q",
        "PARROQUIA": null,
        "DISTANCE_M": 200,
        "CELL_SIZE_M": 100,
        "COUNT": 1,
        "GI_ZSCORE": 4.752380084109373,
        "GI_PVALUE": 2.0103600312246304e-06,
        "GI_CLASS": "HOTSPOT 99%",
        "GI_STAR": 4.752380084109373,
        "SIGNIFICANCIA": 99,
        "SUMA_LOCAL": 24,
        "NIVEL": 99,
        "COB_A_PCT": 38.86390834505083,
        "ESTADO_A": "PARCIALMENTE CUBIERTO",
        "COB_B_PCT": 38.86390834505083,
        "ESTADO_B": "PARCIALMENTE CUBIERTO",
        "COB_C_PCT": 100.0,
        "ESTADO_C": "CUBIERTO",
        "COB_B_ANTERIOR_PCT": 38.86390834505083,
        "ESTADO_B_ANTERIOR": "PARCIALMENTE CUBIERTO",
        "COB_C_ANTERIOR_PCT": 100.0,
        "ESTADO_C_ANTERIOR": "CUBIERTO"
      },
      "geometry": {
        "type": "MultiPolygon",
        "coordinates": [
          [
            [
              [
                -78.63614625778774,
                -1.6831625944795199
              ],
              [
                -78.63614734669316,
                -1.682258646000188
              ],
              [
                -78.63524905753216,
                -1.6822575503219912
              ],
              [
                -78.63524796821392,
                -1.683161498212244
              ],
              [
                -78.63614625778774,
                -1.6831625944795199
              ]
            ]
          ]
        ]
      }
    },
    {
      "type": "Feature",
      "properties": {
        "CELL_ID": "GIU100-14-70",
        "AMBITO": "URBANO",
        "CATEGORIA": "VIOLENCIA",
        "PLATAFORMA": "PLATAFORMA Q",
        "PARROQUIA": null,
        "DISTANCE_M": 200,
        "CELL_SIZE_M": 100,
        "COUNT": 1,
        "GI_ZSCORE": 2.9870007284509894,
        "GI_PVALUE": 0.002817290511545885,
        "GI_CLASS": "HOTSPOT 99%",
        "GI_STAR": 2.9870007284509894,
        "SIGNIFICANCIA": 99,
        "SUMA_LOCAL": 17,
        "NIVEL": 99,
        "COB_A_PCT": 0.0,
        "ESTADO_A": "SIN COBERTURA",
        "COB_B_PCT": 0.0,
        "ESTADO_B": "SIN COBERTURA",
        "COB_C_PCT": 100.0,
        "ESTADO_C": "CUBIERTO",
        "COB_B_ANTERIOR_PCT": 0.0,
        "ESTADO_B_ANTERIOR": "SIN COBERTURA",
        "COB_C_ANTERIOR_PCT": 100.0,
        "ESTADO_C_ANTERIOR": "CUBIERTO"
      },
      "geometry": {
        "type": "MultiPolygon",
        "coordinates": [
          [
            [
              [
                -78.63524796821392,
                -1.683161498212244
              ],
              [
                -78.63524905753216,
                -1.6822575503219912
              ],
              [
                -78.6343507689572,
                -1.68225645422845
              ],
              [
                -78.63434967922609,
                -1.6831604015294
              ],
              [
                -78.63524796821392,
                -1.683161498212244
              ]
            ]
          ]
        ]
      }
    },
    {
      "type": "Feature",
      "properties": {
        "CELL_ID": "GIU100-15-49",
        "AMBITO": "URBANO",
        "CATEGORIA": "VIOLENCIA",
        "PLATAFORMA": "PLATAFORMA Ñ",
        "PARROQUIA": null,
        "DISTANCE_M": 200,
        "CELL_SIZE_M": 100,
        "COUNT": 1,
        "GI_ZSCORE": 1.9782125252176277,
        "GI_PVALUE": 0.047904736321680026,
        "GI_CLASS": "HOTSPOT 95%",
        "GI_STAR": 1.9782125252176277,
        "SIGNIFICANCIA": 95,
        "SUMA_LOCAL": 13,
        "NIVEL": 95,
        "COB_A_PCT": 0.0,
        "ESTADO_A": "SIN COBERTURA",
        "COB_B_PCT": 88.34858419141646,
        "ESTADO_B": "PARCIALMENTE CUBIERTO",
        "COB_C_PCT": 88.34858419141646,
        "ESTADO_C": "PARCIALMENTE CUBIERTO",
        "COB_B_ANTERIOR_PCT": 14.69952424389254,
        "ESTADO_B_ANTERIOR": "PARCIALMENTE CUBIERTO",
        "COB_C_ANTERIOR_PCT": 14.69952424389254,
        "ESTADO_C_ANTERIOR": "PARCIALMENTE CUBIERTO"
      },
      "geometry": {
        "type": "MultiPolygon",
        "coordinates": [
          [
            [
              [
                -78.6541132526335,
                -1.6822804723396636
              ],
              [
                -78.65411433270015,
                -1.6813765121165434
              ],
              [
                -78.65321603227821,
                -1.6813754253301354
              ],
              [
                -78.65321495179889,
                -1.6822793849686433
              ],
              [
                -78.6541132526335,
                -1.6822804723396636
              ]
            ]
          ]
        ]
      }
    },
    {
      "type": "Feature",
      "properties": {
        "CELL_ID": "GIU100-15-59",
        "AMBITO": "URBANO",
        "CATEGORIA": "VIOLENCIA",
        "PLATAFORMA": "PLATAFORMA Ñ",
        "PARROQUIA": null,
        "DISTANCE_M": 200,
        "CELL_SIZE_M": 100,
        "COUNT": 0,
        "GI_ZSCORE": 7.778744693809459,
        "GI_PVALUE": 7.324771305214385e-15,
        "GI_CLASS": "HOTSPOT 99%",
        "GI_STAR": 7.778744693809459,
        "SIGNIFICANCIA": 99,
        "SUMA_LOCAL": 36,
        "NIVEL": 99,
        "COB_A_PCT": 43.768678202093355,
        "ESTADO_A": "PARCIALMENTE CUBIERTO",
        "COB_B_PCT": 43.768678202093355,
        "ESTADO_B": "PARCIALMENTE CUBIERTO",
        "COB_C_PCT": 44.728785018523155,
        "ESTADO_C": "PARCIALMENTE CUBIERTO",
        "COB_B_ANTERIOR_PCT": 43.768678202093355,
        "ESTADO_B_ANTERIOR": "PARCIALMENTE CUBIERTO",
        "COB_C_ANTERIOR_PCT": 44.728785018523155,
        "ESTADO_C_ANTERIOR": "PARCIALMENTE CUBIERTO"
      },
      "geometry": {
        "type": "MultiPolygon",
        "coordinates": [
          [
            [
              [
                -78.6451302704848,
                -1.6822695799379002
              ],
              [
                -78.645131354678,
                -1.6813656255709541
              ],
              [
                -78.64423306008175,
                -1.6813645346331245
              ],
              [
                -78.6442319754759,
                -1.6822684884132246
              ],
              [
                -78.6451302704848,
                -1.6822695799379002
              ]
            ]
          ]
        ]
      }
    },
    {
      "type": "Feature",
      "properties": {
        "CELL_ID": "GIU100-15-60",
        "AMBITO": "URBANO",
        "CATEGORIA": "VIOLENCIA",
        "PLATAFORMA": "PLATAFORMA Ñ",
        "PARROQUIA": null,
        "DISTANCE_M": 200,
        "CELL_SIZE_M": 100,
        "COUNT": 0,
        "GI_ZSCORE": 9.039729947851162,
        "GI_PVALUE": 1.5705934078457133e-19,
        "GI_CLASS": "HOTSPOT 99%",
        "GI_STAR": 9.039729947851162,
        "SIGNIFICANCIA": 99,
        "SUMA_LOCAL": 41,
        "NIVEL": 99,
        "COB_A_PCT": 31.874211161234484,
        "ESTADO_A": "PARCIALMENTE CUBIERTO",
        "COB_B_PCT": 31.874211161234484,
        "ESTADO_B": "PARCIALMENTE CUBIERTO",
        "COB_C_PCT": 91.77834628604604,
        "ESTADO_C": "PARCIALMENTE CUBIERTO",
        "COB_B_ANTERIOR_PCT": 31.874211161234484,
        "ESTADO_B_ANTERIOR": "PARCIALMENTE CUBIERTO",
        "COB_C_ANTERIOR_PCT": 91.77834628604604,
        "ESTADO_C_ANTERIOR": "PARCIALMENTE CUBIERTO"
      },
      "geometry": {
        "type": "MultiPolygon",
        "coordinates": [
          [
            [
              [
                -78.6442319754759,
                -1.6822684884132246
              ],
              [
                -78.64423306008175,
                -1.6813645346331245
              ],
              [
                -78.64333476606929,
                -1.6813634432801592
              ],
              [
                -78.6433336810508,
                -1.682267396473191
              ],
              [
                -78.6442319754759,
                -1.6822684884132246
              ]
            ]
          ]
        ]
      }
    },
    {
      "type": "Feature",
      "properties": {
        "CELL_ID": "GIU100-15-61",
        "AMBITO": "URBANO",
        "CATEGORIA": "VIOLENCIA",
        "PLATAFORMA": "PLATAFORMA P",
        "PARROQUIA": null,
        "DISTANCE_M": 200,
        "CELL_SIZE_M": 100,
        "COUNT": 35,
        "GI_ZSCORE": 10.300715201892865,
        "GI_PVALUE": 6.993936319434361e-25,
        "GI_CLASS": "HOTSPOT 99%",
        "GI_STAR": 10.300715201892865,
        "SIGNIFICANCIA": 99,
        "SUMA_LOCAL": 46,
        "NIVEL": 99,
        "COB_A_PCT": 34.697254577958766,
        "ESTADO_A": "PARCIALMENTE CUBIERTO",
        "COB_B_PCT": 34.697254577958766,
        "ESTADO_B": "PARCIALMENTE CUBIERTO",
        "COB_C_PCT": 100.0,
        "ESTADO_C": "CUBIERTO",
        "COB_B_ANTERIOR_PCT": 34.697254577958766,
        "ESTADO_B_ANTERIOR": "PARCIALMENTE CUBIERTO",
        "COB_C_ANTERIOR_PCT": 100.0,
        "ESTADO_C_ANTERIOR": "CUBIERTO"
      },
      "geometry": {
        "type": "MultiPolygon",
        "coordinates": [
          [
            [
              [
                -78.6433336810508,
                -1.682267396473191
              ],
              [
                -78.64333476606929,
                -1.6813634432801592
              ],
              [
                -78.64243647264084,
                -1.681362351512061
              ],
              [
                -78.64243538720972,
                -1.6822663041177999
              ],
              [
                -78.6433336810508,
                -1.682267396473191
              ]
            ]
          ]
        ]
      }
    },
    {
      "type": "Feature",
      "properties": {
        "CELL_ID": "GIU100-15-62",
        "AMBITO": "URBANO",
        "CATEGORIA": "VIOLENCIA",
        "PLATAFORMA": "PLATAFORMA P",
        "PARROQUIA": null,
        "DISTANCE_M": 200,
        "CELL_SIZE_M": 100,
        "COUNT": 1,
        "GI_ZSCORE": 10.300715201892865,
        "GI_PVALUE": 6.993936319434361e-25,
        "GI_CLASS": "HOTSPOT 99%",
        "GI_STAR": 10.300715201892865,
        "SIGNIFICANCIA": 99,
        "SUMA_LOCAL": 46,
        "NIVEL": 99,
        "COB_A_PCT": 61.37998060859166,
        "ESTADO_A": "PARCIALMENTE CUBIERTO",
        "COB_B_PCT": 61.37998060859166,
        "ESTADO_B": "PARCIALMENTE CUBIERTO",
        "COB_C_PCT": 100.0,
        "ESTADO_C": "CUBIERTO",
        "COB_B_ANTERIOR_PCT": 61.37998060859166,
        "ESTADO_B_ANTERIOR": "PARCIALMENTE CUBIERTO",
        "COB_C_ANTERIOR_PCT": 100.0,
        "ESTADO_C_ANTERIOR": "CUBIERTO"
      },
      "geometry": {
        "type": "MultiPolygon",
        "coordinates": [
          [
            [
              [
                -78.64243538720972,
                -1.6822663041177999
              ],
              [
                -78.64243647264084,
                -1.681362351512061
              ],
              [
                -78.64153817979664,
                -1.6813612593288305
              ],
              [
                -78.64153709395286,
                -1.6822652113470542
              ],
              [
                -78.64243538720972,
                -1.6822663041177999
              ]
            ]
          ]
        ]
      }
    },
    {
      "type": "Feature",
      "properties": {
        "CELL_ID": "GIU100-15-63",
        "AMBITO": "URBANO",
        "CATEGORIA": "VIOLENCIA",
        "PLATAFORMA": "PLATAFORMA P",
        "PARROQUIA": null,
        "DISTANCE_M": 200,
        "CELL_SIZE_M": 100,
        "COUNT": 0,
        "GI_ZSCORE": 9.796321100276185,
        "GI_PVALUE": 1.1676095290535485e-22,
        "GI_CLASS": "HOTSPOT 99%",
        "GI_STAR": 9.796321100276185,
        "SIGNIFICANCIA": 99,
        "SUMA_LOCAL": 44,
        "NIVEL": 99,
        "COB_A_PCT": 87.5127042946074,
        "ESTADO_A": "PARCIALMENTE CUBIERTO",
        "COB_B_PCT": 87.5127042946074,
        "ESTADO_B": "PARCIALMENTE CUBIERTO",
        "COB_C_PCT": 93.55575152187069,
        "ESTADO_C": "PARCIALMENTE CUBIERTO",
        "COB_B_ANTERIOR_PCT": 87.5127042946074,
        "ESTADO_B_ANTERIOR": "PARCIALMENTE CUBIERTO",
        "COB_C_ANTERIOR_PCT": 93.55575152187069,
        "ESTADO_C_ANTERIOR": "PARCIALMENTE CUBIERTO"
      },
      "geometry": {
        "type": "MultiPolygon",
        "coordinates": [
          [
            [
              [
                -78.64153709395286,
                -1.6822652113470542
              ],
              [
                -78.64153817979664,
                -1.6813612593288305
              ],
              [
                -78.64063988753688,
                -1.6813601667304692
              ],
              [
                -78.64063880128046,
                -1.682264118160954
              ],
              [
                -78.64153709395286,
                -1.6822652113470542
              ]
            ]
          ]
        ]
      }
    },
    {
      "type": "Feature",
      "properties": {
        "CELL_ID": "GIU100-15-66",
        "AMBITO": "URBANO",
        "CATEGORIA": "VIOLENCIA",
        "PLATAFORMA": "PLATAFORMA Q",
        "PARROQUIA": null,
        "DISTANCE_M": 200,
        "CELL_SIZE_M": 100,
        "COUNT": 0,
        "GI_ZSCORE": 1.9782125252176277,
        "GI_PVALUE": 0.047904736321680026,
        "GI_CLASS": "HOTSPOT 95%",
        "GI_STAR": 1.9782125252176277,
        "SIGNIFICANCIA": 95,
        "SUMA_LOCAL": 13,
        "NIVEL": 95,
        "COB_A_PCT": 99.81432819709978,
        "ESTADO_A": "PARCIALMENTE CUBIERTO",
        "COB_B_PCT": 99.81432819709978,
        "ESTADO_B": "PARCIALMENTE CUBIERTO",
        "COB_C_PCT": 100.0,
        "ESTADO_C": "CUBIERTO",
        "COB_B_ANTERIOR_PCT": 99.81432819709978,
        "ESTADO_B_ANTERIOR": "PARCIALMENTE CUBIERTO",
        "COB_C_ANTERIOR_PCT": 100.0,
        "ESTADO_C_ANTERIOR": "CUBIERTO"
      },
      "geometry": {
        "type": "MultiPolygon",
        "coordinates": [
          [
            [
              [
                -78.63884221768993,
                -1.6822619305426962
              ],
              [
                -78.63884330477163,
                -1.6813579802883596
              ],
              [
                -78.63794501426658,
                -1.681356886444614
              ],
              [
                -78.63794392677225,
                -1.682260836110542
              ],
              [
                -78.63884221768993,
                -1.6822619305426962
              ]
            ]
          ]
        ]
      }
    },
    {
      "type": "Feature",
      "properties": {
        "CELL_ID": "GIU100-15-67",
        "AMBITO": "URBANO",
        "CATEGORIA": "VIOLENCIA",
        "PLATAFORMA": "PLATAFORMA Q",
        "PARROQUIA": null,
        "DISTANCE_M": 200,
        "CELL_SIZE_M": 100,
        "COUNT": 1,
        "GI_ZSCORE": 2.734803677642649,
        "GI_PVALUE": 0.006241749090433691,
        "GI_CLASS": "HOTSPOT 99%",
        "GI_STAR": 2.734803677642649,
        "SIGNIFICANCIA": 99,
        "SUMA_LOCAL": 16,
        "NIVEL": 99,
        "COB_A_PCT": 100.0,
        "ESTADO_A": "CUBIERTO",
        "COB_B_PCT": 100.0,
        "ESTADO_B": "CUBIERTO",
        "COB_C_PCT": 100.0,
        "ESTADO_C": "CUBIERTO",
        "COB_B_ANTERIOR_PCT": 100.0,
        "ESTADO_B_ANTERIOR": "CUBIERTO",
        "COB_C_ANTERIOR_PCT": 100.0,
        "ESTADO_C_ANTERIOR": "CUBIERTO"
      },
      "geometry": {
        "type": "MultiPolygon",
        "coordinates": [
          [
            [
              [
                -78.63794392677225,
                -1.682260836110542
              ],
              [
                -78.63794501426658,
                -1.681356886444614
              ],
              [
                -78.63704672434689,
                -1.6813557921857432
              ],
              [
                -78.63704563643991,
                -1.6822597412630385
              ],
              [
                -78.63794392677225,
                -1.682260836110542
              ]
            ]
          ]
        ]
      }
    },
    {
      "type": "Feature",
      "properties": {
        "CELL_ID": "GIU100-15-68",
        "AMBITO": "URBANO",
        "CATEGORIA": "VIOLENCIA",
        "PLATAFORMA": "PLATAFORMA Q",
        "PARROQUIA": null,
        "DISTANCE_M": 200,
        "CELL_SIZE_M": 100,
        "COUNT": 2,
        "GI_ZSCORE": 2.4826066268343085,
        "GI_PVALUE": 0.01304250275922858,
        "GI_CLASS": "HOTSPOT 95%",
        "GI_STAR": 2.4826066268343085,
        "SIGNIFICANCIA": 95,
        "SUMA_LOCAL": 15,
        "NIVEL": 95,
        "COB_A_PCT": 96.9693612132192,
        "ESTADO_A": "PARCIALMENTE CUBIERTO",
        "COB_B_PCT": 96.9693612132192,
        "ESTADO_B": "PARCIALMENTE CUBIERTO",
        "COB_C_PCT": 100.0,
        "ESTADO_C": "CUBIERTO",
        "COB_B_ANTERIOR_PCT": 96.9693612132192,
        "ESTADO_B_ANTERIOR": "PARCIALMENTE CUBIERTO",
        "COB_C_ANTERIOR_PCT": 100.0,
        "ESTADO_C_ANTERIOR": "CUBIERTO"
      },
      "geometry": {
        "type": "MultiPolygon",
        "coordinates": [
          [
            [
              [
                -78.63704563643991,
                -1.6822597412630385
              ],
              [
                -78.63704672434689,
                -1.6813557921857432
              ],
              [
                -78.63614843501276,
                -1.681354697511748
              ],
              [
                -78.63614734669316,
                -1.682258646000188
              ],
              [
                -78.63704563643991,
                -1.6822597412630385
              ]
            ]
          ]
        ]
      }
    },
    {
      "type": "Feature",
      "properties": {
        "CELL_ID": "GIU100-15-69",
        "AMBITO": "URBANO",
        "CATEGORIA": "VIOLENCIA",
        "PLATAFORMA": "PLATAFORMA Q",
        "PARROQUIA": null,
        "DISTANCE_M": 200,
        "CELL_SIZE_M": 100,
        "COUNT": 2,
        "GI_ZSCORE": 2.230409576025968,
        "GI_PVALUE": 0.025720264423434874,
        "GI_CLASS": "HOTSPOT 95%",
        "GI_STAR": 2.230409576025968,
        "SIGNIFICANCIA": 95,
        "SUMA_LOCAL": 14,
        "NIVEL": 95,
        "COB_A_PCT": 15.202397657819992,
        "ESTADO_A": "PARCIALMENTE CUBIERTO",
        "COB_B_PCT": 15.202397657819992,
        "ESTADO_B": "PARCIALMENTE CUBIERTO",
        "COB_C_PCT": 100.0,
        "ESTADO_C": "CUBIERTO",
        "COB_B_ANTERIOR_PCT": 15.202397657819992,
        "ESTADO_B_ANTERIOR": "PARCIALMENTE CUBIERTO",
        "COB_C_ANTERIOR_PCT": 100.0,
        "ESTADO_C_ANTERIOR": "CUBIERTO"
      },
      "geometry": {
        "type": "MultiPolygon",
        "coordinates": [
          [
            [
              [
                -78.63614734669316,
                -1.682258646000188
              ],
              [
                -78.63614843501276,
                -1.681354697511748
              ],
              [
                -78.6352501462644,
                -1.6813536024226294
              ],
              [
                -78.63524905753216,
                -1.6822575503219912
              ],
              [
                -78.63614734669316,
                -1.682258646000188
              ]
            ]
          ]
        ]
      }
    },
    {
      "type": "Feature",
      "properties": {
        "CELL_ID": "GIU100-15-70",
        "AMBITO": "URBANO",
        "CATEGORIA": "VIOLENCIA",
        "PLATAFORMA": "PLATAFORMA Q",
        "PARROQUIA": null,
        "DISTANCE_M": 200,
        "CELL_SIZE_M": 100,
        "COUNT": 0,
        "GI_ZSCORE": 2.734803677642649,
        "GI_PVALUE": 0.006241749090433691,
        "GI_CLASS": "HOTSPOT 99%",
        "GI_STAR": 2.734803677642649,
        "SIGNIFICANCIA": 99,
        "SUMA_LOCAL": 16,
        "NIVEL": 99,
        "COB_A_PCT": 0.0,
        "ESTADO_A": "SIN COBERTURA",
        "COB_B_PCT": 0.0,
        "ESTADO_B": "SIN COBERTURA",
        "COB_C_PCT": 100.0,
        "ESTADO_C": "CUBIERTO",
        "COB_B_ANTERIOR_PCT": 7.9787654678887865,
        "ESTADO_B_ANTERIOR": "PARCIALMENTE CUBIERTO",
        "COB_C_ANTERIOR_PCT": 100.0,
        "ESTADO_C_ANTERIOR": "CUBIERTO"
      },
      "geometry": {
        "type": "MultiPolygon",
        "coordinates": [
          [
            [
              [
                -78.63524905753216,
                -1.6822575503219912
              ],
              [
                -78.6352501462644,
                -1.6813536024226294
              ],
              [
                -78.6343518581021,
                -1.68135250691839
              ],
              [
                -78.6343507689572,
                -1.68225645422845
              ],
              [
                -78.63524905753216,
                -1.6822575503219912
              ]
            ]
          ]
        ]
      }
    },
    {
      "type": "Feature",
      "properties": {
        "CELL_ID": "GIU100-16-48",
        "AMBITO": "URBANO",
        "CATEGORIA": "VIOLENCIA",
        "PLATAFORMA": "PLATAFORMA Ñ",
        "PARROQUIA": null,
        "DISTANCE_M": 200,
        "CELL_SIZE_M": 100,
        "COUNT": 2,
        "GI_ZSCORE": 1.7260154744092873,
        "GI_PVALUE": 0.08434462886201807,
        "GI_CLASS": "HOTSPOT 90%",
        "GI_STAR": 1.7260154744092873,
        "SIGNIFICANCIA": 90,
        "SUMA_LOCAL": 12,
        "NIVEL": 90,
        "COB_A_PCT": 0.0,
        "ESTADO_A": "SIN COBERTURA",
        "COB_B_PCT": 100.0,
        "ESTADO_B": "CUBIERTO",
        "COB_C_PCT": 100.0,
        "ESTADO_C": "CUBIERTO",
        "COB_B_ANTERIOR_PCT": 100.0,
        "ESTADO_B_ANTERIOR": "CUBIERTO",
        "COB_C_ANTERIOR_PCT": 100.0,
        "ESTADO_C_ANTERIOR": "CUBIERTO"
      },
      "geometry": {
        "type": "MultiPolygon",
        "coordinates": [
          [
            [
              [
                -78.65501263370344,
                -1.6813775984878017
              ],
              [
                -78.65501371277631,
                -1.6804736376711995
              ],
              [
                -78.65411541218545,
                -1.6804725518843295
              ],
              [
                -78.65411433270015,
                -1.6813765121165434
              ],
              [
                -78.65501263370344,
                -1.6813775984878017
              ]
            ]
          ]
        ]
      }
    },
    {
      "type": "Feature",
      "properties": {
        "CELL_ID": "GIU100-16-49",
        "AMBITO": "URBANO",
        "CATEGORIA": "VIOLENCIA",
        "PLATAFORMA": "PLATAFORMA Ñ",
        "PARROQUIA": null,
        "DISTANCE_M": 200,
        "CELL_SIZE_M": 100,
        "COUNT": 2,
        "GI_ZSCORE": 1.9782125252176277,
        "GI_PVALUE": 0.047904736321680026,
        "GI_CLASS": "HOTSPOT 95%",
        "GI_STAR": 1.9782125252176277,
        "SIGNIFICANCIA": 95,
        "SUMA_LOCAL": 13,
        "NIVEL": 95,
        "COB_A_PCT": 0.0,
        "ESTADO_A": "SIN COBERTURA",
        "COB_B_PCT": 87.49458884660697,
        "ESTADO_B": "PARCIALMENTE CUBIERTO",
        "COB_C_PCT": 87.49458884660697,
        "ESTADO_C": "PARCIALMENTE CUBIERTO",
        "COB_B_ANTERIOR_PCT": 89.3484252864719,
        "ESTADO_B_ANTERIOR": "PARCIALMENTE CUBIERTO",
        "COB_C_ANTERIOR_PCT": 89.3484252864719,
        "ESTADO_C_ANTERIOR": "PARCIALMENTE CUBIERTO"
      },
      "geometry": {
        "type": "MultiPolygon",
        "coordinates": [
          [
            [
              [
                -78.65411433270015,
                -1.6813765121165434
              ],
              [
                -78.65411541218545,
                -1.6804725518843295
              ],
              [
                -78.65321711217594,
                -1.6804714656825337
              ],
              [
                -78.65321603227821,
                -1.6813754253301354
              ],
              [
                -78.65411433270015,
                -1.6813765121165434
              ]
            ]
          ]
        ]
      }
    },
    {
      "type": "Feature",
      "properties": {
        "CELL_ID": "GIU100-16-60",
        "AMBITO": "URBANO",
        "CATEGORIA": "VIOLENCIA",
        "PLATAFORMA": "PLATAFORMA Ñ",
        "PARROQUIA": null,
        "DISTANCE_M": 200,
        "CELL_SIZE_M": 100,
        "COUNT": 0,
        "GI_ZSCORE": 9.291926998659502,
        "GI_PVALUE": 1.5151983950722566e-20,
        "GI_CLASS": "HOTSPOT 99%",
        "GI_STAR": 9.291926998659502,
        "SIGNIFICANCIA": 99,
        "SUMA_LOCAL": 42,
        "NIVEL": 99,
        "COB_A_PCT": 75.81873587343368,
        "ESTADO_A": "PARCIALMENTE CUBIERTO",
        "COB_B_PCT": 75.81873587343368,
        "ESTADO_B": "PARCIALMENTE CUBIERTO",
        "COB_C_PCT": 100.0,
        "ESTADO_C": "CUBIERTO",
        "COB_B_ANTERIOR_PCT": 75.81873587343368,
        "ESTADO_B_ANTERIOR": "PARCIALMENTE CUBIERTO",
        "COB_C_ANTERIOR_PCT": 100.0,
        "ESTADO_C_ANTERIOR": "CUBIERTO"
      },
      "geometry": {
        "type": "MultiPolygon",
        "coordinates": [
          [
            [
              [
                -78.64423306008175,
                -1.6813645346331245
              ],
              [
                -78.6442341441038,
                -1.6804605808439246
              ],
              [
                -78.64333585050376,
                -1.6804594900780283
              ],
              [
                -78.64333476606929,
                -1.6813634432801592
              ],
              [
                -78.64423306008175,
                -1.6813645346331245
              ]
            ]
          ]
        ]
      }
    },
    {
      "type": "Feature",
      "properties": {
        "CELL_ID": "GIU100-16-61",
        "AMBITO": "URBANO",
        "CATEGORIA": "VIOLENCIA",
        "PLATAFORMA": "PLATAFORMA P",
        "PARROQUIA": null,
        "DISTANCE_M": 200,
        "CELL_SIZE_M": 100,
        "COUNT": 2,
        "GI_ZSCORE": 10.552912252701205,
        "GI_PVALUE": 4.924655435898046e-26,
        "GI_CLASS": "HOTSPOT 99%",
        "GI_STAR": 10.552912252701205,
        "SIGNIFICANCIA": 99,
        "SUMA_LOCAL": 47,
        "NIVEL": 99,
        "COB_A_PCT": 4.078644310134534,
        "ESTADO_A": "PARCIALMENTE CUBIERTO",
        "COB_B_PCT": 4.078644310134534,
        "ESTADO_B": "PARCIALMENTE CUBIERTO",
        "COB_C_PCT": 100.0,
        "ESTADO_C": "CUBIERTO",
        "COB_B_ANTERIOR_PCT": 4.078644310134534,
        "ESTADO_B_ANTERIOR": "PARCIALMENTE CUBIERTO",
        "COB_C_ANTERIOR_PCT": 100.0,
        "ESTADO_C_ANTERIOR": "CUBIERTO"
      },
      "geometry": {
        "type": "MultiPolygon",
        "coordinates": [
          [
            [
              [
                -78.64333476606929,
                -1.6813634432801592
              ],
              [
                -78.64333585050376,
                -1.6804594900780283
              ],
              [
                -78.64243755748774,
                -1.680458398897222
              ],
              [
                -78.64243647264084,
                -1.681362351512061
              ],
              [
                -78.64333476606929,
                -1.6813634432801592
              ]
            ]
          ]
        ]
      }
    },
    {
      "type": "Feature",
      "properties": {
        "CELL_ID": "GIU100-16-62",
        "AMBITO": "URBANO",
        "CATEGORIA": "VIOLENCIA",
        "PLATAFORMA": "PLATAFORMA P",
        "PARROQUIA": null,
        "DISTANCE_M": 200,
        "CELL_SIZE_M": 100,
        "COUNT": 4,
        "GI_ZSCORE": 10.552912252701205,
        "GI_PVALUE": 4.924655435898046e-26,
        "GI_CLASS": "HOTSPOT 99%",
        "GI_STAR": 10.552912252701205,
        "SIGNIFICANCIA": 99,
        "SUMA_LOCAL": 47,
        "NIVEL": 99,
        "COB_A_PCT": 60.33734125397592,
        "ESTADO_A": "PARCIALMENTE CUBIERTO",
        "COB_B_PCT": 60.33734125397592,
        "ESTADO_B": "PARCIALMENTE CUBIERTO",
        "COB_C_PCT": 100.0,
        "ESTADO_C": "CUBIERTO",
        "COB_B_ANTERIOR_PCT": 60.33734125397592,
        "ESTADO_B_ANTERIOR": "PARCIALMENTE CUBIERTO",
        "COB_C_ANTERIOR_PCT": 100.0,
        "ESTADO_C_ANTERIOR": "CUBIERTO"
      },
      "geometry": {
        "type": "MultiPolygon",
        "coordinates": [
          [
            [
              [
                -78.64243647264084,
                -1.681362351512061
              ],
              [
                -78.64243755748774,
                -1.680458398897222
              ],
              [
                -78.64153926505595,
                -1.6804573073015057
              ],
              [
                -78.64153817979664,
                -1.6813612593288305
              ],
              [
                -78.64243647264084,
                -1.681362351512061
              ]
            ]
          ]
        ]
      }
    },
    {
      "type": "Feature",
      "properties": {
        "CELL_ID": "GIU100-16-63",
        "AMBITO": "URBANO",
        "CATEGORIA": "VIOLENCIA",
        "PLATAFORMA": "PLATAFORMA P",
        "PARROQUIA": null,
        "DISTANCE_M": 200,
        "CELL_SIZE_M": 100,
        "COUNT": 1,
        "GI_ZSCORE": 1.7260154744092873,
        "GI_PVALUE": 0.08434462886201807,
        "GI_CLASS": "HOTSPOT 90%",
        "GI_STAR": 1.7260154744092873,
        "SIGNIFICANCIA": 90,
        "SUMA_LOCAL": 12,
        "NIVEL": 90,
        "COB_A_PCT": 79.99527124948254,
        "ESTADO_A": "PARCIALMENTE CUBIERTO",
        "COB_B_PCT": 79.99527124948254,
        "ESTADO_B": "PARCIALMENTE CUBIERTO",
        "COB_C_PCT": 87.06269137389083,
        "ESTADO_C": "PARCIALMENTE CUBIERTO",
        "COB_B_ANTERIOR_PCT": 79.99527124948254,
        "ESTADO_B_ANTERIOR": "PARCIALMENTE CUBIERTO",
        "COB_C_ANTERIOR_PCT": 87.06269137389083,
        "ESTADO_C_ANTERIOR": "PARCIALMENTE CUBIERTO"
      },
      "geometry": {
        "type": "MultiPolygon",
        "coordinates": [
          [
            [
              [
                -78.64153817979664,
                -1.6813612593288305
              ],
              [
                -78.64153926505595,
                -1.6804573073015057
              ],
              [
                -78.64064097320862,
                -1.680456215290883
              ],
              [
                -78.64063988753688,
                -1.6813601667304692
              ],
              [
                -78.64153817979664,
                -1.6813612593288305
              ]
            ]
          ]
        ]
      }
    },
    {
      "type": "Feature",
      "properties": {
        "CELL_ID": "GIU100-16-67",
        "AMBITO": "URBANO",
        "CATEGORIA": "VIOLENCIA",
        "PLATAFORMA": "PLATAFORMA Q",
        "PARROQUIA": null,
        "DISTANCE_M": 200,
        "CELL_SIZE_M": 100,
        "COUNT": 2,
        "GI_ZSCORE": 1.9782125252176277,
        "GI_PVALUE": 0.047904736321680026,
        "GI_CLASS": "HOTSPOT 95%",
        "GI_STAR": 1.9782125252176277,
        "SIGNIFICANCIA": 95,
        "SUMA_LOCAL": 13,
        "NIVEL": 95,
        "COB_A_PCT": 49.85198572427885,
        "ESTADO_A": "PARCIALMENTE CUBIERTO",
        "COB_B_PCT": 49.85198572427885,
        "ESTADO_B": "PARCIALMENTE CUBIERTO",
        "COB_C_PCT": 100.0,
        "ESTADO_C": "CUBIERTO",
        "COB_B_ANTERIOR_PCT": 88.66401397004587,
        "ESTADO_B_ANTERIOR": "PARCIALMENTE CUBIERTO",
        "COB_C_ANTERIOR_PCT": 100.0,
        "ESTADO_C_ANTERIOR": "CUBIERTO"
      },
      "geometry": {
        "type": "MultiPolygon",
        "coordinates": [
          [
            [
              [
                -78.63794501426658,
                -1.681356886444614
              ],
              [
                -78.63794610117557,
                -1.680452936769583
              ],
              [
                -78.6370478116683,
                -1.6804518430993434
              ],
              [
                -78.63704672434689,
                -1.6813557921857432
              ],
              [
                -78.63794501426658,
                -1.681356886444614
              ]
            ]
          ]
        ]
      }
    },
    {
      "type": "Feature",
      "properties": {
        "CELL_ID": "GIU100-17-61",
        "AMBITO": "URBANO",
        "CATEGORIA": "VIOLENCIA",
        "PLATAFORMA": "PLATAFORMA Ñ",
        "PARROQUIA": null,
        "DISTANCE_M": 200,
        "CELL_SIZE_M": 100,
        "COUNT": 0,
        "GI_ZSCORE": 10.300715201892865,
        "GI_PVALUE": 6.993936319434361e-25,
        "GI_CLASS": "HOTSPOT 99%",
        "GI_STAR": 10.300715201892865,
        "SIGNIFICANCIA": 99,
        "SUMA_LOCAL": 46,
        "NIVEL": 99,
        "COB_A_PCT": 53.1227089240838,
        "ESTADO_A": "PARCIALMENTE CUBIERTO",
        "COB_B_PCT": 53.1227089240838,
        "ESTADO_B": "PARCIALMENTE CUBIERTO",
        "COB_C_PCT": 100.0,
        "ESTADO_C": "CUBIERTO",
        "COB_B_ANTERIOR_PCT": 53.1227089240838,
        "ESTADO_B_ANTERIOR": "PARCIALMENTE CUBIERTO",
        "COB_C_ANTERIOR_PCT": 100.0,
        "ESTADO_C_ANTERIOR": "CUBIERTO"
      },
      "geometry": {
        "type": "MultiPolygon",
        "coordinates": [
          [
            [
              [
                -78.64333585050376,
                -1.6804594900780283
              ],
              [
                -78.64333693435422,
                -1.6795555368668027
              ],
              [
                -78.6424386417504,
                -1.679554446273287
              ],
              [
                -78.64243755748774,
                -1.680458398897222
              ],
              [
                -78.64333585050376,
                -1.6804594900780283
              ]
            ]
          ]
        ]
      }
    },
    {
      "type": "Feature",
      "properties": {
        "CELL_ID": "GIU100-17-62",
        "AMBITO": "URBANO",
        "CATEGORIA": "VIOLENCIA",
        "PLATAFORMA": "PLATAFORMA P",
        "PARROQUIA": null,
        "DISTANCE_M": 200,
        "CELL_SIZE_M": 100,
        "COUNT": 1,
        "GI_ZSCORE": 1.9782125252176277,
        "GI_PVALUE": 0.047904736321680026,
        "GI_CLASS": "HOTSPOT 95%",
        "GI_STAR": 1.9782125252176277,
        "SIGNIFICANCIA": 95,
        "SUMA_LOCAL": 13,
        "NIVEL": 95,
        "COB_A_PCT": 100.0,
        "ESTADO_A": "CUBIERTO",
        "COB_B_PCT": 100.0,
        "ESTADO_B": "CUBIERTO",
        "COB_C_PCT": 100.0,
        "ESTADO_C": "CUBIERTO",
        "COB_B_ANTERIOR_PCT": 100.0,
        "ESTADO_B_ANTERIOR": "CUBIERTO",
        "COB_C_ANTERIOR_PCT": 100.0,
        "ESTADO_C_ANTERIOR": "CUBIERTO"
      },
      "geometry": {
        "type": "MultiPolygon",
        "coordinates": [
          [
            [
              [
                -78.64243755748774,
                -1.680458398897222
              ],
              [
                -78.6424386417504,
                -1.679554446273287
              ],
              [
                -78.6415403497308,
                -1.6795533552650865
              ],
              [
                -78.64153926505595,
                -1.6804573073015057
              ],
              [
                -78.64243755748774,
                -1.680458398897222
              ]
            ]
          ]
        ]
      }
    },
    {
      "type": "Feature",
      "properties": {
        "CELL_ID": "GIU100-18-43",
        "AMBITO": "URBANO",
        "CATEGORIA": "VIOLENCIA",
        "PLATAFORMA": "PLATAFORMA Ñ",
        "PARROQUIA": null,
        "DISTANCE_M": 200,
        "CELL_SIZE_M": 100,
        "COUNT": 0,
        "GI_ZSCORE": 1.7260154744092873,
        "GI_PVALUE": 0.08434462886201807,
        "GI_CLASS": "HOTSPOT 90%",
        "GI_STAR": 1.7260154744092873,
        "SIGNIFICANCIA": 90,
        "SUMA_LOCAL": 12,
        "NIVEL": 90,
        "COB_A_PCT": 91.03113675258301,
        "ESTADO_A": "PARCIALMENTE CUBIERTO",
        "COB_B_PCT": 91.03113675258301,
        "ESTADO_B": "PARCIALMENTE CUBIERTO",
        "COB_C_PCT": 91.03113675258301,
        "ESTADO_C": "PARCIALMENTE CUBIERTO",
        "COB_B_ANTERIOR_PCT": 91.03113675258301,
        "ESTADO_B_ANTERIOR": "PARCIALMENTE CUBIERTO",
        "COB_C_ANTERIOR_PCT": 91.03113675258301,
        "ESTADO_C_ANTERIOR": "PARCIALMENTE CUBIERTO"
      },
      "geometry": {
        "type": "MultiPolygon",
        "coordinates": [
          [
            [
              [
                -78.65950630087366,
                -1.6795750966373257
              ],
              [
                -78.65950737672426,
                -1.6786711328839632
              ],
              [
                -78.65860907405423,
                -1.6786700503382874
              ],
              [
                -78.6586079977916,
                -1.6795740135083788
              ],
              [
                -78.65950630087366,
                -1.6795750966373257
              ]
            ]
          ]
        ]
      }
    },
    {
      "type": "Feature",
      "properties": {
        "CELL_ID": "GIU100-19-43",
        "AMBITO": "URBANO",
        "CATEGORIA": "VIOLENCIA",
        "PLATAFORMA": "PLATAFORMA Ñ",
        "PARROQUIA": null,
        "DISTANCE_M": 200,
        "CELL_SIZE_M": 100,
        "COUNT": 3,
        "GI_ZSCORE": 1.7260154744092873,
        "GI_PVALUE": 0.08434462886201807,
        "GI_CLASS": "HOTSPOT 90%",
        "GI_STAR": 1.7260154744092873,
        "SIGNIFICANCIA": 90,
        "SUMA_LOCAL": 12,
        "NIVEL": 90,
        "COB_A_PCT": 100.0,
        "ESTADO_A": "CUBIERTO",
        "COB_B_PCT": 100.0,
        "ESTADO_B": "CUBIERTO",
        "COB_C_PCT": 100.0,
        "ESTADO_C": "CUBIERTO",
        "COB_B_ANTERIOR_PCT": 100.0,
        "ESTADO_B_ANTERIOR": "CUBIERTO",
        "COB_C_ANTERIOR_PCT": 100.0,
        "ESTADO_C_ANTERIOR": "CUBIERTO"
      },
      "geometry": {
        "type": "MultiPolygon",
        "coordinates": [
          [
            [
              [
                -78.65950737672426,
                -1.6786711328839632
              ],
              [
                -78.65950845199487,
                -1.677767169121525
              ],
              [
                -78.65861014973663,
                -1.6777660871591196
              ],
              [
                -78.65860907405423,
                -1.6786700503382874
              ],
              [
                -78.65950737672426,
                -1.6786711328839632
              ]
            ]
          ]
        ]
      }
    },
    {
      "type": "Feature",
      "properties": {
        "CELL_ID": "GIU100-19-44",
        "AMBITO": "URBANO",
        "CATEGORIA": "VIOLENCIA",
        "PLATAFORMA": "PLATAFORMA Ñ",
        "PARROQUIA": null,
        "DISTANCE_M": 200,
        "CELL_SIZE_M": 100,
        "COUNT": 0,
        "GI_ZSCORE": 2.4826066268343085,
        "GI_PVALUE": 0.01304250275922858,
        "GI_CLASS": "HOTSPOT 95%",
        "GI_STAR": 2.4826066268343085,
        "SIGNIFICANCIA": 95,
        "SUMA_LOCAL": 15,
        "NIVEL": 95,
        "COB_A_PCT": 100.0,
        "ESTADO_A": "CUBIERTO",
        "COB_B_PCT": 100.0,
        "ESTADO_B": "CUBIERTO",
        "COB_C_PCT": 100.0,
        "ESTADO_C": "CUBIERTO",
        "COB_B_ANTERIOR_PCT": 100.0,
        "ESTADO_B_ANTERIOR": "CUBIERTO",
        "COB_C_ANTERIOR_PCT": 100.0,
        "ESTADO_C_ANTERIOR": "CUBIERTO"
      },
      "geometry": {
        "type": "MultiPolygon",
        "coordinates": [
          [
            [
              [
                -78.65860907405423,
                -1.6786700503382874
              ],
              [
                -78.65861014973663,
                -1.6777660871591196
              ],
              [
                -78.65771184805861,
                -1.6777650047824515
              ],
              [
                -78.65771077196443,
                -1.6786689673781254
              ],
              [
                -78.65860907405423,
                -1.6786700503382874
              ]
            ]
          ]
        ]
      }
    },
    {
      "type": "Feature",
      "properties": {
        "CELL_ID": "GIU100-20-41",
        "AMBITO": "URBANO",
        "CATEGORIA": "VIOLENCIA",
        "PLATAFORMA": "PLATAFORMA J",
        "PARROQUIA": null,
        "DISTANCE_M": 200,
        "CELL_SIZE_M": 100,
        "COUNT": 0,
        "GI_ZSCORE": 1.7260154744092873,
        "GI_PVALUE": 0.08434462886201807,
        "GI_CLASS": "HOTSPOT 90%",
        "GI_STAR": 1.7260154744092873,
        "SIGNIFICANCIA": 90,
        "SUMA_LOCAL": 12,
        "NIVEL": 90,
        "COB_A_PCT": 100.0,
        "ESTADO_A": "CUBIERTO",
        "COB_B_PCT": 100.0,
        "ESTADO_B": "CUBIERTO",
        "COB_C_PCT": 100.0,
        "ESTADO_C": "CUBIERTO",
        "COB_B_ANTERIOR_PCT": 100.0,
        "ESTADO_B_ANTERIOR": "CUBIERTO",
        "COB_C_ANTERIOR_PCT": 100.0,
        "ESTADO_C_ANTERIOR": "CUBIERTO"
      },
      "geometry": {
        "type": "MultiPolygon",
        "coordinates": [
          [
            [
              [
                -78.66130505825117,
                -1.6777693318035416
              ],
              [
                -78.66130613211865,
                -1.6768653668661628
              ],
              [
                -78.66040782911217,
                -1.6768642863151104
              ],
              [
                -78.66040675483312,
                -1.677768250669666
              ],
              [
                -78.66130505825117,
                -1.6777693318035416
              ]
            ]
          ]
        ]
      }
    },
    {
      "type": "Feature",
      "properties": {
        "CELL_ID": "GIU100-20-42",
        "AMBITO": "URBANO",
        "CATEGORIA": "VIOLENCIA",
        "PLATAFORMA": "PLATAFORMA J",
        "PARROQUIA": null,
        "DISTANCE_M": 200,
        "CELL_SIZE_M": 100,
        "COUNT": 0,
        "GI_ZSCORE": 3.2391977792593303,
        "GI_PVALUE": 0.0011986642318589453,
        "GI_CLASS": "HOTSPOT 99%",
        "GI_STAR": 3.2391977792593303,
        "SIGNIFICANCIA": 99,
        "SUMA_LOCAL": 18,
        "NIVEL": 99,
        "COB_A_PCT": 99.99999999999997,
        "ESTADO_A": "CUBIERTO",
        "COB_B_PCT": 99.99999999999997,
        "ESTADO_B": "CUBIERTO",
        "COB_C_PCT": 99.99999999999997,
        "ESTADO_C": "CUBIERTO",
        "COB_B_ANTERIOR_PCT": 99.99999999999997,
        "ESTADO_B_ANTERIOR": "CUBIERTO",
        "COB_C_ANTERIOR_PCT": 99.99999999999997,
        "ESTADO_C_ANTERIOR": "CUBIERTO"
      },
      "geometry": {
        "type": "MultiPolygon",
        "coordinates": [
          [
            [
              [
                -78.66040675483312,
                -1.677768250669666
              ],
              [
                -78.66040782911217,
                -1.6768642863151104
              ],
              [
                -78.65950952668548,
                -1.676863205350016
              ],
              [
                -78.65950845199487,
                -1.677767169121525
              ],
              [
                -78.66020910146845,
                -1.6777680127324874
              ],
              [
                -78.66004240518068,
                -1.6775544038557841
              ],
              [
                -78.65993979640223,
                -1.6774229178975084
              ],
              [
                -78.6602091016419,
                -1.6777680127326962
              ],
              [
                -78.66040675483312,
                -1.677768250669666
              ]
            ]
          ]
        ]
      }
    },
    {
      "type": "Feature",
      "properties": {
        "CELL_ID": "GIU100-20-43",
        "AMBITO": "URBANO",
        "CATEGORIA": "VIOLENCIA",
        "PLATAFORMA": "PLATAFORMA Ñ",
        "PARROQUIA": null,
        "DISTANCE_M": 200,
        "CELL_SIZE_M": 100,
        "COUNT": 3,
        "GI_ZSCORE": 2.734803677642649,
        "GI_PVALUE": 0.006241749090433691,
        "GI_CLASS": "HOTSPOT 99%",
        "GI_STAR": 2.734803677642649,
        "SIGNIFICANCIA": 99,
        "SUMA_LOCAL": 16,
        "NIVEL": 99,
        "COB_A_PCT": 100.0,
        "ESTADO_A": "CUBIERTO",
        "COB_B_PCT": 100.0,
        "ESTADO_B": "CUBIERTO",
        "COB_C_PCT": 100.0,
        "ESTADO_C": "CUBIERTO",
        "COB_B_ANTERIOR_PCT": 100.0,
        "ESTADO_B_ANTERIOR": "CUBIERTO",
        "COB_C_ANTERIOR_PCT": 100.0,
        "ESTADO_C_ANTERIOR": "CUBIERTO"
      },
      "geometry": {
        "type": "MultiPolygon",
        "coordinates": [
          [
            [
              [
                -78.65950845199487,
                -1.677767169121525
              ],
              [
                -78.65950952668548,
                -1.676863205350016
              ],
              [
                -78.65861122483878,
                -1.6768621239708805
              ],
              [
                -78.65861014973663,
                -1.6777660871591196
              ],
              [
                -78.65950845199487,
                -1.677767169121525
              ]
            ]
          ]
        ]
      }
    },
    {
      "type": "Feature",
      "properties": {
        "CELL_ID": "GIU100-20-44",
        "AMBITO": "URBANO",
        "CATEGORIA": "VIOLENCIA",
        "PLATAFORMA": "PLATAFORMA J",
        "PARROQUIA": null,
        "DISTANCE_M": 200,
        "CELL_SIZE_M": 100,
        "COUNT": 0,
        "GI_ZSCORE": 2.9870007284509894,
        "GI_PVALUE": 0.002817290511545885,
        "GI_CLASS": "HOTSPOT 99%",
        "GI_STAR": 2.9870007284509894,
        "SIGNIFICANCIA": 99,
        "SUMA_LOCAL": 17,
        "NIVEL": 99,
        "COB_A_PCT": 100.0,
        "ESTADO_A": "CUBIERTO",
        "COB_B_PCT": 100.0,
        "ESTADO_B": "CUBIERTO",
        "COB_C_PCT": 100.0,
        "ESTADO_C": "CUBIERTO",
        "COB_B_ANTERIOR_PCT": 100.0,
        "ESTADO_B_ANTERIOR": "CUBIERTO",
        "COB_C_ANTERIOR_PCT": 100.0,
        "ESTADO_C_ANTERIOR": "CUBIERTO"
      },
      "geometry": {
        "type": "MultiPolygon",
        "coordinates": [
          [
            [
              [
                -78.65861014973663,
                -1.6777660871591196
              ],
              [
                -78.65861122483878,
                -1.6768621239708805
              ],
              [
                -78.65771292357232,
                -1.6768610421777057
              ],
              [
                -78.65771184805861,
                -1.6777650047824515
              ],
              [
                -78.65861014973663,
                -1.6777660871591196
              ]
            ]
          ]
        ]
      }
    },
    {
      "type": "Feature",
      "properties": {
        "CELL_ID": "GIU100-20-45",
        "AMBITO": "URBANO",
        "CATEGORIA": "VIOLENCIA",
        "PLATAFORMA": "PLATAFORMA J",
        "PARROQUIA": null,
        "DISTANCE_M": 200,
        "CELL_SIZE_M": 100,
        "COUNT": 3,
        "GI_ZSCORE": 1.9782125252176277,
        "GI_PVALUE": 0.047904736321680026,
        "GI_CLASS": "HOTSPOT 95%",
        "GI_STAR": 1.9782125252176277,
        "SIGNIFICANCIA": 95,
        "SUMA_LOCAL": 13,
        "NIVEL": 95,
        "COB_A_PCT": 100.0,
        "ESTADO_A": "CUBIERTO",
        "COB_B_PCT": 100.0,
        "ESTADO_B": "CUBIERTO",
        "COB_C_PCT": 100.0,
        "ESTADO_C": "CUBIERTO",
        "COB_B_ANTERIOR_PCT": 100.0,
        "ESTADO_B_ANTERIOR": "CUBIERTO",
        "COB_C_ANTERIOR_PCT": 100.0,
        "ESTADO_C_ANTERIOR": "CUBIERTO"
      },
      "geometry": {
        "type": "MultiPolygon",
        "coordinates": [
          [
            [
              [
                -78.65771184805861,
                -1.6777650047824515
              ],
              [
                -78.65771292357232,
                -1.6768610421777057
              ],
              [
                -78.6568146228863,
                -1.6768599599704923
              ],
              [
                -78.65681354696105,
                -1.677763921991522
              ],
              [
                -78.65771184805861,
                -1.6777650047824515
              ]
            ]
          ]
        ]
      }
    },
    {
      "type": "Feature",
      "properties": {
        "CELL_ID": "GIU100-20-47",
        "AMBITO": "URBANO",
        "CATEGORIA": "VIOLENCIA",
        "PLATAFORMA": "PLATAFORMA J",
        "PARROQUIA": null,
        "DISTANCE_M": 200,
        "CELL_SIZE_M": 100,
        "COUNT": 1,
        "GI_ZSCORE": 2.4826066268343085,
        "GI_PVALUE": 0.01304250275922858,
        "GI_CLASS": "HOTSPOT 95%",
        "GI_STAR": 2.4826066268343085,
        "SIGNIFICANCIA": 95,
        "SUMA_LOCAL": 15,
        "NIVEL": 95,
        "COB_A_PCT": 0.0,
        "ESTADO_A": "SIN COBERTURA",
        "COB_B_PCT": 0.0,
        "ESTADO_B": "SIN COBERTURA",
        "COB_C_PCT": 100.0,
        "ESTADO_C": "CUBIERTO",
        "COB_B_ANTERIOR_PCT": 0.0,
        "ESTADO_B_ANTERIOR": "SIN COBERTURA",
        "COB_C_ANTERIOR_PCT": 100.0,
        "ESTADO_C_ANTERIOR": "CUBIERTO"
      },
      "geometry": {
        "type": "MultiPolygon",
        "coordinates": [
          [
            [
              [
                -78.65591524644415,
                -1.6777628387863313
              ],
              [
                -78.65591632278097,
                -1.6768588773492423
              ],
              [
                -78.65501802325655,
                -1.6768577943139567
              ],
              [
                -78.65501694650817,
                -1.6777617551668826
              ],
              [
                -78.65591524644415,
                -1.6777628387863313
              ]
            ]
          ]
        ]
      }
    },
    {
      "type": "Feature",
      "properties": {
        "CELL_ID": "GIU100-21-41",
        "AMBITO": "URBANO",
        "CATEGORIA": "VIOLENCIA",
        "PLATAFORMA": "PLATAFORMA J",
        "PARROQUIA": null,
        "DISTANCE_M": 200,
        "CELL_SIZE_M": 100,
        "COUNT": 2,
        "GI_ZSCORE": 2.230409576025968,
        "GI_PVALUE": 0.025720264423434874,
        "GI_CLASS": "HOTSPOT 95%",
        "GI_STAR": 2.230409576025968,
        "SIGNIFICANCIA": 95,
        "SUMA_LOCAL": 14,
        "NIVEL": 95,
        "COB_A_PCT": 67.1838437357677,
        "ESTADO_A": "PARCIALMENTE CUBIERTO",
        "COB_B_PCT": 67.1838437357677,
        "ESTADO_B": "PARCIALMENTE CUBIERTO",
        "COB_C_PCT": 67.1838437357677,
        "ESTADO_C": "PARCIALMENTE CUBIERTO",
        "COB_B_ANTERIOR_PCT": 67.1838437357677,
        "ESTADO_B_ANTERIOR": "PARCIALMENTE CUBIERTO",
        "COB_C_ANTERIOR_PCT": 67.1838437357677,
        "ESTADO_C_ANTERIOR": "PARCIALMENTE CUBIERTO"
      },
      "geometry": {
        "type": "MultiPolygon",
        "coordinates": [
          [
            [
              [
                -78.66130613211865,
                -1.6768653668661628
              ],
              [
                -78.66130720540657,
                -1.6759614019197182
              ],
              [
                -78.66040890281143,
                -1.6759603219514887
              ],
              [
                -78.66040782911217,
                -1.6768642863151104
              ],
              [
                -78.66130613211865,
                -1.6768653668661628
              ]
            ]
          ]
        ]
      }
    },
    {
      "type": "Feature",
      "properties": {
        "CELL_ID": "GIU100-21-42",
        "AMBITO": "URBANO",
        "CATEGORIA": "VIOLENCIA",
        "PLATAFORMA": "PLATAFORMA J",
        "PARROQUIA": null,
        "DISTANCE_M": 200,
        "CELL_SIZE_M": 100,
        "COUNT": 0,
        "GI_ZSCORE": 2.9870007284509894,
        "GI_PVALUE": 0.002817290511545885,
        "GI_CLASS": "HOTSPOT 99%",
        "GI_STAR": 2.9870007284509894,
        "SIGNIFICANCIA": 99,
        "SUMA_LOCAL": 17,
        "NIVEL": 99,
        "COB_A_PCT": 100.0,
        "ESTADO_A": "CUBIERTO",
        "COB_B_PCT": 100.0,
        "ESTADO_B": "CUBIERTO",
        "COB_C_PCT": 100.0,
        "ESTADO_C": "CUBIERTO",
        "COB_B_ANTERIOR_PCT": 100.0,
        "ESTADO_B_ANTERIOR": "CUBIERTO",
        "COB_C_ANTERIOR_PCT": 100.0,
        "ESTADO_C_ANTERIOR": "CUBIERTO"
      },
      "geometry": {
        "type": "MultiPolygon",
        "coordinates": [
          [
            [
              [
                -78.66040782911217,
                -1.6768642863151104
              ],
              [
                -78.66040890281143,
                -1.6759603219514887
              ],
              [
                -78.65951060079607,
                -1.6759592415694406
              ],
              [
                -78.65950952668548,
                -1.676863205350016
              ],
              [
                -78.66040782911217,
                -1.6768642863151104
              ]
            ]
          ]
        ]
      }
    },
    {
      "type": "Feature",
      "properties": {
        "CELL_ID": "GIU100-21-43",
        "AMBITO": "URBANO",
        "CATEGORIA": "VIOLENCIA",
        "PLATAFORMA": "PLATAFORMA J",
        "PARROQUIA": null,
        "DISTANCE_M": 200,
        "CELL_SIZE_M": 100,
        "COUNT": 3,
        "GI_ZSCORE": 3.4913948300676707,
        "GI_PVALUE": 0.0004805055964282036,
        "GI_CLASS": "HOTSPOT 99%",
        "GI_STAR": 3.4913948300676707,
        "SIGNIFICANCIA": 99,
        "SUMA_LOCAL": 19,
        "NIVEL": 99,
        "COB_A_PCT": 100.0,
        "ESTADO_A": "CUBIERTO",
        "COB_B_PCT": 100.0,
        "ESTADO_B": "CUBIERTO",
        "COB_C_PCT": 100.0,
        "ESTADO_C": "CUBIERTO",
        "COB_B_ANTERIOR_PCT": 100.0,
        "ESTADO_B_ANTERIOR": "CUBIERTO",
        "COB_C_ANTERIOR_PCT": 100.0,
        "ESTADO_C_ANTERIOR": "CUBIERTO"
      },
      "geometry": {
        "type": "MultiPolygon",
        "coordinates": [
          [
            [
              [
                -78.65950952668548,
                -1.676863205350016
              ],
              [
                -78.65951060079607,
                -1.6759592415694406
              ],
              [
                -78.65861229936071,
                -1.675958160773575
              ],
              [
                -78.65861122483878,
                -1.6768621239708805
              ],
              [
                -78.65950952668548,
                -1.676863205350016
              ]
            ]
          ]
        ]
      }
    },
    {
      "type": "Feature",
      "properties": {
        "CELL_ID": "GIU100-21-44",
        "AMBITO": "URBANO",
        "CATEGORIA": "VIOLENCIA",
        "PLATAFORMA": "PLATAFORMA J",
        "PARROQUIA": null,
        "DISTANCE_M": 200,
        "CELL_SIZE_M": 100,
        "COUNT": 2,
        "GI_ZSCORE": 1.7260154744092873,
        "GI_PVALUE": 0.08434462886201807,
        "GI_CLASS": "HOTSPOT 90%",
        "GI_STAR": 1.7260154744092873,
        "SIGNIFICANCIA": 90,
        "SUMA_LOCAL": 12,
        "NIVEL": 90,
        "COB_A_PCT": 100.0,
        "ESTADO_A": "CUBIERTO",
        "COB_B_PCT": 100.0,
        "ESTADO_B": "CUBIERTO",
        "COB_C_PCT": 100.0,
        "ESTADO_C": "CUBIERTO",
        "COB_B_ANTERIOR_PCT": 100.0,
        "ESTADO_B_ANTERIOR": "CUBIERTO",
        "COB_C_ANTERIOR_PCT": 100.0,
        "ESTADO_C_ANTERIOR": "CUBIERTO"
      },
      "geometry": {
        "type": "MultiPolygon",
        "coordinates": [
          [
            [
              [
                -78.65861122483878,
                -1.6768621239708805
              ],
              [
                -78.65861229936071,
                -1.675958160773575
              ],
              [
                -78.65771399850559,
                -1.6759570795638925
              ],
              [
                -78.65771292357232,
                -1.6768610421777057
              ],
              [
                -78.65861122483878,
                -1.6768621239708805
              ]
            ]
          ]
        ]
      }
    },
    {
      "type": "Feature",
      "properties": {
        "CELL_ID": "GIU100-21-45",
        "AMBITO": "URBANO",
        "CATEGORIA": "VIOLENCIA",
        "PLATAFORMA": "PLATAFORMA J",
        "PARROQUIA": null,
        "DISTANCE_M": 200,
        "CELL_SIZE_M": 100,
        "COUNT": 0,
        "GI_ZSCORE": 2.230409576025968,
        "GI_PVALUE": 0.025720264423434874,
        "GI_CLASS": "HOTSPOT 95%",
        "GI_STAR": 2.230409576025968,
        "SIGNIFICANCIA": 95,
        "SUMA_LOCAL": 14,
        "NIVEL": 95,
        "COB_A_PCT": 67.49737871692064,
        "ESTADO_A": "PARCIALMENTE CUBIERTO",
        "COB_B_PCT": 67.49737871692064,
        "ESTADO_B": "PARCIALMENTE CUBIERTO",
        "COB_C_PCT": 91.14068345016575,
        "ESTADO_C": "PARCIALMENTE CUBIERTO",
        "COB_B_ANTERIOR_PCT": 67.49737871692064,
        "ESTADO_B_ANTERIOR": "PARCIALMENTE CUBIERTO",
        "COB_C_ANTERIOR_PCT": 91.14068345016575,
        "ESTADO_C_ANTERIOR": "PARCIALMENTE CUBIERTO"
      },
      "geometry": {
        "type": "MultiPolygon",
        "coordinates": [
          [
            [
              [
                -78.65771292357232,
                -1.6768610421777057
              ],
              [
                -78.65771399850559,
                -1.6759570795638925
              ],
              [
                -78.6568156982309,
                -1.6759559979403957
              ],
              [
                -78.6568146228863,
                -1.6768599599704923
              ],
              [
                -78.65771292357232,
                -1.6768610421777057
              ]
            ]
          ]
        ]
      }
    },
    {
      "type": "Feature",
      "properties": {
        "CELL_ID": "GIU100-21-46",
        "AMBITO": "URBANO",
        "CATEGORIA": "VIOLENCIA",
        "PLATAFORMA": "PLATAFORMA J",
        "PARROQUIA": null,
        "DISTANCE_M": 200,
        "CELL_SIZE_M": 100,
        "COUNT": 0,
        "GI_ZSCORE": 2.230409576025968,
        "GI_PVALUE": 0.025720264423434874,
        "GI_CLASS": "HOTSPOT 95%",
        "GI_STAR": 2.230409576025968,
        "SIGNIFICANCIA": 95,
        "SUMA_LOCAL": 14,
        "NIVEL": 95,
        "COB_A_PCT": 5.871075179709664,
        "ESTADO_A": "PARCIALMENTE CUBIERTO",
        "COB_B_PCT": 5.871075179709664,
        "ESTADO_B": "PARCIALMENTE CUBIERTO",
        "COB_C_PCT": 80.39281732902874,
        "ESTADO_C": "PARCIALMENTE CUBIERTO",
        "COB_B_ANTERIOR_PCT": 5.871075179709664,
        "ESTADO_B_ANTERIOR": "PARCIALMENTE CUBIERTO",
        "COB_C_ANTERIOR_PCT": 80.39281732902874,
        "ESTADO_C_ANTERIOR": "PARCIALMENTE CUBIERTO"
      },
      "geometry": {
        "type": "MultiPolygon",
        "coordinates": [
          [
            [
              [
                -78.6568146228863,
                -1.6768599599704923
              ],
              [
                -78.6568156982309,
                -1.6759559979403957
              ],
              [
                -78.6559173985369,
                -1.6759549159030849
              ],
              [
                -78.65591632278097,
                -1.6768588773492423
              ],
              [
                -78.6568146228863,
                -1.6768599599704923
              ]
            ]
          ]
        ]
      }
    },
    {
      "type": "Feature",
      "properties": {
        "CELL_ID": "GIU100-21-47",
        "AMBITO": "URBANO",
        "CATEGORIA": "VIOLENCIA",
        "PLATAFORMA": "PLATAFORMA J",
        "PARROQUIA": null,
        "DISTANCE_M": 200,
        "CELL_SIZE_M": 100,
        "COUNT": 1,
        "GI_ZSCORE": 1.7260154744092873,
        "GI_PVALUE": 0.08434462886201807,
        "GI_CLASS": "HOTSPOT 90%",
        "GI_STAR": 1.7260154744092873,
        "SIGNIFICANCIA": 90,
        "SUMA_LOCAL": 12,
        "NIVEL": 90,
        "COB_A_PCT": 0.0,
        "ESTADO_A": "SIN COBERTURA",
        "COB_B_PCT": 0.0,
        "ESTADO_B": "SIN COBERTURA",
        "COB_C_PCT": 100.0,
        "ESTADO_C": "CUBIERTO",
        "COB_B_ANTERIOR_PCT": 0.0,
        "ESTADO_B_ANTERIOR": "SIN COBERTURA",
        "COB_C_ANTERIOR_PCT": 100.0,
        "ESTADO_C_ANTERIOR": "CUBIERTO"
      },
      "geometry": {
        "type": "MultiPolygon",
        "coordinates": [
          [
            [
              [
                -78.65591632278097,
                -1.6768588773492423
              ],
              [
                -78.6559173985369,
                -1.6759549159030849
              ],
              [
                -78.6550190994238,
                -1.6759538334519617
              ],
              [
                -78.65501802325655,
                -1.6768577943139567
              ],
              [
                -78.65591632278097,
                -1.6768588773492423
              ]
            ]
          ]
        ]
      }
    },
    {
      "type": "Feature",
      "properties": {
        "CELL_ID": "GIU100-21-48",
        "AMBITO": "URBANO",
        "CATEGORIA": "VIOLENCIA",
        "PLATAFORMA": "PLATAFORMA J",
        "PARROQUIA": null,
        "DISTANCE_M": 200,
        "CELL_SIZE_M": 100,
        "COUNT": 1,
        "GI_ZSCORE": 1.7260154744092873,
        "GI_PVALUE": 0.08434462886201807,
        "GI_CLASS": "HOTSPOT 90%",
        "GI_STAR": 1.7260154744092873,
        "SIGNIFICANCIA": 90,
        "SUMA_LOCAL": 12,
        "NIVEL": 90,
        "COB_A_PCT": 0.0,
        "ESTADO_A": "SIN COBERTURA",
        "COB_B_PCT": 0.0,
        "ESTADO_B": "SIN COBERTURA",
        "COB_C_PCT": 100.0,
        "ESTADO_C": "CUBIERTO",
        "COB_B_ANTERIOR_PCT": 1.4040161583999182,
        "ESTADO_B_ANTERIOR": "PARCIALMENTE CUBIERTO",
        "COB_C_ANTERIOR_PCT": 100.0,
        "ESTADO_C_ANTERIOR": "CUBIERTO"
      },
      "geometry": {
        "type": "MultiPolygon",
        "coordinates": [
          [
            [
              [
                -78.65501802325655,
                -1.6768577943139567
              ],
              [
                -78.6550190994238,
                -1.6759538334519617
              ],
              [
                -78.6541208008918,
                -1.675952750587028
              ],
              [
                -78.65411972431322,
                -1.6768567108646364
              ],
              [
                -78.65501802325655,
                -1.6768577943139567
              ]
            ]
          ]
        ]
      }
    },
    {
      "type": "Feature",
      "properties": {
        "CELL_ID": "GIU100-22-40",
        "AMBITO": "URBANO",
        "CATEGORIA": "VIOLENCIA",
        "PLATAFORMA": "PLATAFORMA J",
        "PARROQUIA": null,
        "DISTANCE_M": 200,
        "CELL_SIZE_M": 100,
        "COUNT": 0,
        "GI_ZSCORE": 1.7260154744092873,
        "GI_PVALUE": 0.08434462886201807,
        "GI_CLASS": "HOTSPOT 90%",
        "GI_STAR": 1.7260154744092873,
        "SIGNIFICANCIA": 90,
        "SUMA_LOCAL": 12,
        "NIVEL": 90,
        "COB_A_PCT": 1.275800517420022,
        "ESTADO_A": "PARCIALMENTE CUBIERTO",
        "COB_B_PCT": 17.040925798718913,
        "ESTADO_B": "PARCIALMENTE CUBIERTO",
        "COB_C_PCT": 17.040925798718913,
        "ESTADO_C": "PARCIALMENTE CUBIERTO",
        "COB_B_ANTERIOR_PCT": 1.275800517420022,
        "ESTADO_B_ANTERIOR": "PARCIALMENTE CUBIERTO",
        "COB_C_ANTERIOR_PCT": 1.275800517420022,
        "ESTADO_C_ANTERIOR": "PARCIALMENTE CUBIERTO"
      },
      "geometry": {
        "type": "MultiPolygon",
        "coordinates": [
          [
            [
              [
                -78.6622055085813,
                -1.6759624814741274
              ],
              [
                -78.66220658087853,
                -1.6750585159360234
              ],
              [
                -78.66130827811496,
                -1.6750574369642133
              ],
              [
                -78.66130720540657,
                -1.6759614019197182
              ],
              [
                -78.6622055085813,
                -1.6759624814741274
              ]
            ]
          ]
        ]
      }
    },
    {
      "type": "Feature",
      "properties": {
        "CELL_ID": "GIU100-22-42",
        "AMBITO": "URBANO",
        "CATEGORIA": "VIOLENCIA",
        "PLATAFORMA": "PLATAFORMA J",
        "PARROQUIA": null,
        "DISTANCE_M": 200,
        "CELL_SIZE_M": 100,
        "COUNT": 3,
        "GI_ZSCORE": 2.4826066268343085,
        "GI_PVALUE": 0.01304250275922858,
        "GI_CLASS": "HOTSPOT 95%",
        "GI_STAR": 2.4826066268343085,
        "SIGNIFICANCIA": 95,
        "SUMA_LOCAL": 15,
        "NIVEL": 95,
        "COB_A_PCT": 90.15741855148194,
        "ESTADO_A": "PARCIALMENTE CUBIERTO",
        "COB_B_PCT": 100.0,
        "ESTADO_B": "CUBIERTO",
        "COB_C_PCT": 100.0,
        "ESTADO_C": "CUBIERTO",
        "COB_B_ANTERIOR_PCT": 90.15741855148194,
        "ESTADO_B_ANTERIOR": "PARCIALMENTE CUBIERTO",
        "COB_C_ANTERIOR_PCT": 90.15741855148194,
        "ESTADO_C_ANTERIOR": "PARCIALMENTE CUBIERTO"
      },
      "geometry": {
        "type": "MultiPolygon",
        "coordinates": [
          [
            [
              [
                -78.66040890281143,
                -1.6759603219514887
              ],
              [
                -78.66040997593089,
                -1.6750563575788067
              ],
              [
                -78.65951167432665,
                -1.675055277779804
              ],
              [
                -78.65951060079607,
                -1.6759592415694406
              ],
              [
                -78.66040890281143,
                -1.6759603219514887
              ]
            ]
          ]
        ]
      }
    },
    {
      "type": "Feature",
      "properties": {
        "CELL_ID": "GIU100-22-43",
        "AMBITO": "URBANO",
        "CATEGORIA": "VIOLENCIA",
        "PLATAFORMA": "PLATAFORMA J",
        "PARROQUIA": null,
        "DISTANCE_M": 200,
        "CELL_SIZE_M": 100,
        "COUNT": 0,
        "GI_ZSCORE": 3.2391977792593303,
        "GI_PVALUE": 0.0011986642318589453,
        "GI_CLASS": "HOTSPOT 99%",
        "GI_STAR": 3.2391977792593303,
        "SIGNIFICANCIA": 99,
        "SUMA_LOCAL": 18,
        "NIVEL": 99,
        "COB_A_PCT": 100.0,
        "ESTADO_A": "CUBIERTO",
        "COB_B_PCT": 100.0,
        "ESTADO_B": "CUBIERTO",
        "COB_C_PCT": 100.0,
        "ESTADO_C": "CUBIERTO",
        "COB_B_ANTERIOR_PCT": 100.0,
        "ESTADO_B_ANTERIOR": "CUBIERTO",
        "COB_C_ANTERIOR_PCT": 100.0,
        "ESTADO_C_ANTERIOR": "CUBIERTO"
      },
      "geometry": {
        "type": "MultiPolygon",
        "coordinates": [
          [
            [
              [
                -78.65951060079607,
                -1.6759592415694406
              ],
              [
                -78.65951167432665,
                -1.675055277779804
              ],
              [
                -78.6586133733024,
                -1.6750541975672075
              ],
              [
                -78.65861229936071,
                -1.675958160773575
              ],
              [
                -78.65951060079607,
                -1.6759592415694406
              ]
            ]
          ]
        ]
      }
    },
    {
      "type": "Feature",
      "properties": {
        "CELL_ID": "GIU100-22-44",
        "AMBITO": "URBANO",
        "CATEGORIA": "VIOLENCIA",
        "PLATAFORMA": "PLATAFORMA J",
        "PARROQUIA": null,
        "DISTANCE_M": 200,
        "CELL_SIZE_M": 100,
        "COUNT": 1,
        "GI_ZSCORE": 2.734803677642649,
        "GI_PVALUE": 0.006241749090433691,
        "GI_CLASS": "HOTSPOT 99%",
        "GI_STAR": 2.734803677642649,
        "SIGNIFICANCIA": 99,
        "SUMA_LOCAL": 16,
        "NIVEL": 99,
        "COB_A_PCT": 86.14814743682858,
        "ESTADO_A": "PARCIALMENTE CUBIERTO",
        "COB_B_PCT": 86.14814743682858,
        "ESTADO_B": "PARCIALMENTE CUBIERTO",
        "COB_C_PCT": 100.0,
        "ESTADO_C": "CUBIERTO",
        "COB_B_ANTERIOR_PCT": 86.14814743682858,
        "ESTADO_B_ANTERIOR": "PARCIALMENTE CUBIERTO",
        "COB_C_ANTERIOR_PCT": 100.0,
        "ESTADO_C_ANTERIOR": "CUBIERTO"
      },
      "geometry": {
        "type": "MultiPolygon",
        "coordinates": [
          [
            [
              [
                -78.65861229936071,
                -1.675958160773575
              ],
              [
                -78.6586133733024,
                -1.6750541975672075
              ],
              [
                -78.6577150728584,
                -1.6750531169410174
              ],
              [
                -78.65771399850559,
                -1.6759570795638925
              ],
              [
                -78.65861229936071,
                -1.675958160773575
              ]
            ]
          ]
        ]
      }
    },
    {
      "type": "Feature",
      "properties": {
        "CELL_ID": "GIU100-22-45",
        "AMBITO": "URBANO",
        "CATEGORIA": "VIOLENCIA",
        "PLATAFORMA": "PLATAFORMA J",
        "PARROQUIA": null,
        "DISTANCE_M": 200,
        "CELL_SIZE_M": 100,
        "COUNT": 0,
        "GI_ZSCORE": 1.9782125252176277,
        "GI_PVALUE": 0.047904736321680026,
        "GI_CLASS": "HOTSPOT 95%",
        "GI_STAR": 1.9782125252176277,
        "SIGNIFICANCIA": 95,
        "SUMA_LOCAL": 13,
        "NIVEL": 95,
        "COB_A_PCT": 8.096942019927354,
        "ESTADO_A": "PARCIALMENTE CUBIERTO",
        "COB_B_PCT": 8.096942019927354,
        "ESTADO_B": "PARCIALMENTE CUBIERTO",
        "COB_C_PCT": 100.0,
        "ESTADO_C": "CUBIERTO",
        "COB_B_ANTERIOR_PCT": 8.096942019927354,
        "ESTADO_B_ANTERIOR": "PARCIALMENTE CUBIERTO",
        "COB_C_ANTERIOR_PCT": 100.0,
        "ESTADO_C_ANTERIOR": "CUBIERTO"
      },
      "geometry": {
        "type": "MultiPolygon",
        "coordinates": [
          [
            [
              [
                -78.65771399850559,
                -1.6759570795638925
              ],
              [
                -78.6577150728584,
                -1.6750531169410174
              ],
              [
                -78.65681677299483,
                -1.6750520359012364
              ],
              [
                -78.6568156982309,
                -1.6759559979403957
              ],
              [
                -78.65771399850559,
                -1.6759570795638925
              ]
            ]
          ]
        ]
      }
    },
    {
      "type": "Feature",
      "properties": {
        "CELL_ID": "GIU100-22-46",
        "AMBITO": "URBANO",
        "CATEGORIA": "VIOLENCIA",
        "PLATAFORMA": "PLATAFORMA J",
        "PARROQUIA": null,
        "DISTANCE_M": 200,
        "CELL_SIZE_M": 100,
        "COUNT": 0,
        "GI_ZSCORE": 2.230409576025968,
        "GI_PVALUE": 0.025720264423434874,
        "GI_CLASS": "HOTSPOT 95%",
        "GI_STAR": 2.230409576025968,
        "SIGNIFICANCIA": 95,
        "SUMA_LOCAL": 14,
        "NIVEL": 95,
        "COB_A_PCT": 0.0,
        "ESTADO_A": "SIN COBERTURA",
        "COB_B_PCT": 0.0,
        "ESTADO_B": "SIN COBERTURA",
        "COB_C_PCT": 100.0,
        "ESTADO_C": "CUBIERTO",
        "COB_B_ANTERIOR_PCT": 0.0,
        "ESTADO_B_ANTERIOR": "SIN COBERTURA",
        "COB_C_ANTERIOR_PCT": 100.0,
        "ESTADO_C_ANTERIOR": "CUBIERTO"
      },
      "geometry": {
        "type": "MultiPolygon",
        "coordinates": [
          [
            [
              [
                -78.6568156982309,
                -1.6759559979403957
              ],
              [
                -78.65681677299483,
                -1.6750520359012364
              ],
              [
                -78.65591847371194,
                -1.6750509544478642
              ],
              [
                -78.6559173985369,
                -1.6759549159030849
              ],
              [
                -78.6568156982309,
                -1.6759559979403957
              ]
            ]
          ]
        ]
      }
    },
    {
      "type": "Feature",
      "properties": {
        "CELL_ID": "GIU100-22-47",
        "AMBITO": "URBANO",
        "CATEGORIA": "VIOLENCIA",
        "PLATAFORMA": "PLATAFORMA J",
        "PARROQUIA": null,
        "DISTANCE_M": 200,
        "CELL_SIZE_M": 100,
        "COUNT": 3,
        "GI_ZSCORE": 1.7260154744092873,
        "GI_PVALUE": 0.08434462886201807,
        "GI_CLASS": "HOTSPOT 90%",
        "GI_STAR": 1.7260154744092873,
        "SIGNIFICANCIA": 90,
        "SUMA_LOCAL": 12,
        "NIVEL": 90,
        "COB_A_PCT": 0.0,
        "ESTADO_A": "SIN COBERTURA",
        "COB_B_PCT": 0.0,
        "ESTADO_B": "SIN COBERTURA",
        "COB_C_PCT": 100.0,
        "ESTADO_C": "CUBIERTO",
        "COB_B_ANTERIOR_PCT": 0.0,
        "ESTADO_B_ANTERIOR": "SIN COBERTURA",
        "COB_C_ANTERIOR_PCT": 100.0,
        "ESTADO_C_ANTERIOR": "CUBIERTO"
      },
      "geometry": {
        "type": "MultiPolygon",
        "coordinates": [
          [
            [
              [
                -78.6559173985369,
                -1.6759549159030849
              ],
              [
                -78.65591847371194,
                -1.6750509544478642
              ],
              [
                -78.65502017500994,
                -1.6750498725809035
              ],
              [
                -78.6550190994238,
                -1.6759538334519617
              ],
              [
                -78.6559173985369,
                -1.6759549159030849
              ]
            ]
          ]
        ]
      }
    },
    {
      "type": "Feature",
      "properties": {
        "CELL_ID": "GIU100-23-41",
        "AMBITO": "URBANO",
        "CATEGORIA": "VIOLENCIA",
        "PLATAFORMA": "PLATAFORMA J",
        "PARROQUIA": null,
        "DISTANCE_M": 200,
        "CELL_SIZE_M": 100,
        "COUNT": 2,
        "GI_ZSCORE": 1.9782125252176277,
        "GI_PVALUE": 0.047904736321680026,
        "GI_CLASS": "HOTSPOT 95%",
        "GI_STAR": 1.9782125252176277,
        "SIGNIFICANCIA": 95,
        "SUMA_LOCAL": 13,
        "NIVEL": 95,
        "COB_A_PCT": 0.0,
        "ESTADO_A": "SIN COBERTURA",
        "COB_B_PCT": 100.0,
        "ESTADO_B": "CUBIERTO",
        "COB_C_PCT": 100.0,
        "ESTADO_C": "CUBIERTO",
        "COB_B_ANTERIOR_PCT": 0.0,
        "ESTADO_B_ANTERIOR": "SIN COBERTURA",
        "COB_C_ANTERIOR_PCT": 65.63586010043876,
        "ESTADO_C_ANTERIOR": "PARCIALMENTE CUBIERTO"
      },
      "geometry": {
        "type": "MultiPolygon",
        "coordinates": [
          [
            [
              [
                -78.66130827811496,
                -1.6750574369642133
              ],
              [
                -78.66130935024373,
                -1.6741534719996543
              ],
              [
                -78.66041104847059,
                -1.674152393197069
              ],
              [
                -78.66040997593089,
                -1.6750563575788067
              ],
              [
                -78.66130827811496,
                -1.6750574369642133
              ]
            ]
          ]
        ]
      }
    },
    {
      "type": "Feature",
      "properties": {
        "CELL_ID": "GIU100-23-42",
        "AMBITO": "URBANO",
        "CATEGORIA": "VIOLENCIA",
        "PLATAFORMA": "PLATAFORMA J",
        "PARROQUIA": null,
        "DISTANCE_M": 200,
        "CELL_SIZE_M": 100,
        "COUNT": 0,
        "GI_ZSCORE": 1.9782125252176277,
        "GI_PVALUE": 0.047904736321680026,
        "GI_CLASS": "HOTSPOT 95%",
        "GI_STAR": 1.9782125252176277,
        "SIGNIFICANCIA": 95,
        "SUMA_LOCAL": 13,
        "NIVEL": 95,
        "COB_A_PCT": 4.261267469958479,
        "ESTADO_A": "PARCIALMENTE CUBIERTO",
        "COB_B_PCT": 100.0,
        "ESTADO_B": "CUBIERTO",
        "COB_C_PCT": 100.0,
        "ESTADO_C": "CUBIERTO",
        "COB_B_ANTERIOR_PCT": 4.261267469958479,
        "ESTADO_B_ANTERIOR": "PARCIALMENTE CUBIERTO",
        "COB_C_ANTERIOR_PCT": 82.76274235880263,
        "ESTADO_C_ANTERIOR": "PARCIALMENTE CUBIERTO"
      },
      "geometry": {
        "type": "MultiPolygon",
        "coordinates": [
          [
            [
              [
                -78.66040997593089,
                -1.6750563575788067
              ],
              [
                -78.66041104847059,
                -1.674152393197069
              ],
              [
                -78.65951274727723,
                -1.6741513139811113
              ],
              [
                -78.65951167432665,
                -1.675055277779804
              ],
              [
                -78.66040997593089,
                -1.6750563575788067
              ]
            ]
          ]
        ]
      }
    },
    {
      "type": "Feature",
      "properties": {
        "CELL_ID": "GIU100-23-43",
        "AMBITO": "URBANO",
        "CATEGORIA": "VIOLENCIA",
        "PLATAFORMA": "PLATAFORMA J",
        "PARROQUIA": null,
        "DISTANCE_M": 200,
        "CELL_SIZE_M": 100,
        "COUNT": 2,
        "GI_ZSCORE": 3.4913948300676707,
        "GI_PVALUE": 0.0004805055964282036,
        "GI_CLASS": "HOTSPOT 99%",
        "GI_STAR": 3.4913948300676707,
        "SIGNIFICANCIA": 99,
        "SUMA_LOCAL": 19,
        "NIVEL": 99,
        "COB_A_PCT": 19.78633127157125,
        "ESTADO_A": "PARCIALMENTE CUBIERTO",
        "COB_B_PCT": 57.791581572671,
        "ESTADO_B": "PARCIALMENTE CUBIERTO",
        "COB_C_PCT": 78.78301377023848,
        "ESTADO_C": "PARCIALMENTE CUBIERTO",
        "COB_B_ANTERIOR_PCT": 19.78633127157125,
        "ESTADO_B_ANTERIOR": "PARCIALMENTE CUBIERTO",
        "COB_C_ANTERIOR_PCT": 74.42691699939613,
        "ESTADO_C_ANTERIOR": "PARCIALMENTE CUBIERTO"
      },
      "geometry": {
        "type": "MultiPolygon",
        "coordinates": [
          [
            [
              [
                -78.65951167432665,
                -1.675055277779804
              ],
              [
                -78.65951274727723,
                -1.6741513139811113
              ],
              [
                -78.65861444666388,
                -1.6741502343517833
              ],
              [
                -78.6586133733024,
                -1.6750541975672075
              ],
              [
                -78.65951167432665,
                -1.675055277779804
              ]
            ]
          ]
        ]
      }
    },
    {
      "type": "Feature",
      "properties": {
        "CELL_ID": "GIU100-23-44",
        "AMBITO": "URBANO",
        "CATEGORIA": "VIOLENCIA",
        "PLATAFORMA": "PLATAFORMA J",
        "PARROQUIA": null,
        "DISTANCE_M": 200,
        "CELL_SIZE_M": 100,
        "COUNT": 0,
        "GI_ZSCORE": 2.734803677642649,
        "GI_PVALUE": 0.006241749090433691,
        "GI_CLASS": "HOTSPOT 99%",
        "GI_STAR": 2.734803677642649,
        "SIGNIFICANCIA": 99,
        "SUMA_LOCAL": 16,
        "NIVEL": 99,
        "COB_A_PCT": 2.899267088294053,
        "ESTADO_A": "PARCIALMENTE CUBIERTO",
        "COB_B_PCT": 2.899267088294053,
        "ESTADO_B": "PARCIALMENTE CUBIERTO",
        "COB_C_PCT": 100.0,
        "ESTADO_C": "CUBIERTO",
        "COB_B_ANTERIOR_PCT": 2.899267088294053,
        "ESTADO_B_ANTERIOR": "PARCIALMENTE CUBIERTO",
        "COB_C_ANTERIOR_PCT": 100.0,
        "ESTADO_C_ANTERIOR": "CUBIERTO"
      },
      "geometry": {
        "type": "MultiPolygon",
        "coordinates": [
          [
            [
              [
                -78.6586133733024,
                -1.6750541975672075
              ],
              [
                -78.65861444666388,
                -1.6741502343517833
              ],
              [
                -78.65771614663075,
                -1.674149154309085
              ],
              [
                -78.6577150728584,
                -1.6750531169410174
              ],
              [
                -78.6586133733024,
                -1.6750541975672075
              ]
            ]
          ]
        ]
      }
    },
    {
      "type": "Feature",
      "properties": {
        "CELL_ID": "GIU100-23-45",
        "AMBITO": "URBANO",
        "CATEGORIA": "VIOLENCIA",
        "PLATAFORMA": "PLATAFORMA J",
        "PARROQUIA": null,
        "DISTANCE_M": 200,
        "CELL_SIZE_M": 100,
        "COUNT": 2,
        "GI_ZSCORE": 1.9782125252176277,
        "GI_PVALUE": 0.047904736321680026,
        "GI_CLASS": "HOTSPOT 95%",
        "GI_STAR": 1.9782125252176277,
        "SIGNIFICANCIA": 95,
        "SUMA_LOCAL": 13,
        "NIVEL": 95,
        "COB_A_PCT": 0.0,
        "ESTADO_A": "SIN COBERTURA",
        "COB_B_PCT": 0.0,
        "ESTADO_B": "SIN COBERTURA",
        "COB_C_PCT": 100.0,
        "ESTADO_C": "CUBIERTO",
        "COB_B_ANTERIOR_PCT": 0.0,
        "ESTADO_B_ANTERIOR": "SIN COBERTURA",
        "COB_C_ANTERIOR_PCT": 100.0,
        "ESTADO_C_ANTERIOR": "CUBIERTO"
      },
      "geometry": {
        "type": "MultiPolygon",
        "coordinates": [
          [
            [
              [
                -78.6577150728584,
                -1.6750531169410174
              ],
              [
                -78.65771614663075,
                -1.674149154309085
              ],
              [
                -78.65681784717808,
                -1.6741480738530186
              ],
              [
                -78.65681677299483,
                -1.6750520359012364
              ],
              [
                -78.6577150728584,
                -1.6750531169410174
              ]
            ]
          ]
        ]
      }
    },
    {
      "type": "Feature",
      "properties": {
        "CELL_ID": "GIU100-23-46",
        "AMBITO": "URBANO",
        "CATEGORIA": "VIOLENCIA",
        "PLATAFORMA": "PLATAFORMA J",
        "PARROQUIA": null,
        "DISTANCE_M": 200,
        "CELL_SIZE_M": 100,
        "COUNT": 0,
        "GI_ZSCORE": 2.9870007284509894,
        "GI_PVALUE": 0.002817290511545885,
        "GI_CLASS": "HOTSPOT 99%",
        "GI_STAR": 2.9870007284509894,
        "SIGNIFICANCIA": 99,
        "SUMA_LOCAL": 17,
        "NIVEL": 99,
        "COB_A_PCT": 25.366227411065356,
        "ESTADO_A": "PARCIALMENTE CUBIERTO",
        "COB_B_PCT": 25.366227411065356,
        "ESTADO_B": "PARCIALMENTE CUBIERTO",
        "COB_C_PCT": 100.0,
        "ESTADO_C": "CUBIERTO",
        "COB_B_ANTERIOR_PCT": 25.366227411065356,
        "ESTADO_B_ANTERIOR": "PARCIALMENTE CUBIERTO",
        "COB_C_ANTERIOR_PCT": 100.0,
        "ESTADO_C_ANTERIOR": "CUBIERTO"
      },
      "geometry": {
        "type": "MultiPolygon",
        "coordinates": [
          [
            [
              [
                -78.65681677299483,
                -1.6750520359012364
              ],
              [
                -78.65681784717808,
                -1.6741480738530186
              ],
              [
                -78.65591954830607,
                -1.6741469929835857
              ],
              [
                -78.65591847371194,
                -1.6750509544478642
              ],
              [
                -78.65681677299483,
                -1.6750520359012364
              ]
            ]
          ]
        ]
      }
    },
    {
      "type": "Feature",
      "properties": {
        "CELL_ID": "GIU100-23-47",
        "AMBITO": "URBANO",
        "CATEGORIA": "VIOLENCIA",
        "PLATAFORMA": "PLATAFORMA J",
        "PARROQUIA": null,
        "DISTANCE_M": 200,
        "CELL_SIZE_M": 100,
        "COUNT": 1,
        "GI_ZSCORE": 2.9870007284509894,
        "GI_PVALUE": 0.002817290511545885,
        "GI_CLASS": "HOTSPOT 99%",
        "GI_STAR": 2.9870007284509894,
        "SIGNIFICANCIA": 99,
        "SUMA_LOCAL": 17,
        "NIVEL": 99,
        "COB_A_PCT": 43.75409227866393,
        "ESTADO_A": "PARCIALMENTE CUBIERTO",
        "COB_B_PCT": 43.75409227866393,
        "ESTADO_B": "PARCIALMENTE CUBIERTO",
        "COB_C_PCT": 93.7825039692018,
        "ESTADO_C": "PARCIALMENTE CUBIERTO",
        "COB_B_ANTERIOR_PCT": 43.75409227866393,
        "ESTADO_B_ANTERIOR": "PARCIALMENTE CUBIERTO",
        "COB_C_ANTERIOR_PCT": 93.7825039692018,
        "ESTADO_C_ANTERIOR": "PARCIALMENTE CUBIERTO"
      },
      "geometry": {
        "type": "MultiPolygon",
        "coordinates": [
          [
            [
              [
                -78.65591847371194,
                -1.6750509544478642
              ],
              [
                -78.65591954830607,
                -1.6741469929835857
              ],
              [
                -78.65502125001495,
                -1.674145911700786
              ],
              [
                -78.65502017500994,
                -1.6750498725809035
              ],
              [
                -78.65591847371194,
                -1.6750509544478642
              ]
            ]
          ]
        ]
      }
    },
    {
      "type": "Feature",
      "properties": {
        "CELL_ID": "GIU100-23-49",
        "AMBITO": "URBANO",
        "CATEGORIA": "VIOLENCIA",
        "PLATAFORMA": "PLATAFORMA J",
        "PARROQUIA": null,
        "DISTANCE_M": 200,
        "CELL_SIZE_M": 100,
        "COUNT": 0,
        "GI_ZSCORE": 2.4826066268343085,
        "GI_PVALUE": 0.01304250275922858,
        "GI_CLASS": "HOTSPOT 95%",
        "GI_STAR": 2.4826066268343085,
        "SIGNIFICANCIA": 95,
        "SUMA_LOCAL": 15,
        "NIVEL": 95,
        "COB_A_PCT": 16.615559251562587,
        "ESTADO_A": "PARCIALMENTE CUBIERTO",
        "COB_B_PCT": 16.615559251562587,
        "ESTADO_B": "PARCIALMENTE CUBIERTO",
        "COB_C_PCT": 28.75836799852299,
        "ESTADO_C": "PARCIALMENTE CUBIERTO",
        "COB_B_ANTERIOR_PCT": 16.615559251562587,
        "ESTADO_B_ANTERIOR": "PARCIALMENTE CUBIERTO",
        "COB_C_ANTERIOR_PCT": 100.0,
        "ESTADO_C_ANTERIOR": "CUBIERTO"
      },
      "geometry": {
        "type": "MultiPolygon",
        "coordinates": [
          [
            [
              [
                -78.65412187688905,
                -1.6750487903003548
              ],
              [
                -78.65412295230496,
                -1.6741448300046227
              ],
              [
                -78.6532246551763,
                -1.6741437478950965
              ],
              [
                -78.65322357934951,
                -1.67504770760622
              ],
              [
                -78.65412187688905,
                -1.6750487903003548
              ]
            ]
          ]
        ]
      }
    },
    {
      "type": "Feature",
      "properties": {
        "CELL_ID": "GIU100-24-42",
        "AMBITO": "URBANO",
        "CATEGORIA": "VIOLENCIA",
        "PLATAFORMA": "PLATAFORMA J",
        "PARROQUIA": null,
        "DISTANCE_M": 200,
        "CELL_SIZE_M": 100,
        "COUNT": 0,
        "GI_ZSCORE": 2.9870007284509894,
        "GI_PVALUE": 0.002817290511545885,
        "GI_CLASS": "HOTSPOT 99%",
        "GI_STAR": 2.9870007284509894,
        "SIGNIFICANCIA": 99,
        "SUMA_LOCAL": 17,
        "NIVEL": 99,
        "COB_A_PCT": 0.0,
        "ESTADO_A": "SIN COBERTURA",
        "COB_B_PCT": 100.0,
        "ESTADO_B": "CUBIERTO",
        "COB_C_PCT": 100.0,
        "ESTADO_C": "CUBIERTO",
        "COB_B_ANTERIOR_PCT": 0.0,
        "ESTADO_B_ANTERIOR": "SIN COBERTURA",
        "COB_C_ANTERIOR_PCT": 100.0,
        "ESTADO_C_ANTERIOR": "CUBIERTO"
      },
      "geometry": {
        "type": "MultiPolygon",
        "coordinates": [
          [
            [
              [
                -78.66041104847059,
                -1.674152393197069
              ],
              [
                -78.66041212043051,
                -1.6732484288062799
              ],
              [
                -78.65951381964781,
                -1.6732473501733676
              ],
              [
                -78.65951274727723,
                -1.6741513139811113
              ],
              [
                -78.66041104847059,
                -1.674152393197069
              ]
            ]
          ]
        ]
      }
    },
    {
      "type": "Feature",
      "properties": {
        "CELL_ID": "GIU100-24-43",
        "AMBITO": "URBANO",
        "CATEGORIA": "VIOLENCIA",
        "PLATAFORMA": "PLATAFORMA J",
        "PARROQUIA": null,
        "DISTANCE_M": 200,
        "CELL_SIZE_M": 100,
        "COUNT": 2,
        "GI_ZSCORE": 2.230409576025968,
        "GI_PVALUE": 0.025720264423434874,
        "GI_CLASS": "HOTSPOT 95%",
        "GI_STAR": 2.230409576025968,
        "SIGNIFICANCIA": 95,
        "SUMA_LOCAL": 14,
        "NIVEL": 95,
        "COB_A_PCT": 0.0,
        "ESTADO_A": "SIN COBERTURA",
        "COB_B_PCT": 66.72555990184598,
        "ESTADO_B": "PARCIALMENTE CUBIERTO",
        "COB_C_PCT": 75.15504156559818,
        "ESTADO_C": "PARCIALMENTE CUBIERTO",
        "COB_B_ANTERIOR_PCT": 0.0,
        "ESTADO_B_ANTERIOR": "SIN COBERTURA",
        "COB_C_ANTERIOR_PCT": 100.0,
        "ESTADO_C_ANTERIOR": "CUBIERTO"
      },
      "geometry": {
        "type": "MultiPolygon",
        "coordinates": [
          [
            [
              [
                -78.65951274727723,
                -1.6741513139811113
              ],
              [
                -78.65951381964781,
                -1.6732473501733676
              ],
              [
                -78.65861551944512,
                -1.673246271127307
              ],
              [
                -78.65861444666388,
                -1.6741502343517833
              ],
              [
                -78.65951274727723,
                -1.6741513139811113
              ]
            ]
          ]
        ]
      }
    },
    {
      "type": "Feature",
      "properties": {
        "CELL_ID": "GIU100-24-44",
        "AMBITO": "URBANO",
        "CATEGORIA": "VIOLENCIA",
        "PLATAFORMA": "PLATAFORMA J",
        "PARROQUIA": null,
        "DISTANCE_M": 200,
        "CELL_SIZE_M": 100,
        "COUNT": 3,
        "GI_ZSCORE": 3.2391977792593303,
        "GI_PVALUE": 0.0011986642318589453,
        "GI_CLASS": "HOTSPOT 99%",
        "GI_STAR": 3.2391977792593303,
        "SIGNIFICANCIA": 99,
        "SUMA_LOCAL": 18,
        "NIVEL": 99,
        "COB_A_PCT": 0.0,
        "ESTADO_A": "SIN COBERTURA",
        "COB_B_PCT": 0.0,
        "ESTADO_B": "SIN COBERTURA",
        "COB_C_PCT": 95.08857082667849,
        "ESTADO_C": "PARCIALMENTE CUBIERTO",
        "COB_B_ANTERIOR_PCT": 0.0,
        "ESTADO_B_ANTERIOR": "SIN COBERTURA",
        "COB_C_ANTERIOR_PCT": 99.82961802155742,
        "ESTADO_C_ANTERIOR": "PARCIALMENTE CUBIERTO"
      },
      "geometry": {
        "type": "MultiPolygon",
        "coordinates": [
          [
            [
              [
                -78.65861444666388,
                -1.6741502343517833
              ],
              [
                -78.65861551944512,
                -1.673246271127307
              ],
              [
                -78.65771721982267,
                -1.6732451916681002
              ],
              [
                -78.65771614663075,
                -1.674149154309085
              ],
              [
                -78.65861444666388,
                -1.6741502343517833
              ]
            ]
          ]
        ]
      }
    },
    {
      "type": "Feature",
      "properties": {
        "CELL_ID": "GIU100-24-45",
        "AMBITO": "URBANO",
        "CATEGORIA": "VIOLENCIA",
        "PLATAFORMA": "PLATAFORMA J",
        "PARROQUIA": null,
        "DISTANCE_M": 200,
        "CELL_SIZE_M": 100,
        "COUNT": 2,
        "GI_ZSCORE": 3.4913948300676707,
        "GI_PVALUE": 0.0004805055964282036,
        "GI_CLASS": "HOTSPOT 99%",
        "GI_STAR": 3.4913948300676707,
        "SIGNIFICANCIA": 99,
        "SUMA_LOCAL": 19,
        "NIVEL": 99,
        "COB_A_PCT": 33.956014477336375,
        "ESTADO_A": "PARCIALMENTE CUBIERTO",
        "COB_B_PCT": 33.956014477336375,
        "ESTADO_B": "PARCIALMENTE CUBIERTO",
        "COB_C_PCT": 100.0,
        "ESTADO_C": "CUBIERTO",
        "COB_B_ANTERIOR_PCT": 33.956014477336375,
        "ESTADO_B_ANTERIOR": "PARCIALMENTE CUBIERTO",
        "COB_C_ANTERIOR_PCT": 100.0,
        "ESTADO_C_ANTERIOR": "CUBIERTO"
      },
      "geometry": {
        "type": "MultiPolygon",
        "coordinates": [
          [
            [
              [
                -78.65771614663075,
                -1.674149154309085
              ],
              [
                -78.65771721982267,
                -1.6732451916681002
              ],
              [
                -78.65681892078067,
                -1.6732441117957484
              ],
              [
                -78.65681784717808,
                -1.6741480738530186
              ],
              [
                -78.65771614663075,
                -1.674149154309085
              ]
            ]
          ]
        ]
      }
    },
    {
      "type": "Feature",
      "properties": {
        "CELL_ID": "GIU100-24-46",
        "AMBITO": "URBANO",
        "CATEGORIA": "VIOLENCIA",
        "PLATAFORMA": "PLATAFORMA J",
        "PARROQUIA": null,
        "DISTANCE_M": 200,
        "CELL_SIZE_M": 100,
        "COUNT": 2,
        "GI_ZSCORE": 3.9957889316843516,
        "GI_PVALUE": 6.447916316208313e-05,
        "GI_CLASS": "HOTSPOT 99%",
        "GI_STAR": 3.9957889316843516,
        "SIGNIFICANCIA": 99,
        "SUMA_LOCAL": 21,
        "NIVEL": 99,
        "COB_A_PCT": 99.86385336485777,
        "ESTADO_A": "PARCIALMENTE CUBIERTO",
        "COB_B_PCT": 99.86385336485777,
        "ESTADO_B": "PARCIALMENTE CUBIERTO",
        "COB_C_PCT": 100.0,
        "ESTADO_C": "CUBIERTO",
        "COB_B_ANTERIOR_PCT": 99.86385336485777,
        "ESTADO_B_ANTERIOR": "PARCIALMENTE CUBIERTO",
        "COB_C_ANTERIOR_PCT": 100.0,
        "ESTADO_C_ANTERIOR": "CUBIERTO"
      },
      "geometry": {
        "type": "MultiPolygon",
        "coordinates": [
          [
            [
              [
                -78.65681784717808,
                -1.6741480738530186
              ],
              [
                -78.65681892078067,
                -1.6732441117957484
              ],
              [
                -78.65592062231931,
                -1.673243031510253
              ],
              [
                -78.65591954830607,
                -1.6741469929835857
              ],
              [
                -78.65681784717808,
                -1.6741480738530186
              ]
            ]
          ]
        ]
      }
    },
    {
      "type": "Feature",
      "properties": {
        "CELL_ID": "GIU100-24-47",
        "AMBITO": "URBANO",
        "CATEGORIA": "VIOLENCIA",
        "PLATAFORMA": "PLATAFORMA J",
        "PARROQUIA": null,
        "DISTANCE_M": 200,
        "CELL_SIZE_M": 100,
        "COUNT": 1,
        "GI_ZSCORE": 3.4913948300676707,
        "GI_PVALUE": 0.0004805055964282036,
        "GI_CLASS": "HOTSPOT 99%",
        "GI_STAR": 3.4913948300676707,
        "SIGNIFICANCIA": 99,
        "SUMA_LOCAL": 19,
        "NIVEL": 99,
        "COB_A_PCT": 100.0,
        "ESTADO_A": "CUBIERTO",
        "COB_B_PCT": 100.0,
        "ESTADO_B": "CUBIERTO",
        "COB_C_PCT": 100.0,
        "ESTADO_C": "CUBIERTO",
        "COB_B_ANTERIOR_PCT": 100.0,
        "ESTADO_B_ANTERIOR": "CUBIERTO",
        "COB_C_ANTERIOR_PCT": 100.0,
        "ESTADO_C_ANTERIOR": "CUBIERTO"
      },
      "geometry": {
        "type": "MultiPolygon",
        "coordinates": [
          [
            [
              [
                -78.65591954830607,
                -1.6741469929835857
              ],
              [
                -78.65592062231931,
                -1.673243031510253
              ],
              [
                -78.65502232443887,
                -1.673241950811615
              ],
              [
                -78.65502125001495,
                -1.674145911700786
              ],
              [
                -78.65591954830607,
                -1.6741469929835857
              ]
            ]
          ]
        ]
      }
    },
    {
      "type": "Feature",
      "properties": {
        "CELL_ID": "GIU100-24-48",
        "AMBITO": "URBANO",
        "CATEGORIA": "VIOLENCIA",
        "PLATAFORMA": "PLATAFORMA J",
        "PARROQUIA": null,
        "DISTANCE_M": 200,
        "CELL_SIZE_M": 100,
        "COUNT": 0,
        "GI_ZSCORE": 4.500183033301033,
        "GI_PVALUE": 6.789497544670571e-06,
        "GI_CLASS": "HOTSPOT 99%",
        "GI_STAR": 4.500183033301033,
        "SIGNIFICANCIA": 99,
        "SUMA_LOCAL": 23,
        "NIVEL": 99,
        "COB_A_PCT": 100.0,
        "ESTADO_A": "CUBIERTO",
        "COB_B_PCT": 100.0,
        "ESTADO_B": "CUBIERTO",
        "COB_C_PCT": 100.0,
        "ESTADO_C": "CUBIERTO",
        "COB_B_ANTERIOR_PCT": 100.0,
        "ESTADO_B_ANTERIOR": "CUBIERTO",
        "COB_C_ANTERIOR_PCT": 100.0,
        "ESTADO_C_ANTERIOR": "CUBIERTO"
      },
      "geometry": {
        "type": "MultiPolygon",
        "coordinates": [
          [
            [
              [
                -78.65502125001495,
                -1.674145911700786
              ],
              [
                -78.65502232443887,
                -1.673241950811615
              ],
              [
                -78.65412402713953,
                -1.673240869699836
              ],
              [
                -78.65412295230496,
                -1.6741448300046227
              ],
              [
                -78.65502125001495,
                -1.674145911700786
              ]
            ]
          ]
        ]
      }
    },
    {
      "type": "Feature",
      "properties": {
        "CELL_ID": "GIU100-24-49",
        "AMBITO": "URBANO",
        "CATEGORIA": "VIOLENCIA",
        "PLATAFORMA": "PLATAFORMA K",
        "PARROQUIA": null,
        "DISTANCE_M": 200,
        "CELL_SIZE_M": 100,
        "COUNT": 0,
        "GI_ZSCORE": 2.734803677642649,
        "GI_PVALUE": 0.006241749090433691,
        "GI_CLASS": "HOTSPOT 99%",
        "GI_STAR": 2.734803677642649,
        "SIGNIFICANCIA": 99,
        "SUMA_LOCAL": 16,
        "NIVEL": 99,
        "COB_A_PCT": 97.36481392975345,
        "ESTADO_A": "PARCIALMENTE CUBIERTO",
        "COB_B_PCT": 97.36481392975345,
        "ESTADO_B": "PARCIALMENTE CUBIERTO",
        "COB_C_PCT": 97.36481392975345,
        "ESTADO_C": "PARCIALMENTE CUBIERTO",
        "COB_B_ANTERIOR_PCT": 97.36481392975345,
        "ESTADO_B_ANTERIOR": "PARCIALMENTE CUBIERTO",
        "COB_C_ANTERIOR_PCT": 100.0,
        "ESTADO_C_ANTERIOR": "CUBIERTO"
      },
      "geometry": {
        "type": "MultiPolygon",
        "coordinates": [
          [
            [
              [
                -78.65412295230496,
                -1.6741448300046227
              ],
              [
                -78.65412402713953,
                -1.673240869699836
              ],
              [
                -78.65322573042154,
                -1.6732397881749177
              ],
              [
                -78.6532246551763,
                -1.6741437478950965
              ],
              [
                -78.65412295230496,
                -1.6741448300046227
              ]
            ]
          ]
        ]
      }
    },
    {
      "type": "Feature",
      "properties": {
        "CELL_ID": "GIU100-24-50",
        "AMBITO": "URBANO",
        "CATEGORIA": "VIOLENCIA",
        "PLATAFORMA": "PLATAFORMA K",
        "PARROQUIA": null,
        "DISTANCE_M": 200,
        "CELL_SIZE_M": 100,
        "COUNT": 3,
        "GI_ZSCORE": 1.7260154744092873,
        "GI_PVALUE": 0.08434462886201807,
        "GI_CLASS": "HOTSPOT 90%",
        "GI_STAR": 1.7260154744092873,
        "SIGNIFICANCIA": 90,
        "SUMA_LOCAL": 12,
        "NIVEL": 90,
        "COB_A_PCT": 69.05736558912737,
        "ESTADO_A": "PARCIALMENTE CUBIERTO",
        "COB_B_PCT": 69.05736558912737,
        "ESTADO_B": "PARCIALMENTE CUBIERTO",
        "COB_C_PCT": 69.05736558912737,
        "ESTADO_C": "PARCIALMENTE CUBIERTO",
        "COB_B_ANTERIOR_PCT": 69.05736558912737,
        "ESTADO_B_ANTERIOR": "PARCIALMENTE CUBIERTO",
        "COB_C_ANTERIOR_PCT": 100.0,
        "ESTADO_C_ANTERIOR": "CUBIERTO"
      },
      "geometry": {
        "type": "MultiPolygon",
        "coordinates": [
          [
            [
              [
                -78.6532246551763,
                -1.6741437478950965
              ],
              [
                -78.65322573042154,
                -1.6732397881749177
              ],
              [
                -78.6523274342851,
                -1.673238706236861
              ],
              [
                -78.6523263586292,
                -1.6741426653722082
              ],
              [
                -78.6532246551763,
                -1.6741437478950965
              ]
            ]
          ]
        ]
      }
    },
    {
      "type": "Feature",
      "properties": {
        "CELL_ID": "GIU100-24-65",
        "AMBITO": "URBANO",
        "CATEGORIA": "VIOLENCIA",
        "PLATAFORMA": "PLATAFORMA O",
        "PARROQUIA": null,
        "DISTANCE_M": 200,
        "CELL_SIZE_M": 100,
        "COUNT": 0,
        "GI_ZSCORE": 1.9782125252176277,
        "GI_PVALUE": 0.047904736321680026,
        "GI_CLASS": "HOTSPOT 95%",
        "GI_STAR": 1.9782125252176277,
        "SIGNIFICANCIA": 95,
        "SUMA_LOCAL": 13,
        "NIVEL": 95,
        "COB_A_PCT": 0.0,
        "ESTADO_A": "SIN COBERTURA",
        "COB_B_PCT": 99.18978899237197,
        "ESTADO_B": "PARCIALMENTE CUBIERTO",
        "COB_C_PCT": 99.18978899237197,
        "ESTADO_C": "PARCIALMENTE CUBIERTO",
        "COB_B_ANTERIOR_PCT": 0.0,
        "ESTADO_B_ANTERIOR": "SIN COBERTURA",
        "COB_C_ANTERIOR_PCT": 0.0,
        "ESTADO_C_ANTERIOR": "SIN COBERTURA"
      },
      "geometry": {
        "type": "MultiPolygon",
        "coordinates": [
          [
            [
              [
                -78.63975026815793,
                -1.6741274666495436
              ],
              [
                -78.63975134956291,
                -1.673223515725281
              ],
              [
                -78.63885306217648,
                -1.6732224275903085
              ],
              [
                -78.63885198036085,
                -1.6741263779263904
              ],
              [
                -78.63975026815793,
                -1.6741274666495436
              ]
            ]
          ]
        ]
      }
    },
    {
      "type": "Feature",
      "properties": {
        "CELL_ID": "GIU100-24-66",
        "AMBITO": "URBANO",
        "CATEGORIA": "VIOLENCIA",
        "PLATAFORMA": "PLATAFORMA O",
        "PARROQUIA": null,
        "DISTANCE_M": 200,
        "CELL_SIZE_M": 100,
        "COUNT": 1,
        "GI_ZSCORE": 1.9782125252176277,
        "GI_PVALUE": 0.047904736321680026,
        "GI_CLASS": "HOTSPOT 95%",
        "GI_STAR": 1.9782125252176277,
        "SIGNIFICANCIA": 95,
        "SUMA_LOCAL": 13,
        "NIVEL": 95,
        "COB_A_PCT": 0.0,
        "ESTADO_A": "SIN COBERTURA",
        "COB_B_PCT": 100.0,
        "ESTADO_B": "CUBIERTO",
        "COB_C_PCT": 100.0,
        "ESTADO_C": "CUBIERTO",
        "COB_B_ANTERIOR_PCT": 0.0,
        "ESTADO_B_ANTERIOR": "SIN COBERTURA",
        "COB_C_ANTERIOR_PCT": 0.0,
        "ESTADO_C_ANTERIOR": "SIN COBERTURA"
      },
      "geometry": {
        "type": "MultiPolygon",
        "coordinates": [
          [
            [
              [
                -78.63885198036085,
                -1.6741263779263904
              ],
              [
                -78.63885306217648,
                -1.6732224275903085
              ],
              [
                -78.63795477537518,
                -1.6732213390422193
              ],
              [
                -78.63795369314892,
                -1.674125288789897
              ],
              [
                -78.63885198036085,
                -1.6741263779263904
              ]
            ]
          ]
        ]
      }
    },
    {
      "type": "Feature",
      "properties": {
        "CELL_ID": "GIU100-25-43",
        "AMBITO": "URBANO",
        "CATEGORIA": "VIOLENCIA",
        "PLATAFORMA": "PLATAFORMA J",
        "PARROQUIA": null,
        "DISTANCE_M": 200,
        "CELL_SIZE_M": 100,
        "COUNT": 1,
        "GI_ZSCORE": 2.4826066268343085,
        "GI_PVALUE": 0.01304250275922858,
        "GI_CLASS": "HOTSPOT 95%",
        "GI_STAR": 2.4826066268343085,
        "SIGNIFICANCIA": 95,
        "SUMA_LOCAL": 15,
        "NIVEL": 95,
        "COB_A_PCT": 2.285247880636688,
        "ESTADO_A": "PARCIALMENTE CUBIERTO",
        "COB_B_PCT": 39.02323114325789,
        "ESTADO_B": "PARCIALMENTE CUBIERTO",
        "COB_C_PCT": 39.02323114325789,
        "ESTADO_C": "PARCIALMENTE CUBIERTO",
        "COB_B_ANTERIOR_PCT": 2.285247880636688,
        "ESTADO_B_ANTERIOR": "PARCIALMENTE CUBIERTO",
        "COB_C_ANTERIOR_PCT": 100.0,
        "ESTADO_C_ANTERIOR": "CUBIERTO"
      },
      "geometry": {
        "type": "MultiPolygon",
        "coordinates": [
          [
            [
              [
                -78.65951381964781,
                -1.6732473501733676
              ],
              [
                -78.65951489143838,
                -1.672343386356576
              ],
              [
                -78.65861659164615,
                -1.6723423078937834
              ],
              [
                -78.65861551944512,
                -1.673246271127307
              ],
              [
                -78.65951381964781,
                -1.6732473501733676
              ]
            ]
          ]
        ]
      }
    },
    {
      "type": "Feature",
      "properties": {
        "CELL_ID": "GIU100-25-44",
        "AMBITO": "URBANO",
        "CATEGORIA": "VIOLENCIA",
        "PLATAFORMA": "PLATAFORMA J",
        "PARROQUIA": null,
        "DISTANCE_M": 200,
        "CELL_SIZE_M": 100,
        "COUNT": 2,
        "GI_ZSCORE": 2.9870007284509894,
        "GI_PVALUE": 0.002817290511545885,
        "GI_CLASS": "HOTSPOT 99%",
        "GI_STAR": 2.9870007284509894,
        "SIGNIFICANCIA": 99,
        "SUMA_LOCAL": 17,
        "NIVEL": 99,
        "COB_A_PCT": 38.781757172733556,
        "ESTADO_A": "PARCIALMENTE CUBIERTO",
        "COB_B_PCT": 38.781757172733556,
        "ESTADO_B": "PARCIALMENTE CUBIERTO",
        "COB_C_PCT": 58.8260339443175,
        "ESTADO_C": "PARCIALMENTE CUBIERTO",
        "COB_B_ANTERIOR_PCT": 38.781757172733556,
        "ESTADO_B_ANTERIOR": "PARCIALMENTE CUBIERTO",
        "COB_C_ANTERIOR_PCT": 87.30200275808615,
        "ESTADO_C_ANTERIOR": "PARCIALMENTE CUBIERTO"
      },
      "geometry": {
        "type": "MultiPolygon",
        "coordinates": [
          [
            [
              [
                -78.65861551944512,
                -1.673246271127307
              ],
              [
                -78.65861659164615,
                -1.6723423078937834
              ],
              [
                -78.65771829243413,
                -1.6723412290180673
              ],
              [
                -78.65771721982267,
                -1.6732451916681002
              ],
              [
                -78.65861551944512,
                -1.673246271127307
              ]
            ]
          ]
        ]
      }
    },
    {
      "type": "Feature",
      "properties": {
        "CELL_ID": "GIU100-25-45",
        "AMBITO": "URBANO",
        "CATEGORIA": "VIOLENCIA",
        "PLATAFORMA": "PLATAFORMA J",
        "PARROQUIA": null,
        "DISTANCE_M": 200,
        "CELL_SIZE_M": 100,
        "COUNT": 0,
        "GI_ZSCORE": 4.752380084109373,
        "GI_PVALUE": 2.0103600312246304e-06,
        "GI_CLASS": "HOTSPOT 99%",
        "GI_STAR": 4.752380084109373,
        "SIGNIFICANCIA": 99,
        "SUMA_LOCAL": 24,
        "NIVEL": 99,
        "COB_A_PCT": 81.56382520080611,
        "ESTADO_A": "PARCIALMENTE CUBIERTO",
        "COB_B_PCT": 81.56382520080611,
        "ESTADO_B": "PARCIALMENTE CUBIERTO",
        "COB_C_PCT": 99.9486835862949,
        "ESTADO_C": "PARCIALMENTE CUBIERTO",
        "COB_B_ANTERIOR_PCT": 81.56382520080611,
        "ESTADO_B_ANTERIOR": "PARCIALMENTE CUBIERTO",
        "COB_C_ANTERIOR_PCT": 99.9486835862949,
        "ESTADO_C_ANTERIOR": "PARCIALMENTE CUBIERTO"
      },
      "geometry": {
        "type": "MultiPolygon",
        "coordinates": [
          [
            [
              [
                -78.65771721982267,
                -1.6732451916681002
              ],
              [
                -78.65771829243413,
                -1.6723412290180673
              ],
              [
                -78.65681999380256,
                -1.6723401497294297
              ],
              [
                -78.65681892078067,
                -1.6732441117957484
              ],
              [
                -78.65771721982267,
                -1.6732451916681002
              ]
            ]
          ]
        ]
      }
    },
    {
      "type": "Feature",
      "properties": {
        "CELL_ID": "GIU100-25-46",
        "AMBITO": "URBANO",
        "CATEGORIA": "VIOLENCIA",
        "PLATAFORMA": "PLATAFORMA J",
        "PARROQUIA": null,
        "DISTANCE_M": 200,
        "CELL_SIZE_M": 100,
        "COUNT": 4,
        "GI_ZSCORE": 4.247985982492692,
        "GI_PVALUE": 2.1570088737979582e-05,
        "GI_CLASS": "HOTSPOT 99%",
        "GI_STAR": 4.247985982492692,
        "SIGNIFICANCIA": 99,
        "SUMA_LOCAL": 22,
        "NIVEL": 99,
        "COB_A_PCT": 100.0,
        "ESTADO_A": "CUBIERTO",
        "COB_B_PCT": 100.0,
        "ESTADO_B": "CUBIERTO",
        "COB_C_PCT": 100.0,
        "ESTADO_C": "CUBIERTO",
        "COB_B_ANTERIOR_PCT": 100.0,
        "ESTADO_B_ANTERIOR": "CUBIERTO",
        "COB_C_ANTERIOR_PCT": 100.0,
        "ESTADO_C_ANTERIOR": "CUBIERTO"
      },
      "geometry": {
        "type": "MultiPolygon",
        "coordinates": [
          [
            [
              [
                -78.65681892078067,
                -1.6732441117957484
              ],
              [
                -78.65681999380256,
                -1.6723401497294297
              ],
              [
                -78.65592169575167,
                -1.672339070027872
              ],
              [
                -78.65592062231931,
                -1.673243031510253
              ],
              [
                -78.65681892078067,
                -1.6732441117957484
              ]
            ]
          ]
        ]
      }
    },
    {
      "type": "Feature",
      "properties": {
        "CELL_ID": "GIU100-25-47",
        "AMBITO": "URBANO",
        "CATEGORIA": "VIOLENCIA",
        "PLATAFORMA": "PLATAFORMA K",
        "PARROQUIA": null,
        "DISTANCE_M": 200,
        "CELL_SIZE_M": 100,
        "COUNT": 3,
        "GI_ZSCORE": 4.752380084109373,
        "GI_PVALUE": 2.0103600312246304e-06,
        "GI_CLASS": "HOTSPOT 99%",
        "GI_STAR": 4.752380084109373,
        "SIGNIFICANCIA": 99,
        "SUMA_LOCAL": 24,
        "NIVEL": 99,
        "COB_A_PCT": 100.0,
        "ESTADO_A": "CUBIERTO",
        "COB_B_PCT": 100.0,
        "ESTADO_B": "CUBIERTO",
        "COB_C_PCT": 100.0,
        "ESTADO_C": "CUBIERTO",
        "COB_B_ANTERIOR_PCT": 100.0,
        "ESTADO_B_ANTERIOR": "CUBIERTO",
        "COB_C_ANTERIOR_PCT": 100.0,
        "ESTADO_C_ANTERIOR": "CUBIERTO"
      },
      "geometry": {
        "type": "MultiPolygon",
        "coordinates": [
          [
            [
              [
                -78.65592062231931,
                -1.673243031510253
              ],
              [
                -78.65592169575167,
                -1.672339070027872
              ],
              [
                -78.65502339828166,
                -1.6723379899133946
              ],
              [
                -78.65502232443887,
                -1.673241950811615
              ],
              [
                -78.65592062231931,
                -1.673243031510253
              ]
            ]
          ]
        ]
      }
    },
    {
      "type": "Feature",
      "properties": {
        "CELL_ID": "GIU100-25-48",
        "AMBITO": "URBANO",
        "CATEGORIA": "VIOLENCIA",
        "PLATAFORMA": "PLATAFORMA K",
        "PARROQUIA": null,
        "DISTANCE_M": 200,
        "CELL_SIZE_M": 100,
        "COUNT": 1,
        "GI_ZSCORE": 5.256774185726054,
        "GI_PVALUE": 1.4660414069729784e-07,
        "GI_CLASS": "HOTSPOT 99%",
        "GI_STAR": 5.256774185726054,
        "SIGNIFICANCIA": 99,
        "SUMA_LOCAL": 26,
        "NIVEL": 99,
        "COB_A_PCT": 100.0,
        "ESTADO_A": "CUBIERTO",
        "COB_B_PCT": 100.0,
        "ESTADO_B": "CUBIERTO",
        "COB_C_PCT": 100.0,
        "ESTADO_C": "CUBIERTO",
        "COB_B_ANTERIOR_PCT": 100.0,
        "ESTADO_B_ANTERIOR": "CUBIERTO",
        "COB_C_ANTERIOR_PCT": 100.0,
        "ESTADO_C_ANTERIOR": "CUBIERTO"
      },
      "geometry": {
        "type": "MultiPolygon",
        "coordinates": [
          [
            [
              [
                -78.65502232443887,
                -1.673241950811615
              ],
              [
                -78.65502339828166,
                -1.6723379899133946
              ],
              [
                -78.65412510139276,
                -1.6723369093859997
              ],
              [
                -78.65412402713953,
                -1.673240869699836
              ],
              [
                -78.65502232443887,
                -1.673241950811615
              ]
            ]
          ]
        ]
      }
    },
    {
      "type": "Feature",
      "properties": {
        "CELL_ID": "GIU100-25-49",
        "AMBITO": "URBANO",
        "CATEGORIA": "VIOLENCIA",
        "PLATAFORMA": "PLATAFORMA K",
        "PARROQUIA": null,
        "DISTANCE_M": 200,
        "CELL_SIZE_M": 100,
        "COUNT": 6,
        "GI_ZSCORE": 3.743591880876011,
        "GI_PVALUE": 0.00018140822292464902,
        "GI_CLASS": "HOTSPOT 99%",
        "GI_STAR": 3.743591880876011,
        "SIGNIFICANCIA": 99,
        "SUMA_LOCAL": 20,
        "NIVEL": 99,
        "COB_A_PCT": 100.0,
        "ESTADO_A": "CUBIERTO",
        "COB_B_PCT": 100.0,
        "ESTADO_B": "CUBIERTO",
        "COB_C_PCT": 100.0,
        "ESTADO_C": "CUBIERTO",
        "COB_B_ANTERIOR_PCT": 100.0,
        "ESTADO_B_ANTERIOR": "CUBIERTO",
        "COB_C_ANTERIOR_PCT": 100.0,
        "ESTADO_C_ANTERIOR": "CUBIERTO"
      },
      "geometry": {
        "type": "MultiPolygon",
        "coordinates": [
          [
            [
              [
                -78.65412402713953,
                -1.673240869699836
              ],
              [
                -78.65412510139276,
                -1.6723369093859997
              ],
              [
                -78.65322680508521,
                -1.6723358284456888
              ],
              [
                -78.65322573042154,
                -1.6732397881749177
              ],
              [
                -78.65412402713953,
                -1.673240869699836
              ]
            ]
          ]
        ]
      }
    },
    {
      "type": "Feature",
      "properties": {
        "CELL_ID": "GIU100-25-50",
        "AMBITO": "URBANO",
        "CATEGORIA": "VIOLENCIA",
        "PLATAFORMA": "PLATAFORMA K",
        "PARROQUIA": null,
        "DISTANCE_M": 200,
        "CELL_SIZE_M": 100,
        "COUNT": 1,
        "GI_ZSCORE": 3.743591880876011,
        "GI_PVALUE": 0.00018140822292464902,
        "GI_CLASS": "HOTSPOT 99%",
        "GI_STAR": 3.743591880876011,
        "SIGNIFICANCIA": 99,
        "SUMA_LOCAL": 20,
        "NIVEL": 99,
        "COB_A_PCT": 100.0,
        "ESTADO_A": "CUBIERTO",
        "COB_B_PCT": 100.0,
        "ESTADO_B": "CUBIERTO",
        "COB_C_PCT": 100.0,
        "ESTADO_C": "CUBIERTO",
        "COB_B_ANTERIOR_PCT": 100.0,
        "ESTADO_B_ANTERIOR": "CUBIERTO",
        "COB_C_ANTERIOR_PCT": 100.0,
        "ESTADO_C_ANTERIOR": "CUBIERTO"
      },
      "geometry": {
        "type": "MultiPolygon",
        "coordinates": [
          [
            [
              [
                -78.65322573042154,
                -1.6732397881749177
              ],
              [
                -78.65322680508521,
                -1.6723358284456888
              ],
              [
                -78.65232850935921,
                -1.6723347470924625
              ],
              [
                -78.6523274342851,
                -1.673238706236861
              ],
              [
                -78.65322573042154,
                -1.6732397881749177
              ]
            ]
          ]
        ]
      }
    },
    {
      "type": "Feature",
      "properties": {
        "CELL_ID": "GIU100-25-51",
        "AMBITO": "URBANO",
        "CATEGORIA": "VIOLENCIA",
        "PLATAFORMA": "PLATAFORMA K",
        "PARROQUIA": null,
        "DISTANCE_M": 200,
        "CELL_SIZE_M": 100,
        "COUNT": 1,
        "GI_ZSCORE": 2.734803677642649,
        "GI_PVALUE": 0.006241749090433691,
        "GI_CLASS": "HOTSPOT 99%",
        "GI_STAR": 2.734803677642649,
        "SIGNIFICANCIA": 99,
        "SUMA_LOCAL": 16,
        "NIVEL": 99,
        "COB_A_PCT": 100.0,
        "ESTADO_A": "CUBIERTO",
        "COB_B_PCT": 100.0,
        "ESTADO_B": "CUBIERTO",
        "COB_C_PCT": 100.0,
        "ESTADO_C": "CUBIERTO",
        "COB_B_ANTERIOR_PCT": 100.0,
        "ESTADO_B_ANTERIOR": "CUBIERTO",
        "COB_C_ANTERIOR_PCT": 100.0,
        "ESTADO_C_ANTERIOR": "CUBIERTO"
      },
      "geometry": {
        "type": "MultiPolygon",
        "coordinates": [
          [
            [
              [
                -78.6523274342851,
                -1.673238706236861
              ],
              [
                -78.65232850935921,
                -1.6723347470924625
              ],
              [
                -78.65143021421498,
                -1.6723336653263225
              ],
              [
                -78.65142913873044,
                -1.6732376238856663
              ],
              [
                -78.6523274342851,
                -1.673238706236861
              ]
            ]
          ]
        ]
      }
    },
    {
      "type": "Feature",
      "properties": {
        "CELL_ID": "GIU100-25-63",
        "AMBITO": "URBANO",
        "CATEGORIA": "VIOLENCIA",
        "PLATAFORMA": "PLATAFORMA O",
        "PARROQUIA": null,
        "DISTANCE_M": 200,
        "CELL_SIZE_M": 100,
        "COUNT": 0,
        "GI_ZSCORE": 1.9782125252176277,
        "GI_PVALUE": 0.047904736321680026,
        "GI_CLASS": "HOTSPOT 95%",
        "GI_STAR": 1.9782125252176277,
        "SIGNIFICANCIA": 95,
        "SUMA_LOCAL": 13,
        "NIVEL": 95,
        "COB_A_PCT": 0.0,
        "ESTADO_A": "SIN COBERTURA",
        "COB_B_PCT": 0.0,
        "ESTADO_B": "SIN COBERTURA",
        "COB_C_PCT": 0.0,
        "ESTADO_C": "SIN COBERTURA",
        "COB_B_ANTERIOR_PCT": 0.0,
        "ESTADO_B_ANTERIOR": "SIN COBERTURA",
        "COB_C_ANTERIOR_PCT": 0.0,
        "ESTADO_C_ANTERIOR": "SIN COBERTURA"
      },
      "geometry": {
        "type": "MultiPolygon",
        "coordinates": [
          [
            [
              [
                -78.64154792609018,
                -1.6732256907558696
              ],
              [
                -78.64154900608945,
                -1.672321738646858
              ],
              [
                -78.6406507179439,
                -1.672320651925857
              ],
              [
                -78.64064963753421,
                -1.673224603447135
              ],
              [
                -78.64154792609018,
                -1.6732256907558696
              ]
            ]
          ]
        ]
      }
    },
    {
      "type": "Feature",
      "properties": {
        "CELL_ID": "GIU100-25-64",
        "AMBITO": "URBANO",
        "CATEGORIA": "VIOLENCIA",
        "PLATAFORMA": "PLATAFORMA O",
        "PARROQUIA": null,
        "DISTANCE_M": 200,
        "CELL_SIZE_M": 100,
        "COUNT": 0,
        "GI_ZSCORE": 2.230409576025968,
        "GI_PVALUE": 0.025720264423434874,
        "GI_CLASS": "HOTSPOT 95%",
        "GI_STAR": 2.230409576025968,
        "SIGNIFICANCIA": 95,
        "SUMA_LOCAL": 14,
        "NIVEL": 95,
        "COB_A_PCT": 0.0,
        "ESTADO_A": "SIN COBERTURA",
        "COB_B_PCT": 0.0,
        "ESTADO_B": "SIN COBERTURA",
        "COB_C_PCT": 0.0,
        "ESTADO_C": "SIN COBERTURA",
        "COB_B_ANTERIOR_PCT": 0.0,
        "ESTADO_B_ANTERIOR": "SIN COBERTURA",
        "COB_C_ANTERIOR_PCT": 0.0,
        "ESTADO_C_ANTERIOR": "SIN COBERTURA"
      },
      "geometry": {
        "type": "MultiPolygon",
        "coordinates": [
          [
            [
              [
                -78.64064963753421,
                -1.673224603447135
              ],
              [
                -78.6406507179439,
                -1.672320651925857
              ],
              [
                -78.63975243038301,
                -1.6723195647919602
              ],
              [
                -78.63975134956291,
                -1.673223515725281
              ],
              [
                -78.64064963753421,
                -1.673224603447135
              ]
            ]
          ]
        ]
      }
    },
    {
      "type": "Feature",
      "properties": {
        "CELL_ID": "GIU100-25-65",
        "AMBITO": "URBANO",
        "CATEGORIA": "VIOLENCIA",
        "PLATAFORMA": "PLATAFORMA O",
        "PARROQUIA": null,
        "DISTANCE_M": 200,
        "CELL_SIZE_M": 100,
        "COUNT": 3,
        "GI_ZSCORE": 2.4826066268343085,
        "GI_PVALUE": 0.01304250275922858,
        "GI_CLASS": "HOTSPOT 95%",
        "GI_STAR": 2.4826066268343085,
        "SIGNIFICANCIA": 95,
        "SUMA_LOCAL": 15,
        "NIVEL": 95,
        "COB_A_PCT": 0.0,
        "ESTADO_A": "SIN COBERTURA",
        "COB_B_PCT": 14.696882802580364,
        "ESTADO_B": "PARCIALMENTE CUBIERTO",
        "COB_C_PCT": 14.696882802580364,
        "ESTADO_C": "PARCIALMENTE CUBIERTO",
        "COB_B_ANTERIOR_PCT": 0.0,
        "ESTADO_B_ANTERIOR": "SIN COBERTURA",
        "COB_C_ANTERIOR_PCT": 0.0,
        "ESTADO_C_ANTERIOR": "SIN COBERTURA"
      },
      "geometry": {
        "type": "MultiPolygon",
        "coordinates": [
          [
            [
              [
                -78.63975134956291,
                -1.673223515725281
              ],
              [
                -78.63975243038301,
                -1.6723195647919602
              ],
              [
                -78.638854143407,
                -1.6723184772451678
              ],
              [
                -78.63885306217648,
                -1.6732224275903085
              ],
              [
                -78.63975134956291,
                -1.673223515725281
              ]
            ]
          ]
        ]
      }
    },
    {
      "type": "Feature",
      "properties": {
        "CELL_ID": "GIU100-25-66",
        "AMBITO": "URBANO",
        "CATEGORIA": "VIOLENCIA",
        "PLATAFORMA": "PLATAFORMA O",
        "PARROQUIA": null,
        "DISTANCE_M": 200,
        "CELL_SIZE_M": 100,
        "COUNT": 4,
        "GI_ZSCORE": 1.7260154744092873,
        "GI_PVALUE": 0.08434462886201807,
        "GI_CLASS": "HOTSPOT 90%",
        "GI_STAR": 1.7260154744092873,
        "SIGNIFICANCIA": 90,
        "SUMA_LOCAL": 12,
        "NIVEL": 90,
        "COB_A_PCT": 0.0,
        "ESTADO_A": "SIN COBERTURA",
        "COB_B_PCT": 34.421686004804954,
        "ESTADO_B": "PARCIALMENTE CUBIERTO",
        "COB_C_PCT": 34.421686004804954,
        "ESTADO_C": "PARCIALMENTE CUBIERTO",
        "COB_B_ANTERIOR_PCT": 10.152241550762406,
        "ESTADO_B_ANTERIOR": "PARCIALMENTE CUBIERTO",
        "COB_C_ANTERIOR_PCT": 10.152241550762406,
        "ESTADO_C_ANTERIOR": "PARCIALMENTE CUBIERTO"
      },
      "geometry": {
        "type": "MultiPolygon",
        "coordinates": [
          [
            [
              [
                -78.63885306217648,
                -1.6732224275903085
              ],
              [
                -78.638854143407,
                -1.6723184772451678
              ],
              [
                -78.63795585701612,
                -1.672317389285482
              ],
              [
                -78.63795477537518,
                -1.6732213390422193
              ],
              [
                -78.63885306217648,
                -1.6732224275903085
              ]
            ]
          ]
        ]
      }
    },
    {
      "type": "Feature",
      "properties": {
        "CELL_ID": "GIU100-25-67",
        "AMBITO": "URBANO",
        "CATEGORIA": "VIOLENCIA",
        "PLATAFORMA": "PLATAFORMA O",
        "PARROQUIA": null,
        "DISTANCE_M": 200,
        "CELL_SIZE_M": 100,
        "COUNT": 1,
        "GI_ZSCORE": 1.9782125252176277,
        "GI_PVALUE": 0.047904736321680026,
        "GI_CLASS": "HOTSPOT 95%",
        "GI_STAR": 1.9782125252176277,
        "SIGNIFICANCIA": 95,
        "SUMA_LOCAL": 13,
        "NIVEL": 95,
        "COB_A_PCT": 0.0,
        "ESTADO_A": "SIN COBERTURA",
        "COB_B_PCT": 97.65918368438216,
        "ESTADO_B": "PARCIALMENTE CUBIERTO",
        "COB_C_PCT": 97.65918368438216,
        "ESTADO_C": "PARCIALMENTE CUBIERTO",
        "COB_B_ANTERIOR_PCT": 96.24968012810598,
        "ESTADO_B_ANTERIOR": "PARCIALMENTE CUBIERTO",
        "COB_C_ANTERIOR_PCT": 96.24968012810598,
        "ESTADO_C_ANTERIOR": "PARCIALMENTE CUBIERTO"
      },
      "geometry": {
        "type": "MultiPolygon",
        "coordinates": [
          [
            [
              [
                -78.63795477537518,
                -1.6732213390422193
              ],
              [
                -78.63795585701612,
                -1.672317389285482
              ],
              [
                -78.63705757121056,
                -1.672316300912904
              ],
              [
                -78.63705648915922,
                -1.6732202500810138
              ],
              [
                -78.63795477537518,
                -1.6732213390422193
              ]
            ]
          ]
        ]
      }
    },
    {
      "type": "Feature",
      "properties": {
        "CELL_ID": "GIU100-26-43",
        "AMBITO": "URBANO",
        "CATEGORIA": "VIOLENCIA",
        "PLATAFORMA": "PLATAFORMA J",
        "PARROQUIA": null,
        "DISTANCE_M": 200,
        "CELL_SIZE_M": 100,
        "COUNT": 0,
        "GI_ZSCORE": 2.230409576025968,
        "GI_PVALUE": 0.025720264423434874,
        "GI_CLASS": "HOTSPOT 95%",
        "GI_STAR": 2.230409576025968,
        "SIGNIFICANCIA": 95,
        "SUMA_LOCAL": 14,
        "NIVEL": 95,
        "COB_A_PCT": 61.68805454741933,
        "ESTADO_A": "PARCIALMENTE CUBIERTO",
        "COB_B_PCT": 61.68805454741933,
        "ESTADO_B": "PARCIALMENTE CUBIERTO",
        "COB_C_PCT": 61.68805454741933,
        "ESTADO_C": "PARCIALMENTE CUBIERTO",
        "COB_B_ANTERIOR_PCT": 61.68805454741933,
        "ESTADO_B_ANTERIOR": "PARCIALMENTE CUBIERTO",
        "COB_C_ANTERIOR_PCT": 100.0,
        "ESTADO_C_ANTERIOR": "CUBIERTO"
      },
      "geometry": {
        "type": "MultiPolygon",
        "coordinates": [
          [
            [
              [
                -78.65951489143838,
                -1.672343386356576
              ],
              [
                -78.65951596264895,
                -1.671439422530744
              ],
              [
                -78.65861766326694,
                -1.671438344651218
              ],
              [
                -78.65861659164615,
                -1.6723423078937834
              ],
              [
                -78.65951489143838,
                -1.672343386356576
              ]
            ]
          ]
        ]
      }
    },
    {
      "type": "Feature",
      "properties": {
        "CELL_ID": "GIU100-26-44",
        "AMBITO": "URBANO",
        "CATEGORIA": "VIOLENCIA",
        "PLATAFORMA": "PLATAFORMA J",
        "PARROQUIA": null,
        "DISTANCE_M": 200,
        "CELL_SIZE_M": 100,
        "COUNT": 1,
        "GI_ZSCORE": 2.734803677642649,
        "GI_PVALUE": 0.006241749090433691,
        "GI_CLASS": "HOTSPOT 99%",
        "GI_STAR": 2.734803677642649,
        "SIGNIFICANCIA": 99,
        "SUMA_LOCAL": 16,
        "NIVEL": 99,
        "COB_A_PCT": 100.0,
        "ESTADO_A": "CUBIERTO",
        "COB_B_PCT": 100.0,
        "ESTADO_B": "CUBIERTO",
        "COB_C_PCT": 100.0,
        "ESTADO_C": "CUBIERTO",
        "COB_B_ANTERIOR_PCT": 100.0,
        "ESTADO_B_ANTERIOR": "CUBIERTO",
        "COB_C_ANTERIOR_PCT": 100.0,
        "ESTADO_C_ANTERIOR": "CUBIERTO"
      },
      "geometry": {
        "type": "MultiPolygon",
        "coordinates": [
          [
            [
              [
                -78.65861659164615,
                -1.6723423078937834
              ],
              [
                -78.65861766326694,
                -1.671438344651218
              ],
              [
                -78.65771936446515,
                -1.6714372663589923
              ],
              [
                -78.65771829243413,
                -1.6723412290180673
              ],
              [
                -78.65861659164615,
                -1.6723423078937834
              ]
            ]
          ]
        ]
      }
    },
    {
      "type": "Feature",
      "properties": {
        "CELL_ID": "GIU100-26-45",
        "AMBITO": "URBANO",
        "CATEGORIA": "VIOLENCIA",
        "PLATAFORMA": "PLATAFORMA J",
        "PARROQUIA": null,
        "DISTANCE_M": 200,
        "CELL_SIZE_M": 100,
        "COUNT": 1,
        "GI_ZSCORE": 3.2391977792593303,
        "GI_PVALUE": 0.0011986642318589453,
        "GI_CLASS": "HOTSPOT 99%",
        "GI_STAR": 3.2391977792593303,
        "SIGNIFICANCIA": 99,
        "SUMA_LOCAL": 18,
        "NIVEL": 99,
        "COB_A_PCT": 100.0,
        "ESTADO_A": "CUBIERTO",
        "COB_B_PCT": 100.0,
        "ESTADO_B": "CUBIERTO",
        "COB_C_PCT": 100.0,
        "ESTADO_C": "CUBIERTO",
        "COB_B_ANTERIOR_PCT": 100.0,
        "ESTADO_B_ANTERIOR": "CUBIERTO",
        "COB_C_ANTERIOR_PCT": 100.0,
        "ESTADO_C_ANTERIOR": "CUBIERTO"
      },
      "geometry": {
        "type": "MultiPolygon",
        "coordinates": [
          [
            [
              [
                -78.65771829243413,
                -1.6723412290180673
              ],
              [
                -78.65771936446515,
                -1.6714372663589923
              ],
              [
                -78.65682106624381,
                -1.6714361876540684
              ],
              [
                -78.65681999380256,
                -1.6723401497294297
              ],
              [
                -78.65771829243413,
                -1.6723412290180673
              ]
            ]
          ]
        ]
      }
    },
    {
      "type": "Feature",
      "properties": {
        "CELL_ID": "GIU100-26-46",
        "AMBITO": "URBANO",
        "CATEGORIA": "VIOLENCIA",
        "PLATAFORMA": "PLATAFORMA J",
        "PARROQUIA": null,
        "DISTANCE_M": 200,
        "CELL_SIZE_M": 100,
        "COUNT": 3,
        "GI_ZSCORE": 4.247985982492692,
        "GI_PVALUE": 2.1570088737979582e-05,
        "GI_CLASS": "HOTSPOT 99%",
        "GI_STAR": 4.247985982492692,
        "SIGNIFICANCIA": 99,
        "SUMA_LOCAL": 22,
        "NIVEL": 99,
        "COB_A_PCT": 100.0,
        "ESTADO_A": "CUBIERTO",
        "COB_B_PCT": 100.0,
        "ESTADO_B": "CUBIERTO",
        "COB_C_PCT": 100.0,
        "ESTADO_C": "CUBIERTO",
        "COB_B_ANTERIOR_PCT": 100.0,
        "ESTADO_B_ANTERIOR": "CUBIERTO",
        "COB_C_ANTERIOR_PCT": 100.0,
        "ESTADO_C_ANTERIOR": "CUBIERTO"
      },
      "geometry": {
        "type": "MultiPolygon",
        "coordinates": [
          [
            [
              [
                -78.65681999380256,
                -1.6723401497294297
              ],
              [
                -78.65682106624381,
                -1.6714361876540684
              ],
              [
                -78.65592276860313,
                -1.6714351085364467
              ],
              [
                -78.65592169575167,
                -1.672339070027872
              ],
              [
                -78.65681999380256,
                -1.6723401497294297
              ]
            ]
          ]
        ]
      }
    },
    {
      "type": "Feature",
      "properties": {
        "CELL_ID": "GIU100-26-47",
        "AMBITO": "URBANO",
        "CATEGORIA": "VIOLENCIA",
        "PLATAFORMA": "PLATAFORMA K",
        "PARROQUIA": null,
        "DISTANCE_M": 200,
        "CELL_SIZE_M": 100,
        "COUNT": 0,
        "GI_ZSCORE": 5.004577134917714,
        "GI_PVALUE": 5.598479126846345e-07,
        "GI_CLASS": "HOTSPOT 99%",
        "GI_STAR": 5.004577134917714,
        "SIGNIFICANCIA": 99,
        "SUMA_LOCAL": 25,
        "NIVEL": 99,
        "COB_A_PCT": 100.0,
        "ESTADO_A": "CUBIERTO",
        "COB_B_PCT": 100.0,
        "ESTADO_B": "CUBIERTO",
        "COB_C_PCT": 100.0,
        "ESTADO_C": "CUBIERTO",
        "COB_B_ANTERIOR_PCT": 100.0,
        "ESTADO_B_ANTERIOR": "CUBIERTO",
        "COB_C_ANTERIOR_PCT": 100.0,
        "ESTADO_C_ANTERIOR": "CUBIERTO"
      },
      "geometry": {
        "type": "MultiPolygon",
        "coordinates": [
          [
            [
              [
                -78.65592169575167,
                -1.672339070027872
              ],
              [
                -78.65592276860313,
                -1.6714351085364467
              ],
              [
                -78.65502447154334,
                -1.67143402900613
              ],
              [
                -78.65502339828166,
                -1.6723379899133946
              ],
              [
                -78.65592169575167,
                -1.672339070027872
              ]
            ]
          ]
        ]
      }
    },
    {
      "type": "Feature",
      "properties": {
        "CELL_ID": "GIU100-26-48",
        "AMBITO": "URBANO",
        "CATEGORIA": "VIOLENCIA",
        "PLATAFORMA": "PLATAFORMA K",
        "PARROQUIA": null,
        "DISTANCE_M": 200,
        "CELL_SIZE_M": 100,
        "COUNT": 2,
        "GI_ZSCORE": 4.500183033301033,
        "GI_PVALUE": 6.789497544670571e-06,
        "GI_CLASS": "HOTSPOT 99%",
        "GI_STAR": 4.500183033301033,
        "SIGNIFICANCIA": 99,
        "SUMA_LOCAL": 23,
        "NIVEL": 99,
        "COB_A_PCT": 100.0,
        "ESTADO_A": "CUBIERTO",
        "COB_B_PCT": 100.0,
        "ESTADO_B": "CUBIERTO",
        "COB_C_PCT": 100.0,
        "ESTADO_C": "CUBIERTO",
        "COB_B_ANTERIOR_PCT": 100.0,
        "ESTADO_B_ANTERIOR": "CUBIERTO",
        "COB_C_ANTERIOR_PCT": 100.0,
        "ESTADO_C_ANTERIOR": "CUBIERTO"
      },
      "geometry": {
        "type": "MultiPolygon",
        "coordinates": [
          [
            [
              [
                -78.65502339828166,
                -1.6723379899133946
              ],
              [
                -78.65502447154334,
                -1.67143402900613
              ],
              [
                -78.65412617506468,
                -1.6714329490631188
              ],
              [
                -78.65412510139276,
                -1.6723369093859997
              ],
              [
                -78.65502339828166,
                -1.6723379899133946
              ]
            ]
          ]
        ]
      }
    },
    {
      "type": "Feature",
      "properties": {
        "CELL_ID": "GIU100-26-49",
        "AMBITO": "URBANO",
        "CATEGORIA": "VIOLENCIA",
        "PLATAFORMA": "PLATAFORMA K",
        "PARROQUIA": null,
        "DISTANCE_M": 200,
        "CELL_SIZE_M": 100,
        "COUNT": 2,
        "GI_ZSCORE": 5.004577134917714,
        "GI_PVALUE": 5.598479126846345e-07,
        "GI_CLASS": "HOTSPOT 99%",
        "GI_STAR": 5.004577134917714,
        "SIGNIFICANCIA": 99,
        "SUMA_LOCAL": 25,
        "NIVEL": 99,
        "COB_A_PCT": 100.0,
        "ESTADO_A": "CUBIERTO",
        "COB_B_PCT": 100.0,
        "ESTADO_B": "CUBIERTO",
        "COB_C_PCT": 100.0,
        "ESTADO_C": "CUBIERTO",
        "COB_B_ANTERIOR_PCT": 100.0,
        "ESTADO_B_ANTERIOR": "CUBIERTO",
        "COB_C_ANTERIOR_PCT": 100.0,
        "ESTADO_C_ANTERIOR": "CUBIERTO"
      },
      "geometry": {
        "type": "MultiPolygon",
        "coordinates": [
          [
            [
              [
                -78.65412510139276,
                -1.6723369093859997
              ],
              [
                -78.65412617506468,
                -1.6714329490631188
              ],
              [
                -78.65322787916733,
                -1.6714318687074146
              ],
              [
                -78.65322680508521,
                -1.6723358284456888
              ],
              [
                -78.65412510139276,
                -1.6723369093859997
              ]
            ]
          ]
        ]
      }
    },
    {
      "type": "Feature",
      "properties": {
        "CELL_ID": "GIU100-26-50",
        "AMBITO": "URBANO",
        "CATEGORIA": "VIOLENCIA",
        "PLATAFORMA": "PLATAFORMA K",
        "PARROQUIA": null,
        "DISTANCE_M": 200,
        "CELL_SIZE_M": 100,
        "COUNT": 1,
        "GI_ZSCORE": 5.004577134917714,
        "GI_PVALUE": 5.598479126846345e-07,
        "GI_CLASS": "HOTSPOT 99%",
        "GI_STAR": 5.004577134917714,
        "SIGNIFICANCIA": 99,
        "SUMA_LOCAL": 25,
        "NIVEL": 99,
        "COB_A_PCT": 100.0,
        "ESTADO_A": "CUBIERTO",
        "COB_B_PCT": 100.0,
        "ESTADO_B": "CUBIERTO",
        "COB_C_PCT": 100.0,
        "ESTADO_C": "CUBIERTO",
        "COB_B_ANTERIOR_PCT": 100.0,
        "ESTADO_B_ANTERIOR": "CUBIERTO",
        "COB_C_ANTERIOR_PCT": 100.0,
        "ESTADO_C_ANTERIOR": "CUBIERTO"
      },
      "geometry": {
        "type": "MultiPolygon",
        "coordinates": [
          [
            [
              [
                -78.65322680508521,
                -1.6723358284456888
              ],
              [
                -78.65322787916733,
                -1.6714318687074146
              ],
              [
                -78.65232958385154,
                -1.6714307879390184
              ],
              [
                -78.65232850935921,
                -1.6723347470924625
              ],
              [
                -78.65322680508521,
                -1.6723358284456888
              ]
            ]
          ]
        ]
      }
    },
    {
      "type": "Feature",
      "properties": {
        "CELL_ID": "GIU100-26-51",
        "AMBITO": "URBANO",
        "CATEGORIA": "VIOLENCIA",
        "PLATAFORMA": "PLATAFORMA K",
        "PARROQUIA": null,
        "DISTANCE_M": 200,
        "CELL_SIZE_M": 100,
        "COUNT": 1,
        "GI_ZSCORE": 1.9782125252176277,
        "GI_PVALUE": 0.047904736321680026,
        "GI_CLASS": "HOTSPOT 95%",
        "GI_STAR": 1.9782125252176277,
        "SIGNIFICANCIA": 95,
        "SUMA_LOCAL": 13,
        "NIVEL": 95,
        "COB_A_PCT": 100.0,
        "ESTADO_A": "CUBIERTO",
        "COB_B_PCT": 100.0,
        "ESTADO_B": "CUBIERTO",
        "COB_C_PCT": 100.0,
        "ESTADO_C": "CUBIERTO",
        "COB_B_ANTERIOR_PCT": 100.0,
        "ESTADO_B_ANTERIOR": "CUBIERTO",
        "COB_C_ANTERIOR_PCT": 100.0,
        "ESTADO_C_ANTERIOR": "CUBIERTO"
      },
      "geometry": {
        "type": "MultiPolygon",
        "coordinates": [
          [
            [
              [
                -78.65232850935921,
                -1.6723347470924625
              ],
              [
                -78.65232958385154,
                -1.6714307879390184
              ],
              [
                -78.65143128911753,
                -1.6714297067579318
              ],
              [
                -78.65143021421498,
                -1.6723336653263225
              ],
              [
                -78.65232850935921,
                -1.6723347470924625
              ]
            ]
          ]
        ]
      }
    },
    {
      "type": "Feature",
      "properties": {
        "CELL_ID": "GIU100-26-56",
        "AMBITO": "URBANO",
        "CATEGORIA": "VIOLENCIA",
        "PLATAFORMA": "PLATAFORMA K",
        "PARROQUIA": null,
        "DISTANCE_M": 200,
        "CELL_SIZE_M": 100,
        "COUNT": 1,
        "GI_ZSCORE": 1.7260154744092873,
        "GI_PVALUE": 0.08434462886201807,
        "GI_CLASS": "HOTSPOT 90%",
        "GI_STAR": 1.7260154744092873,
        "SIGNIFICANCIA": 90,
        "SUMA_LOCAL": 12,
        "NIVEL": 90,
        "COB_A_PCT": 100.0,
        "ESTADO_A": "CUBIERTO",
        "COB_B_PCT": 100.0,
        "ESTADO_B": "CUBIERTO",
        "COB_C_PCT": 100.0,
        "ESTADO_C": "CUBIERTO",
        "COB_B_ANTERIOR_PCT": 100.0,
        "ESTADO_B_ANTERIOR": "CUBIERTO",
        "COB_C_ANTERIOR_PCT": 100.0,
        "ESTADO_C_ANTERIOR": "CUBIERTO"
      },
      "geometry": {
        "type": "MultiPolygon",
        "coordinates": [
          [
            [
              [
                -78.64783703946031,
                -1.6723293341326522
              ],
              [
                -78.6478381160037,
                -1.6714253779067085
              ],
              [
                -78.64693982418191,
                -1.67142429466219
              ],
              [
                -78.64693874722832,
                -1.6723282503019634
              ],
              [
                -78.64783703946031,
                -1.6723293341326522
              ]
            ]
          ]
        ]
      }
    },
    {
      "type": "Feature",
      "properties": {
        "CELL_ID": "GIU100-26-57",
        "AMBITO": "URBANO",
        "CATEGORIA": "VIOLENCIA",
        "PLATAFORMA": "PLATAFORMA K",
        "PARROQUIA": null,
        "DISTANCE_M": 200,
        "CELL_SIZE_M": 100,
        "COUNT": 0,
        "GI_ZSCORE": 1.7260154744092873,
        "GI_PVALUE": 0.08434462886201807,
        "GI_CLASS": "HOTSPOT 90%",
        "GI_STAR": 1.7260154744092873,
        "SIGNIFICANCIA": 90,
        "SUMA_LOCAL": 12,
        "NIVEL": 90,
        "COB_A_PCT": 100.0,
        "ESTADO_A": "CUBIERTO",
        "COB_B_PCT": 100.0,
        "ESTADO_B": "CUBIERTO",
        "COB_C_PCT": 100.0,
        "ESTADO_C": "CUBIERTO",
        "COB_B_ANTERIOR_PCT": 100.0,
        "ESTADO_B_ANTERIOR": "CUBIERTO",
        "COB_C_ANTERIOR_PCT": 100.0,
        "ESTADO_C_ANTERIOR": "CUBIERTO"
      },
      "geometry": {
        "type": "MultiPolygon",
        "coordinates": [
          [
            [
              [
                -78.64693874722832,
                -1.6723282503019634
              ],
              [
                -78.64693982418191,
                -1.67142429466219
              ],
              [
                -78.64604153294323,
                -1.6714232110049891
              ],
              [
                -78.64604045557942,
                -1.672327166058369
              ],
              [
                -78.64693874722832,
                -1.6723282503019634
              ]
            ]
          ]
        ]
      }
    },
    {
      "type": "Feature",
      "properties": {
        "CELL_ID": "GIU100-26-58",
        "AMBITO": "URBANO",
        "CATEGORIA": "VIOLENCIA",
        "PLATAFORMA": "PLATAFORMA K",
        "PARROQUIA": null,
        "DISTANCE_M": 200,
        "CELL_SIZE_M": 100,
        "COUNT": 4,
        "GI_ZSCORE": 2.734803677642649,
        "GI_PVALUE": 0.006241749090433691,
        "GI_CLASS": "HOTSPOT 99%",
        "GI_STAR": 2.734803677642649,
        "SIGNIFICANCIA": 99,
        "SUMA_LOCAL": 16,
        "NIVEL": 99,
        "COB_A_PCT": 99.96261278340296,
        "ESTADO_A": "PARCIALMENTE CUBIERTO",
        "COB_B_PCT": 99.96261278340296,
        "ESTADO_B": "PARCIALMENTE CUBIERTO",
        "COB_C_PCT": 100.0,
        "ESTADO_C": "CUBIERTO",
        "COB_B_ANTERIOR_PCT": 99.96261278340296,
        "ESTADO_B_ANTERIOR": "PARCIALMENTE CUBIERTO",
        "COB_C_ANTERIOR_PCT": 100.0,
        "ESTADO_C_ANTERIOR": "CUBIERTO"
      },
      "geometry": {
        "type": "MultiPolygon",
        "coordinates": [
          [
            [
              [
                -78.64604045557942,
                -1.672327166058369
              ],
              [
                -78.64604153294323,
                -1.6714232110049891
              ],
              [
                -78.64514324228789,
                -1.6714221269351073
              ],
              [
                -78.64514216451389,
                -1.67232608140187
              ],
              [
                -78.64604045557942,
                -1.672327166058369
              ]
            ]
          ]
        ]
      }
    },
    {
      "type": "Feature",
      "properties": {
        "CELL_ID": "GIU100-26-64",
        "AMBITO": "URBANO",
        "CATEGORIA": "VIOLENCIA",
        "PLATAFORMA": "PLATAFORMA O",
        "PARROQUIA": null,
        "DISTANCE_M": 200,
        "CELL_SIZE_M": 100,
        "COUNT": 1,
        "GI_ZSCORE": 1.7260154744092873,
        "GI_PVALUE": 0.08434462886201807,
        "GI_CLASS": "HOTSPOT 90%",
        "GI_STAR": 1.7260154744092873,
        "SIGNIFICANCIA": 90,
        "SUMA_LOCAL": 12,
        "NIVEL": 90,
        "COB_A_PCT": 0.0,
        "ESTADO_A": "SIN COBERTURA",
        "COB_B_PCT": 0.0,
        "ESTADO_B": "SIN COBERTURA",
        "COB_C_PCT": 0.0,
        "ESTADO_C": "SIN COBERTURA",
        "COB_B_ANTERIOR_PCT": 0.0,
        "ESTADO_B_ANTERIOR": "SIN COBERTURA",
        "COB_C_ANTERIOR_PCT": 0.0,
        "ESTADO_C_ANTERIOR": "SIN COBERTURA"
      },
      "geometry": {
        "type": "MultiPolygon",
        "coordinates": [
          [
            [
              [
                -78.6406507179439,
                -1.672320651925857
              ],
              [
                -78.64065179776891,
                -1.6714167003955271
              ],
              [
                -78.63975351061822,
                -1.6714156138495866
              ],
              [
                -78.63975243038301,
                -1.6723195647919602
              ],
              [
                -78.6406507179439,
                -1.672320651925857
              ]
            ]
          ]
        ]
      }
    },
    {
      "type": "Feature",
      "properties": {
        "CELL_ID": "GIU100-26-65",
        "AMBITO": "URBANO",
        "CATEGORIA": "VIOLENCIA",
        "PLATAFORMA": "PLATAFORMA O",
        "PARROQUIA": null,
        "DISTANCE_M": 200,
        "CELL_SIZE_M": 100,
        "COUNT": 0,
        "GI_ZSCORE": 2.230409576025968,
        "GI_PVALUE": 0.025720264423434874,
        "GI_CLASS": "HOTSPOT 95%",
        "GI_STAR": 2.230409576025968,
        "SIGNIFICANCIA": 95,
        "SUMA_LOCAL": 14,
        "NIVEL": 95,
        "COB_A_PCT": 0.0,
        "ESTADO_A": "SIN COBERTURA",
        "COB_B_PCT": 0.0,
        "ESTADO_B": "SIN COBERTURA",
        "COB_C_PCT": 0.0,
        "ESTADO_C": "SIN COBERTURA",
        "COB_B_ANTERIOR_PCT": 0.0,
        "ESTADO_B_ANTERIOR": "SIN COBERTURA",
        "COB_C_ANTERIOR_PCT": 0.0,
        "ESTADO_C_ANTERIOR": "SIN COBERTURA"
      },
      "geometry": {
        "type": "MultiPolygon",
        "coordinates": [
          [
            [
              [
                -78.63975243038301,
                -1.6723195647919602
              ],
              [
                -78.63975351061822,
                -1.6714156138495866
              ],
              [
                -78.63885522405242,
                -1.6714145268909741
              ],
              [
                -78.638854143407,
                -1.6723184772451678
              ],
              [
                -78.63975243038301,
                -1.6723195647919602
              ]
            ]
          ]
        ]
      }
    },
    {
      "type": "Feature",
      "properties": {
        "CELL_ID": "GIU100-26-66",
        "AMBITO": "URBANO",
        "CATEGORIA": "VIOLENCIA",
        "PLATAFORMA": "PLATAFORMA O",
        "PARROQUIA": null,
        "DISTANCE_M": 200,
        "CELL_SIZE_M": 100,
        "COUNT": 1,
        "GI_ZSCORE": 1.9782125252176277,
        "GI_PVALUE": 0.047904736321680026,
        "GI_CLASS": "HOTSPOT 95%",
        "GI_STAR": 1.9782125252176277,
        "SIGNIFICANCIA": 95,
        "SUMA_LOCAL": 13,
        "NIVEL": 95,
        "COB_A_PCT": 0.0,
        "ESTADO_A": "SIN COBERTURA",
        "COB_B_PCT": 26.21432444185662,
        "ESTADO_B": "PARCIALMENTE CUBIERTO",
        "COB_C_PCT": 26.21432444185662,
        "ESTADO_C": "PARCIALMENTE CUBIERTO",
        "COB_B_ANTERIOR_PCT": 26.21432444185662,
        "ESTADO_B_ANTERIOR": "PARCIALMENTE CUBIERTO",
        "COB_C_ANTERIOR_PCT": 26.21432444185662,
        "ESTADO_C_ANTERIOR": "PARCIALMENTE CUBIERTO"
      },
      "geometry": {
        "type": "MultiPolygon",
        "coordinates": [
          [
            [
              [
                -78.638854143407,
                -1.6723184772451678
              ],
              [
                -78.63885522405242,
                -1.6714145268909741
              ],
              [
                -78.63795693807172,
                -1.6714134395196913
              ],
              [
                -78.63795585701612,
                -1.672317389285482
              ],
              [
                -78.638854143407,
                -1.6723184772451678
              ]
            ]
          ]
        ]
      }
    },
    {
      "type": "Feature",
      "properties": {
        "CELL_ID": "GIU100-27-44",
        "AMBITO": "URBANO",
        "CATEGORIA": "VIOLENCIA",
        "PLATAFORMA": "PLATAFORMA J",
        "PARROQUIA": null,
        "DISTANCE_M": 200,
        "CELL_SIZE_M": 100,
        "COUNT": 0,
        "GI_ZSCORE": 2.734803677642649,
        "GI_PVALUE": 0.006241749090433691,
        "GI_CLASS": "HOTSPOT 99%",
        "GI_STAR": 2.734803677642649,
        "SIGNIFICANCIA": 99,
        "SUMA_LOCAL": 16,
        "NIVEL": 99,
        "COB_A_PCT": 100.0,
        "ESTADO_A": "CUBIERTO",
        "COB_B_PCT": 100.0,
        "ESTADO_B": "CUBIERTO",
        "COB_C_PCT": 100.0,
        "ESTADO_C": "CUBIERTO",
        "COB_B_ANTERIOR_PCT": 100.0,
        "ESTADO_B_ANTERIOR": "CUBIERTO",
        "COB_C_ANTERIOR_PCT": 100.0,
        "ESTADO_C_ANTERIOR": "CUBIERTO"
      },
      "geometry": {
        "type": "MultiPolygon",
        "coordinates": [
          [
            [
              [
                -78.65861766326694,
                -1.671438344651218
              ],
              [
                -78.65861873430751,
                -1.6705343813996145
              ],
              [
                -78.65772043591573,
                -1.670533303690879
              ],
              [
                -78.65771936446515,
                -1.6714372663589923
              ],
              [
                -78.65861766326694,
                -1.671438344651218
              ]
            ]
          ]
        ]
      }
    },
    {
      "type": "Feature",
      "properties": {
        "CELL_ID": "GIU100-27-45",
        "AMBITO": "URBANO",
        "CATEGORIA": "VIOLENCIA",
        "PLATAFORMA": "PLATAFORMA J",
        "PARROQUIA": null,
        "DISTANCE_M": 200,
        "CELL_SIZE_M": 100,
        "COUNT": 0,
        "GI_ZSCORE": 3.2391977792593303,
        "GI_PVALUE": 0.0011986642318589453,
        "GI_CLASS": "HOTSPOT 99%",
        "GI_STAR": 3.2391977792593303,
        "SIGNIFICANCIA": 99,
        "SUMA_LOCAL": 18,
        "NIVEL": 99,
        "COB_A_PCT": 100.0,
        "ESTADO_A": "CUBIERTO",
        "COB_B_PCT": 100.0,
        "ESTADO_B": "CUBIERTO",
        "COB_C_PCT": 100.0,
        "ESTADO_C": "CUBIERTO",
        "COB_B_ANTERIOR_PCT": 100.0,
        "ESTADO_B_ANTERIOR": "CUBIERTO",
        "COB_C_ANTERIOR_PCT": 100.0,
        "ESTADO_C_ANTERIOR": "CUBIERTO"
      },
      "geometry": {
        "type": "MultiPolygon",
        "coordinates": [
          [
            [
              [
                -78.65771936446515,
                -1.6714372663589923
              ],
              [
                -78.65772043591573,
                -1.670533303690879
              ],
              [
                -78.65682213810439,
                -1.6705322255696682
              ],
              [
                -78.65682106624381,
                -1.6714361876540684
              ],
              [
                -78.65771936446515,
                -1.6714372663589923
              ]
            ]
          ]
        ]
      }
    },
    {
      "type": "Feature",
      "properties": {
        "CELL_ID": "GIU100-27-46",
        "AMBITO": "URBANO",
        "CATEGORIA": "VIOLENCIA",
        "PLATAFORMA": "PLATAFORMA J",
        "PARROQUIA": null,
        "DISTANCE_M": 200,
        "CELL_SIZE_M": 100,
        "COUNT": 3,
        "GI_ZSCORE": 4.247985982492692,
        "GI_PVALUE": 2.1570088737979582e-05,
        "GI_CLASS": "HOTSPOT 99%",
        "GI_STAR": 4.247985982492692,
        "SIGNIFICANCIA": 99,
        "SUMA_LOCAL": 22,
        "NIVEL": 99,
        "COB_A_PCT": 100.0,
        "ESTADO_A": "CUBIERTO",
        "COB_B_PCT": 100.0,
        "ESTADO_B": "CUBIERTO",
        "COB_C_PCT": 100.0,
        "ESTADO_C": "CUBIERTO",
        "COB_B_ANTERIOR_PCT": 100.0,
        "ESTADO_B_ANTERIOR": "CUBIERTO",
        "COB_C_ANTERIOR_PCT": 100.0,
        "ESTADO_C_ANTERIOR": "CUBIERTO"
      },
      "geometry": {
        "type": "MultiPolygon",
        "coordinates": [
          [
            [
              [
                -78.65682106624381,
                -1.6714361876540684
              ],
              [
                -78.65682213810439,
                -1.6705322255696682
              ],
              [
                -78.6559238408737,
                -1.6705311470359836
              ],
              [
                -78.65592276860313,
                -1.6714351085364467
              ],
              [
                -78.65682106624381,
                -1.6714361876540684
              ]
            ]
          ]
        ]
      }
    },
    {
      "type": "Feature",
      "properties": {
        "CELL_ID": "GIU100-27-47",
        "AMBITO": "URBANO",
        "CATEGORIA": "VIOLENCIA",
        "PLATAFORMA": "PLATAFORMA J",
        "PARROQUIA": null,
        "DISTANCE_M": 200,
        "CELL_SIZE_M": 100,
        "COUNT": 1,
        "GI_ZSCORE": 3.2391977792593303,
        "GI_PVALUE": 0.0011986642318589453,
        "GI_CLASS": "HOTSPOT 99%",
        "GI_STAR": 3.2391977792593303,
        "SIGNIFICANCIA": 99,
        "SUMA_LOCAL": 18,
        "NIVEL": 99,
        "COB_A_PCT": 100.0,
        "ESTADO_A": "CUBIERTO",
        "COB_B_PCT": 100.0,
        "ESTADO_B": "CUBIERTO",
        "COB_C_PCT": 100.0,
        "ESTADO_C": "CUBIERTO",
        "COB_B_ANTERIOR_PCT": 100.0,
        "ESTADO_B_ANTERIOR": "CUBIERTO",
        "COB_C_ANTERIOR_PCT": 100.0,
        "ESTADO_C_ANTERIOR": "CUBIERTO"
      },
      "geometry": {
        "type": "MultiPolygon",
        "coordinates": [
          [
            [
              [
                -78.65592276860313,
                -1.6714351085364467
              ],
              [
                -78.6559238408737,
                -1.6705311470359836
              ],
              [
                -78.65502554422393,
                -1.6705300680898263
              ],
              [
                -78.65502447154334,
                -1.67143402900613
              ],
              [
                -78.65592276860313,
                -1.6714351085364467
              ]
            ],
            [
              [
                -78.6552206198228,
                -1.6711027989152016
              ],
              [
                -78.65573023194798,
                -1.6706564441697704
              ],
              [
                -78.65522651339319,
                -1.671097637140522
              ],
              [
                -78.6552206198228,
                -1.6711027989152016
              ]
            ]
          ]
        ]
      }
    },
    {
      "type": "Feature",
      "properties": {
        "CELL_ID": "GIU100-27-48",
        "AMBITO": "URBANO",
        "CATEGORIA": "VIOLENCIA",
        "PLATAFORMA": "PLATAFORMA K",
        "PARROQUIA": null,
        "DISTANCE_M": 200,
        "CELL_SIZE_M": 100,
        "COUNT": 4,
        "GI_ZSCORE": 4.752380084109373,
        "GI_PVALUE": 2.0103600312246304e-06,
        "GI_CLASS": "HOTSPOT 99%",
        "GI_STAR": 4.752380084109373,
        "SIGNIFICANCIA": 99,
        "SUMA_LOCAL": 24,
        "NIVEL": 99,
        "COB_A_PCT": 100.0,
        "ESTADO_A": "CUBIERTO",
        "COB_B_PCT": 100.0,
        "ESTADO_B": "CUBIERTO",
        "COB_C_PCT": 100.0,
        "ESTADO_C": "CUBIERTO",
        "COB_B_ANTERIOR_PCT": 100.0,
        "ESTADO_B_ANTERIOR": "CUBIERTO",
        "COB_C_ANTERIOR_PCT": 100.0,
        "ESTADO_C_ANTERIOR": "CUBIERTO"
      },
      "geometry": {
        "type": "MultiPolygon",
        "coordinates": [
          [
            [
              [
                -78.65502447154334,
                -1.67143402900613
              ],
              [
                -78.65502554422393,
                -1.6705300680898263
              ],
              [
                -78.65412724815523,
                -1.6705289887311978
              ],
              [
                -78.65412617506468,
                -1.6714329490631188
              ],
              [
                -78.65502447154334,
                -1.67143402900613
              ]
            ]
          ]
        ]
      }
    },
    {
      "type": "Feature",
      "properties": {
        "CELL_ID": "GIU100-27-49",
        "AMBITO": "URBANO",
        "CATEGORIA": "VIOLENCIA",
        "PLATAFORMA": "PLATAFORMA K",
        "PARROQUIA": null,
        "DISTANCE_M": 200,
        "CELL_SIZE_M": 100,
        "COUNT": 0,
        "GI_ZSCORE": 5.761168287342735,
        "GI_PVALUE": 8.35336997893485e-09,
        "GI_CLASS": "HOTSPOT 99%",
        "GI_STAR": 5.761168287342735,
        "SIGNIFICANCIA": 99,
        "SUMA_LOCAL": 28,
        "NIVEL": 99,
        "COB_A_PCT": 100.0,
        "ESTADO_A": "CUBIERTO",
        "COB_B_PCT": 100.0,
        "ESTADO_B": "CUBIERTO",
        "COB_C_PCT": 100.0,
        "ESTADO_C": "CUBIERTO",
        "COB_B_ANTERIOR_PCT": 100.0,
        "ESTADO_B_ANTERIOR": "CUBIERTO",
        "COB_C_ANTERIOR_PCT": 100.0,
        "ESTADO_C_ANTERIOR": "CUBIERTO"
      },
      "geometry": {
        "type": "MultiPolygon",
        "coordinates": [
          [
            [
              [
                -78.65412617506468,
                -1.6714329490631188
              ],
              [
                -78.65412724815523,
                -1.6705289887311978
              ],
              [
                -78.65322895266789,
                -1.6705279089600997
              ],
              [
                -78.65322787916733,
                -1.6714318687074146
              ],
              [
                -78.65412617506468,
                -1.6714329490631188
              ]
            ]
          ]
        ]
      }
    },
    {
      "type": "Feature",
      "properties": {
        "CELL_ID": "GIU100-27-50",
        "AMBITO": "URBANO",
        "CATEGORIA": "VIOLENCIA",
        "PLATAFORMA": "PLATAFORMA K",
        "PARROQUIA": null,
        "DISTANCE_M": 200,
        "CELL_SIZE_M": 100,
        "COUNT": 4,
        "GI_ZSCORE": 4.247985982492692,
        "GI_PVALUE": 2.1570088737979582e-05,
        "GI_CLASS": "HOTSPOT 99%",
        "GI_STAR": 4.247985982492692,
        "SIGNIFICANCIA": 99,
        "SUMA_LOCAL": 22,
        "NIVEL": 99,
        "COB_A_PCT": 100.0,
        "ESTADO_A": "CUBIERTO",
        "COB_B_PCT": 100.0,
        "ESTADO_B": "CUBIERTO",
        "COB_C_PCT": 100.0,
        "ESTADO_C": "CUBIERTO",
        "COB_B_ANTERIOR_PCT": 100.0,
        "ESTADO_B_ANTERIOR": "CUBIERTO",
        "COB_C_ANTERIOR_PCT": 100.0,
        "ESTADO_C_ANTERIOR": "CUBIERTO"
      },
      "geometry": {
        "type": "MultiPolygon",
        "coordinates": [
          [
            [
              [
                -78.65322787916733,
                -1.6714318687074146
              ],
              [
                -78.65322895266789,
                -1.6705279089600997
              ],
              [
                -78.65233065776209,
                -1.6705268287765336
              ],
              [
                -78.65232958385154,
                -1.6714307879390184
              ],
              [
                -78.65322787916733,
                -1.6714318687074146
              ]
            ]
          ]
        ]
      }
    },
    {
      "type": "Feature",
      "properties": {
        "CELL_ID": "GIU100-27-51",
        "AMBITO": "URBANO",
        "CATEGORIA": "VIOLENCIA",
        "PLATAFORMA": "PLATAFORMA K",
        "PARROQUIA": null,
        "DISTANCE_M": 200,
        "CELL_SIZE_M": 100,
        "COUNT": 2,
        "GI_ZSCORE": 2.734803677642649,
        "GI_PVALUE": 0.006241749090433691,
        "GI_CLASS": "HOTSPOT 99%",
        "GI_STAR": 2.734803677642649,
        "SIGNIFICANCIA": 99,
        "SUMA_LOCAL": 16,
        "NIVEL": 99,
        "COB_A_PCT": 100.0,
        "ESTADO_A": "CUBIERTO",
        "COB_B_PCT": 100.0,
        "ESTADO_B": "CUBIERTO",
        "COB_C_PCT": 100.0,
        "ESTADO_C": "CUBIERTO",
        "COB_B_ANTERIOR_PCT": 100.0,
        "ESTADO_B_ANTERIOR": "CUBIERTO",
        "COB_C_ANTERIOR_PCT": 100.0,
        "ESTADO_C_ANTERIOR": "CUBIERTO"
      },
      "geometry": {
        "type": "MultiPolygon",
        "coordinates": [
          [
            [
              [
                -78.65232958385154,
                -1.6714307879390184
              ],
              [
                -78.65233065776209,
                -1.6705268287765336
              ],
              [
                -78.65143236343808,
                -1.6705257481804996
              ],
              [
                -78.65143128911753,
                -1.6714297067579318
              ],
              [
                -78.65232958385154,
                -1.6714307879390184
              ]
            ]
          ]
        ]
      }
    },
    {
      "type": "Feature",
      "properties": {
        "CELL_ID": "GIU100-27-52",
        "AMBITO": "URBANO",
        "CATEGORIA": "VIOLENCIA",
        "PLATAFORMA": "PLATAFORMA K",
        "PARROQUIA": null,
        "DISTANCE_M": 200,
        "CELL_SIZE_M": 100,
        "COUNT": 0,
        "GI_ZSCORE": 2.230409576025968,
        "GI_PVALUE": 0.025720264423434874,
        "GI_CLASS": "HOTSPOT 95%",
        "GI_STAR": 2.230409576025968,
        "SIGNIFICANCIA": 95,
        "SUMA_LOCAL": 14,
        "NIVEL": 95,
        "COB_A_PCT": 100.0,
        "ESTADO_A": "CUBIERTO",
        "COB_B_PCT": 100.0,
        "ESTADO_B": "CUBIERTO",
        "COB_C_PCT": 100.0,
        "ESTADO_C": "CUBIERTO",
        "COB_B_ANTERIOR_PCT": 100.0,
        "ESTADO_B_ANTERIOR": "CUBIERTO",
        "COB_C_ANTERIOR_PCT": 100.0,
        "ESTADO_C_ANTERIOR": "CUBIERTO"
      },
      "geometry": {
        "type": "MultiPolygon",
        "coordinates": [
          [
            [
              [
                -78.65143128911753,
                -1.6714297067579318
              ],
              [
                -78.65143236343808,
                -1.6705257481804996
              ],
              [
                -78.65053406969606,
                -1.6705246671720009
              ],
              [
                -78.65053299496552,
                -1.6714286251641564
              ],
              [
                -78.65143128911753,
                -1.6714297067579318
              ]
            ]
          ]
        ]
      }
    },
    {
      "type": "Feature",
      "properties": {
        "CELL_ID": "GIU100-27-53",
        "AMBITO": "URBANO",
        "CATEGORIA": "VIOLENCIA",
        "PLATAFORMA": "PLATAFORMA K",
        "PARROQUIA": null,
        "DISTANCE_M": 200,
        "CELL_SIZE_M": 100,
        "COUNT": 1,
        "GI_ZSCORE": 1.9782125252176277,
        "GI_PVALUE": 0.047904736321680026,
        "GI_CLASS": "HOTSPOT 95%",
        "GI_STAR": 1.9782125252176277,
        "SIGNIFICANCIA": 95,
        "SUMA_LOCAL": 13,
        "NIVEL": 95,
        "COB_A_PCT": 100.0,
        "ESTADO_A": "CUBIERTO",
        "COB_B_PCT": 100.0,
        "ESTADO_B": "CUBIERTO",
        "COB_C_PCT": 100.0,
        "ESTADO_C": "CUBIERTO",
        "COB_B_ANTERIOR_PCT": 100.0,
        "ESTADO_B_ANTERIOR": "CUBIERTO",
        "COB_C_ANTERIOR_PCT": 100.0,
        "ESTADO_C_ANTERIOR": "CUBIERTO"
      },
      "geometry": {
        "type": "MultiPolygon",
        "coordinates": [
          [
            [
              [
                -78.65053299496552,
                -1.6714286251641564
              ],
              [
                -78.65053406969606,
                -1.6705246671720009
              ],
              [
                -78.64963577653626,
                -1.6705235857510372
              ],
              [
                -78.64963470139574,
                -1.671427543157693
              ],
              [
                -78.65053299496552,
                -1.6714286251641564
              ]
            ]
          ]
        ]
      }
    },
    {
      "type": "Feature",
      "properties": {
        "CELL_ID": "GIU100-27-55",
        "AMBITO": "URBANO",
        "CATEGORIA": "VIOLENCIA",
        "PLATAFORMA": "PLATAFORMA K",
        "PARROQUIA": null,
        "DISTANCE_M": 200,
        "CELL_SIZE_M": 100,
        "COUNT": 3,
        "GI_ZSCORE": 2.230409576025968,
        "GI_PVALUE": 0.025720264423434874,
        "GI_CLASS": "HOTSPOT 95%",
        "GI_STAR": 2.230409576025968,
        "SIGNIFICANCIA": 95,
        "SUMA_LOCAL": 14,
        "NIVEL": 95,
        "COB_A_PCT": 100.0,
        "ESTADO_A": "CUBIERTO",
        "COB_B_PCT": 100.0,
        "ESTADO_B": "CUBIERTO",
        "COB_C_PCT": 100.0,
        "ESTADO_C": "CUBIERTO",
        "COB_B_ANTERIOR_PCT": 100.0,
        "ESTADO_B_ANTERIOR": "CUBIERTO",
        "COB_C_ANTERIOR_PCT": 100.0,
        "ESTADO_C_ANTERIOR": "CUBIERTO"
      },
      "geometry": {
        "type": "MultiPolygon",
        "coordinates": [
          [
            [
              [
                -78.6487364084084,
                -1.6714264607385434
              ],
              [
                -78.6487374839589,
                -1.6705225039176104
              ],
              [
                -78.64783919196421,
                -1.6705214216717215
              ],
              [
                -78.6478381160037,
                -1.6714253779067085
              ],
              [
                -78.6487364084084,
                -1.6714264607385434
              ]
            ]
          ]
        ]
      }
    },
    {
      "type": "Feature",
      "properties": {
        "CELL_ID": "GIU100-27-56",
        "AMBITO": "URBANO",
        "CATEGORIA": "VIOLENCIA",
        "PLATAFORMA": "PLATAFORMA K",
        "PARROQUIA": null,
        "DISTANCE_M": 200,
        "CELL_SIZE_M": 100,
        "COUNT": 0,
        "GI_ZSCORE": 2.230409576025968,
        "GI_PVALUE": 0.025720264423434874,
        "GI_CLASS": "HOTSPOT 95%",
        "GI_STAR": 2.230409576025968,
        "SIGNIFICANCIA": 95,
        "SUMA_LOCAL": 14,
        "NIVEL": 95,
        "COB_A_PCT": 100.0,
        "ESTADO_A": "CUBIERTO",
        "COB_B_PCT": 100.0,
        "ESTADO_B": "CUBIERTO",
        "COB_C_PCT": 100.0,
        "ESTADO_C": "CUBIERTO",
        "COB_B_ANTERIOR_PCT": 100.0,
        "ESTADO_B_ANTERIOR": "CUBIERTO",
        "COB_C_ANTERIOR_PCT": 100.0,
        "ESTADO_C_ANTERIOR": "CUBIERTO"
      },
      "geometry": {
        "type": "MultiPolygon",
        "coordinates": [
          [
            [
              [
                -78.6478381160037,
                -1.6714253779067085
              ],
              [
                -78.64783919196421,
                -1.6705214216717215
              ],
              [
                -78.64694090055241,
                -1.670520339013373
              ],
              [
                -78.64693982418191,
                -1.67142429466219
              ],
              [
                -78.6478381160037,
                -1.6714253779067085
              ]
            ]
          ]
        ]
      }
    },
    {
      "type": "Feature",
      "properties": {
        "CELL_ID": "GIU100-27-57",
        "AMBITO": "URBANO",
        "CATEGORIA": "VIOLENCIA",
        "PLATAFORMA": "PLATAFORMA K",
        "PARROQUIA": null,
        "DISTANCE_M": 200,
        "CELL_SIZE_M": 100,
        "COUNT": 3,
        "GI_ZSCORE": 3.2391977792593303,
        "GI_PVALUE": 0.0011986642318589453,
        "GI_CLASS": "HOTSPOT 99%",
        "GI_STAR": 3.2391977792593303,
        "SIGNIFICANCIA": 99,
        "SUMA_LOCAL": 18,
        "NIVEL": 99,
        "COB_A_PCT": 100.0,
        "ESTADO_A": "CUBIERTO",
        "COB_B_PCT": 100.0,
        "ESTADO_B": "CUBIERTO",
        "COB_C_PCT": 100.0,
        "ESTADO_C": "CUBIERTO",
        "COB_B_ANTERIOR_PCT": 100.0,
        "ESTADO_B_ANTERIOR": "CUBIERTO",
        "COB_C_ANTERIOR_PCT": 100.0,
        "ESTADO_C_ANTERIOR": "CUBIERTO"
      },
      "geometry": {
        "type": "MultiPolygon",
        "coordinates": [
          [
            [
              [
                -78.64693982418191,
                -1.67142429466219
              ],
              [
                -78.64694090055241,
                -1.670520339013373
              ],
              [
                -78.64604260972371,
                -1.6705192559425643
              ],
              [
                -78.64604153294323,
                -1.6714232110049891
              ],
              [
                -78.64693982418191,
                -1.67142429466219
              ]
            ]
          ]
        ]
      }
    },
    {
      "type": "Feature",
      "properties": {
        "CELL_ID": "GIU100-27-58",
        "AMBITO": "URBANO",
        "CATEGORIA": "VIOLENCIA",
        "PLATAFORMA": "PLATAFORMA K",
        "PARROQUIA": null,
        "DISTANCE_M": 200,
        "CELL_SIZE_M": 100,
        "COUNT": 1,
        "GI_ZSCORE": 3.4913948300676707,
        "GI_PVALUE": 0.0004805055964282036,
        "GI_CLASS": "HOTSPOT 99%",
        "GI_STAR": 3.4913948300676707,
        "SIGNIFICANCIA": 99,
        "SUMA_LOCAL": 19,
        "NIVEL": 99,
        "COB_A_PCT": 100.0,
        "ESTADO_A": "CUBIERTO",
        "COB_B_PCT": 100.0,
        "ESTADO_B": "CUBIERTO",
        "COB_C_PCT": 100.0,
        "ESTADO_C": "CUBIERTO",
        "COB_B_ANTERIOR_PCT": 100.0,
        "ESTADO_B_ANTERIOR": "CUBIERTO",
        "COB_C_ANTERIOR_PCT": 100.0,
        "ESTADO_C_ANTERIOR": "CUBIERTO"
      },
      "geometry": {
        "type": "MultiPolygon",
        "coordinates": [
          [
            [
              [
                -78.64604153294323,
                -1.6714232110049891
              ],
              [
                -78.64604260972371,
                -1.6705192559425643
              ],
              [
                -78.64514431947835,
                -1.6705181724592986
              ],
              [
                -78.64514324228789,
                -1.6714221269351073
              ],
              [
                -78.64604153294323,
                -1.6714232110049891
              ]
            ]
          ]
        ]
      }
    },
    {
      "type": "Feature",
      "properties": {
        "CELL_ID": "GIU100-27-59",
        "AMBITO": "URBANO",
        "CATEGORIA": "VIOLENCIA",
        "PLATAFORMA": "PLATAFORMA K",
        "PARROQUIA": null,
        "DISTANCE_M": 200,
        "CELL_SIZE_M": 100,
        "COUNT": 0,
        "GI_ZSCORE": 3.4913948300676707,
        "GI_PVALUE": 0.0004805055964282036,
        "GI_CLASS": "HOTSPOT 99%",
        "GI_STAR": 3.4913948300676707,
        "SIGNIFICANCIA": 99,
        "SUMA_LOCAL": 19,
        "NIVEL": 99,
        "COB_A_PCT": 63.551012662622966,
        "ESTADO_A": "PARCIALMENTE CUBIERTO",
        "COB_B_PCT": 63.551012662622966,
        "ESTADO_B": "PARCIALMENTE CUBIERTO",
        "COB_C_PCT": 74.8270593789471,
        "ESTADO_C": "PARCIALMENTE CUBIERTO",
        "COB_B_ANTERIOR_PCT": 63.551012662622966,
        "ESTADO_B_ANTERIOR": "PARCIALMENTE CUBIERTO",
        "COB_C_ANTERIOR_PCT": 100.0,
        "ESTADO_C_ANTERIOR": "CUBIERTO"
      },
      "geometry": {
        "type": "MultiPolygon",
        "coordinates": [
          [
            [
              [
                -78.64514324228789,
                -1.6714221269351073
              ],
              [
                -78.64514431947835,
                -1.6705181724592986
              ],
              [
                -78.64424602981653,
                -1.6705170885635763
              ],
              [
                -78.6442449522161,
                -1.6714210424525449
              ],
              [
                -78.64514324228789,
                -1.6714221269351073
              ]
            ]
          ]
        ]
      }
    },
    {
      "type": "Feature",
      "properties": {
        "CELL_ID": "GIU100-28-45",
        "AMBITO": "URBANO",
        "CATEGORIA": "VIOLENCIA",
        "PLATAFORMA": "PLATAFORMA J",
        "PARROQUIA": null,
        "DISTANCE_M": 200,
        "CELL_SIZE_M": 100,
        "COUNT": 2,
        "GI_ZSCORE": 1.9782125252176277,
        "GI_PVALUE": 0.047904736321680026,
        "GI_CLASS": "HOTSPOT 95%",
        "GI_STAR": 1.9782125252176277,
        "SIGNIFICANCIA": 95,
        "SUMA_LOCAL": 13,
        "NIVEL": 95,
        "COB_A_PCT": 100.0,
        "ESTADO_A": "CUBIERTO",
        "COB_B_PCT": 100.0,
        "ESTADO_B": "CUBIERTO",
        "COB_C_PCT": 100.0,
        "ESTADO_C": "CUBIERTO",
        "COB_B_ANTERIOR_PCT": 100.0,
        "ESTADO_B_ANTERIOR": "CUBIERTO",
        "COB_C_ANTERIOR_PCT": 100.0,
        "ESTADO_C_ANTERIOR": "CUBIERTO"
      },
      "geometry": {
        "type": "MultiPolygon",
        "coordinates": [
          [
            [
              [
                -78.65772043591573,
                -1.670533303690879
              ],
              [
                -78.65772150678588,
                -1.669629341013733
              ],
              [
                -78.65682320938429,
                -1.6696282634762347
              ],
              [
                -78.65682213810439,
                -1.6705322255696682
              ],
              [
                -78.65772043591573,
                -1.670533303690879
              ]
            ]
          ]
        ]
      }
    },
    {
      "type": "Feature",
      "properties": {
        "CELL_ID": "GIU100-28-46",
        "AMBITO": "URBANO",
        "CATEGORIA": "VIOLENCIA",
        "PLATAFORMA": "PLATAFORMA J",
        "PARROQUIA": null,
        "DISTANCE_M": 200,
        "CELL_SIZE_M": 100,
        "COUNT": 2,
        "GI_ZSCORE": 2.9870007284509894,
        "GI_PVALUE": 0.002817290511545885,
        "GI_CLASS": "HOTSPOT 99%",
        "GI_STAR": 2.9870007284509894,
        "SIGNIFICANCIA": 99,
        "SUMA_LOCAL": 17,
        "NIVEL": 99,
        "COB_A_PCT": 100.0,
        "ESTADO_A": "CUBIERTO",
        "COB_B_PCT": 100.0,
        "ESTADO_B": "CUBIERTO",
        "COB_C_PCT": 100.0,
        "ESTADO_C": "CUBIERTO",
        "COB_B_ANTERIOR_PCT": 100.0,
        "ESTADO_B_ANTERIOR": "CUBIERTO",
        "COB_C_ANTERIOR_PCT": 100.0,
        "ESTADO_C_ANTERIOR": "CUBIERTO"
      },
      "geometry": {
        "type": "MultiPolygon",
        "coordinates": [
          [
            [
              [
                -78.65682213810439,
                -1.6705322255696682
              ],
              [
                -78.65682320938429,
                -1.6696282634762347
              ],
              [
                -78.65592491256339,
                -1.6696271855264857
              ],
              [
                -78.6559238408737,
                -1.6705311470359836
              ],
              [
                -78.65682213810439,
                -1.6705322255696682
              ]
            ]
          ]
        ]
      }
    },
    {
      "type": "Feature",
      "properties": {
        "CELL_ID": "GIU100-28-47",
        "AMBITO": "URBANO",
        "CATEGORIA": "VIOLENCIA",
        "PLATAFORMA": "PLATAFORMA K",
        "PARROQUIA": null,
        "DISTANCE_M": 200,
        "CELL_SIZE_M": 100,
        "COUNT": 0,
        "GI_ZSCORE": 4.500183033301033,
        "GI_PVALUE": 6.789497544670571e-06,
        "GI_CLASS": "HOTSPOT 99%",
        "GI_STAR": 4.500183033301033,
        "SIGNIFICANCIA": 99,
        "SUMA_LOCAL": 23,
        "NIVEL": 99,
        "COB_A_PCT": 100.0,
        "ESTADO_A": "CUBIERTO",
        "COB_B_PCT": 100.0,
        "ESTADO_B": "CUBIERTO",
        "COB_C_PCT": 100.0,
        "ESTADO_C": "CUBIERTO",
        "COB_B_ANTERIOR_PCT": 100.0,
        "ESTADO_B_ANTERIOR": "CUBIERTO",
        "COB_C_ANTERIOR_PCT": 100.0,
        "ESTADO_C_ANTERIOR": "CUBIERTO"
      },
      "geometry": {
        "type": "MultiPolygon",
        "coordinates": [
          [
            [
              [
                -78.6559238408737,
                -1.6705311470359836
              ],
              [
                -78.65592491256339,
                -1.6696271855264857
              ],
              [
                -78.65502661632338,
                -1.6696261071644878
              ],
              [
                -78.65502554422393,
                -1.6705300680898263
              ],
              [
                -78.6559238408737,
                -1.6705311470359836
              ]
            ]
          ]
        ]
      }
    },
    {
      "type": "Feature",
      "properties": {
        "CELL_ID": "GIU100-28-48",
        "AMBITO": "URBANO",
        "CATEGORIA": "VIOLENCIA",
        "PLATAFORMA": "PLATAFORMA K",
        "PARROQUIA": null,
        "DISTANCE_M": 200,
        "CELL_SIZE_M": 100,
        "COUNT": 0,
        "GI_ZSCORE": 3.743591880876011,
        "GI_PVALUE": 0.00018140822292464902,
        "GI_CLASS": "HOTSPOT 99%",
        "GI_STAR": 3.743591880876011,
        "SIGNIFICANCIA": 99,
        "SUMA_LOCAL": 20,
        "NIVEL": 99,
        "COB_A_PCT": 100.0,
        "ESTADO_A": "CUBIERTO",
        "COB_B_PCT": 100.0,
        "ESTADO_B": "CUBIERTO",
        "COB_C_PCT": 100.0,
        "ESTADO_C": "CUBIERTO",
        "COB_B_ANTERIOR_PCT": 100.0,
        "ESTADO_B_ANTERIOR": "CUBIERTO",
        "COB_C_ANTERIOR_PCT": 100.0,
        "ESTADO_C_ANTERIOR": "CUBIERTO"
      },
      "geometry": {
        "type": "MultiPolygon",
        "coordinates": [
          [
            [
              [
                -78.65502554422393,
                -1.6705300680898263
              ],
              [
                -78.65502661632338,
                -1.6696261071644878
              ],
              [
                -78.65412832066447,
                -1.6696250283902418
              ],
              [
                -78.65412724815523,
                -1.6705289887311978
              ],
              [
                -78.65502554422393,
                -1.6705300680898263
              ]
            ]
          ]
        ]
      }
    },
    {
      "type": "Feature",
      "properties": {
        "CELL_ID": "GIU100-28-49",
        "AMBITO": "URBANO",
        "CATEGORIA": "VIOLENCIA",
        "PLATAFORMA": "PLATAFORMA K",
        "PARROQUIA": null,
        "DISTANCE_M": 200,
        "CELL_SIZE_M": 100,
        "COUNT": 3,
        "GI_ZSCORE": 4.247985982492692,
        "GI_PVALUE": 2.1570088737979582e-05,
        "GI_CLASS": "HOTSPOT 99%",
        "GI_STAR": 4.247985982492692,
        "SIGNIFICANCIA": 99,
        "SUMA_LOCAL": 22,
        "NIVEL": 99,
        "COB_A_PCT": 100.0,
        "ESTADO_A": "CUBIERTO",
        "COB_B_PCT": 100.0,
        "ESTADO_B": "CUBIERTO",
        "COB_C_PCT": 100.0,
        "ESTADO_C": "CUBIERTO",
        "COB_B_ANTERIOR_PCT": 100.0,
        "ESTADO_B_ANTERIOR": "CUBIERTO",
        "COB_C_ANTERIOR_PCT": 100.0,
        "ESTADO_C_ANTERIOR": "CUBIERTO"
      },
      "geometry": {
        "type": "MultiPolygon",
        "coordinates": [
          [
            [
              [
                -78.65412724815523,
                -1.6705289887311978
              ],
              [
                -78.65412832066447,
                -1.6696250283902418
              ],
              [
                -78.6532300255869,
                -1.6696239492037497
              ],
              [
                -78.65322895266789,
                -1.6705279089600997
              ],
              [
                -78.65412724815523,
                -1.6705289887311978
              ]
            ]
          ]
        ]
      }
    },
    {
      "type": "Feature",
      "properties": {
        "CELL_ID": "GIU100-28-50",
        "AMBITO": "URBANO",
        "CATEGORIA": "VIOLENCIA",
        "PLATAFORMA": "PLATAFORMA K",
        "PARROQUIA": null,
        "DISTANCE_M": 200,
        "CELL_SIZE_M": 100,
        "COUNT": 2,
        "GI_ZSCORE": 3.743591880876011,
        "GI_PVALUE": 0.00018140822292464902,
        "GI_CLASS": "HOTSPOT 99%",
        "GI_STAR": 3.743591880876011,
        "SIGNIFICANCIA": 99,
        "SUMA_LOCAL": 20,
        "NIVEL": 99,
        "COB_A_PCT": 100.0,
        "ESTADO_A": "CUBIERTO",
        "COB_B_PCT": 100.0,
        "ESTADO_B": "CUBIERTO",
        "COB_C_PCT": 100.0,
        "ESTADO_C": "CUBIERTO",
        "COB_B_ANTERIOR_PCT": 100.0,
        "ESTADO_B_ANTERIOR": "CUBIERTO",
        "COB_C_ANTERIOR_PCT": 100.0,
        "ESTADO_C_ANTERIOR": "CUBIERTO"
      },
      "geometry": {
        "type": "MultiPolygon",
        "coordinates": [
          [
            [
              [
                -78.65322895266789,
                -1.6705279089600997
              ],
              [
                -78.6532300255869,
                -1.6696239492037497
              ],
              [
                -78.65233173109087,
                -1.6696228696050128
              ],
              [
                -78.65233065776209,
                -1.6705268287765336
              ],
              [
                -78.65322895266789,
                -1.6705279089600997
              ]
            ]
          ]
        ]
      }
    },
    {
      "type": "Feature",
      "properties": {
        "CELL_ID": "GIU100-28-51",
        "AMBITO": "URBANO",
        "CATEGORIA": "VIOLENCIA",
        "PLATAFORMA": "PLATAFORMA K",
        "PARROQUIA": null,
        "DISTANCE_M": 200,
        "CELL_SIZE_M": 100,
        "COUNT": 1,
        "GI_ZSCORE": 3.4913948300676707,
        "GI_PVALUE": 0.0004805055964282036,
        "GI_CLASS": "HOTSPOT 99%",
        "GI_STAR": 3.4913948300676707,
        "SIGNIFICANCIA": 99,
        "SUMA_LOCAL": 19,
        "NIVEL": 99,
        "COB_A_PCT": 100.0,
        "ESTADO_A": "CUBIERTO",
        "COB_B_PCT": 100.0,
        "ESTADO_B": "CUBIERTO",
        "COB_C_PCT": 100.0,
        "ESTADO_C": "CUBIERTO",
        "COB_B_ANTERIOR_PCT": 100.0,
        "ESTADO_B_ANTERIOR": "CUBIERTO",
        "COB_C_ANTERIOR_PCT": 100.0,
        "ESTADO_C_ANTERIOR": "CUBIERTO"
      },
      "geometry": {
        "type": "MultiPolygon",
        "coordinates": [
          [
            [
              [
                -78.65233065776209,
                -1.6705268287765336
              ],
              [
                -78.65233173109087,
                -1.6696228696050128
              ],
              [
                -78.65143343717662,
                -1.6696217895940315
              ],
              [
                -78.65143236343808,
                -1.6705257481804996
              ],
              [
                -78.65233065776209,
                -1.6705268287765336
              ]
            ]
          ]
        ]
      }
    },
    {
      "type": "Feature",
      "properties": {
        "CELL_ID": "GIU100-28-52",
        "AMBITO": "URBANO",
        "CATEGORIA": "VIOLENCIA",
        "PLATAFORMA": "PLATAFORMA K",
        "PARROQUIA": null,
        "DISTANCE_M": 200,
        "CELL_SIZE_M": 100,
        "COUNT": 3,
        "GI_ZSCORE": 1.9782125252176277,
        "GI_PVALUE": 0.047904736321680026,
        "GI_CLASS": "HOTSPOT 95%",
        "GI_STAR": 1.9782125252176277,
        "SIGNIFICANCIA": 95,
        "SUMA_LOCAL": 13,
        "NIVEL": 95,
        "COB_A_PCT": 100.0,
        "ESTADO_A": "CUBIERTO",
        "COB_B_PCT": 100.0,
        "ESTADO_B": "CUBIERTO",
        "COB_C_PCT": 100.0,
        "ESTADO_C": "CUBIERTO",
        "COB_B_ANTERIOR_PCT": 100.0,
        "ESTADO_B_ANTERIOR": "CUBIERTO",
        "COB_C_ANTERIOR_PCT": 100.0,
        "ESTADO_C_ANTERIOR": "CUBIERTO"
      },
      "geometry": {
        "type": "MultiPolygon",
        "coordinates": [
          [
            [
              [
                -78.65143236343808,
                -1.6705257481804996
              ],
              [
                -78.65143343717662,
                -1.6696217895940315
              ],
              [
                -78.65053514384438,
                -1.669620709170808
              ],
              [
                -78.65053406969606,
                -1.6705246671720009
              ],
              [
                -78.65143236343808,
                -1.6705257481804996
              ]
            ]
          ]
        ]
      }
    },
    {
      "type": "Feature",
      "properties": {
        "CELL_ID": "GIU100-28-54",
        "AMBITO": "URBANO",
        "CATEGORIA": "VIOLENCIA",
        "PLATAFORMA": "PLATAFORMA K",
        "PARROQUIA": null,
        "DISTANCE_M": 200,
        "CELL_SIZE_M": 100,
        "COUNT": 1,
        "GI_ZSCORE": 2.230409576025968,
        "GI_PVALUE": 0.025720264423434874,
        "GI_CLASS": "HOTSPOT 95%",
        "GI_STAR": 2.230409576025968,
        "SIGNIFICANCIA": 95,
        "SUMA_LOCAL": 14,
        "NIVEL": 95,
        "COB_A_PCT": 98.94616818959504,
        "ESTADO_A": "PARCIALMENTE CUBIERTO",
        "COB_B_PCT": 98.94616818959504,
        "ESTADO_B": "PARCIALMENTE CUBIERTO",
        "COB_C_PCT": 100.0,
        "ESTADO_C": "CUBIERTO",
        "COB_B_ANTERIOR_PCT": 98.94616818959504,
        "ESTADO_B_ANTERIOR": "PARCIALMENTE CUBIERTO",
        "COB_C_ANTERIOR_PCT": 100.0,
        "ESTADO_C_ANTERIOR": "CUBIERTO"
      },
      "geometry": {
        "type": "MultiPolygon",
        "coordinates": [
          [
            [
              [
                -78.64963577653626,
                -1.6705235857510372
              ],
              [
                -78.64963685109434,
                -1.6696196283353433
              ],
              [
                -78.64873855892675,
                -1.669618547087639
              ],
              [
                -78.6487374839589,
                -1.6705225039176104
              ],
              [
                -78.64963577653626,
                -1.6705235857510372
              ]
            ]
          ]
        ]
      }
    },
    {
      "type": "Feature",
      "properties": {
        "CELL_ID": "GIU100-28-55",
        "AMBITO": "URBANO",
        "CATEGORIA": "VIOLENCIA",
        "PLATAFORMA": "PLATAFORMA K",
        "PARROQUIA": null,
        "DISTANCE_M": 200,
        "CELL_SIZE_M": 100,
        "COUNT": 0,
        "GI_ZSCORE": 2.4826066268343085,
        "GI_PVALUE": 0.01304250275922858,
        "GI_CLASS": "HOTSPOT 95%",
        "GI_STAR": 2.4826066268343085,
        "SIGNIFICANCIA": 95,
        "SUMA_LOCAL": 15,
        "NIVEL": 95,
        "COB_A_PCT": 100.0,
        "ESTADO_A": "CUBIERTO",
        "COB_B_PCT": 100.0,
        "ESTADO_B": "CUBIERTO",
        "COB_C_PCT": 100.0,
        "ESTADO_C": "CUBIERTO",
        "COB_B_ANTERIOR_PCT": 100.0,
        "ESTADO_B_ANTERIOR": "CUBIERTO",
        "COB_C_ANTERIOR_PCT": 100.0,
        "ESTADO_C_ANTERIOR": "CUBIERTO"
      },
      "geometry": {
        "type": "MultiPolygon",
        "coordinates": [
          [
            [
              [
                -78.6487374839589,
                -1.6705225039176104
              ],
              [
                -78.64873855892675,
                -1.669618547087639
              ],
              [
                -78.64784026734183,
                -1.6696174654276965
              ],
              [
                -78.64783919196421,
                -1.6705214216717215
              ],
              [
                -78.6487374839589,
                -1.6705225039176104
              ]
            ]
          ]
        ]
      }
    },
    {
      "type": "Feature",
      "properties": {
        "CELL_ID": "GIU100-28-56",
        "AMBITO": "URBANO",
        "CATEGORIA": "VIOLENCIA",
        "PLATAFORMA": "PLATAFORMA K",
        "PARROQUIA": null,
        "DISTANCE_M": 200,
        "CELL_SIZE_M": 100,
        "COUNT": 0,
        "GI_ZSCORE": 3.9957889316843516,
        "GI_PVALUE": 6.447916316208313e-05,
        "GI_CLASS": "HOTSPOT 99%",
        "GI_STAR": 3.9957889316843516,
        "SIGNIFICANCIA": 99,
        "SUMA_LOCAL": 21,
        "NIVEL": 99,
        "COB_A_PCT": 100.0,
        "ESTADO_A": "CUBIERTO",
        "COB_B_PCT": 100.0,
        "ESTADO_B": "CUBIERTO",
        "COB_C_PCT": 100.0,
        "ESTADO_C": "CUBIERTO",
        "COB_B_ANTERIOR_PCT": 100.0,
        "ESTADO_B_ANTERIOR": "CUBIERTO",
        "COB_C_ANTERIOR_PCT": 100.0,
        "ESTADO_C_ANTERIOR": "CUBIERTO"
      },
      "geometry": {
        "type": "MultiPolygon",
        "coordinates": [
          [
            [
              [
                -78.64783919196421,
                -1.6705214216717215
              ],
              [
                -78.64784026734183,
                -1.6696174654276965
              ],
              [
                -78.64694197633979,
                -1.6696163833555162
              ],
              [
                -78.64694090055241,
                -1.670520339013373
              ],
              [
                -78.64783919196421,
                -1.6705214216717215
              ]
            ]
          ]
        ]
      }
    },
    {
      "type": "Feature",
      "properties": {
        "CELL_ID": "GIU100-28-57",
        "AMBITO": "URBANO",
        "CATEGORIA": "VIOLENCIA",
        "PLATAFORMA": "PLATAFORMA K",
        "PARROQUIA": null,
        "DISTANCE_M": 200,
        "CELL_SIZE_M": 100,
        "COUNT": 1,
        "GI_ZSCORE": 2.9870007284509894,
        "GI_PVALUE": 0.002817290511545885,
        "GI_CLASS": "HOTSPOT 99%",
        "GI_STAR": 2.9870007284509894,
        "SIGNIFICANCIA": 99,
        "SUMA_LOCAL": 17,
        "NIVEL": 99,
        "COB_A_PCT": 100.0,
        "ESTADO_A": "CUBIERTO",
        "COB_B_PCT": 100.0,
        "ESTADO_B": "CUBIERTO",
        "COB_C_PCT": 100.0,
        "ESTADO_C": "CUBIERTO",
        "COB_B_ANTERIOR_PCT": 100.0,
        "ESTADO_B_ANTERIOR": "CUBIERTO",
        "COB_C_ANTERIOR_PCT": 100.0,
        "ESTADO_C_ANTERIOR": "CUBIERTO"
      },
      "geometry": {
        "type": "MultiPolygon",
        "coordinates": [
          [
            [
              [
                -78.64694090055241,
                -1.670520339013373
              ],
              [
                -78.64694197633979,
                -1.6696163833555162
              ],
              [
                -78.64604368592084,
                -1.6696153008711008
              ],
              [
                -78.64604260972371,
                -1.6705192559425643
              ],
              [
                -78.64694090055241,
                -1.670520339013373
              ]
            ]
          ]
        ]
      }
    },
    {
      "type": "Feature",
      "properties": {
        "CELL_ID": "GIU100-28-58",
        "AMBITO": "URBANO",
        "CATEGORIA": "VIOLENCIA",
        "PLATAFORMA": "PLATAFORMA K",
        "PARROQUIA": null,
        "DISTANCE_M": 200,
        "CELL_SIZE_M": 100,
        "COUNT": 5,
        "GI_ZSCORE": 3.9957889316843516,
        "GI_PVALUE": 6.447916316208313e-05,
        "GI_CLASS": "HOTSPOT 99%",
        "GI_STAR": 3.9957889316843516,
        "SIGNIFICANCIA": 99,
        "SUMA_LOCAL": 21,
        "NIVEL": 99,
        "COB_A_PCT": 99.9933092700731,
        "ESTADO_A": "PARCIALMENTE CUBIERTO",
        "COB_B_PCT": 100.0,
        "ESTADO_B": "CUBIERTO",
        "COB_C_PCT": 100.0,
        "ESTADO_C": "CUBIERTO",
        "COB_B_ANTERIOR_PCT": 99.9933092700731,
        "ESTADO_B_ANTERIOR": "PARCIALMENTE CUBIERTO",
        "COB_C_ANTERIOR_PCT": 100.0,
        "ESTADO_C_ANTERIOR": "CUBIERTO"
      },
      "geometry": {
        "type": "MultiPolygon",
        "coordinates": [
          [
            [
              [
                -78.64604260972371,
                -1.6705192559425643
              ],
              [
                -78.64604368592084,
                -1.6696153008711008
              ],
              [
                -78.64514539608524,
                -1.6696142179744506
              ],
              [
                -78.64514431947835,
                -1.6705181724592986
              ],
              [
                -78.64604260972371,
                -1.6705192559425643
              ]
            ]
          ]
        ]
      }
    },
    {
      "type": "Feature",
      "properties": {
        "CELL_ID": "GIU100-28-59",
        "AMBITO": "URBANO",
        "CATEGORIA": "VIOLENCIA",
        "PLATAFORMA": "PLATAFORMA K",
        "PARROQUIA": null,
        "DISTANCE_M": 200,
        "CELL_SIZE_M": 100,
        "COUNT": 2,
        "GI_ZSCORE": 2.9870007284509894,
        "GI_PVALUE": 0.002817290511545885,
        "GI_CLASS": "HOTSPOT 99%",
        "GI_STAR": 2.9870007284509894,
        "SIGNIFICANCIA": 99,
        "SUMA_LOCAL": 17,
        "NIVEL": 99,
        "COB_A_PCT": 35.99312886158994,
        "ESTADO_A": "PARCIALMENTE CUBIERTO",
        "COB_B_PCT": 97.66327046382364,
        "ESTADO_B": "PARCIALMENTE CUBIERTO",
        "COB_C_PCT": 97.66327046382364,
        "ESTADO_C": "PARCIALMENTE CUBIERTO",
        "COB_B_ANTERIOR_PCT": 35.99312886158994,
        "ESTADO_B_ANTERIOR": "PARCIALMENTE CUBIERTO",
        "COB_C_ANTERIOR_PCT": 100.0,
        "ESTADO_C_ANTERIOR": "CUBIERTO"
      },
      "geometry": {
        "type": "MultiPolygon",
        "coordinates": [
          [
            [
              [
                -78.64514431947835,
                -1.6705181724592986
              ],
              [
                -78.64514539608524,
                -1.6696142179744506
              ],
              [
                -78.64424710683319,
                -1.669613134665567
              ],
              [
                -78.64424602981653,
                -1.6705170885635763
              ],
              [
                -78.64514431947835,
                -1.6705181724592986
              ]
            ]
          ]
        ]
      }
    },
    {
      "type": "Feature",
      "properties": {
        "CELL_ID": "GIU100-28-60",
        "AMBITO": "URBANO",
        "CATEGORIA": "VIOLENCIA",
        "PLATAFORMA": "PLATAFORMA O",
        "PARROQUIA": null,
        "DISTANCE_M": 200,
        "CELL_SIZE_M": 100,
        "COUNT": 0,
        "GI_ZSCORE": 1.7260154744092873,
        "GI_PVALUE": 0.08434462886201807,
        "GI_CLASS": "HOTSPOT 90%",
        "GI_STAR": 1.7260154744092873,
        "SIGNIFICANCIA": 90,
        "SUMA_LOCAL": 12,
        "NIVEL": 90,
        "COB_A_PCT": 0.0,
        "ESTADO_A": "SIN COBERTURA",
        "COB_B_PCT": 79.40649633606486,
        "ESTADO_B": "PARCIALMENTE CUBIERTO",
        "COB_C_PCT": 80.27067903702286,
        "ESTADO_C": "PARCIALMENTE CUBIERTO",
        "COB_B_ANTERIOR_PCT": 0.0,
        "ESTADO_B_ANTERIOR": "SIN COBERTURA",
        "COB_C_ANTERIOR_PCT": 100.0,
        "ESTADO_C_ANTERIOR": "CUBIERTO"
      },
      "geometry": {
        "type": "MultiPolygon",
        "coordinates": [
          [
            [
              [
                -78.64424602981653,
                -1.6705170885635763
              ],
              [
                -78.64424710683319,
                -1.669613134665567
              ],
              [
                -78.64334881816492,
                -1.6696120509444519
              ],
              [
                -78.64334774073849,
                -1.6705160042553988
              ],
              [
                -78.64424602981653,
                -1.6705170885635763
              ]
            ]
          ]
        ]
      }
    },
    {
      "type": "Feature",
      "properties": {
        "CELL_ID": "GIU100-29-46",
        "AMBITO": "URBANO",
        "CATEGORIA": "VIOLENCIA",
        "PLATAFORMA": "PLATAFORMA K",
        "PARROQUIA": null,
        "DISTANCE_M": 200,
        "CELL_SIZE_M": 100,
        "COUNT": 2,
        "GI_ZSCORE": 3.2391977792593303,
        "GI_PVALUE": 0.0011986642318589453,
        "GI_CLASS": "HOTSPOT 99%",
        "GI_STAR": 3.2391977792593303,
        "SIGNIFICANCIA": 99,
        "SUMA_LOCAL": 18,
        "NIVEL": 99,
        "COB_A_PCT": 100.0,
        "ESTADO_A": "CUBIERTO",
        "COB_B_PCT": 100.0,
        "ESTADO_B": "CUBIERTO",
        "COB_C_PCT": 100.0,
        "ESTADO_C": "CUBIERTO",
        "COB_B_ANTERIOR_PCT": 100.0,
        "ESTADO_B_ANTERIOR": "CUBIERTO",
        "COB_C_ANTERIOR_PCT": 100.0,
        "ESTADO_C_ANTERIOR": "CUBIERTO"
      },
      "geometry": {
        "type": "MultiPolygon",
        "coordinates": [
          [
            [
              [
                -78.65682320938429,
                -1.6696282634762347
              ],
              [
                -78.65682428008353,
                -1.6687243013737723
              ],
              [
                -78.65592598367219,
                -1.6687232240079588
              ],
              [
                -78.65592491256339,
                -1.6696271855264857
              ],
              [
                -78.65682320938429,
                -1.6696282634762347
              ]
            ]
          ]
        ]
      }
    },
    {
      "type": "Feature",
      "properties": {
        "CELL_ID": "GIU100-29-47",
        "AMBITO": "URBANO",
        "CATEGORIA": "VIOLENCIA",
        "PLATAFORMA": "PLATAFORMA K",
        "PARROQUIA": null,
        "DISTANCE_M": 200,
        "CELL_SIZE_M": 100,
        "COUNT": 0,
        "GI_ZSCORE": 2.734803677642649,
        "GI_PVALUE": 0.006241749090433691,
        "GI_CLASS": "HOTSPOT 99%",
        "GI_STAR": 2.734803677642649,
        "SIGNIFICANCIA": 99,
        "SUMA_LOCAL": 16,
        "NIVEL": 99,
        "COB_A_PCT": 100.0,
        "ESTADO_A": "CUBIERTO",
        "COB_B_PCT": 100.0,
        "ESTADO_B": "CUBIERTO",
        "COB_C_PCT": 100.0,
        "ESTADO_C": "CUBIERTO",
        "COB_B_ANTERIOR_PCT": 100.0,
        "ESTADO_B_ANTERIOR": "CUBIERTO",
        "COB_C_ANTERIOR_PCT": 100.0,
        "ESTADO_C_ANTERIOR": "CUBIERTO"
      },
      "geometry": {
        "type": "MultiPolygon",
        "coordinates": [
          [
            [
              [
                -78.65592491256339,
                -1.6696271855264857
              ],
              [
                -78.65592598367219,
                -1.6687232240079588
              ],
              [
                -78.65502768784172,
                -1.6687221462301198
              ],
              [
                -78.65502661632338,
                -1.6696261071644878
              ],
              [
                -78.65592491256339,
                -1.6696271855264857
              ]
            ]
          ]
        ]
      }
    },
    {
      "type": "Feature",
      "properties": {
        "CELL_ID": "GIU100-29-48",
        "AMBITO": "URBANO",
        "CATEGORIA": "VIOLENCIA",
        "PLATAFORMA": "PLATAFORMA K",
        "PARROQUIA": null,
        "DISTANCE_M": 200,
        "CELL_SIZE_M": 100,
        "COUNT": 4,
        "GI_ZSCORE": 3.2391977792593303,
        "GI_PVALUE": 0.0011986642318589453,
        "GI_CLASS": "HOTSPOT 99%",
        "GI_STAR": 3.2391977792593303,
        "SIGNIFICANCIA": 99,
        "SUMA_LOCAL": 18,
        "NIVEL": 99,
        "COB_A_PCT": 100.0,
        "ESTADO_A": "CUBIERTO",
        "COB_B_PCT": 100.0,
        "ESTADO_B": "CUBIERTO",
        "COB_C_PCT": 100.0,
        "ESTADO_C": "CUBIERTO",
        "COB_B_ANTERIOR_PCT": 100.0,
        "ESTADO_B_ANTERIOR": "CUBIERTO",
        "COB_C_ANTERIOR_PCT": 100.0,
        "ESTADO_C_ANTERIOR": "CUBIERTO"
      },
      "geometry": {
        "type": "MultiPolygon",
        "coordinates": [
          [
            [
              [
                -78.65502661632338,
                -1.6696261071644878
              ],
              [
                -78.65502768784172,
                -1.6687221462301198
              ],
              [
                -78.65412939259238,
                -1.6687210680402558
              ],
              [
                -78.65412832066447,
                -1.6696250283902418
              ],
              [
                -78.65502661632338,
                -1.6696261071644878
              ]
            ]
          ]
        ]
      }
    },
    {
      "type": "Feature",
      "properties": {
        "CELL_ID": "GIU100-29-49",
        "AMBITO": "URBANO",
        "CATEGORIA": "VIOLENCIA",
        "PLATAFORMA": "PLATAFORMA K",
        "PARROQUIA": null,
        "DISTANCE_M": 200,
        "CELL_SIZE_M": 100,
        "COUNT": 1,
        "GI_ZSCORE": 2.230409576025968,
        "GI_PVALUE": 0.025720264423434874,
        "GI_CLASS": "HOTSPOT 95%",
        "GI_STAR": 2.230409576025968,
        "SIGNIFICANCIA": 95,
        "SUMA_LOCAL": 14,
        "NIVEL": 95,
        "COB_A_PCT": 100.0,
        "ESTADO_A": "CUBIERTO",
        "COB_B_PCT": 100.0,
        "ESTADO_B": "CUBIERTO",
        "COB_C_PCT": 100.0,
        "ESTADO_C": "CUBIERTO",
        "COB_B_ANTERIOR_PCT": 100.0,
        "ESTADO_B_ANTERIOR": "CUBIERTO",
        "COB_C_ANTERIOR_PCT": 100.0,
        "ESTADO_C_ANTERIOR": "CUBIERTO"
      },
      "geometry": {
        "type": "MultiPolygon",
        "coordinates": [
          [
            [
              [
                -78.65412832066447,
                -1.6696250283902418
              ],
              [
                -78.65412939259238,
                -1.6687210680402558
              ],
              [
                -78.65323109792435,
                -1.6687199894383693
              ],
              [
                -78.6532300255869,
                -1.6696239492037497
              ],
              [
                -78.65412832066447,
                -1.6696250283902418
              ]
            ]
          ]
        ]
      }
    },
    {
      "type": "Feature",
      "properties": {
        "CELL_ID": "GIU100-29-50",
        "AMBITO": "URBANO",
        "CATEGORIA": "VIOLENCIA",
        "PLATAFORMA": "PLATAFORMA K",
        "PARROQUIA": null,
        "DISTANCE_M": 200,
        "CELL_SIZE_M": 100,
        "COUNT": 1,
        "GI_ZSCORE": 3.9957889316843516,
        "GI_PVALUE": 6.447916316208313e-05,
        "GI_CLASS": "HOTSPOT 99%",
        "GI_STAR": 3.9957889316843516,
        "SIGNIFICANCIA": 99,
        "SUMA_LOCAL": 21,
        "NIVEL": 99,
        "COB_A_PCT": 100.0,
        "ESTADO_A": "CUBIERTO",
        "COB_B_PCT": 100.0,
        "ESTADO_B": "CUBIERTO",
        "COB_C_PCT": 100.0,
        "ESTADO_C": "CUBIERTO",
        "COB_B_ANTERIOR_PCT": 100.0,
        "ESTADO_B_ANTERIOR": "CUBIERTO",
        "COB_C_ANTERIOR_PCT": 100.0,
        "ESTADO_C_ANTERIOR": "CUBIERTO"
      },
      "geometry": {
        "type": "MultiPolygon",
        "coordinates": [
          [
            [
              [
                -78.6532300255869,
                -1.6696239492037497
              ],
              [
                -78.65323109792435,
                -1.6687199894383693
              ],
              [
                -78.65233280383787,
                -1.6687189104244604
              ],
              [
                -78.65233173109087,
                -1.6696228696050128
              ],
              [
                -78.6532300255869,
                -1.6696239492037497
              ]
            ]
          ]
        ]
      }
    },
    {
      "type": "Feature",
      "properties": {
        "CELL_ID": "GIU100-29-51",
        "AMBITO": "URBANO",
        "CATEGORIA": "VIOLENCIA",
        "PLATAFORMA": "PLATAFORMA K",
        "PARROQUIA": null,
        "DISTANCE_M": 200,
        "CELL_SIZE_M": 100,
        "COUNT": 0,
        "GI_ZSCORE": 2.734803677642649,
        "GI_PVALUE": 0.006241749090433691,
        "GI_CLASS": "HOTSPOT 99%",
        "GI_STAR": 2.734803677642649,
        "SIGNIFICANCIA": 99,
        "SUMA_LOCAL": 16,
        "NIVEL": 99,
        "COB_A_PCT": 100.0,
        "ESTADO_A": "CUBIERTO",
        "COB_B_PCT": 100.0,
        "ESTADO_B": "CUBIERTO",
        "COB_C_PCT": 100.0,
        "ESTADO_C": "CUBIERTO",
        "COB_B_ANTERIOR_PCT": 100.0,
        "ESTADO_B_ANTERIOR": "CUBIERTO",
        "COB_C_ANTERIOR_PCT": 100.0,
        "ESTADO_C_ANTERIOR": "CUBIERTO"
      },
      "geometry": {
        "type": "MultiPolygon",
        "coordinates": [
          [
            [
              [
                -78.65233173109087,
                -1.6696228696050128
              ],
              [
                -78.65233280383787,
                -1.6687189104244604
              ],
              [
                -78.65143451033317,
                -1.6687178309985315
              ],
              [
                -78.65143343717662,
                -1.6696217895940315
              ],
              [
                -78.65233173109087,
                -1.6696228696050128
              ]
            ]
          ]
        ]
      }
    },
    {
      "type": "Feature",
      "properties": {
        "CELL_ID": "GIU100-29-52",
        "AMBITO": "URBANO",
        "CATEGORIA": "VIOLENCIA",
        "PLATAFORMA": "PLATAFORMA K",
        "PARROQUIA": null,
        "DISTANCE_M": 200,
        "CELL_SIZE_M": 100,
        "COUNT": 0,
        "GI_ZSCORE": 1.7260154744092873,
        "GI_PVALUE": 0.08434462886201807,
        "GI_CLASS": "HOTSPOT 90%",
        "GI_STAR": 1.7260154744092873,
        "SIGNIFICANCIA": 90,
        "SUMA_LOCAL": 12,
        "NIVEL": 90,
        "COB_A_PCT": 100.0,
        "ESTADO_A": "CUBIERTO",
        "COB_B_PCT": 100.0,
        "ESTADO_B": "CUBIERTO",
        "COB_C_PCT": 100.0,
        "ESTADO_C": "CUBIERTO",
        "COB_B_ANTERIOR_PCT": 100.0,
        "ESTADO_B_ANTERIOR": "CUBIERTO",
        "COB_C_ANTERIOR_PCT": 100.0,
        "ESTADO_C_ANTERIOR": "CUBIERTO"
      },
      "geometry": {
        "type": "MultiPolygon",
        "coordinates": [
          [
            [
              [
                -78.65143343717662,
                -1.6696217895940315
              ],
              [
                -78.65143451033317,
                -1.6687178309985315
              ],
              [
                -78.65053621741048,
                -1.668716751160583
              ],
              [
                -78.65053514384438,
                -1.669620709170808
              ],
              [
                -78.65143343717662,
                -1.6696217895940315
              ]
            ]
          ]
        ]
      }
    },
    {
      "type": "Feature",
      "properties": {
        "CELL_ID": "GIU100-29-53",
        "AMBITO": "URBANO",
        "CATEGORIA": "VIOLENCIA",
        "PLATAFORMA": "PLATAFORMA K",
        "PARROQUIA": null,
        "DISTANCE_M": 200,
        "CELL_SIZE_M": 100,
        "COUNT": 0,
        "GI_ZSCORE": 2.4826066268343085,
        "GI_PVALUE": 0.01304250275922858,
        "GI_CLASS": "HOTSPOT 95%",
        "GI_STAR": 2.4826066268343085,
        "SIGNIFICANCIA": 95,
        "SUMA_LOCAL": 15,
        "NIVEL": 95,
        "COB_A_PCT": 100.0,
        "ESTADO_A": "CUBIERTO",
        "COB_B_PCT": 100.0,
        "ESTADO_B": "CUBIERTO",
        "COB_C_PCT": 100.0,
        "ESTADO_C": "CUBIERTO",
        "COB_B_ANTERIOR_PCT": 100.0,
        "ESTADO_B_ANTERIOR": "CUBIERTO",
        "COB_C_ANTERIOR_PCT": 100.0,
        "ESTADO_C_ANTERIOR": "CUBIERTO"
      },
      "geometry": {
        "type": "MultiPolygon",
        "coordinates": [
          [
            [
              [
                -78.65053514384438,
                -1.669620709170808
              ],
              [
                -78.65053621741048,
                -1.668716751160583
              ],
              [
                -78.64963792506998,
                -1.6687156709106175
              ],
              [
                -78.64963685109434,
                -1.6696196283353433
              ],
              [
                -78.65053514384438,
                -1.669620709170808
              ]
            ]
          ]
        ]
      }
    },
    {
      "type": "Feature",
      "properties": {
        "CELL_ID": "GIU100-29-54",
        "AMBITO": "URBANO",
        "CATEGORIA": "VIOLENCIA",
        "PLATAFORMA": "PLATAFORMA K",
        "PARROQUIA": null,
        "DISTANCE_M": 200,
        "CELL_SIZE_M": 100,
        "COUNT": 0,
        "GI_ZSCORE": 2.9870007284509894,
        "GI_PVALUE": 0.002817290511545885,
        "GI_CLASS": "HOTSPOT 99%",
        "GI_STAR": 2.9870007284509894,
        "SIGNIFICANCIA": 99,
        "SUMA_LOCAL": 17,
        "NIVEL": 99,
        "COB_A_PCT": 48.86411974530819,
        "ESTADO_A": "PARCIALMENTE CUBIERTO",
        "COB_B_PCT": 48.86411974530819,
        "ESTADO_B": "PARCIALMENTE CUBIERTO",
        "COB_C_PCT": 100.0,
        "ESTADO_C": "CUBIERTO",
        "COB_B_ANTERIOR_PCT": 48.86411974530819,
        "ESTADO_B_ANTERIOR": "PARCIALMENTE CUBIERTO",
        "COB_C_ANTERIOR_PCT": 100.0,
        "ESTADO_C_ANTERIOR": "CUBIERTO"
      },
      "geometry": {
        "type": "MultiPolygon",
        "coordinates": [
          [
            [
              [
                -78.64963685109434,
                -1.6696196283353433
              ],
              [
                -78.64963792506998,
                -1.6687156709106175
              ],
              [
                -78.64873963331195,
                -1.6687145902486349
              ],
              [
                -78.64873855892675,
                -1.669618547087639
              ],
              [
                -78.64963685109434,
                -1.6696196283353433
              ]
            ]
          ]
        ]
      }
    },
    {
      "type": "Feature",
      "properties": {
        "CELL_ID": "GIU100-29-55",
        "AMBITO": "URBANO",
        "CATEGORIA": "VIOLENCIA",
        "PLATAFORMA": "PLATAFORMA K",
        "PARROQUIA": null,
        "DISTANCE_M": 200,
        "CELL_SIZE_M": 100,
        "COUNT": 3,
        "GI_ZSCORE": 2.230409576025968,
        "GI_PVALUE": 0.025720264423434874,
        "GI_CLASS": "HOTSPOT 95%",
        "GI_STAR": 2.230409576025968,
        "SIGNIFICANCIA": 95,
        "SUMA_LOCAL": 14,
        "NIVEL": 95,
        "COB_A_PCT": 25.65851356094198,
        "ESTADO_A": "PARCIALMENTE CUBIERTO",
        "COB_B_PCT": 25.65851356094198,
        "ESTADO_B": "PARCIALMENTE CUBIERTO",
        "COB_C_PCT": 100.0,
        "ESTADO_C": "CUBIERTO",
        "COB_B_ANTERIOR_PCT": 25.65851356094198,
        "ESTADO_B_ANTERIOR": "PARCIALMENTE CUBIERTO",
        "COB_C_ANTERIOR_PCT": 100.0,
        "ESTADO_C_ANTERIOR": "CUBIERTO"
      },
      "geometry": {
        "type": "MultiPolygon",
        "coordinates": [
          [
            [
              [
                -78.64873855892675,
                -1.669618547087639
              ],
              [
                -78.64873963331195,
                -1.6687145902486349
              ],
              [
                -78.64784134213656,
                -1.6687135091746372
              ],
              [
                -78.64784026734183,
                -1.6696174654276965
              ],
              [
                -78.64873855892675,
                -1.669618547087639
              ]
            ]
          ]
        ]
      }
    },
    {
      "type": "Feature",
      "properties": {
        "CELL_ID": "GIU100-29-56",
        "AMBITO": "URBANO",
        "CATEGORIA": "VIOLENCIA",
        "PLATAFORMA": "PLATAFORMA K",
        "PARROQUIA": null,
        "DISTANCE_M": 200,
        "CELL_SIZE_M": 100,
        "COUNT": 3,
        "GI_ZSCORE": 1.7260154744092873,
        "GI_PVALUE": 0.08434462886201807,
        "GI_CLASS": "HOTSPOT 90%",
        "GI_STAR": 1.7260154744092873,
        "SIGNIFICANCIA": 90,
        "SUMA_LOCAL": 12,
        "NIVEL": 90,
        "COB_A_PCT": 19.114228899034412,
        "ESTADO_A": "PARCIALMENTE CUBIERTO",
        "COB_B_PCT": 19.114228899034412,
        "ESTADO_B": "PARCIALMENTE CUBIERTO",
        "COB_C_PCT": 100.0,
        "ESTADO_C": "CUBIERTO",
        "COB_B_ANTERIOR_PCT": 19.114228899034412,
        "ESTADO_B_ANTERIOR": "PARCIALMENTE CUBIERTO",
        "COB_C_ANTERIOR_PCT": 100.0,
        "ESTADO_C_ANTERIOR": "CUBIERTO"
      },
      "geometry": {
        "type": "MultiPolygon",
        "coordinates": [
          [
            [
              [
                -78.64784026734183,
                -1.6696174654276965
              ],
              [
                -78.64784134213656,
                -1.6687135091746372
              ],
              [
                -78.64694305154406,
                -1.6687124276886254
              ],
              [
                -78.64694197633979,
                -1.6696163833555162
              ],
              [
                -78.64784026734183,
                -1.6696174654276965
              ]
            ]
          ]
        ]
      }
    },
    {
      "type": "Feature",
      "properties": {
        "CELL_ID": "GIU100-29-57",
        "AMBITO": "URBANO",
        "CATEGORIA": "VIOLENCIA",
        "PLATAFORMA": "PLATAFORMA K",
        "PARROQUIA": null,
        "DISTANCE_M": 200,
        "CELL_SIZE_M": 100,
        "COUNT": 0,
        "GI_ZSCORE": 3.9957889316843516,
        "GI_PVALUE": 6.447916316208313e-05,
        "GI_CLASS": "HOTSPOT 99%",
        "GI_STAR": 3.9957889316843516,
        "SIGNIFICANCIA": 99,
        "SUMA_LOCAL": 21,
        "NIVEL": 99,
        "COB_A_PCT": 47.99350317846259,
        "ESTADO_A": "PARCIALMENTE CUBIERTO",
        "COB_B_PCT": 56.81221373867867,
        "ESTADO_B": "PARCIALMENTE CUBIERTO",
        "COB_C_PCT": 66.3294411842845,
        "ESTADO_C": "PARCIALMENTE CUBIERTO",
        "COB_B_ANTERIOR_PCT": 47.99350317846259,
        "ESTADO_B_ANTERIOR": "PARCIALMENTE CUBIERTO",
        "COB_C_ANTERIOR_PCT": 100.0,
        "ESTADO_C_ANTERIOR": "CUBIERTO"
      },
      "geometry": {
        "type": "MultiPolygon",
        "coordinates": [
          [
            [
              [
                -78.64694197633979,
                -1.6696163833555162
              ],
              [
                -78.64694305154406,
                -1.6687124276886254
              ],
              [
                -78.64604476153465,
                -1.668711345790602
              ],
              [
                -78.64604368592084,
                -1.6696153008711008
              ],
              [
                -78.64694197633979,
                -1.6696163833555162
              ]
            ]
          ]
        ]
      }
    },
    {
      "type": "Feature",
      "properties": {
        "CELL_ID": "GIU100-29-58",
        "AMBITO": "URBANO",
        "CATEGORIA": "VIOLENCIA",
        "PLATAFORMA": "PLATAFORMA K",
        "PARROQUIA": null,
        "DISTANCE_M": 200,
        "CELL_SIZE_M": 100,
        "COUNT": 2,
        "GI_ZSCORE": 3.9957889316843516,
        "GI_PVALUE": 6.447916316208313e-05,
        "GI_CLASS": "HOTSPOT 99%",
        "GI_STAR": 3.9957889316843516,
        "SIGNIFICANCIA": 99,
        "SUMA_LOCAL": 21,
        "NIVEL": 99,
        "COB_A_PCT": 29.22139897364874,
        "ESTADO_A": "PARCIALMENTE CUBIERTO",
        "COB_B_PCT": 100.0,
        "ESTADO_B": "CUBIERTO",
        "COB_C_PCT": 100.0,
        "ESTADO_C": "CUBIERTO",
        "COB_B_ANTERIOR_PCT": 29.22139897364874,
        "ESTADO_B_ANTERIOR": "PARCIALMENTE CUBIERTO",
        "COB_C_ANTERIOR_PCT": 100.0,
        "ESTADO_C_ANTERIOR": "CUBIERTO"
      },
      "geometry": {
        "type": "MultiPolygon",
        "coordinates": [
          [
            [
              [
                -78.64604368592084,
                -1.6696153008711008
              ],
              [
                -78.64604476153465,
                -1.668711345790602
              ],
              [
                -78.64514647210859,
                -1.6687102634805666
              ],
              [
                -78.64514539608524,
                -1.6696142179744506
              ],
              [
                -78.64604368592084,
                -1.6696153008711008
              ]
            ]
          ]
        ]
      }
    },
    {
      "type": "Feature",
      "properties": {
        "CELL_ID": "GIU100-29-59",
        "AMBITO": "URBANO",
        "CATEGORIA": "VIOLENCIA",
        "PLATAFORMA": "PLATAFORMA K",
        "PARROQUIA": null,
        "DISTANCE_M": 200,
        "CELL_SIZE_M": 100,
        "COUNT": 2,
        "GI_ZSCORE": 3.2391977792593303,
        "GI_PVALUE": 0.0011986642318589453,
        "GI_CLASS": "HOTSPOT 99%",
        "GI_STAR": 3.2391977792593303,
        "SIGNIFICANCIA": 99,
        "SUMA_LOCAL": 18,
        "NIVEL": 99,
        "COB_A_PCT": 0.0,
        "ESTADO_A": "SIN COBERTURA",
        "COB_B_PCT": 100.0,
        "ESTADO_B": "CUBIERTO",
        "COB_C_PCT": 100.0,
        "ESTADO_C": "CUBIERTO",
        "COB_B_ANTERIOR_PCT": 0.0,
        "ESTADO_B_ANTERIOR": "SIN COBERTURA",
        "COB_C_ANTERIOR_PCT": 100.0,
        "ESTADO_C_ANTERIOR": "CUBIERTO"
      },
      "geometry": {
        "type": "MultiPolygon",
        "coordinates": [
          [
            [
              [
                -78.64514539608524,
                -1.6696142179744506
              ],
              [
                -78.64514647210859,
                -1.6687102634805666
              ],
              [
                -78.64424818326607,
                -1.6687091807585217
              ],
              [
                -78.64424710683319,
                -1.669613134665567
              ],
              [
                -78.64514539608524,
                -1.6696142179744506
              ]
            ]
          ]
        ]
      }
    },
    {
      "type": "Feature",
      "properties": {
        "CELL_ID": "GIU100-29-60",
        "AMBITO": "URBANO",
        "CATEGORIA": "VIOLENCIA",
        "PLATAFORMA": "PLATAFORMA O",
        "PARROQUIA": null,
        "DISTANCE_M": 200,
        "CELL_SIZE_M": 100,
        "COUNT": 0,
        "GI_ZSCORE": 1.7260154744092873,
        "GI_PVALUE": 0.08434462886201807,
        "GI_CLASS": "HOTSPOT 90%",
        "GI_STAR": 1.7260154744092873,
        "SIGNIFICANCIA": 90,
        "SUMA_LOCAL": 12,
        "NIVEL": 90,
        "COB_A_PCT": 0.0,
        "ESTADO_A": "SIN COBERTURA",
        "COB_B_PCT": 100.0,
        "ESTADO_B": "CUBIERTO",
        "COB_C_PCT": 100.0,
        "ESTADO_C": "CUBIERTO",
        "COB_B_ANTERIOR_PCT": 0.0,
        "ESTADO_B_ANTERIOR": "SIN COBERTURA",
        "COB_C_ANTERIOR_PCT": 100.0,
        "ESTADO_C_ANTERIOR": "CUBIERTO"
      },
      "geometry": {
        "type": "MultiPolygon",
        "coordinates": [
          [
            [
              [
                -78.64424710683319,
                -1.669613134665567
              ],
              [
                -78.64424818326607,
                -1.6687091807585217
              ],
              [
                -78.64334989500735,
                -1.6687080976244684
              ],
              [
                -78.64334881816492,
                -1.6696120509444519
              ],
              [
                -78.64424710683319,
                -1.669613134665567
              ]
            ]
          ]
        ]
      }
    },
    {
      "type": "Feature",
      "properties": {
        "CELL_ID": "GIU100-30-46",
        "AMBITO": "URBANO",
        "CATEGORIA": "VIOLENCIA",
        "PLATAFORMA": "PLATAFORMA K",
        "PARROQUIA": null,
        "DISTANCE_M": 200,
        "CELL_SIZE_M": 100,
        "COUNT": 1,
        "GI_ZSCORE": 1.7260154744092873,
        "GI_PVALUE": 0.08434462886201807,
        "GI_CLASS": "HOTSPOT 90%",
        "GI_STAR": 1.7260154744092873,
        "SIGNIFICANCIA": 90,
        "SUMA_LOCAL": 12,
        "NIVEL": 90,
        "COB_A_PCT": 100.0,
        "ESTADO_A": "CUBIERTO",
        "COB_B_PCT": 100.0,
        "ESTADO_B": "CUBIERTO",
        "COB_C_PCT": 100.0,
        "ESTADO_C": "CUBIERTO",
        "COB_B_ANTERIOR_PCT": 100.0,
        "ESTADO_B_ANTERIOR": "CUBIERTO",
        "COB_C_ANTERIOR_PCT": 100.0,
        "ESTADO_C_ANTERIOR": "CUBIERTO"
      },
      "geometry": {
        "type": "MultiPolygon",
        "coordinates": [
          [
            [
              [
                -78.65682428008353,
                -1.6687243013737723
              ],
              [
                -78.65682535020211,
                -1.6678203392622866
              ],
              [
                -78.6559270542001,
                -1.667819262480408
              ],
              [
                -78.65592598367219,
                -1.6687232240079588
              ],
              [
                -78.65682428008353,
                -1.6687243013737723
              ]
            ]
          ]
        ]
      }
    },
    {
      "type": "Feature",
      "properties": {
        "CELL_ID": "GIU100-30-47",
        "AMBITO": "URBANO",
        "CATEGORIA": "VIOLENCIA",
        "PLATAFORMA": "PLATAFORMA K",
        "PARROQUIA": null,
        "DISTANCE_M": 200,
        "CELL_SIZE_M": 100,
        "COUNT": 2,
        "GI_ZSCORE": 1.7260154744092873,
        "GI_PVALUE": 0.08434462886201807,
        "GI_CLASS": "HOTSPOT 90%",
        "GI_STAR": 1.7260154744092873,
        "SIGNIFICANCIA": 90,
        "SUMA_LOCAL": 12,
        "NIVEL": 90,
        "COB_A_PCT": 100.0,
        "ESTADO_A": "CUBIERTO",
        "COB_B_PCT": 100.0,
        "ESTADO_B": "CUBIERTO",
        "COB_C_PCT": 100.0,
        "ESTADO_C": "CUBIERTO",
        "COB_B_ANTERIOR_PCT": 100.0,
        "ESTADO_B_ANTERIOR": "CUBIERTO",
        "COB_C_ANTERIOR_PCT": 100.0,
        "ESTADO_C_ANTERIOR": "CUBIERTO"
      },
      "geometry": {
        "type": "MultiPolygon",
        "coordinates": [
          [
            [
              [
                -78.65592598367219,
                -1.6687232240079588
              ],
              [
                -78.6559270542001,
                -1.667819262480408
              ],
              [
                -78.65502875877898,
                -1.6678181852867267
              ],
              [
                -78.65502768784172,
                -1.6687221462301198
              ],
              [
                -78.65592598367219,
                -1.6687232240079588
              ]
            ]
          ]
        ]
      }
    },
    {
      "type": "Feature",
      "properties": {
        "CELL_ID": "GIU100-30-48",
        "AMBITO": "URBANO",
        "CATEGORIA": "VIOLENCIA",
        "PLATAFORMA": "PLATAFORMA K",
        "PARROQUIA": null,
        "DISTANCE_M": 200,
        "CELL_SIZE_M": 100,
        "COUNT": 1,
        "GI_ZSCORE": 2.734803677642649,
        "GI_PVALUE": 0.006241749090433691,
        "GI_CLASS": "HOTSPOT 99%",
        "GI_STAR": 2.734803677642649,
        "SIGNIFICANCIA": 99,
        "SUMA_LOCAL": 16,
        "NIVEL": 99,
        "COB_A_PCT": 100.0,
        "ESTADO_A": "CUBIERTO",
        "COB_B_PCT": 100.0,
        "ESTADO_B": "CUBIERTO",
        "COB_C_PCT": 100.0,
        "ESTADO_C": "CUBIERTO",
        "COB_B_ANTERIOR_PCT": 100.0,
        "ESTADO_B_ANTERIOR": "CUBIERTO",
        "COB_C_ANTERIOR_PCT": 100.0,
        "ESTADO_C_ANTERIOR": "CUBIERTO"
      },
      "geometry": {
        "type": "MultiPolygon",
        "coordinates": [
          [
            [
              [
                -78.65502768784172,
                -1.6687221462301198
              ],
              [
                -78.65502875877898,
                -1.6678181852867267
              ],
              [
                -78.65413046393897,
                -1.667817107681245
              ],
              [
                -78.65412939259238,
                -1.6687210680402558
              ],
              [
                -78.65502768784172,
                -1.6687221462301198
              ]
            ]
          ]
        ]
      }
    },
    {
      "type": "Feature",
      "properties": {
        "CELL_ID": "GIU100-30-49",
        "AMBITO": "URBANO",
        "CATEGORIA": "VIOLENCIA",
        "PLATAFORMA": "PLATAFORMA K",
        "PARROQUIA": null,
        "DISTANCE_M": 200,
        "CELL_SIZE_M": 100,
        "COUNT": 0,
        "GI_ZSCORE": 2.9870007284509894,
        "GI_PVALUE": 0.002817290511545885,
        "GI_CLASS": "HOTSPOT 99%",
        "GI_STAR": 2.9870007284509894,
        "SIGNIFICANCIA": 99,
        "SUMA_LOCAL": 17,
        "NIVEL": 99,
        "COB_A_PCT": 100.0,
        "ESTADO_A": "CUBIERTO",
        "COB_B_PCT": 100.0,
        "ESTADO_B": "CUBIERTO",
        "COB_C_PCT": 100.0,
        "ESTADO_C": "CUBIERTO",
        "COB_B_ANTERIOR_PCT": 100.0,
        "ESTADO_B_ANTERIOR": "CUBIERTO",
        "COB_C_ANTERIOR_PCT": 100.0,
        "ESTADO_C_ANTERIOR": "CUBIERTO"
      },
      "geometry": {
        "type": "MultiPolygon",
        "coordinates": [
          [
            [
              [
                -78.65412939259238,
                -1.6687210680402558
              ],
              [
                -78.65413046393897,
                -1.667817107681245
              ],
              [
                -78.65323216968025,
                -1.6678160296639628
              ],
              [
                -78.65323109792435,
                -1.6687199894383693
              ],
              [
                -78.65412939259238,
                -1.6687210680402558
              ]
            ]
          ]
        ]
      }
    },
    {
      "type": "Feature",
      "properties": {
        "CELL_ID": "GIU100-30-50",
        "AMBITO": "URBANO",
        "CATEGORIA": "VIOLENCIA",
        "PLATAFORMA": "PLATAFORMA K",
        "PARROQUIA": null,
        "DISTANCE_M": 200,
        "CELL_SIZE_M": 100,
        "COUNT": 2,
        "GI_ZSCORE": 2.230409576025968,
        "GI_PVALUE": 0.025720264423434874,
        "GI_CLASS": "HOTSPOT 95%",
        "GI_STAR": 2.230409576025968,
        "SIGNIFICANCIA": 95,
        "SUMA_LOCAL": 14,
        "NIVEL": 95,
        "COB_A_PCT": 100.0,
        "ESTADO_A": "CUBIERTO",
        "COB_B_PCT": 100.0,
        "ESTADO_B": "CUBIERTO",
        "COB_C_PCT": 100.0,
        "ESTADO_C": "CUBIERTO",
        "COB_B_ANTERIOR_PCT": 100.0,
        "ESTADO_B_ANTERIOR": "CUBIERTO",
        "COB_C_ANTERIOR_PCT": 100.0,
        "ESTADO_C_ANTERIOR": "CUBIERTO"
      },
      "geometry": {
        "type": "MultiPolygon",
        "coordinates": [
          [
            [
              [
                -78.65323109792435,
                -1.6687199894383693
              ],
              [
                -78.65323216968025,
                -1.6678160296639628
              ],
              [
                -78.65233387600311,
                -1.6678149512348825
              ],
              [
                -78.65233280383787,
                -1.6687189104244604
              ],
              [
                -78.65323109792435,
                -1.6687199894383693
              ]
            ]
          ]
        ]
      }
    },
    {
      "type": "Feature",
      "properties": {
        "CELL_ID": "GIU100-30-51",
        "AMBITO": "URBANO",
        "CATEGORIA": "VIOLENCIA",
        "PLATAFORMA": "PLATAFORMA K",
        "PARROQUIA": null,
        "DISTANCE_M": 200,
        "CELL_SIZE_M": 100,
        "COUNT": 1,
        "GI_ZSCORE": 1.9782125252176277,
        "GI_PVALUE": 0.047904736321680026,
        "GI_CLASS": "HOTSPOT 95%",
        "GI_STAR": 1.9782125252176277,
        "SIGNIFICANCIA": 95,
        "SUMA_LOCAL": 13,
        "NIVEL": 95,
        "COB_A_PCT": 100.0,
        "ESTADO_A": "CUBIERTO",
        "COB_B_PCT": 100.0,
        "ESTADO_B": "CUBIERTO",
        "COB_C_PCT": 100.0,
        "ESTADO_C": "CUBIERTO",
        "COB_B_ANTERIOR_PCT": 100.0,
        "ESTADO_B_ANTERIOR": "CUBIERTO",
        "COB_C_ANTERIOR_PCT": 100.0,
        "ESTADO_C_ANTERIOR": "CUBIERTO"
      },
      "geometry": {
        "type": "MultiPolygon",
        "coordinates": [
          [
            [
              [
                -78.65233280383787,
                -1.6687189104244604
              ],
              [
                -78.65233387600311,
                -1.6678149512348825
              ],
              [
                -78.65143558290772,
                -1.6678138723940046
              ],
              [
                -78.65143451033317,
                -1.6687178309985315
              ],
              [
                -78.65233280383787,
                -1.6687189104244604
              ]
            ]
          ]
        ]
      }
    },
    {
      "type": "Feature",
      "properties": {
        "CELL_ID": "GIU100-30-52",
        "AMBITO": "URBANO",
        "CATEGORIA": "VIOLENCIA",
        "PLATAFORMA": "PLATAFORMA K",
        "PARROQUIA": null,
        "DISTANCE_M": 200,
        "CELL_SIZE_M": 100,
        "COUNT": 2,
        "GI_ZSCORE": 2.230409576025968,
        "GI_PVALUE": 0.025720264423434874,
        "GI_CLASS": "HOTSPOT 95%",
        "GI_STAR": 2.230409576025968,
        "SIGNIFICANCIA": 95,
        "SUMA_LOCAL": 14,
        "NIVEL": 95,
        "COB_A_PCT": 100.0,
        "ESTADO_A": "CUBIERTO",
        "COB_B_PCT": 100.0,
        "ESTADO_B": "CUBIERTO",
        "COB_C_PCT": 100.0,
        "ESTADO_C": "CUBIERTO",
        "COB_B_ANTERIOR_PCT": 100.0,
        "ESTADO_B_ANTERIOR": "CUBIERTO",
        "COB_C_ANTERIOR_PCT": 100.0,
        "ESTADO_C_ANTERIOR": "CUBIERTO"
      },
      "geometry": {
        "type": "MultiPolygon",
        "coordinates": [
          [
            [
              [
                -78.65143451033317,
                -1.6687178309985315
              ],
              [
                -78.65143558290772,
                -1.6678138723940046
              ],
              [
                -78.65053729039435,
                -1.6678127931413314
              ],
              [
                -78.65053621741048,
                -1.668716751160583
              ],
              [
                -78.65143451033317,
                -1.6687178309985315
              ]
            ]
          ]
        ]
      }
    },
    {
      "type": "Feature",
      "properties": {
        "CELL_ID": "GIU100-30-53",
        "AMBITO": "URBANO",
        "CATEGORIA": "VIOLENCIA",
        "PLATAFORMA": "PLATAFORMA K",
        "PARROQUIA": null,
        "DISTANCE_M": 200,
        "CELL_SIZE_M": 100,
        "COUNT": 3,
        "GI_ZSCORE": 1.7260154744092873,
        "GI_PVALUE": 0.08434462886201807,
        "GI_CLASS": "HOTSPOT 90%",
        "GI_STAR": 1.7260154744092873,
        "SIGNIFICANCIA": 90,
        "SUMA_LOCAL": 12,
        "NIVEL": 90,
        "COB_A_PCT": 100.0,
        "ESTADO_A": "CUBIERTO",
        "COB_B_PCT": 100.0,
        "ESTADO_B": "CUBIERTO",
        "COB_C_PCT": 100.0,
        "ESTADO_C": "CUBIERTO",
        "COB_B_ANTERIOR_PCT": 100.0,
        "ESTADO_B_ANTERIOR": "CUBIERTO",
        "COB_C_ANTERIOR_PCT": 100.0,
        "ESTADO_C_ANTERIOR": "CUBIERTO"
      },
      "geometry": {
        "type": "MultiPolygon",
        "coordinates": [
          [
            [
              [
                -78.65053621741048,
                -1.668716751160583
              ],
              [
                -78.65053729039435,
                -1.6678127931413314
              ],
              [
                -78.6496389984632,
                -1.6678117134768635
              ],
              [
                -78.64963792506998,
                -1.6687156709106175
              ],
              [
                -78.65053621741048,
                -1.668716751160583
              ]
            ]
          ]
        ]
      }
    },
    {
      "type": "Feature",
      "properties": {
        "CELL_ID": "GIU100-30-54",
        "AMBITO": "URBANO",
        "CATEGORIA": "VIOLENCIA",
        "PLATAFORMA": "PLATAFORMA K",
        "PARROQUIA": null,
        "DISTANCE_M": 200,
        "CELL_SIZE_M": 100,
        "COUNT": 1,
        "GI_ZSCORE": 3.2391977792593303,
        "GI_PVALUE": 0.0011986642318589453,
        "GI_CLASS": "HOTSPOT 99%",
        "GI_STAR": 3.2391977792593303,
        "SIGNIFICANCIA": 99,
        "SUMA_LOCAL": 18,
        "NIVEL": 99,
        "COB_A_PCT": 47.4249893618314,
        "ESTADO_A": "PARCIALMENTE CUBIERTO",
        "COB_B_PCT": 47.4249893618314,
        "ESTADO_B": "PARCIALMENTE CUBIERTO",
        "COB_C_PCT": 100.0,
        "ESTADO_C": "CUBIERTO",
        "COB_B_ANTERIOR_PCT": 47.4249893618314,
        "ESTADO_B_ANTERIOR": "PARCIALMENTE CUBIERTO",
        "COB_C_ANTERIOR_PCT": 100.0,
        "ESTADO_C_ANTERIOR": "CUBIERTO"
      },
      "geometry": {
        "type": "MultiPolygon",
        "coordinates": [
          [
            [
              [
                -78.64963792506998,
                -1.6687156709106175
              ],
              [
                -78.6496389984632,
                -1.6678117134768635
              ],
              [
                -78.64874070711447,
                -1.6678106334006024
              ],
              [
                -78.64873963331195,
                -1.6687145902486349
              ],
              [
                -78.64963792506998,
                -1.6687156709106175
              ]
            ]
          ]
        ]
      }
    },
    {
      "type": "Feature",
      "properties": {
        "CELL_ID": "GIU100-30-55",
        "AMBITO": "URBANO",
        "CATEGORIA": "VIOLENCIA",
        "PLATAFORMA": "PLATAFORMA K",
        "PARROQUIA": null,
        "DISTANCE_M": 200,
        "CELL_SIZE_M": 100,
        "COUNT": 1,
        "GI_ZSCORE": 3.2391977792593303,
        "GI_PVALUE": 0.0011986642318589453,
        "GI_CLASS": "HOTSPOT 99%",
        "GI_STAR": 3.2391977792593303,
        "SIGNIFICANCIA": 99,
        "SUMA_LOCAL": 18,
        "NIVEL": 99,
        "COB_A_PCT": 0.0,
        "ESTADO_A": "SIN COBERTURA",
        "COB_B_PCT": 0.0,
        "ESTADO_B": "SIN COBERTURA",
        "COB_C_PCT": 100.0,
        "ESTADO_C": "CUBIERTO",
        "COB_B_ANTERIOR_PCT": 0.0,
        "ESTADO_B_ANTERIOR": "SIN COBERTURA",
        "COB_C_ANTERIOR_PCT": 100.0,
        "ESTADO_C_ANTERIOR": "CUBIERTO"
      },
      "geometry": {
        "type": "MultiPolygon",
        "coordinates": [
          [
            [
              [
                -78.64873963331195,
                -1.6687145902486349
              ],
              [
                -78.64874070711447,
                -1.6678106334006024
              ],
              [
                -78.64784241634841,
                -1.6678095529125492
              ],
              [
                -78.64784134213656,
                -1.6687135091746372
              ],
              [
                -78.64873963331195,
                -1.6687145902486349
              ]
            ]
          ]
        ]
      }
    },
    {
      "type": "Feature",
      "properties": {
        "CELL_ID": "GIU100-30-56",
        "AMBITO": "URBANO",
        "CATEGORIA": "VIOLENCIA",
        "PLATAFORMA": "PLATAFORMA K",
        "PARROQUIA": null,
        "DISTANCE_M": 200,
        "CELL_SIZE_M": 100,
        "COUNT": 1,
        "GI_ZSCORE": 1.7260154744092873,
        "GI_PVALUE": 0.08434462886201807,
        "GI_CLASS": "HOTSPOT 90%",
        "GI_STAR": 1.7260154744092873,
        "SIGNIFICANCIA": 90,
        "SUMA_LOCAL": 12,
        "NIVEL": 90,
        "COB_A_PCT": 0.0,
        "ESTADO_A": "SIN COBERTURA",
        "COB_B_PCT": 0.0,
        "ESTADO_B": "SIN COBERTURA",
        "COB_C_PCT": 100.0,
        "ESTADO_C": "CUBIERTO",
        "COB_B_ANTERIOR_PCT": 0.0,
        "ESTADO_B_ANTERIOR": "SIN COBERTURA",
        "COB_C_ANTERIOR_PCT": 100.0,
        "ESTADO_C_ANTERIOR": "CUBIERTO"
      },
      "geometry": {
        "type": "MultiPolygon",
        "coordinates": [
          [
            [
              [
                -78.64784134213656,
                -1.6687135091746372
              ],
              [
                -78.64784241634841,
                -1.6678095529125492
              ],
              [
                -78.64694412616522,
                -1.667808472012706
              ],
              [
                -78.64694305154406,
                -1.6687124276886254
              ],
              [
                -78.64784134213656,
                -1.6687135091746372
              ]
            ]
          ]
        ]
      }
    },
    {
      "type": "Feature",
      "properties": {
        "CELL_ID": "GIU100-30-57",
        "AMBITO": "URBANO",
        "CATEGORIA": "VIOLENCIA",
        "PLATAFORMA": "PLATAFORMA K",
        "PARROQUIA": null,
        "DISTANCE_M": 200,
        "CELL_SIZE_M": 100,
        "COUNT": 0,
        "GI_ZSCORE": 2.4826066268343085,
        "GI_PVALUE": 0.01304250275922858,
        "GI_CLASS": "HOTSPOT 95%",
        "GI_STAR": 2.4826066268343085,
        "SIGNIFICANCIA": 95,
        "SUMA_LOCAL": 15,
        "NIVEL": 95,
        "COB_A_PCT": 0.0,
        "ESTADO_A": "SIN COBERTURA",
        "COB_B_PCT": 12.952820888727915,
        "ESTADO_B": "PARCIALMENTE CUBIERTO",
        "COB_C_PCT": 82.80903141659152,
        "ESTADO_C": "PARCIALMENTE CUBIERTO",
        "COB_B_ANTERIOR_PCT": 0.0,
        "ESTADO_B_ANTERIOR": "SIN COBERTURA",
        "COB_C_ANTERIOR_PCT": 100.0,
        "ESTADO_C_ANTERIOR": "CUBIERTO"
      },
      "geometry": {
        "type": "MultiPolygon",
        "coordinates": [
          [
            [
              [
                -78.64694305154406,
                -1.6687124276886254
              ],
              [
                -78.64694412616522,
                -1.667808472012706
              ],
              [
                -78.64604583656515,
                -1.6678073907010733
              ],
              [
                -78.64604476153465,
                -1.668711345790602
              ],
              [
                -78.64694305154406,
                -1.6687124276886254
              ]
            ]
          ]
        ]
      }
    },
    {
      "type": "Feature",
      "properties": {
        "CELL_ID": "GIU100-30-58",
        "AMBITO": "URBANO",
        "CATEGORIA": "VIOLENCIA",
        "PLATAFORMA": "PLATAFORMA K",
        "PARROQUIA": null,
        "DISTANCE_M": 200,
        "CELL_SIZE_M": 100,
        "COUNT": 1,
        "GI_ZSCORE": 2.9870007284509894,
        "GI_PVALUE": 0.002817290511545885,
        "GI_CLASS": "HOTSPOT 99%",
        "GI_STAR": 2.9870007284509894,
        "SIGNIFICANCIA": 99,
        "SUMA_LOCAL": 17,
        "NIVEL": 99,
        "COB_A_PCT": 0.0,
        "ESTADO_A": "SIN COBERTURA",
        "COB_B_PCT": 99.86941968097763,
        "ESTADO_B": "PARCIALMENTE CUBIERTO",
        "COB_C_PCT": 100.0,
        "ESTADO_C": "CUBIERTO",
        "COB_B_ANTERIOR_PCT": 0.0,
        "ESTADO_B_ANTERIOR": "SIN COBERTURA",
        "COB_C_ANTERIOR_PCT": 100.0,
        "ESTADO_C_ANTERIOR": "CUBIERTO"
      },
      "geometry": {
        "type": "MultiPolygon",
        "coordinates": [
          [
            [
              [
                -78.64604476153465,
                -1.668711345790602
              ],
              [
                -78.64604583656515,
                -1.6678073907010733
              ],
              [
                -78.64514754754839,
                -1.667806308977653
              ],
              [
                -78.64514647210859,
                -1.6687102634805666
              ],
              [
                -78.64604476153465,
                -1.668711345790602
              ]
            ]
          ]
        ]
      }
    },
    {
      "type": "Feature",
      "properties": {
        "CELL_ID": "GIU100-30-59",
        "AMBITO": "URBANO",
        "CATEGORIA": "VIOLENCIA",
        "PLATAFORMA": "PLATAFORMA K",
        "PARROQUIA": null,
        "DISTANCE_M": 200,
        "CELL_SIZE_M": 100,
        "COUNT": 4,
        "GI_ZSCORE": 2.9870007284509894,
        "GI_PVALUE": 0.002817290511545885,
        "GI_CLASS": "HOTSPOT 99%",
        "GI_STAR": 2.9870007284509894,
        "SIGNIFICANCIA": 99,
        "SUMA_LOCAL": 17,
        "NIVEL": 99,
        "COB_A_PCT": 0.003835185335819479,
        "ESTADO_A": "PARCIALMENTE CUBIERTO",
        "COB_B_PCT": 100.0,
        "ESTADO_B": "CUBIERTO",
        "COB_C_PCT": 100.0,
        "ESTADO_C": "CUBIERTO",
        "COB_B_ANTERIOR_PCT": 0.003835185335819479,
        "ESTADO_B_ANTERIOR": "PARCIALMENTE CUBIERTO",
        "COB_C_ANTERIOR_PCT": 84.24373682082518,
        "ESTADO_C_ANTERIOR": "PARCIALMENTE CUBIERTO"
      },
      "geometry": {
        "type": "MultiPolygon",
        "coordinates": [
          [
            [
              [
                -78.64514647210859,
                -1.6687102634805666
              ],
              [
                -78.64514754754839,
                -1.667806308977653
              ],
              [
                -78.6442492591152,
                -1.6678052268424457
              ],
              [
                -78.64424818326607,
                -1.6687091807585217
              ],
              [
                -78.64514647210859,
                -1.6687102634805666
              ]
            ]
          ]
        ]
      }
    },
    {
      "type": "Feature",
      "properties": {
        "CELL_ID": "GIU100-30-60",
        "AMBITO": "URBANO",
        "CATEGORIA": "VIOLENCIA",
        "PLATAFORMA": "PLATAFORMA K",
        "PARROQUIA": null,
        "DISTANCE_M": 200,
        "CELL_SIZE_M": 100,
        "COUNT": 2,
        "GI_ZSCORE": 2.9870007284509894,
        "GI_PVALUE": 0.002817290511545885,
        "GI_CLASS": "HOTSPOT 99%",
        "GI_STAR": 2.9870007284509894,
        "SIGNIFICANCIA": 99,
        "SUMA_LOCAL": 17,
        "NIVEL": 99,
        "COB_A_PCT": 17.464524130669638,
        "ESTADO_A": "PARCIALMENTE CUBIERTO",
        "COB_B_PCT": 100.0,
        "ESTADO_B": "CUBIERTO",
        "COB_C_PCT": 100.0,
        "ESTADO_C": "CUBIERTO",
        "COB_B_ANTERIOR_PCT": 17.464524130669638,
        "ESTADO_B_ANTERIOR": "PARCIALMENTE CUBIERTO",
        "COB_C_ANTERIOR_PCT": 90.93728939816658,
        "ESTADO_C_ANTERIOR": "PARCIALMENTE CUBIERTO"
      },
      "geometry": {
        "type": "MultiPolygon",
        "coordinates": [
          [
            [
              [
                -78.64424818326607,
                -1.6687091807585217
              ],
              [
                -78.6442492591152,
                -1.6678052268424457
              ],
              [
                -78.64335097126578,
                -1.6678041442954536
              ],
              [
                -78.64334989500735,
                -1.6687080976244684
              ],
              [
                -78.64424818326607,
                -1.6687091807585217
              ]
            ]
          ]
        ]
      }
    },
    {
      "type": "Feature",
      "properties": {
        "CELL_ID": "GIU100-30-61",
        "AMBITO": "URBANO",
        "CATEGORIA": "VIOLENCIA",
        "PLATAFORMA": "PLATAFORMA O",
        "PARROQUIA": null,
        "DISTANCE_M": 200,
        "CELL_SIZE_M": 100,
        "COUNT": 0,
        "GI_ZSCORE": 1.7260154744092873,
        "GI_PVALUE": 0.08434462886201807,
        "GI_CLASS": "HOTSPOT 90%",
        "GI_STAR": 1.7260154744092873,
        "SIGNIFICANCIA": 90,
        "SUMA_LOCAL": 12,
        "NIVEL": 90,
        "COB_A_PCT": 15.325574373159503,
        "ESTADO_A": "PARCIALMENTE CUBIERTO",
        "COB_B_PCT": 75.0885391321737,
        "ESTADO_B": "PARCIALMENTE CUBIERTO",
        "COB_C_PCT": 100.0,
        "ESTADO_C": "CUBIERTO",
        "COB_B_ANTERIOR_PCT": 15.325574373159503,
        "ESTADO_B_ANTERIOR": "PARCIALMENTE CUBIERTO",
        "COB_C_ANTERIOR_PCT": 99.31593156929623,
        "ESTADO_C_ANTERIOR": "PARCIALMENTE CUBIERTO"
      },
      "geometry": {
        "type": "MultiPolygon",
        "coordinates": [
          [
            [
              [
                -78.64334989500735,
                -1.6687080976244684
              ],
              [
                -78.64335097126578,
                -1.6678041442954536
              ],
              [
                -78.64245268400033,
                -1.6678030613366779
              ],
              [
                -78.64245160733259,
                -1.6687070140784075
              ],
              [
                -78.64334989500735,
                -1.6687080976244684
              ]
            ]
          ]
        ]
      }
    },
    {
      "type": "Feature",
      "properties": {
        "CELL_ID": "GIU100-30-62",
        "AMBITO": "URBANO",
        "CATEGORIA": "VIOLENCIA",
        "PLATAFORMA": "PLATAFORMA O",
        "PARROQUIA": null,
        "DISTANCE_M": 200,
        "CELL_SIZE_M": 100,
        "COUNT": 1,
        "GI_ZSCORE": 1.7260154744092873,
        "GI_PVALUE": 0.08434462886201807,
        "GI_CLASS": "HOTSPOT 90%",
        "GI_STAR": 1.7260154744092873,
        "SIGNIFICANCIA": 90,
        "SUMA_LOCAL": 12,
        "NIVEL": 90,
        "COB_A_PCT": 0.0,
        "ESTADO_A": "SIN COBERTURA",
        "COB_B_PCT": 0.0,
        "ESTADO_B": "SIN COBERTURA",
        "COB_C_PCT": 100.0,
        "ESTADO_C": "CUBIERTO",
        "COB_B_ANTERIOR_PCT": 0.0,
        "ESTADO_B_ANTERIOR": "SIN COBERTURA",
        "COB_C_ANTERIOR_PCT": 100.0,
        "ESTADO_C_ANTERIOR": "CUBIERTO"
      },
      "geometry": {
        "type": "MultiPolygon",
        "coordinates": [
          [
            [
              [
                -78.64245160733259,
                -1.6687070140784075
              ],
              [
                -78.64245268400033,
                -1.6678030613366779
              ],
              [
                -78.64155439731914,
                -1.667801977966119
              ],
              [
                -78.64155332024207,
                -1.668705930120341
              ],
              [
                -78.64245160733259,
                -1.6687070140784075
              ]
            ]
          ]
        ]
      }
    },
    {
      "type": "Feature",
      "properties": {
        "CELL_ID": "GIU100-31-48",
        "AMBITO": "URBANO",
        "CATEGORIA": "VIOLENCIA",
        "PLATAFORMA": "PLATAFORMA K",
        "PARROQUIA": null,
        "DISTANCE_M": 200,
        "CELL_SIZE_M": 100,
        "COUNT": 0,
        "GI_ZSCORE": 2.9870007284509894,
        "GI_PVALUE": 0.002817290511545885,
        "GI_CLASS": "HOTSPOT 99%",
        "GI_STAR": 2.9870007284509894,
        "SIGNIFICANCIA": 99,
        "SUMA_LOCAL": 17,
        "NIVEL": 99,
        "COB_A_PCT": 100.0,
        "ESTADO_A": "CUBIERTO",
        "COB_B_PCT": 100.0,
        "ESTADO_B": "CUBIERTO",
        "COB_C_PCT": 100.0,
        "ESTADO_C": "CUBIERTO",
        "COB_B_ANTERIOR_PCT": 100.0,
        "ESTADO_B_ANTERIOR": "CUBIERTO",
        "COB_C_ANTERIOR_PCT": 100.0,
        "ESTADO_C_ANTERIOR": "CUBIERTO"
      },
      "geometry": {
        "type": "MultiPolygon",
        "coordinates": [
          [
            [
              [
                -78.65502875877898,
                -1.6678181852867267
              ],
              [
                -78.65502982913512,
                -1.6669142243343147
              ],
              [
                -78.65413153470419,
                -1.6669131473132135
              ],
              [
                -78.65413046393897,
                -1.667817107681245
              ],
              [
                -78.65502875877898,
                -1.6678181852867267
              ]
            ]
          ]
        ]
      }
    },
    {
      "type": "Feature",
      "properties": {
        "CELL_ID": "GIU100-31-49",
        "AMBITO": "URBANO",
        "CATEGORIA": "VIOLENCIA",
        "PLATAFORMA": "PLATAFORMA K",
        "PARROQUIA": null,
        "DISTANCE_M": 200,
        "CELL_SIZE_M": 100,
        "COUNT": 0,
        "GI_ZSCORE": 1.9782125252176277,
        "GI_PVALUE": 0.047904736321680026,
        "GI_CLASS": "HOTSPOT 95%",
        "GI_STAR": 1.9782125252176277,
        "SIGNIFICANCIA": 95,
        "SUMA_LOCAL": 13,
        "NIVEL": 95,
        "COB_A_PCT": 100.0,
        "ESTADO_A": "CUBIERTO",
        "COB_B_PCT": 100.0,
        "ESTADO_B": "CUBIERTO",
        "COB_C_PCT": 100.0,
        "ESTADO_C": "CUBIERTO",
        "COB_B_ANTERIOR_PCT": 100.0,
        "ESTADO_B_ANTERIOR": "CUBIERTO",
        "COB_C_ANTERIOR_PCT": 100.0,
        "ESTADO_C_ANTERIOR": "CUBIERTO"
      },
      "geometry": {
        "type": "MultiPolygon",
        "coordinates": [
          [
            [
              [
                -78.65413046393897,
                -1.667817107681245
              ],
              [
                -78.65413153470419,
                -1.6669131473132135
              ],
              [
                -78.6532332408546,
                -1.666912069880536
              ],
              [
                -78.65323216968025,
                -1.6678160296639628
              ],
              [
                -78.65413046393897,
                -1.667817107681245
              ]
            ]
          ]
        ]
      }
    },
    {
      "type": "Feature",
      "properties": {
        "CELL_ID": "GIU100-31-52",
        "AMBITO": "URBANO",
        "CATEGORIA": "VIOLENCIA",
        "PLATAFORMA": "PLATAFORMA K",
        "PARROQUIA": null,
        "DISTANCE_M": 200,
        "CELL_SIZE_M": 100,
        "COUNT": 0,
        "GI_ZSCORE": 1.9782125252176277,
        "GI_PVALUE": 0.047904736321680026,
        "GI_CLASS": "HOTSPOT 95%",
        "GI_STAR": 1.9782125252176277,
        "SIGNIFICANCIA": 95,
        "SUMA_LOCAL": 13,
        "NIVEL": 95,
        "COB_A_PCT": 100.0,
        "ESTADO_A": "CUBIERTO",
        "COB_B_PCT": 100.0,
        "ESTADO_B": "CUBIERTO",
        "COB_C_PCT": 100.0,
        "ESTADO_C": "CUBIERTO",
        "COB_B_ANTERIOR_PCT": 100.0,
        "ESTADO_B_ANTERIOR": "CUBIERTO",
        "COB_C_ANTERIOR_PCT": 100.0,
        "ESTADO_C_ANTERIOR": "CUBIERTO"
      },
      "geometry": {
        "type": "MultiPolygon",
        "coordinates": [
          [
            [
              [
                -78.65143558290772,
                -1.6678138723940046
              ],
              [
                -78.65143665490031,
                -1.666909913780456
              ],
              [
                -78.65053836279603,
                -1.666908835113057
              ],
              [
                -78.65053729039435,
                -1.6678127931413314
              ],
              [
                -78.65143558290772,
                -1.6678138723940046
              ]
            ]
          ]
        ]
      }
    },
    {
      "type": "Feature",
      "properties": {
        "CELL_ID": "GIU100-31-53",
        "AMBITO": "URBANO",
        "CATEGORIA": "VIOLENCIA",
        "PLATAFORMA": "PLATAFORMA K",
        "PARROQUIA": null,
        "DISTANCE_M": 200,
        "CELL_SIZE_M": 100,
        "COUNT": 0,
        "GI_ZSCORE": 2.734803677642649,
        "GI_PVALUE": 0.006241749090433691,
        "GI_CLASS": "HOTSPOT 99%",
        "GI_STAR": 2.734803677642649,
        "SIGNIFICANCIA": 99,
        "SUMA_LOCAL": 16,
        "NIVEL": 99,
        "COB_A_PCT": 100.0,
        "ESTADO_A": "CUBIERTO",
        "COB_B_PCT": 100.0,
        "ESTADO_B": "CUBIERTO",
        "COB_C_PCT": 100.0,
        "ESTADO_C": "CUBIERTO",
        "COB_B_ANTERIOR_PCT": 100.0,
        "ESTADO_B_ANTERIOR": "CUBIERTO",
        "COB_C_ANTERIOR_PCT": 100.0,
        "ESTADO_C_ANTERIOR": "CUBIERTO"
      },
      "geometry": {
        "type": "MultiPolygon",
        "coordinates": [
          [
            [
              [
                -78.65053729039435,
                -1.6678127931413314
              ],
              [
                -78.65053836279603,
                -1.666908835113057
              ],
              [
                -78.64964007127396,
                -1.6669077560340864
              ],
              [
                -78.6496389984632,
                -1.6678117134768635
              ],
              [
                -78.65053729039435,
                -1.6678127931413314
              ]
            ]
          ]
        ]
      }
    },
    {
      "type": "Feature",
      "properties": {
        "CELL_ID": "GIU100-31-54",
        "AMBITO": "URBANO",
        "CATEGORIA": "VIOLENCIA",
        "PLATAFORMA": "PLATAFORMA K",
        "PARROQUIA": null,
        "DISTANCE_M": 200,
        "CELL_SIZE_M": 100,
        "COUNT": 3,
        "GI_ZSCORE": 2.4826066268343085,
        "GI_PVALUE": 0.01304250275922858,
        "GI_CLASS": "HOTSPOT 95%",
        "GI_STAR": 2.4826066268343085,
        "SIGNIFICANCIA": 95,
        "SUMA_LOCAL": 15,
        "NIVEL": 95,
        "COB_A_PCT": 99.29954350557058,
        "ESTADO_A": "PARCIALMENTE CUBIERTO",
        "COB_B_PCT": 99.29954350557058,
        "ESTADO_B": "PARCIALMENTE CUBIERTO",
        "COB_C_PCT": 100.0,
        "ESTADO_C": "CUBIERTO",
        "COB_B_ANTERIOR_PCT": 99.29954350557058,
        "ESTADO_B_ANTERIOR": "PARCIALMENTE CUBIERTO",
        "COB_C_ANTERIOR_PCT": 100.0,
        "ESTADO_C_ANTERIOR": "CUBIERTO"
      },
      "geometry": {
        "type": "MultiPolygon",
        "coordinates": [
          [
            [
              [
                -78.6496389984632,
                -1.6678117134768635
              ],
              [
                -78.64964007127396,
                -1.6669077560340864
              ],
              [
                -78.64874178033433,
                -1.6669066765435463
              ],
              [
                -78.64874070711447,
                -1.6678106334006024
              ],
              [
                -78.6496389984632,
                -1.6678117134768635
              ]
            ]
          ]
        ]
      }
    },
    {
      "type": "Feature",
      "properties": {
        "CELL_ID": "GIU100-31-55",
        "AMBITO": "URBANO",
        "CATEGORIA": "VIOLENCIA",
        "PLATAFORMA": "PLATAFORMA K",
        "PARROQUIA": null,
        "DISTANCE_M": 200,
        "CELL_SIZE_M": 100,
        "COUNT": 1,
        "GI_ZSCORE": 2.4826066268343085,
        "GI_PVALUE": 0.01304250275922858,
        "GI_CLASS": "HOTSPOT 95%",
        "GI_STAR": 2.4826066268343085,
        "SIGNIFICANCIA": 95,
        "SUMA_LOCAL": 15,
        "NIVEL": 95,
        "COB_A_PCT": 42.506018202169,
        "ESTADO_A": "PARCIALMENTE CUBIERTO",
        "COB_B_PCT": 42.506018202169,
        "ESTADO_B": "PARCIALMENTE CUBIERTO",
        "COB_C_PCT": 100.0,
        "ESTADO_C": "CUBIERTO",
        "COB_B_ANTERIOR_PCT": 42.506018202169,
        "ESTADO_B_ANTERIOR": "PARCIALMENTE CUBIERTO",
        "COB_C_ANTERIOR_PCT": 100.0,
        "ESTADO_C_ANTERIOR": "CUBIERTO"
      },
      "geometry": {
        "type": "MultiPolygon",
        "coordinates": [
          [
            [
              [
                -78.64874070711447,
                -1.6678106334006024
              ],
              [
                -78.64874178033433,
                -1.6669066765435463
              ],
              [
                -78.64784348997736,
                -1.6669055966414377
              ],
              [
                -78.64784241634841,
                -1.6678095529125492
              ],
              [
                -78.64874070711447,
                -1.6678106334006024
              ]
            ]
          ]
        ]
      }
    },
    {
      "type": "Feature",
      "properties": {
        "CELL_ID": "GIU100-31-56",
        "AMBITO": "URBANO",
        "CATEGORIA": "VIOLENCIA",
        "PLATAFORMA": "PLATAFORMA K",
        "PARROQUIA": null,
        "DISTANCE_M": 200,
        "CELL_SIZE_M": 100,
        "COUNT": 1,
        "GI_ZSCORE": 2.9870007284509894,
        "GI_PVALUE": 0.002817290511545885,
        "GI_CLASS": "HOTSPOT 99%",
        "GI_STAR": 2.9870007284509894,
        "SIGNIFICANCIA": 99,
        "SUMA_LOCAL": 17,
        "NIVEL": 99,
        "COB_A_PCT": 0.0,
        "ESTADO_A": "SIN COBERTURA",
        "COB_B_PCT": 0.0,
        "ESTADO_B": "SIN COBERTURA",
        "COB_C_PCT": 100.0,
        "ESTADO_C": "CUBIERTO",
        "COB_B_ANTERIOR_PCT": 0.0,
        "ESTADO_B_ANTERIOR": "SIN COBERTURA",
        "COB_C_ANTERIOR_PCT": 100.0,
        "ESTADO_C_ANTERIOR": "CUBIERTO"
      },
      "geometry": {
        "type": "MultiPolygon",
        "coordinates": [
          [
            [
              [
                -78.64784241634841,
                -1.6678095529125492
              ],
              [
                -78.64784348997736,
                -1.6669055966414377
              ],
              [
                -78.64694520020328,
                -1.6669045163277616
              ],
              [
                -78.64694412616522,
                -1.667808472012706
              ],
              [
                -78.64784241634841,
                -1.6678095529125492
              ]
            ]
          ]
        ]
      }
    },
    {
      "type": "Feature",
      "properties": {
        "CELL_ID": "GIU100-31-58",
        "AMBITO": "URBANO",
        "CATEGORIA": "VIOLENCIA",
        "PLATAFORMA": "PLATAFORMA K",
        "PARROQUIA": null,
        "DISTANCE_M": 200,
        "CELL_SIZE_M": 100,
        "COUNT": 0,
        "GI_ZSCORE": 1.9782125252176277,
        "GI_PVALUE": 0.047904736321680026,
        "GI_CLASS": "HOTSPOT 95%",
        "GI_STAR": 1.9782125252176277,
        "SIGNIFICANCIA": 95,
        "SUMA_LOCAL": 13,
        "NIVEL": 95,
        "COB_A_PCT": 0.0,
        "ESTADO_A": "SIN COBERTURA",
        "COB_B_PCT": 52.35518199926137,
        "ESTADO_B": "PARCIALMENTE CUBIERTO",
        "COB_C_PCT": 100.0,
        "ESTADO_C": "CUBIERTO",
        "COB_B_ANTERIOR_PCT": 0.0,
        "ESTADO_B_ANTERIOR": "SIN COBERTURA",
        "COB_C_ANTERIOR_PCT": 100.0,
        "ESTADO_C_ANTERIOR": "CUBIERTO"
      },
      "geometry": {
        "type": "MultiPolygon",
        "coordinates": [
          [
            [
              [
                -78.64604583656515,
                -1.6678073907010733
              ],
              [
                -78.6460469110123,
                -1.6669034356025199
              ],
              [
                -78.64514862240465,
                -1.6669023544657133
              ],
              [
                -78.64514754754839,
                -1.667806308977653
              ],
              [
                -78.64604583656515,
                -1.6678073907010733
              ]
            ]
          ]
        ]
      }
    },
    {
      "type": "Feature",
      "properties": {
        "CELL_ID": "GIU100-31-59",
        "AMBITO": "URBANO",
        "CATEGORIA": "VIOLENCIA",
        "PLATAFORMA": "PLATAFORMA K",
        "PARROQUIA": null,
        "DISTANCE_M": 200,
        "CELL_SIZE_M": 100,
        "COUNT": 0,
        "GI_ZSCORE": 3.743591880876011,
        "GI_PVALUE": 0.00018140822292464902,
        "GI_CLASS": "HOTSPOT 99%",
        "GI_STAR": 3.743591880876011,
        "SIGNIFICANCIA": 99,
        "SUMA_LOCAL": 20,
        "NIVEL": 99,
        "COB_A_PCT": 55.72061095740955,
        "ESTADO_A": "PARCIALMENTE CUBIERTO",
        "COB_B_PCT": 98.9561847407666,
        "ESTADO_B": "PARCIALMENTE CUBIERTO",
        "COB_C_PCT": 100.0,
        "ESTADO_C": "CUBIERTO",
        "COB_B_ANTERIOR_PCT": 55.72061095740955,
        "ESTADO_B_ANTERIOR": "PARCIALMENTE CUBIERTO",
        "COB_C_ANTERIOR_PCT": 73.36818961662773,
        "ESTADO_C_ANTERIOR": "PARCIALMENTE CUBIERTO"
      },
      "geometry": {
        "type": "MultiPolygon",
        "coordinates": [
          [
            [
              [
                -78.64514754754839,
                -1.667806308977653
              ],
              [
                -78.64514862240465,
                -1.6669023544657133
              ],
              [
                -78.64425033438054,
                -1.6669012729173442
              ],
              [
                -78.6442492591152,
                -1.6678052268424457
              ],
              [
                -78.64514754754839,
                -1.667806308977653
              ]
            ]
          ]
        ]
      }
    },
    {
      "type": "Feature",
      "properties": {
        "CELL_ID": "GIU100-31-60",
        "AMBITO": "URBANO",
        "CATEGORIA": "VIOLENCIA",
        "PLATAFORMA": "PLATAFORMA K",
        "PARROQUIA": null,
        "DISTANCE_M": 200,
        "CELL_SIZE_M": 100,
        "COUNT": 0,
        "GI_ZSCORE": 3.4913948300676707,
        "GI_PVALUE": 0.0004805055964282036,
        "GI_CLASS": "HOTSPOT 99%",
        "GI_STAR": 3.4913948300676707,
        "SIGNIFICANCIA": 99,
        "SUMA_LOCAL": 19,
        "NIVEL": 99,
        "COB_A_PCT": 100.0,
        "ESTADO_A": "CUBIERTO",
        "COB_B_PCT": 100.0,
        "ESTADO_B": "CUBIERTO",
        "COB_C_PCT": 100.0,
        "ESTADO_C": "CUBIERTO",
        "COB_B_ANTERIOR_PCT": 100.0,
        "ESTADO_B_ANTERIOR": "CUBIERTO",
        "COB_C_ANTERIOR_PCT": 100.0,
        "ESTADO_C_ANTERIOR": "CUBIERTO"
      },
      "geometry": {
        "type": "MultiPolygon",
        "coordinates": [
          [
            [
              [
                -78.6442492591152,
                -1.6678052268424457
              ],
              [
                -78.64425033438054,
                -1.6669012729173442
              ],
              [
                -78.64335204694021,
                -1.6669001909574124
              ],
              [
                -78.64335097126578,
                -1.6678041442954536
              ],
              [
                -78.6442492591152,
                -1.6678052268424457
              ]
            ]
          ]
        ]
      }
    },
    {
      "type": "Feature",
      "properties": {
        "CELL_ID": "GIU100-31-61",
        "AMBITO": "URBANO",
        "CATEGORIA": "VIOLENCIA",
        "PLATAFORMA": "PLATAFORMA K",
        "PARROQUIA": null,
        "DISTANCE_M": 200,
        "CELL_SIZE_M": 100,
        "COUNT": 3,
        "GI_ZSCORE": 1.9782125252176277,
        "GI_PVALUE": 0.047904736321680026,
        "GI_CLASS": "HOTSPOT 95%",
        "GI_STAR": 1.9782125252176277,
        "SIGNIFICANCIA": 95,
        "SUMA_LOCAL": 13,
        "NIVEL": 95,
        "COB_A_PCT": 99.84450738871857,
        "ESTADO_A": "PARCIALMENTE CUBIERTO",
        "COB_B_PCT": 99.84450738871857,
        "ESTADO_B": "PARCIALMENTE CUBIERTO",
        "COB_C_PCT": 100.0,
        "ESTADO_C": "CUBIERTO",
        "COB_B_ANTERIOR_PCT": 99.84450738871857,
        "ESTADO_B_ANTERIOR": "PARCIALMENTE CUBIERTO",
        "COB_C_ANTERIOR_PCT": 100.0,
        "ESTADO_C_ANTERIOR": "CUBIERTO"
      },
      "geometry": {
        "type": "MultiPolygon",
        "coordinates": [
          [
            [
              [
                -78.64335097126578,
                -1.6678041442954536
              ],
              [
                -78.64335204694021,
                -1.6669001909574124
              ],
              [
                -78.64245376008387,
                -1.6668991085859208
              ],
              [
                -78.64245268400033,
                -1.6678030613366779
              ],
              [
                -78.64335097126578,
                -1.6678041442954536
              ]
            ]
          ]
        ]
      }
    },
    {
      "type": "Feature",
      "properties": {
        "CELL_ID": "GIU100-31-63",
        "AMBITO": "URBANO",
        "CATEGORIA": "VIOLENCIA",
        "PLATAFORMA": "PLATAFORMA O",
        "PARROQUIA": null,
        "DISTANCE_M": 200,
        "CELL_SIZE_M": 100,
        "COUNT": 0,
        "GI_ZSCORE": 1.7260154744092873,
        "GI_PVALUE": 0.08434462886201807,
        "GI_CLASS": "HOTSPOT 90%",
        "GI_STAR": 1.7260154744092873,
        "SIGNIFICANCIA": 90,
        "SUMA_LOCAL": 12,
        "NIVEL": 90,
        "COB_A_PCT": 0.0,
        "ESTADO_A": "SIN COBERTURA",
        "COB_B_PCT": 0.0,
        "ESTADO_B": "SIN COBERTURA",
        "COB_C_PCT": 100.0,
        "ESTADO_C": "CUBIERTO",
        "COB_B_ANTERIOR_PCT": 0.0,
        "ESTADO_B_ANTERIOR": "SIN COBERTURA",
        "COB_C_ANTERIOR_PCT": 100.0,
        "ESTADO_C_ANTERIOR": "CUBIERTO"
      },
      "geometry": {
        "type": "MultiPolygon",
        "coordinates": [
          [
            [
              [
                -78.64155439731914,
                -1.667801977966119
              ],
              [
                -78.64155547381174,
                -1.6668980258028698
              ],
              [
                -78.64065718812404,
                -1.6668969426082603
              ],
              [
                -78.64065611122234,
                -1.6678008941837794
              ],
              [
                -78.64155439731914,
                -1.667801977966119
              ]
            ]
          ]
        ]
      }
    },
    {
      "type": "Feature",
      "properties": {
        "CELL_ID": "GIU100-32-46",
        "AMBITO": "URBANO",
        "CATEGORIA": "VIOLENCIA",
        "PLATAFORMA": "PLATAFORMA J",
        "PARROQUIA": null,
        "DISTANCE_M": 200,
        "CELL_SIZE_M": 100,
        "COUNT": 1,
        "GI_ZSCORE": 1.7260154744092873,
        "GI_PVALUE": 0.08434462886201807,
        "GI_CLASS": "HOTSPOT 90%",
        "GI_STAR": 1.7260154744092873,
        "SIGNIFICANCIA": 90,
        "SUMA_LOCAL": 12,
        "NIVEL": 90,
        "COB_A_PCT": 86.75253761595879,
        "ESTADO_A": "PARCIALMENTE CUBIERTO",
        "COB_B_PCT": 86.75253761595879,
        "ESTADO_B": "PARCIALMENTE CUBIERTO",
        "COB_C_PCT": 86.75253761595879,
        "ESTADO_C": "PARCIALMENTE CUBIERTO",
        "COB_B_ANTERIOR_PCT": 86.75253761595879,
        "ESTADO_B_ANTERIOR": "PARCIALMENTE CUBIERTO",
        "COB_C_ANTERIOR_PCT": 86.75253761595879,
        "ESTADO_C_ANTERIOR": "PARCIALMENTE CUBIERTO"
      },
      "geometry": {
        "type": "MultiPolygon",
        "coordinates": [
          [
            [
              [
                -78.65682641974004,
                -1.6669163771417825
              ],
              [
                -78.65682748869729,
                -1.6660124150122637
              ],
              [
                -78.6559291935133,
                -1.6660113393982534
              ],
              [
                -78.65592812414714,
                -1.6669153009438378
              ],
              [
                -78.65682641974004,
                -1.6669163771417825
              ]
            ]
          ]
        ]
      }
    },
    {
      "type": "Feature",
      "properties": {
        "CELL_ID": "GIU100-32-47",
        "AMBITO": "URBANO",
        "CATEGORIA": "VIOLENCIA",
        "PLATAFORMA": "PLATAFORMA J",
        "PARROQUIA": null,
        "DISTANCE_M": 200,
        "CELL_SIZE_M": 100,
        "COUNT": 0,
        "GI_ZSCORE": 2.4826066268343085,
        "GI_PVALUE": 0.01304250275922858,
        "GI_CLASS": "HOTSPOT 95%",
        "GI_STAR": 2.4826066268343085,
        "SIGNIFICANCIA": 95,
        "SUMA_LOCAL": 15,
        "NIVEL": 95,
        "COB_A_PCT": 100.0,
        "ESTADO_A": "CUBIERTO",
        "COB_B_PCT": 100.0,
        "ESTADO_B": "CUBIERTO",
        "COB_C_PCT": 100.0,
        "ESTADO_C": "CUBIERTO",
        "COB_B_ANTERIOR_PCT": 100.0,
        "ESTADO_B_ANTERIOR": "CUBIERTO",
        "COB_C_ANTERIOR_PCT": 100.0,
        "ESTADO_C_ANTERIOR": "CUBIERTO"
      },
      "geometry": {
        "type": "MultiPolygon",
        "coordinates": [
          [
            [
              [
                -78.65592812414714,
                -1.6669153009438378
              ],
              [
                -78.6559291935133,
                -1.6660113393982534
              ],
              [
                -78.65503089891014,
                -1.666010263372887
              ],
              [
                -78.65502982913512,
                -1.6669142243343147
              ],
              [
                -78.65592812414714,
                -1.6669153009438378
              ]
            ]
          ]
        ]
      }
    },
    {
      "type": "Feature",
      "properties": {
        "CELL_ID": "GIU100-32-50",
        "AMBITO": "URBANO",
        "CATEGORIA": "VIOLENCIA",
        "PLATAFORMA": "PLATAFORMA K",
        "PARROQUIA": null,
        "DISTANCE_M": 200,
        "CELL_SIZE_M": 100,
        "COUNT": 1,
        "GI_ZSCORE": 1.7260154744092873,
        "GI_PVALUE": 0.08434462886201807,
        "GI_CLASS": "HOTSPOT 90%",
        "GI_STAR": 1.7260154744092873,
        "SIGNIFICANCIA": 90,
        "SUMA_LOCAL": 12,
        "NIVEL": 90,
        "COB_A_PCT": 100.0,
        "ESTADO_A": "CUBIERTO",
        "COB_B_PCT": 100.0,
        "ESTADO_B": "CUBIERTO",
        "COB_C_PCT": 100.0,
        "ESTADO_C": "CUBIERTO",
        "COB_B_ANTERIOR_PCT": 100.0,
        "ESTADO_B_ANTERIOR": "CUBIERTO",
        "COB_C_ANTERIOR_PCT": 100.0,
        "ESTADO_C_ANTERIOR": "CUBIERTO"
      },
      "geometry": {
        "type": "MultiPolygon",
        "coordinates": [
          [
            [
              [
                -78.6532332408546,
                -1.666912069880536
              ],
              [
                -78.65323431144743,
                -1.6660081100880926
              ],
              [
                -78.65233601858824,
                -1.6660070328286662
              ],
              [
                -78.65233494758657,
                -1.666910992036283
              ],
              [
                -78.6532332408546,
                -1.666912069880536
              ]
            ]
          ]
        ]
      }
    },
    {
      "type": "Feature",
      "properties": {
        "CELL_ID": "GIU100-32-53",
        "AMBITO": "URBANO",
        "CATEGORIA": "VIOLENCIA",
        "PLATAFORMA": "PLATAFORMA K",
        "PARROQUIA": null,
        "DISTANCE_M": 200,
        "CELL_SIZE_M": 100,
        "COUNT": 0,
        "GI_ZSCORE": 2.4826066268343085,
        "GI_PVALUE": 0.01304250275922858,
        "GI_CLASS": "HOTSPOT 95%",
        "GI_STAR": 2.4826066268343085,
        "SIGNIFICANCIA": 95,
        "SUMA_LOCAL": 15,
        "NIVEL": 95,
        "COB_A_PCT": 100.0,
        "ESTADO_A": "CUBIERTO",
        "COB_B_PCT": 100.0,
        "ESTADO_B": "CUBIERTO",
        "COB_C_PCT": 100.0,
        "ESTADO_C": "CUBIERTO",
        "COB_B_ANTERIOR_PCT": 100.0,
        "ESTADO_B_ANTERIOR": "CUBIERTO",
        "COB_C_ANTERIOR_PCT": 100.0,
        "ESTADO_C_ANTERIOR": "CUBIERTO"
      },
      "geometry": {
        "type": "MultiPolygon",
        "coordinates": [
          [
            [
              [
                -78.65053836279603,
                -1.666908835113057
              ],
              [
                -78.65053943461547,
                -1.666004877075765
              ],
              [
                -78.6496411435023,
                -1.6660037985822915
              ],
              [
                -78.64964007127396,
                -1.6669077560340864
              ],
              [
                -78.65053836279603,
                -1.666908835113057
              ]
            ]
          ]
        ]
      }
    },
    {
      "type": "Feature",
      "properties": {
        "CELL_ID": "GIU100-32-54",
        "AMBITO": "URBANO",
        "CATEGORIA": "VIOLENCIA",
        "PLATAFORMA": "PLATAFORMA K",
        "PARROQUIA": null,
        "DISTANCE_M": 200,
        "CELL_SIZE_M": 100,
        "COUNT": 2,
        "GI_ZSCORE": 2.9870007284509894,
        "GI_PVALUE": 0.002817290511545885,
        "GI_CLASS": "HOTSPOT 99%",
        "GI_STAR": 2.9870007284509894,
        "SIGNIFICANCIA": 99,
        "SUMA_LOCAL": 17,
        "NIVEL": 99,
        "COB_A_PCT": 100.0,
        "ESTADO_A": "CUBIERTO",
        "COB_B_PCT": 100.0,
        "ESTADO_B": "CUBIERTO",
        "COB_C_PCT": 100.0,
        "ESTADO_C": "CUBIERTO",
        "COB_B_ANTERIOR_PCT": 100.0,
        "ESTADO_B_ANTERIOR": "CUBIERTO",
        "COB_C_ANTERIOR_PCT": 100.0,
        "ESTADO_C_ANTERIOR": "CUBIERTO"
      },
      "geometry": {
        "type": "MultiPolygon",
        "coordinates": [
          [
            [
              [
                -78.64964007127396,
                -1.6669077560340864
              ],
              [
                -78.6496411435023,
                -1.6660037985822915
              ],
              [
                -78.64874285297154,
                -1.6660027196774714
              ],
              [
                -78.64874178033433,
                -1.6669066765435463
              ],
              [
                -78.64964007127396,
                -1.6669077560340864
              ]
            ]
          ]
        ]
      }
    },
    {
      "type": "Feature",
      "properties": {
        "CELL_ID": "GIU100-32-55",
        "AMBITO": "URBANO",
        "CATEGORIA": "VIOLENCIA",
        "PLATAFORMA": "PLATAFORMA K",
        "PARROQUIA": null,
        "DISTANCE_M": 200,
        "CELL_SIZE_M": 100,
        "COUNT": 1,
        "GI_ZSCORE": 3.4913948300676707,
        "GI_PVALUE": 0.0004805055964282036,
        "GI_CLASS": "HOTSPOT 99%",
        "GI_STAR": 3.4913948300676707,
        "SIGNIFICANCIA": 99,
        "SUMA_LOCAL": 19,
        "NIVEL": 99,
        "COB_A_PCT": 91.11930302177852,
        "ESTADO_A": "PARCIALMENTE CUBIERTO",
        "COB_B_PCT": 91.11930302177852,
        "ESTADO_B": "PARCIALMENTE CUBIERTO",
        "COB_C_PCT": 100.0,
        "ESTADO_C": "CUBIERTO",
        "COB_B_ANTERIOR_PCT": 91.11930302177852,
        "ESTADO_B_ANTERIOR": "PARCIALMENTE CUBIERTO",
        "COB_C_ANTERIOR_PCT": 100.0,
        "ESTADO_C_ANTERIOR": "CUBIERTO"
      },
      "geometry": {
        "type": "MultiPolygon",
        "coordinates": [
          [
            [
              [
                -78.64874178033433,
                -1.6669066765435463
              ],
              [
                -78.64874285297154,
                -1.6660027196774714
              ],
              [
                -78.64784456302345,
                -1.6660016403613067
              ],
              [
                -78.64784348997736,
                -1.6669055966414377
              ],
              [
                -78.64874178033433,
                -1.6669066765435463
              ]
            ]
          ]
        ]
      }
    },
    {
      "type": "Feature",
      "properties": {
        "CELL_ID": "GIU100-32-56",
        "AMBITO": "URBANO",
        "CATEGORIA": "VIOLENCIA",
        "PLATAFORMA": "PLATAFORMA K",
        "PARROQUIA": null,
        "DISTANCE_M": 200,
        "CELL_SIZE_M": 100,
        "COUNT": 0,
        "GI_ZSCORE": 1.9782125252176277,
        "GI_PVALUE": 0.047904736321680026,
        "GI_CLASS": "HOTSPOT 95%",
        "GI_STAR": 1.9782125252176277,
        "SIGNIFICANCIA": 95,
        "SUMA_LOCAL": 13,
        "NIVEL": 95,
        "COB_A_PCT": 1.390055531999151,
        "ESTADO_A": "PARCIALMENTE CUBIERTO",
        "COB_B_PCT": 1.390055531999151,
        "ESTADO_B": "PARCIALMENTE CUBIERTO",
        "COB_C_PCT": 100.0,
        "ESTADO_C": "CUBIERTO",
        "COB_B_ANTERIOR_PCT": 1.390055531999151,
        "ESTADO_B_ANTERIOR": "PARCIALMENTE CUBIERTO",
        "COB_C_ANTERIOR_PCT": 100.0,
        "ESTADO_C_ANTERIOR": "CUBIERTO"
      },
      "geometry": {
        "type": "MultiPolygon",
        "coordinates": [
          [
            [
              [
                -78.64784348997736,
                -1.6669055966414377
              ],
              [
                -78.64784456302345,
                -1.6660016403613067
              ],
              [
                -78.64694627365823,
                -1.6660005606337975
              ],
              [
                -78.64694520020328,
                -1.6669045163277616
              ],
              [
                -78.64784348997736,
                -1.6669055966414377
              ]
            ]
          ]
        ]
      }
    },
    {
      "type": "Feature",
      "properties": {
        "CELL_ID": "GIU100-32-57",
        "AMBITO": "URBANO",
        "CATEGORIA": "VIOLENCIA",
        "PLATAFORMA": "PLATAFORMA K",
        "PARROQUIA": null,
        "DISTANCE_M": 200,
        "CELL_SIZE_M": 100,
        "COUNT": 1,
        "GI_ZSCORE": 1.7260154744092873,
        "GI_PVALUE": 0.08434462886201807,
        "GI_CLASS": "HOTSPOT 90%",
        "GI_STAR": 1.7260154744092873,
        "SIGNIFICANCIA": 90,
        "SUMA_LOCAL": 12,
        "NIVEL": 90,
        "COB_A_PCT": 0.0,
        "ESTADO_A": "SIN COBERTURA",
        "COB_B_PCT": 0.0,
        "ESTADO_B": "SIN COBERTURA",
        "COB_C_PCT": 100.0,
        "ESTADO_C": "CUBIERTO",
        "COB_B_ANTERIOR_PCT": 0.0,
        "ESTADO_B_ANTERIOR": "SIN COBERTURA",
        "COB_C_ANTERIOR_PCT": 100.0,
        "ESTADO_C_ANTERIOR": "CUBIERTO"
      },
      "geometry": {
        "type": "MultiPolygon",
        "coordinates": [
          [
            [
              [
                -78.64694520020328,
                -1.6669045163277616
              ],
              [
                -78.64694627365823,
                -1.6660005606337975
              ],
              [
                -78.64604798487613,
                -1.6659994804949458
              ],
              [
                -78.6460469110123,
                -1.6669034356025199
              ],
              [
                -78.64694520020328,
                -1.6669045163277616
              ]
            ]
          ]
        ]
      }
    },
    {
      "type": "Feature",
      "properties": {
        "CELL_ID": "GIU100-32-58",
        "AMBITO": "URBANO",
        "CATEGORIA": "VIOLENCIA",
        "PLATAFORMA": "PLATAFORMA K",
        "PARROQUIA": null,
        "DISTANCE_M": 200,
        "CELL_SIZE_M": 100,
        "COUNT": 0,
        "GI_ZSCORE": 1.7260154744092873,
        "GI_PVALUE": 0.08434462886201807,
        "GI_CLASS": "HOTSPOT 90%",
        "GI_STAR": 1.7260154744092873,
        "SIGNIFICANCIA": 90,
        "SUMA_LOCAL": 12,
        "NIVEL": 90,
        "COB_A_PCT": 2.111294068038156,
        "ESTADO_A": "PARCIALMENTE CUBIERTO",
        "COB_B_PCT": 2.111294068038156,
        "ESTADO_B": "PARCIALMENTE CUBIERTO",
        "COB_C_PCT": 100.0,
        "ESTADO_C": "CUBIERTO",
        "COB_B_ANTERIOR_PCT": 2.111294068038156,
        "ESTADO_B_ANTERIOR": "PARCIALMENTE CUBIERTO",
        "COB_C_ANTERIOR_PCT": 100.0,
        "ESTADO_C_ANTERIOR": "CUBIERTO"
      },
      "geometry": {
        "type": "MultiPolygon",
        "coordinates": [
          [
            [
              [
                -78.6460469110123,
                -1.6669034356025199
              ],
              [
                -78.64604798487613,
                -1.6659994804949458
              ],
              [
                -78.64514969667736,
                -1.6659983999447536
              ],
              [
                -78.64514862240465,
                -1.6669023544657133
              ],
              [
                -78.6460469110123,
                -1.6669034356025199
              ]
            ]
          ]
        ]
      }
    },
    {
      "type": "Feature",
      "properties": {
        "CELL_ID": "GIU100-32-59",
        "AMBITO": "URBANO",
        "CATEGORIA": "VIOLENCIA",
        "PLATAFORMA": "PLATAFORMA K",
        "PARROQUIA": null,
        "DISTANCE_M": 200,
        "CELL_SIZE_M": 100,
        "COUNT": 4,
        "GI_ZSCORE": 2.230409576025968,
        "GI_PVALUE": 0.025720264423434874,
        "GI_CLASS": "HOTSPOT 95%",
        "GI_STAR": 2.230409576025968,
        "SIGNIFICANCIA": 95,
        "SUMA_LOCAL": 14,
        "NIVEL": 95,
        "COB_A_PCT": 98.44184449333095,
        "ESTADO_A": "PARCIALMENTE CUBIERTO",
        "COB_B_PCT": 98.44184449333095,
        "ESTADO_B": "PARCIALMENTE CUBIERTO",
        "COB_C_PCT": 100.0,
        "ESTADO_C": "CUBIERTO",
        "COB_B_ANTERIOR_PCT": 98.44184449333095,
        "ESTADO_B_ANTERIOR": "PARCIALMENTE CUBIERTO",
        "COB_C_ANTERIOR_PCT": 100.0,
        "ESTADO_C_ANTERIOR": "CUBIERTO"
      },
      "geometry": {
        "type": "MultiPolygon",
        "coordinates": [
          [
            [
              [
                -78.64514862240465,
                -1.6669023544657133
              ],
              [
                -78.64514969667736,
                -1.6659983999447536
              ],
              [
                -78.64425140906211,
                -1.6659973189832207
              ],
              [
                -78.64425033438054,
                -1.6669012729173442
              ],
              [
                -78.64514862240465,
                -1.6669023544657133
              ]
            ]
          ]
        ]
      }
    },
    {
      "type": "Feature",
      "properties": {
        "CELL_ID": "GIU100-32-60",
        "AMBITO": "URBANO",
        "CATEGORIA": "VIOLENCIA",
        "PLATAFORMA": "PLATAFORMA K",
        "PARROQUIA": null,
        "DISTANCE_M": 200,
        "CELL_SIZE_M": 100,
        "COUNT": 4,
        "GI_ZSCORE": 2.230409576025968,
        "GI_PVALUE": 0.025720264423434874,
        "GI_CLASS": "HOTSPOT 95%",
        "GI_STAR": 2.230409576025968,
        "SIGNIFICANCIA": 95,
        "SUMA_LOCAL": 14,
        "NIVEL": 95,
        "COB_A_PCT": 100.0,
        "ESTADO_A": "CUBIERTO",
        "COB_B_PCT": 100.0,
        "ESTADO_B": "CUBIERTO",
        "COB_C_PCT": 100.0,
        "ESTADO_C": "CUBIERTO",
        "COB_B_ANTERIOR_PCT": 100.0,
        "ESTADO_B_ANTERIOR": "CUBIERTO",
        "COB_C_ANTERIOR_PCT": 100.0,
        "ESTADO_C_ANTERIOR": "CUBIERTO"
      },
      "geometry": {
        "type": "MultiPolygon",
        "coordinates": [
          [
            [
              [
                -78.64425033438054,
                -1.6669012729173442
              ],
              [
                -78.64425140906211,
                -1.6659973189832207
              ],
              [
                -78.64335312203065,
                -1.6659962376103499
              ],
              [
                -78.64335204694021,
                -1.6669001909574124
              ],
              [
                -78.64425033438054,
                -1.6669012729173442
              ]
            ]
          ]
        ]
      }
    },
    {
      "type": "Feature",
      "properties": {
        "CELL_ID": "GIU100-32-61",
        "AMBITO": "URBANO",
        "CATEGORIA": "VIOLENCIA",
        "PLATAFORMA": "PLATAFORMA M",
        "PARROQUIA": null,
        "DISTANCE_M": 200,
        "CELL_SIZE_M": 100,
        "COUNT": 0,
        "GI_ZSCORE": 3.4913948300676707,
        "GI_PVALUE": 0.0004805055964282036,
        "GI_CLASS": "HOTSPOT 99%",
        "GI_STAR": 3.4913948300676707,
        "SIGNIFICANCIA": 99,
        "SUMA_LOCAL": 19,
        "NIVEL": 99,
        "COB_A_PCT": 100.0,
        "ESTADO_A": "CUBIERTO",
        "COB_B_PCT": 100.0,
        "ESTADO_B": "CUBIERTO",
        "COB_C_PCT": 100.0,
        "ESTADO_C": "CUBIERTO",
        "COB_B_ANTERIOR_PCT": 100.0,
        "ESTADO_B_ANTERIOR": "CUBIERTO",
        "COB_C_ANTERIOR_PCT": 100.0,
        "ESTADO_C_ANTERIOR": "CUBIERTO"
      },
      "geometry": {
        "type": "MultiPolygon",
        "coordinates": [
          [
            [
              [
                -78.64335204694021,
                -1.6669001909574124
              ],
              [
                -78.64335312203065,
                -1.6659962376103499
              ],
              [
                -78.64245483558318,
                -1.665995155826141
              ],
              [
                -78.64245376008387,
                -1.6668991085859208
              ],
              [
                -78.64335204694021,
                -1.6669001909574124
              ]
            ]
          ]
        ]
      }
    },
    {
      "type": "Feature",
      "properties": {
        "CELL_ID": "GIU100-32-62",
        "AMBITO": "URBANO",
        "CATEGORIA": "VIOLENCIA",
        "PLATAFORMA": "PLATAFORMA M",
        "PARROQUIA": null,
        "DISTANCE_M": 200,
        "CELL_SIZE_M": 100,
        "COUNT": 1,
        "GI_ZSCORE": 2.4826066268343085,
        "GI_PVALUE": 0.01304250275922858,
        "GI_CLASS": "HOTSPOT 95%",
        "GI_STAR": 2.4826066268343085,
        "SIGNIFICANCIA": 95,
        "SUMA_LOCAL": 15,
        "NIVEL": 95,
        "COB_A_PCT": 91.9929966396462,
        "ESTADO_A": "PARCIALMENTE CUBIERTO",
        "COB_B_PCT": 91.9929966396462,
        "ESTADO_B": "PARCIALMENTE CUBIERTO",
        "COB_C_PCT": 96.82088967777888,
        "ESTADO_C": "PARCIALMENTE CUBIERTO",
        "COB_B_ANTERIOR_PCT": 94.83213430995477,
        "ESTADO_B_ANTERIOR": "PARCIALMENTE CUBIERTO",
        "COB_C_ANTERIOR_PCT": 99.60875459457144,
        "ESTADO_C_ANTERIOR": "PARCIALMENTE CUBIERTO"
      },
      "geometry": {
        "type": "MultiPolygon",
        "coordinates": [
          [
            [
              [
                -78.64245376008387,
                -1.6668991085859208
              ],
              [
                -78.64245483558318,
                -1.665995155826141
              ],
              [
                -78.64155654971991,
                -1.665994073630597
              ],
              [
                -78.64155547381174,
                -1.6668980258028698
              ],
              [
                -78.64245376008387,
                -1.6668991085859208
              ]
            ]
          ]
        ]
      }
    },
    {
      "type": "Feature",
      "properties": {
        "CELL_ID": "GIU100-33-35",
        "AMBITO": "URBANO",
        "CATEGORIA": "VIOLENCIA",
        "PLATAFORMA": "PLATAFORMA J",
        "PARROQUIA": null,
        "DISTANCE_M": 200,
        "CELL_SIZE_M": 100,
        "COUNT": 0,
        "GI_ZSCORE": 1.7260154744092873,
        "GI_PVALUE": 0.08434462886201807,
        "GI_CLASS": "HOTSPOT 90%",
        "GI_STAR": 1.7260154744092873,
        "SIGNIFICANCIA": 90,
        "SUMA_LOCAL": 12,
        "NIVEL": 90,
        "COB_A_PCT": 0.0,
        "ESTADO_A": "SIN COBERTURA",
        "COB_B_PCT": 100.0,
        "ESTADO_B": "CUBIERTO",
        "COB_C_PCT": 100.0,
        "ESTADO_C": "CUBIERTO",
        "COB_B_ANTERIOR_PCT": 100.0,
        "ESTADO_B_ANTERIOR": "CUBIERTO",
        "COB_C_ANTERIOR_PCT": 100.0,
        "ESTADO_C_ANTERIOR": "CUBIERTO"
      },
      "geometry": {
        "type": "MultiPolygon",
        "coordinates": [
          [
            [
              [
                -78.66581047243704,
                -1.666023148527508
              ],
              [
                -78.6667087739961,
                -1.6660242196165171
              ],
              [
                -78.66670983787728,
                -1.6651202510694623
              ],
              [
                -78.66581153672692,
                -1.6651191805619299
              ],
              [
                -78.66581121140717,
                -1.6653955471122066
              ],
              [
                -78.6662574864245,
                -1.6655377094860389
              ],
              [
                -78.66581121140663,
                -1.6653955475746036
              ],
              [
                -78.66581047243704,
                -1.666023148527508
              ]
            ]
          ]
        ]
      }
    },
    {
      "type": "Feature",
      "properties": {
        "CELL_ID": "GIU100-33-36",
        "AMBITO": "URBANO",
        "CATEGORIA": "VIOLENCIA",
        "PLATAFORMA": "PLATAFORMA J",
        "PARROQUIA": null,
        "DISTANCE_M": 200,
        "CELL_SIZE_M": 100,
        "COUNT": 4,
        "GI_ZSCORE": 2.9870007284509894,
        "GI_PVALUE": 0.002817290511545885,
        "GI_CLASS": "HOTSPOT 99%",
        "GI_STAR": 2.9870007284509894,
        "SIGNIFICANCIA": 99,
        "SUMA_LOCAL": 17,
        "NIVEL": 99,
        "COB_A_PCT": 0.17492681106403235,
        "ESTADO_A": "PARCIALMENTE CUBIERTO",
        "COB_B_PCT": 100.0,
        "ESTADO_B": "CUBIERTO",
        "COB_C_PCT": 100.0,
        "ESTADO_C": "CUBIERTO",
        "COB_B_ANTERIOR_PCT": 100.0,
        "ESTADO_B_ANTERIOR": "CUBIERTO",
        "COB_C_ANTERIOR_PCT": 100.0,
        "ESTADO_C_ANTERIOR": "CUBIERTO"
      },
      "geometry": {
        "type": "MultiPolygon",
        "coordinates": [
          [
            [
              [
                -78.66581153672692,
                -1.6651191805619299
              ],
              [
                -78.66491323615499,
                -1.6651181096432504
              ],
              [
                -78.66491217145644,
                -1.6660220770271283
              ],
              [
                -78.66581047243704,
                -1.666023148527508
              ],
              [
                -78.66581121140663,
                -1.6653955475746036
              ],
              [
                -78.66571585093484,
                -1.66536517027227
              ],
              [
                -78.6656912682345,
                -1.665357338807888
              ],
              [
                -78.66581121140717,
                -1.6653955471122066
              ],
              [
                -78.66581153672692,
                -1.6651191805619299
              ]
            ]
          ]
        ]
      }
    },
    {
      "type": "Feature",
      "properties": {
        "CELL_ID": "GIU100-33-37",
        "AMBITO": "URBANO",
        "CATEGORIA": "VIOLENCIA",
        "PLATAFORMA": "PLATAFORMA J",
        "PARROQUIA": null,
        "DISTANCE_M": 200,
        "CELL_SIZE_M": 100,
        "COUNT": 0,
        "GI_ZSCORE": 1.9782125252176277,
        "GI_PVALUE": 0.047904736321680026,
        "GI_CLASS": "HOTSPOT 95%",
        "GI_STAR": 1.9782125252176277,
        "SIGNIFICANCIA": 95,
        "SUMA_LOCAL": 13,
        "NIVEL": 95,
        "COB_A_PCT": 54.609748178468095,
        "ESTADO_A": "PARCIALMENTE CUBIERTO",
        "COB_B_PCT": 100.0,
        "ESTADO_B": "CUBIERTO",
        "COB_C_PCT": 100.0,
        "ESTADO_C": "CUBIERTO",
        "COB_B_ANTERIOR_PCT": 100.0,
        "ESTADO_B_ANTERIOR": "CUBIERTO",
        "COB_C_ANTERIOR_PCT": 100.0,
        "ESTADO_C_ANTERIOR": "CUBIERTO"
      },
      "geometry": {
        "type": "MultiPolygon",
        "coordinates": [
          [
            [
              [
                -78.66491217145644,
                -1.6660220770271283
              ],
              [
                -78.66491323615499,
                -1.6651181096432504
              ],
              [
                -78.6640149361617,
                -1.665117038313425
              ],
              [
                -78.66401387105448,
                -1.6660210051153796
              ],
              [
                -78.66491217145644,
                -1.6660220770271283
              ]
            ]
          ]
        ]
      }
    },
    {
      "type": "Feature",
      "properties": {
        "CELL_ID": "GIU100-33-38",
        "AMBITO": "URBANO",
        "CATEGORIA": "VIOLENCIA",
        "PLATAFORMA": "PLATAFORMA J",
        "PARROQUIA": null,
        "DISTANCE_M": 200,
        "CELL_SIZE_M": 100,
        "COUNT": 6,
        "GI_ZSCORE": 3.4913948300676707,
        "GI_PVALUE": 0.0004805055964282036,
        "GI_CLASS": "HOTSPOT 99%",
        "GI_STAR": 3.4913948300676707,
        "SIGNIFICANCIA": 99,
        "SUMA_LOCAL": 19,
        "NIVEL": 99,
        "COB_A_PCT": 92.98232699564498,
        "ESTADO_A": "PARCIALMENTE CUBIERTO",
        "COB_B_PCT": 100.0,
        "ESTADO_B": "CUBIERTO",
        "COB_C_PCT": 100.0,
        "ESTADO_C": "CUBIERTO",
        "COB_B_ANTERIOR_PCT": 100.0,
        "ESTADO_B_ANTERIOR": "CUBIERTO",
        "COB_C_ANTERIOR_PCT": 100.0,
        "ESTADO_C_ANTERIOR": "CUBIERTO"
      },
      "geometry": {
        "type": "MultiPolygon",
        "coordinates": [
          [
            [
              [
                -78.66401387105448,
                -1.6660210051153796
              ],
              [
                -78.6640149361617,
                -1.665117038313425
              ],
              [
                -78.66311663674732,
                -1.6651159665724555
              ],
              [
                -78.66311557123142,
                -1.666019932792263
              ],
              [
                -78.66401387105448,
                -1.6660210051153796
              ]
            ]
          ]
        ]
      }
    },
    {
      "type": "Feature",
      "properties": {
        "CELL_ID": "GIU100-33-39",
        "AMBITO": "URBANO",
        "CATEGORIA": "VIOLENCIA",
        "PLATAFORMA": "PLATAFORMA J",
        "PARROQUIA": null,
        "DISTANCE_M": 200,
        "CELL_SIZE_M": 100,
        "COUNT": 0,
        "GI_ZSCORE": 2.230409576025968,
        "GI_PVALUE": 0.025720264423434874,
        "GI_CLASS": "HOTSPOT 95%",
        "GI_STAR": 2.230409576025968,
        "SIGNIFICANCIA": 95,
        "SUMA_LOCAL": 14,
        "NIVEL": 95,
        "COB_A_PCT": 92.58375358077247,
        "ESTADO_A": "PARCIALMENTE CUBIERTO",
        "COB_B_PCT": 95.0544580871468,
        "ESTADO_B": "PARCIALMENTE CUBIERTO",
        "COB_C_PCT": 95.0544580871468,
        "ESTADO_C": "PARCIALMENTE CUBIERTO",
        "COB_B_ANTERIOR_PCT": 94.48248447827838,
        "ESTADO_B_ANTERIOR": "PARCIALMENTE CUBIERTO",
        "COB_C_ANTERIOR_PCT": 94.48248447827838,
        "ESTADO_C_ANTERIOR": "PARCIALMENTE CUBIERTO"
      },
      "geometry": {
        "type": "MultiPolygon",
        "coordinates": [
          [
            [
              [
                -78.66311557123142,
                -1.666019932792263
              ],
              [
                -78.66311663674732,
                -1.6651159665724555
              ],
              [
                -78.66221833791202,
                -1.6651148944203429
              ],
              [
                -78.66221727198746,
                -1.6660188600577803
              ],
              [
                -78.66311557123142,
                -1.666019932792263
              ]
            ]
          ]
        ]
      }
    },
    {
      "type": "Feature",
      "properties": {
        "CELL_ID": "GIU100-33-40",
        "AMBITO": "URBANO",
        "CATEGORIA": "VIOLENCIA",
        "PLATAFORMA": "PLATAFORMA J",
        "PARROQUIA": null,
        "DISTANCE_M": 200,
        "CELL_SIZE_M": 100,
        "COUNT": 1,
        "GI_ZSCORE": 1.7260154744092873,
        "GI_PVALUE": 0.08434462886201807,
        "GI_CLASS": "HOTSPOT 90%",
        "GI_STAR": 1.7260154744092873,
        "SIGNIFICANCIA": 90,
        "SUMA_LOCAL": 12,
        "NIVEL": 90,
        "COB_A_PCT": 94.52466783632167,
        "ESTADO_A": "PARCIALMENTE CUBIERTO",
        "COB_B_PCT": 94.52466783632167,
        "ESTADO_B": "PARCIALMENTE CUBIERTO",
        "COB_C_PCT": 94.52466783632167,
        "ESTADO_C": "PARCIALMENTE CUBIERTO",
        "COB_B_ANTERIOR_PCT": 94.52466783632167,
        "ESTADO_B_ANTERIOR": "PARCIALMENTE CUBIERTO",
        "COB_C_ANTERIOR_PCT": 94.52466783632167,
        "ESTADO_C_ANTERIOR": "PARCIALMENTE CUBIERTO"
      },
      "geometry": {
        "type": "MultiPolygon",
        "coordinates": [
          [
            [
              [
                -78.66221727198746,
                -1.6660188600577803
              ],
              [
                -78.66221833791202,
                -1.6651148944203429
              ],
              [
                -78.66132003965606,
                -1.665113821857088
              ],
              [
                -78.6613189733228,
                -1.6660177869119326
              ],
              [
                -78.66221727198746,
                -1.6660188600577803
              ]
            ]
          ]
        ]
      }
    },
    {
      "type": "Feature",
      "properties": {
        "CELL_ID": "GIU100-33-47",
        "AMBITO": "URBANO",
        "CATEGORIA": "VIOLENCIA",
        "PLATAFORMA": "PLATAFORMA I",
        "PARROQUIA": null,
        "DISTANCE_M": 200,
        "CELL_SIZE_M": 100,
        "COUNT": 0,
        "GI_ZSCORE": 1.7260154744092873,
        "GI_PVALUE": 0.08434462886201807,
        "GI_CLASS": "HOTSPOT 90%",
        "GI_STAR": 1.7260154744092873,
        "SIGNIFICANCIA": 90,
        "SUMA_LOCAL": 12,
        "NIVEL": 90,
        "COB_A_PCT": 100.0,
        "ESTADO_A": "CUBIERTO",
        "COB_B_PCT": 100.0,
        "ESTADO_B": "CUBIERTO",
        "COB_C_PCT": 100.0,
        "ESTADO_C": "CUBIERTO",
        "COB_B_ANTERIOR_PCT": 100.0,
        "ESTADO_B_ANTERIOR": "CUBIERTO",
        "COB_C_ANTERIOR_PCT": 100.0,
        "ESTADO_C_ANTERIOR": "CUBIERTO"
      },
      "geometry": {
        "type": "MultiPolygon",
        "coordinates": [
          [
            [
              [
                -78.65503089891014,
                -1.666010263372887
              ],
              [
                -78.6559291935133,
                -1.6660113393982534
              ],
              [
                -78.65593026229854,
                -1.6651073778436587
              ],
              [
                -78.65503196810408,
                -1.6651063024024497
              ],
              [
                -78.65503160749569,
                -1.6654112373677639
              ],
              [
                -78.65551499450737,
                -1.6659733333366908
              ],
              [
                -78.65536101920267,
                -1.6657942872689613
              ],
              [
                -78.65503160749508,
                -1.6654112378846948
              ],
              [
                -78.65503089891014,
                -1.666010263372887
              ]
            ]
          ]
        ]
      }
    },
    {
      "type": "Feature",
      "properties": {
        "CELL_ID": "GIU100-33-53",
        "AMBITO": "URBANO",
        "CATEGORIA": "VIOLENCIA",
        "PLATAFORMA": "PLATAFORMA K",
        "PARROQUIA": null,
        "DISTANCE_M": 200,
        "CELL_SIZE_M": 100,
        "COUNT": 2,
        "GI_ZSCORE": 2.4826066268343085,
        "GI_PVALUE": 0.01304250275922858,
        "GI_CLASS": "HOTSPOT 95%",
        "GI_STAR": 2.4826066268343085,
        "SIGNIFICANCIA": 95,
        "SUMA_LOCAL": 15,
        "NIVEL": 95,
        "COB_A_PCT": 100.0,
        "ESTADO_A": "CUBIERTO",
        "COB_B_PCT": 100.0,
        "ESTADO_B": "CUBIERTO",
        "COB_C_PCT": 100.0,
        "ESTADO_C": "CUBIERTO",
        "COB_B_ANTERIOR_PCT": 100.0,
        "ESTADO_B_ANTERIOR": "CUBIERTO",
        "COB_C_ANTERIOR_PCT": 100.0,
        "ESTADO_C_ANTERIOR": "CUBIERTO"
      },
      "geometry": {
        "type": "MultiPolygon",
        "coordinates": [
          [
            [
              [
                -78.6505405058527,
                -1.6651009190294603
              ],
              [
                -78.64964221514818,
                -1.6650998411214841
              ],
              [
                -78.6496411435023,
                -1.6660037985822915
              ],
              [
                -78.65053943461547,
                -1.666004877075765
              ],
              [
                -78.65054013682746,
                -1.6654123745620921
              ],
              [
                -78.65052993803768,
                -1.665399844551293
              ],
              [
                -78.65054013682774,
                -1.6654123743210798
              ],
              [
                -78.6505405058527,
                -1.6651009190294603
              ]
            ]
          ]
        ]
      }
    },
    {
      "type": "Feature",
      "properties": {
        "CELL_ID": "GIU100-33-54",
        "AMBITO": "URBANO",
        "CATEGORIA": "VIOLENCIA",
        "PLATAFORMA": "PLATAFORMA K",
        "PARROQUIA": null,
        "DISTANCE_M": 200,
        "CELL_SIZE_M": 100,
        "COUNT": 2,
        "GI_ZSCORE": 4.752380084109373,
        "GI_PVALUE": 2.0103600312246304e-06,
        "GI_CLASS": "HOTSPOT 99%",
        "GI_STAR": 4.752380084109373,
        "SIGNIFICANCIA": 99,
        "SUMA_LOCAL": 24,
        "NIVEL": 99,
        "COB_A_PCT": 100.0,
        "ESTADO_A": "CUBIERTO",
        "COB_B_PCT": 100.0,
        "ESTADO_B": "CUBIERTO",
        "COB_C_PCT": 100.0,
        "ESTADO_C": "CUBIERTO",
        "COB_B_ANTERIOR_PCT": 100.0,
        "ESTADO_B_ANTERIOR": "CUBIERTO",
        "COB_C_ANTERIOR_PCT": 100.0,
        "ESTADO_C_ANTERIOR": "CUBIERTO"
      },
      "geometry": {
        "type": "MultiPolygon",
        "coordinates": [
          [
            [
              [
                -78.6496411435023,
                -1.6660037985822915
              ],
              [
                -78.64964221514818,
                -1.6650998411214841
              ],
              [
                -78.64874392502608,
                -1.6650987628023841
              ],
              [
                -78.64874285297154,
                -1.6660027196774714
              ],
              [
                -78.6496411435023,
                -1.6660037985822915
              ]
            ]
          ]
        ]
      }
    },
    {
      "type": "Feature",
      "properties": {
        "CELL_ID": "GIU100-33-55",
        "AMBITO": "URBANO",
        "CATEGORIA": "VIOLENCIA",
        "PLATAFORMA": "PLATAFORMA K",
        "PARROQUIA": null,
        "DISTANCE_M": 200,
        "CELL_SIZE_M": 100,
        "COUNT": 1,
        "GI_ZSCORE": 3.743591880876011,
        "GI_PVALUE": 0.00018140822292464902,
        "GI_CLASS": "HOTSPOT 99%",
        "GI_STAR": 3.743591880876011,
        "SIGNIFICANCIA": 99,
        "SUMA_LOCAL": 20,
        "NIVEL": 99,
        "COB_A_PCT": 100.0,
        "ESTADO_A": "CUBIERTO",
        "COB_B_PCT": 100.0,
        "ESTADO_B": "CUBIERTO",
        "COB_C_PCT": 100.0,
        "ESTADO_C": "CUBIERTO",
        "COB_B_ANTERIOR_PCT": 100.0,
        "ESTADO_B_ANTERIOR": "CUBIERTO",
        "COB_C_ANTERIOR_PCT": 100.0,
        "ESTADO_C_ANTERIOR": "CUBIERTO"
      },
      "geometry": {
        "type": "MultiPolygon",
        "coordinates": [
          [
            [
              [
                -78.64874285297154,
                -1.6660027196774714
              ],
              [
                -78.64874392502608,
                -1.6650987628023841
              ],
              [
                -78.64784563548665,
                -1.665097684072162
              ],
              [
                -78.64784456302345,
                -1.6660016403613067
              ],
              [
                -78.64874285297154,
                -1.6660027196774714
              ]
            ]
          ]
        ]
      }
    },
    {
      "type": "Feature",
      "properties": {
        "CELL_ID": "GIU100-33-56",
        "AMBITO": "URBANO",
        "CATEGORIA": "VIOLENCIA",
        "PLATAFORMA": "PLATAFORMA K",
        "PARROQUIA": null,
        "DISTANCE_M": 200,
        "CELL_SIZE_M": 100,
        "COUNT": 5,
        "GI_ZSCORE": 1.7260154744092873,
        "GI_PVALUE": 0.08434462886201807,
        "GI_CLASS": "HOTSPOT 90%",
        "GI_STAR": 1.7260154744092873,
        "SIGNIFICANCIA": 90,
        "SUMA_LOCAL": 12,
        "NIVEL": 90,
        "COB_A_PCT": 25.14281937558386,
        "ESTADO_A": "PARCIALMENTE CUBIERTO",
        "COB_B_PCT": 25.14281937558386,
        "ESTADO_B": "PARCIALMENTE CUBIERTO",
        "COB_C_PCT": 99.459576508759,
        "ESTADO_C": "PARCIALMENTE CUBIERTO",
        "COB_B_ANTERIOR_PCT": 25.14281937558386,
        "ESTADO_B_ANTERIOR": "PARCIALMENTE CUBIERTO",
        "COB_C_ANTERIOR_PCT": 99.459576508759,
        "ESTADO_C_ANTERIOR": "PARCIALMENTE CUBIERTO"
      },
      "geometry": {
        "type": "MultiPolygon",
        "coordinates": [
          [
            [
              [
                -78.64784456302345,
                -1.6660016403613067
              ],
              [
                -78.64784563548665,
                -1.665097684072162
              ],
              [
                -78.6469473465301,
                -1.6650966049308196
              ],
              [
                -78.64694627365823,
                -1.6660005606337975
              ],
              [
                -78.64784456302345,
                -1.6660016403613067
              ]
            ]
          ]
        ]
      }
    },
    {
      "type": "Feature",
      "properties": {
        "CELL_ID": "GIU100-33-58",
        "AMBITO": "URBANO",
        "CATEGORIA": "VIOLENCIA",
        "PLATAFORMA": "PLATAFORMA K",
        "PARROQUIA": null,
        "DISTANCE_M": 200,
        "CELL_SIZE_M": 100,
        "COUNT": 0,
        "GI_ZSCORE": 1.9782125252176277,
        "GI_PVALUE": 0.047904736321680026,
        "GI_CLASS": "HOTSPOT 95%",
        "GI_STAR": 1.9782125252176277,
        "SIGNIFICANCIA": 95,
        "SUMA_LOCAL": 13,
        "NIVEL": 95,
        "COB_A_PCT": 0.23409366603434023,
        "ESTADO_A": "PARCIALMENTE CUBIERTO",
        "COB_B_PCT": 0.23409366603434023,
        "ESTADO_B": "PARCIALMENTE CUBIERTO",
        "COB_C_PCT": 83.47908499807521,
        "ESTADO_C": "PARCIALMENTE CUBIERTO",
        "COB_B_ANTERIOR_PCT": 0.23409366603434023,
        "ESTADO_B_ANTERIOR": "PARCIALMENTE CUBIERTO",
        "COB_C_ANTERIOR_PCT": 99.56203874553077,
        "ESTADO_C_ANTERIOR": "PARCIALMENTE CUBIERTO"
      },
      "geometry": {
        "type": "MultiPolygon",
        "coordinates": [
          [
            [
              [
                -78.64604798487613,
                -1.6659994804949458
              ],
              [
                -78.64604905815663,
                -1.665095525378358
              ],
              [
                -78.64515077036651,
                -1.665094445414778
              ],
              [
                -78.64514969667736,
                -1.6659983999447536
              ],
              [
                -78.64604798487613,
                -1.6659994804949458
              ]
            ]
          ]
        ]
      }
    },
    {
      "type": "Feature",
      "properties": {
        "CELL_ID": "GIU100-33-60",
        "AMBITO": "URBANO",
        "CATEGORIA": "VIOLENCIA",
        "PLATAFORMA": "PLATAFORMA M",
        "PARROQUIA": null,
        "DISTANCE_M": 200,
        "CELL_SIZE_M": 100,
        "COUNT": 0,
        "GI_ZSCORE": 2.230409576025968,
        "GI_PVALUE": 0.025720264423434874,
        "GI_CLASS": "HOTSPOT 95%",
        "GI_STAR": 2.230409576025968,
        "SIGNIFICANCIA": 95,
        "SUMA_LOCAL": 14,
        "NIVEL": 95,
        "COB_A_PCT": 100.0,
        "ESTADO_A": "CUBIERTO",
        "COB_B_PCT": 100.0,
        "ESTADO_B": "CUBIERTO",
        "COB_C_PCT": 100.0,
        "ESTADO_C": "CUBIERTO",
        "COB_B_ANTERIOR_PCT": 100.0,
        "ESTADO_B_ANTERIOR": "CUBIERTO",
        "COB_C_ANTERIOR_PCT": 100.0,
        "ESTADO_C_ANTERIOR": "CUBIERTO"
      },
      "geometry": {
        "type": "MultiPolygon",
        "coordinates": [
          [
            [
              [
                -78.64425140906211,
                -1.6659973189832207
              ],
              [
                -78.64425248315992,
                -1.6650933650400819
              ],
              [
                -78.6433541965371,
                -1.6650922842542701
              ],
              [
                -78.64335312203065,
                -1.6659962376103499
              ],
              [
                -78.64425140906211,
                -1.6659973189832207
              ]
            ]
          ]
        ]
      }
    },
    {
      "type": "Feature",
      "properties": {
        "CELL_ID": "GIU100-33-61",
        "AMBITO": "URBANO",
        "CATEGORIA": "VIOLENCIA",
        "PLATAFORMA": "PLATAFORMA M",
        "PARROQUIA": null,
        "DISTANCE_M": 200,
        "CELL_SIZE_M": 100,
        "COUNT": 0,
        "GI_ZSCORE": 1.9782125252176277,
        "GI_PVALUE": 0.047904736321680026,
        "GI_CLASS": "HOTSPOT 95%",
        "GI_STAR": 1.9782125252176277,
        "SIGNIFICANCIA": 95,
        "SUMA_LOCAL": 13,
        "NIVEL": 95,
        "COB_A_PCT": 100.0,
        "ESTADO_A": "CUBIERTO",
        "COB_B_PCT": 100.0,
        "ESTADO_B": "CUBIERTO",
        "COB_C_PCT": 100.0,
        "ESTADO_C": "CUBIERTO",
        "COB_B_ANTERIOR_PCT": 100.0,
        "ESTADO_B_ANTERIOR": "CUBIERTO",
        "COB_C_ANTERIOR_PCT": 100.0,
        "ESTADO_C_ANTERIOR": "CUBIERTO"
      },
      "geometry": {
        "type": "MultiPolygon",
        "coordinates": [
          [
            [
              [
                -78.64335312203065,
                -1.6659962376103499
              ],
              [
                -78.6433541965371,
                -1.6650922842542701
              ],
              [
                -78.64245591049827,
                -1.665091203057345
              ],
              [
                -78.64245483558318,
                -1.665995155826141
              ],
              [
                -78.64335312203065,
                -1.6659962376103499
              ]
            ]
          ]
        ]
      }
    },
    {
      "type": "Feature",
      "properties": {
        "CELL_ID": "GIU100-33-62",
        "AMBITO": "URBANO",
        "CATEGORIA": "VIOLENCIA",
        "PLATAFORMA": "PLATAFORMA M",
        "PARROQUIA": null,
        "DISTANCE_M": 200,
        "CELL_SIZE_M": 100,
        "COUNT": 0,
        "GI_ZSCORE": 2.4826066268343085,
        "GI_PVALUE": 0.01304250275922858,
        "GI_CLASS": "HOTSPOT 95%",
        "GI_STAR": 2.4826066268343085,
        "SIGNIFICANCIA": 95,
        "SUMA_LOCAL": 15,
        "NIVEL": 95,
        "COB_A_PCT": 78.4190465254347,
        "ESTADO_A": "PARCIALMENTE CUBIERTO",
        "COB_B_PCT": 78.4750249766058,
        "ESTADO_B": "PARCIALMENTE CUBIERTO",
        "COB_C_PCT": 78.4750249766058,
        "ESTADO_C": "PARCIALMENTE CUBIERTO",
        "COB_B_ANTERIOR_PCT": 100.0,
        "ESTADO_B_ANTERIOR": "CUBIERTO",
        "COB_C_ANTERIOR_PCT": 100.0,
        "ESTADO_C_ANTERIOR": "CUBIERTO"
      },
      "geometry": {
        "type": "MultiPolygon",
        "coordinates": [
          [
            [
              [
                -78.64245483558318,
                -1.665995155826141
              ],
              [
                -78.64245591049827,
                -1.665091203057345
              ],
              [
                -78.64155762504367,
                -1.6650901214493068
              ],
              [
                -78.64155654971991,
                -1.665994073630597
              ],
              [
                -78.64245483558318,
                -1.665995155826141
              ]
            ]
          ]
        ]
      }
    },
    {
      "type": "Feature",
      "properties": {
        "CELL_ID": "GIU100-33-63",
        "AMBITO": "URBANO",
        "CATEGORIA": "VIOLENCIA",
        "PLATAFORMA": "PLATAFORMA M",
        "PARROQUIA": null,
        "DISTANCE_M": 200,
        "CELL_SIZE_M": 100,
        "COUNT": 0,
        "GI_ZSCORE": 1.9782125252176277,
        "GI_PVALUE": 0.047904736321680026,
        "GI_CLASS": "HOTSPOT 95%",
        "GI_STAR": 1.9782125252176277,
        "SIGNIFICANCIA": 95,
        "SUMA_LOCAL": 13,
        "NIVEL": 95,
        "COB_A_PCT": 0.0,
        "ESTADO_A": "SIN COBERTURA",
        "COB_B_PCT": 27.61905588476548,
        "ESTADO_B": "PARCIALMENTE CUBIERTO",
        "COB_C_PCT": 35.26513573488771,
        "ESTADO_C": "PARCIALMENTE CUBIERTO",
        "COB_B_ANTERIOR_PCT": 100.0,
        "ESTADO_B_ANTERIOR": "CUBIERTO",
        "COB_C_ANTERIOR_PCT": 100.0,
        "ESTADO_C_ANTERIOR": "CUBIERTO"
      },
      "geometry": {
        "type": "MultiPolygon",
        "coordinates": [
          [
            [
              [
                -78.64155654971991,
                -1.665994073630597
              ],
              [
                -78.64155762504367,
                -1.6650901214493068
              ],
              [
                -78.64065934017347,
                -1.6650890394301578
              ],
              [
                -78.64065826444109,
                -1.6659929910237183
              ],
              [
                -78.64155654971991,
                -1.665994073630597
              ]
            ]
          ]
        ]
      }
    },
    {
      "type": "Feature",
      "properties": {
        "CELL_ID": "GIU100-33-67",
        "AMBITO": "URBANO",
        "CATEGORIA": "VIOLENCIA",
        "PLATAFORMA": "PLATAFORMA O",
        "PARROQUIA": null,
        "DISTANCE_M": 200,
        "CELL_SIZE_M": 100,
        "COUNT": 0,
        "GI_ZSCORE": 1.9782125252176277,
        "GI_PVALUE": 0.047904736321680026,
        "GI_CLASS": "HOTSPOT 95%",
        "GI_STAR": 1.9782125252176277,
        "SIGNIFICANCIA": 95,
        "SUMA_LOCAL": 13,
        "NIVEL": 95,
        "COB_A_PCT": 96.19230814230166,
        "ESTADO_A": "PARCIALMENTE CUBIERTO",
        "COB_B_PCT": 96.19230814230166,
        "ESTADO_B": "PARCIALMENTE CUBIERTO",
        "COB_C_PCT": 100.0,
        "ESTADO_C": "CUBIERTO",
        "COB_B_ANTERIOR_PCT": 96.19230814230166,
        "ESTADO_B_ANTERIOR": "PARCIALMENTE CUBIERTO",
        "COB_C_ANTERIOR_PCT": 100.0,
        "ESTADO_C_ANTERIOR": "CUBIERTO"
      },
      "geometry": {
        "type": "MultiPolygon",
        "coordinates": [
          [
            [
              [
                -78.63796341211344,
                -1.665989740735087
              ],
              [
                -78.63796448907173,
                -1.6650857909060557
              ],
              [
                -78.63706620654152,
                -1.6650847072424746
              ],
              [
                -78.63706512917456,
                -1.6659886564828832
              ],
              [
                -78.63796341211344,
                -1.665989740735087
              ]
            ]
          ]
        ]
      }
    },
    {
      "type": "Feature",
      "properties": {
        "CELL_ID": "GIU100-34-34",
        "AMBITO": "URBANO",
        "CATEGORIA": "VIOLENCIA",
        "PLATAFORMA": "PLATAFORMA H",
        "PARROQUIA": null,
        "DISTANCE_M": 200,
        "CELL_SIZE_M": 100,
        "COUNT": 1,
        "GI_ZSCORE": 1.7260154744092873,
        "GI_PVALUE": 0.08434462886201807,
        "GI_CLASS": "HOTSPOT 90%",
        "GI_STAR": 1.7260154744092873,
        "SIGNIFICANCIA": 90,
        "SUMA_LOCAL": 12,
        "NIVEL": 90,
        "COB_A_PCT": 0.0,
        "ESTADO_A": "SIN COBERTURA",
        "COB_B_PCT": 100.0,
        "ESTADO_B": "CUBIERTO",
        "COB_C_PCT": 100.0,
        "ESTADO_C": "CUBIERTO",
        "COB_B_ANTERIOR_PCT": 100.0,
        "ESTADO_B_ANTERIOR": "CUBIERTO",
        "COB_C_ANTERIOR_PCT": 100.0,
        "ESTADO_C_ANTERIOR": "CUBIERTO"
      },
      "geometry": {
        "type": "MultiPolygon",
        "coordinates": [
          [
            [
              [
                -78.66760813960586,
                -1.6651213211658467
              ],
              [
                -78.66760920250037,
                -1.6642173520285402
              ],
              [
                -78.66671090118025,
                -1.6642162825134088
              ],
              [
                -78.66670983787728,
                -1.6651202510694623
              ],
              [
                -78.66760813960586,
                -1.6651213211658467
              ]
            ]
          ]
        ]
      }
    },
    {
      "type": "Feature",
      "properties": {
        "CELL_ID": "GIU100-34-35",
        "AMBITO": "URBANO",
        "CATEGORIA": "VIOLENCIA",
        "PLATAFORMA": "PLATAFORMA H",
        "PARROQUIA": null,
        "DISTANCE_M": 200,
        "CELL_SIZE_M": 100,
        "COUNT": 0,
        "GI_ZSCORE": 2.230409576025968,
        "GI_PVALUE": 0.025720264423434874,
        "GI_CLASS": "HOTSPOT 95%",
        "GI_STAR": 2.230409576025968,
        "SIGNIFICANCIA": 95,
        "SUMA_LOCAL": 14,
        "NIVEL": 95,
        "COB_A_PCT": 0.0,
        "ESTADO_A": "SIN COBERTURA",
        "COB_B_PCT": 100.0,
        "ESTADO_B": "CUBIERTO",
        "COB_C_PCT": 100.0,
        "ESTADO_C": "CUBIERTO",
        "COB_B_ANTERIOR_PCT": 100.0,
        "ESTADO_B_ANTERIOR": "CUBIERTO",
        "COB_C_ANTERIOR_PCT": 100.0,
        "ESTADO_C_ANTERIOR": "CUBIERTO"
      },
      "geometry": {
        "type": "MultiPolygon",
        "coordinates": [
          [
            [
              [
                -78.66670983787728,
                -1.6651202510694623
              ],
              [
                -78.66671090118025,
                -1.6642162825134088
              ],
              [
                -78.66581260043834,
                -1.6642152125873524
              ],
              [
                -78.66581153672692,
                -1.6651191805619299
              ],
              [
                -78.66670983787728,
                -1.6651202510694623
              ]
            ]
          ]
        ]
      }
    },
    {
      "type": "Feature",
      "properties": {
        "CELL_ID": "GIU100-34-36",
        "AMBITO": "URBANO",
        "CATEGORIA": "VIOLENCIA",
        "PLATAFORMA": "PLATAFORMA H",
        "PARROQUIA": null,
        "DISTANCE_M": 200,
        "CELL_SIZE_M": 100,
        "COUNT": 0,
        "GI_ZSCORE": 1.7260154744092873,
        "GI_PVALUE": 0.08434462886201807,
        "GI_CLASS": "HOTSPOT 90%",
        "GI_STAR": 1.7260154744092873,
        "SIGNIFICANCIA": 90,
        "SUMA_LOCAL": 12,
        "NIVEL": 90,
        "COB_A_PCT": 24.148022664158727,
        "ESTADO_A": "PARCIALMENTE CUBIERTO",
        "COB_B_PCT": 93.2062424815913,
        "ESTADO_B": "PARCIALMENTE CUBIERTO",
        "COB_C_PCT": 93.2062424815913,
        "ESTADO_C": "PARCIALMENTE CUBIERTO",
        "COB_B_ANTERIOR_PCT": 96.53900326885415,
        "ESTADO_B_ANTERIOR": "PARCIALMENTE CUBIERTO",
        "COB_C_ANTERIOR_PCT": 100.0,
        "ESTADO_C_ANTERIOR": "CUBIERTO"
      },
      "geometry": {
        "type": "MultiPolygon",
        "coordinates": [
          [
            [
              [
                -78.66581153672692,
                -1.6651191805619299
              ],
              [
                -78.66581260043834,
                -1.6642152125873524
              ],
              [
                -78.66491430027486,
                -1.6642141422503725
              ],
              [
                -78.66491323615499,
                -1.6651181096432504
              ],
              [
                -78.66581153672692,
                -1.6651191805619299
              ]
            ]
          ]
        ]
      }
    },
    {
      "type": "Feature",
      "properties": {
        "CELL_ID": "GIU100-34-37",
        "AMBITO": "URBANO",
        "CATEGORIA": "VIOLENCIA",
        "PLATAFORMA": "PLATAFORMA J",
        "PARROQUIA": null,
        "DISTANCE_M": 200,
        "CELL_SIZE_M": 100,
        "COUNT": 0,
        "GI_ZSCORE": 3.743591880876011,
        "GI_PVALUE": 0.00018140822292464902,
        "GI_CLASS": "HOTSPOT 99%",
        "GI_STAR": 3.743591880876011,
        "SIGNIFICANCIA": 99,
        "SUMA_LOCAL": 20,
        "NIVEL": 99,
        "COB_A_PCT": 100.0,
        "ESTADO_A": "CUBIERTO",
        "COB_B_PCT": 100.0,
        "ESTADO_B": "CUBIERTO",
        "COB_C_PCT": 100.0,
        "ESTADO_C": "CUBIERTO",
        "COB_B_ANTERIOR_PCT": 100.0,
        "ESTADO_B_ANTERIOR": "CUBIERTO",
        "COB_C_ANTERIOR_PCT": 100.0,
        "ESTADO_C_ANTERIOR": "CUBIERTO"
      },
      "geometry": {
        "type": "MultiPolygon",
        "coordinates": [
          [
            [
              [
                -78.66491323615499,
                -1.6651181096432504
              ],
              [
                -78.66491430027486,
                -1.6642141422503725
              ],
              [
                -78.66401600069005,
                -1.6642130715024706
              ],
              [
                -78.6640149361617,
                -1.665117038313425
              ],
              [
                -78.66491323615499,
                -1.6651181096432504
              ]
            ]
          ]
        ]
      }
    },
    {
      "type": "Feature",
      "properties": {
        "CELL_ID": "GIU100-34-38",
        "AMBITO": "URBANO",
        "CATEGORIA": "VIOLENCIA",
        "PLATAFORMA": "PLATAFORMA J",
        "PARROQUIA": null,
        "DISTANCE_M": 200,
        "CELL_SIZE_M": 100,
        "COUNT": 3,
        "GI_ZSCORE": 2.9870007284509894,
        "GI_PVALUE": 0.002817290511545885,
        "GI_CLASS": "HOTSPOT 99%",
        "GI_STAR": 2.9870007284509894,
        "SIGNIFICANCIA": 99,
        "SUMA_LOCAL": 17,
        "NIVEL": 99,
        "COB_A_PCT": 100.0,
        "ESTADO_A": "CUBIERTO",
        "COB_B_PCT": 100.0,
        "ESTADO_B": "CUBIERTO",
        "COB_C_PCT": 100.0,
        "ESTADO_C": "CUBIERTO",
        "COB_B_ANTERIOR_PCT": 100.0,
        "ESTADO_B_ANTERIOR": "CUBIERTO",
        "COB_C_ANTERIOR_PCT": 100.0,
        "ESTADO_C_ANTERIOR": "CUBIERTO"
      },
      "geometry": {
        "type": "MultiPolygon",
        "coordinates": [
          [
            [
              [
                -78.6640149361617,
                -1.665117038313425
              ],
              [
                -78.66401600069005,
                -1.6642130715024706
              ],
              [
                -78.66311770168411,
                -1.664212000343647
              ],
              [
                -78.66311663674732,
                -1.6651159665724555
              ],
              [
                -78.6640149361617,
                -1.665117038313425
              ]
            ]
          ]
        ]
      }
    },
    {
      "type": "Feature",
      "properties": {
        "CELL_ID": "GIU100-34-39",
        "AMBITO": "URBANO",
        "CATEGORIA": "VIOLENCIA",
        "PLATAFORMA": "PLATAFORMA J",
        "PARROQUIA": null,
        "DISTANCE_M": 200,
        "CELL_SIZE_M": 100,
        "COUNT": 1,
        "GI_ZSCORE": 5.004577134917714,
        "GI_PVALUE": 5.598479126846345e-07,
        "GI_CLASS": "HOTSPOT 99%",
        "GI_STAR": 5.004577134917714,
        "SIGNIFICANCIA": 99,
        "SUMA_LOCAL": 25,
        "NIVEL": 99,
        "COB_A_PCT": 100.0,
        "ESTADO_A": "CUBIERTO",
        "COB_B_PCT": 100.0,
        "ESTADO_B": "CUBIERTO",
        "COB_C_PCT": 100.0,
        "ESTADO_C": "CUBIERTO",
        "COB_B_ANTERIOR_PCT": 100.0,
        "ESTADO_B_ANTERIOR": "CUBIERTO",
        "COB_C_ANTERIOR_PCT": 100.0,
        "ESTADO_C_ANTERIOR": "CUBIERTO"
      },
      "geometry": {
        "type": "MultiPolygon",
        "coordinates": [
          [
            [
              [
                -78.66311663674732,
                -1.6651159665724555
              ],
              [
                -78.66311770168411,
                -1.664212000343647
              ],
              [
                -78.66221940325727,
                -1.664210928773904
              ],
              [
                -78.66221833791202,
                -1.6651148944203429
              ],
              [
                -78.66311663674732,
                -1.6651159665724555
              ]
            ]
          ]
        ]
      }
    },
    {
      "type": "Feature",
      "properties": {
        "CELL_ID": "GIU100-34-52",
        "AMBITO": "URBANO",
        "CATEGORIA": "VIOLENCIA",
        "PLATAFORMA": "PLATAFORMA I",
        "PARROQUIA": null,
        "DISTANCE_M": 200,
        "CELL_SIZE_M": 100,
        "COUNT": 1,
        "GI_ZSCORE": 1.7260154744092873,
        "GI_PVALUE": 0.08434462886201807,
        "GI_CLASS": "HOTSPOT 90%",
        "GI_STAR": 1.7260154744092873,
        "SIGNIFICANCIA": 90,
        "SUMA_LOCAL": 12,
        "NIVEL": 90,
        "COB_A_PCT": 89.0531929216637,
        "ESTADO_A": "PARCIALMENTE CUBIERTO",
        "COB_B_PCT": 89.0531929216637,
        "ESTADO_B": "PARCIALMENTE CUBIERTO",
        "COB_C_PCT": 89.0531929216637,
        "ESTADO_C": "PARCIALMENTE CUBIERTO",
        "COB_B_ANTERIOR_PCT": 89.0531929216637,
        "ESTADO_B_ANTERIOR": "PARCIALMENTE CUBIERTO",
        "COB_C_ANTERIOR_PCT": 89.0531929216637,
        "ESTADO_C_ANTERIOR": "PARCIALMENTE CUBIERTO"
      },
      "geometry": {
        "type": "MultiPolygon",
        "coordinates": [
          [
            [
              [
                -78.65143879713945,
                -1.6651019965263127
              ],
              [
                -78.65143986738602,
                -1.6641980378857277
              ],
              [
                -78.65054157650773,
                -1.6641969609741485
              ],
              [
                -78.6505405058527,
                -1.6651009190294603
              ],
              [
                -78.65143879713945,
                -1.6651019965263127
              ]
            ]
          ]
        ]
      }
    },
    {
      "type": "Feature",
      "properties": {
        "CELL_ID": "GIU100-34-53",
        "AMBITO": "URBANO",
        "CATEGORIA": "VIOLENCIA",
        "PLATAFORMA": "PLATAFORMA I",
        "PARROQUIA": null,
        "DISTANCE_M": 200,
        "CELL_SIZE_M": 100,
        "COUNT": 1,
        "GI_ZSCORE": 3.2391977792593303,
        "GI_PVALUE": 0.0011986642318589453,
        "GI_CLASS": "HOTSPOT 99%",
        "GI_STAR": 3.2391977792593303,
        "SIGNIFICANCIA": 99,
        "SUMA_LOCAL": 18,
        "NIVEL": 99,
        "COB_A_PCT": 100.0,
        "ESTADO_A": "CUBIERTO",
        "COB_B_PCT": 100.0,
        "ESTADO_B": "CUBIERTO",
        "COB_C_PCT": 100.0,
        "ESTADO_C": "CUBIERTO",
        "COB_B_ANTERIOR_PCT": 100.0,
        "ESTADO_B_ANTERIOR": "CUBIERTO",
        "COB_C_ANTERIOR_PCT": 100.0,
        "ESTADO_C_ANTERIOR": "CUBIERTO"
      },
      "geometry": {
        "type": "MultiPolygon",
        "coordinates": [
          [
            [
              [
                -78.6505405058527,
                -1.6651009190294603
              ],
              [
                -78.65054157650773,
                -1.6641969609741485
              ],
              [
                -78.64964328621163,
                -1.6641958836516675
              ],
              [
                -78.64964221514818,
                -1.6650998411214841
              ],
              [
                -78.6505405058527,
                -1.6651009190294603
              ]
            ]
          ]
        ]
      }
    },
    {
      "type": "Feature",
      "properties": {
        "CELL_ID": "GIU100-34-54",
        "AMBITO": "URBANO",
        "CATEGORIA": "VIOLENCIA",
        "PLATAFORMA": "PLATAFORMA K",
        "PARROQUIA": null,
        "DISTANCE_M": 200,
        "CELL_SIZE_M": 100,
        "COUNT": 3,
        "GI_ZSCORE": 3.743591880876011,
        "GI_PVALUE": 0.00018140822292464902,
        "GI_CLASS": "HOTSPOT 99%",
        "GI_STAR": 3.743591880876011,
        "SIGNIFICANCIA": 99,
        "SUMA_LOCAL": 20,
        "NIVEL": 99,
        "COB_A_PCT": 100.0,
        "ESTADO_A": "CUBIERTO",
        "COB_B_PCT": 100.0,
        "ESTADO_B": "CUBIERTO",
        "COB_C_PCT": 100.0,
        "ESTADO_C": "CUBIERTO",
        "COB_B_ANTERIOR_PCT": 100.0,
        "ESTADO_B_ANTERIOR": "CUBIERTO",
        "COB_C_ANTERIOR_PCT": 100.0,
        "ESTADO_C_ANTERIOR": "CUBIERTO"
      },
      "geometry": {
        "type": "MultiPolygon",
        "coordinates": [
          [
            [
              [
                -78.64964221514818,
                -1.6650998411214841
              ],
              [
                -78.64964328621163,
                -1.6641958836516675
              ],
              [
                -78.64874499649797,
                -1.664194805918287
              ],
              [
                -78.64874392502608,
                -1.6650987628023841
              ],
              [
                -78.64964221514818,
                -1.6650998411214841
              ]
            ]
          ]
        ]
      }
    },
    {
      "type": "Feature",
      "properties": {
        "CELL_ID": "GIU100-34-55",
        "AMBITO": "URBANO",
        "CATEGORIA": "VIOLENCIA",
        "PLATAFORMA": "PLATAFORMA K",
        "PARROQUIA": null,
        "DISTANCE_M": 200,
        "CELL_SIZE_M": 100,
        "COUNT": 1,
        "GI_ZSCORE": 4.247985982492692,
        "GI_PVALUE": 2.1570088737979582e-05,
        "GI_CLASS": "HOTSPOT 99%",
        "GI_STAR": 4.247985982492692,
        "SIGNIFICANCIA": 99,
        "SUMA_LOCAL": 22,
        "NIVEL": 99,
        "COB_A_PCT": 100.0,
        "ESTADO_A": "CUBIERTO",
        "COB_B_PCT": 100.0,
        "ESTADO_B": "CUBIERTO",
        "COB_C_PCT": 100.0,
        "ESTADO_C": "CUBIERTO",
        "COB_B_ANTERIOR_PCT": 100.0,
        "ESTADO_B_ANTERIOR": "CUBIERTO",
        "COB_C_ANTERIOR_PCT": 100.0,
        "ESTADO_C_ANTERIOR": "CUBIERTO"
      },
      "geometry": {
        "type": "MultiPolygon",
        "coordinates": [
          [
            [
              [
                -78.64874392502608,
                -1.6650987628023841
              ],
              [
                -78.64874499649797,
                -1.664194805918287
              ],
              [
                -78.64784670736698,
                -1.6641937277740078
              ],
              [
                -78.64784563548665,
                -1.665097684072162
              ],
              [
                -78.64874392502608,
                -1.6650987628023841
              ]
            ]
          ]
        ]
      }
    },
    {
      "type": "Feature",
      "properties": {
        "CELL_ID": "GIU100-34-56",
        "AMBITO": "URBANO",
        "CATEGORIA": "VIOLENCIA",
        "PLATAFORMA": "PLATAFORMA K",
        "PARROQUIA": null,
        "DISTANCE_M": 200,
        "CELL_SIZE_M": 100,
        "COUNT": 0,
        "GI_ZSCORE": 2.734803677642649,
        "GI_PVALUE": 0.006241749090433691,
        "GI_CLASS": "HOTSPOT 99%",
        "GI_STAR": 2.734803677642649,
        "SIGNIFICANCIA": 99,
        "SUMA_LOCAL": 16,
        "NIVEL": 99,
        "COB_A_PCT": 18.200971759006173,
        "ESTADO_A": "PARCIALMENTE CUBIERTO",
        "COB_B_PCT": 18.200971759006173,
        "ESTADO_B": "PARCIALMENTE CUBIERTO",
        "COB_C_PCT": 24.825989667999227,
        "ESTADO_C": "PARCIALMENTE CUBIERTO",
        "COB_B_ANTERIOR_PCT": 18.200971759006173,
        "ESTADO_B_ANTERIOR": "PARCIALMENTE CUBIERTO",
        "COB_C_ANTERIOR_PCT": 24.825989667999227,
        "ESTADO_C_ANTERIOR": "PARCIALMENTE CUBIERTO"
      },
      "geometry": {
        "type": "MultiPolygon",
        "coordinates": [
          [
            [
              [
                -78.64784563548665,
                -1.665097684072162
              ],
              [
                -78.64784670736698,
                -1.6641937277740078
              ],
              [
                -78.64694841881885,
                -1.6641926492188308
              ],
              [
                -78.6469473465301,
                -1.6650966049308196
              ],
              [
                -78.64784563548665,
                -1.665097684072162
              ]
            ]
          ]
        ]
      }
    },
    {
      "type": "Feature",
      "properties": {
        "CELL_ID": "GIU100-34-57",
        "AMBITO": "URBANO",
        "CATEGORIA": "VIOLENCIA",
        "PLATAFORMA": "PLATAFORMA K",
        "PARROQUIA": null,
        "DISTANCE_M": 200,
        "CELL_SIZE_M": 100,
        "COUNT": 0,
        "GI_ZSCORE": 1.7260154744092873,
        "GI_PVALUE": 0.08434462886201807,
        "GI_CLASS": "HOTSPOT 90%",
        "GI_STAR": 1.7260154744092873,
        "SIGNIFICANCIA": 90,
        "SUMA_LOCAL": 12,
        "NIVEL": 90,
        "COB_A_PCT": 0.0,
        "ESTADO_A": "SIN COBERTURA",
        "COB_B_PCT": 0.0,
        "ESTADO_B": "SIN COBERTURA",
        "COB_C_PCT": 22.596913272732213,
        "ESTADO_C": "PARCIALMENTE CUBIERTO",
        "COB_B_ANTERIOR_PCT": 0.0,
        "ESTADO_B_ANTERIOR": "SIN COBERTURA",
        "COB_C_ANTERIOR_PCT": 22.596913272732213,
        "ESTADO_C_ANTERIOR": "PARCIALMENTE CUBIERTO"
      },
      "geometry": {
        "type": "MultiPolygon",
        "coordinates": [
          [
            [
              [
                -78.6469473465301,
                -1.6650966049308196
              ],
              [
                -78.64694841881885,
                -1.6641926492188308
              ],
              [
                -78.64605013085385,
                -1.6641915702527583
              ],
              [
                -78.64604905815663,
                -1.665095525378358
              ],
              [
                -78.6469473465301,
                -1.6650966049308196
              ]
            ]
          ]
        ]
      }
    },
    {
      "type": "Feature",
      "properties": {
        "CELL_ID": "GIU100-34-59",
        "AMBITO": "URBANO",
        "CATEGORIA": "VIOLENCIA",
        "PLATAFORMA": "PLATAFORMA M",
        "PARROQUIA": null,
        "DISTANCE_M": 200,
        "CELL_SIZE_M": 100,
        "COUNT": 1,
        "GI_ZSCORE": 1.7260154744092873,
        "GI_PVALUE": 0.08434462886201807,
        "GI_CLASS": "HOTSPOT 90%",
        "GI_STAR": 1.7260154744092873,
        "SIGNIFICANCIA": 90,
        "SUMA_LOCAL": 12,
        "NIVEL": 90,
        "COB_A_PCT": 17.30443013956401,
        "ESTADO_A": "PARCIALMENTE CUBIERTO",
        "COB_B_PCT": 17.30443013956401,
        "ESTADO_B": "PARCIALMENTE CUBIERTO",
        "COB_C_PCT": 98.20950966496372,
        "ESTADO_C": "PARCIALMENTE CUBIERTO",
        "COB_B_ANTERIOR_PCT": 17.30443013956401,
        "ESTADO_B_ANTERIOR": "PARCIALMENTE CUBIERTO",
        "COB_C_ANTERIOR_PCT": 100.0,
        "ESTADO_C_ANTERIOR": "CUBIERTO"
      },
      "geometry": {
        "type": "MultiPolygon",
        "coordinates": [
          [
            [
              [
                -78.64515077036651,
                -1.665094445414778
              ],
              [
                -78.64515184347212,
                -1.6641904908757916
              ],
              [
                -78.64425355667397,
                -1.6641894110879316
              ],
              [
                -78.64425248315992,
                -1.6650933650400819
              ],
              [
                -78.64515077036651,
                -1.665094445414778
              ]
            ]
          ]
        ]
      }
    },
    {
      "type": "Feature",
      "properties": {
        "CELL_ID": "GIU100-34-60",
        "AMBITO": "URBANO",
        "CATEGORIA": "VIOLENCIA",
        "PLATAFORMA": "PLATAFORMA M",
        "PARROQUIA": null,
        "DISTANCE_M": 200,
        "CELL_SIZE_M": 100,
        "COUNT": 0,
        "GI_ZSCORE": 2.4826066268343085,
        "GI_PVALUE": 0.01304250275922858,
        "GI_CLASS": "HOTSPOT 95%",
        "GI_STAR": 2.4826066268343085,
        "SIGNIFICANCIA": 95,
        "SUMA_LOCAL": 15,
        "NIVEL": 95,
        "COB_A_PCT": 67.347758414943,
        "ESTADO_A": "PARCIALMENTE CUBIERTO",
        "COB_B_PCT": 67.347758414943,
        "ESTADO_B": "PARCIALMENTE CUBIERTO",
        "COB_C_PCT": 100.0,
        "ESTADO_C": "CUBIERTO",
        "COB_B_ANTERIOR_PCT": 67.347758414943,
        "ESTADO_B_ANTERIOR": "PARCIALMENTE CUBIERTO",
        "COB_C_ANTERIOR_PCT": 100.0,
        "ESTADO_C_ANTERIOR": "CUBIERTO"
      },
      "geometry": {
        "type": "MultiPolygon",
        "coordinates": [
          [
            [
              [
                -78.64425248315992,
                -1.6650933650400819
              ],
              [
                -78.64425355667397,
                -1.6641894110879316
              ],
              [
                -78.64335527045957,
                -1.6641883308891792
              ],
              [
                -78.6433541965371,
                -1.6650922842542701
              ],
              [
                -78.64425248315992,
                -1.6650933650400819
              ]
            ]
          ]
        ]
      }
    },
    {
      "type": "Feature",
      "properties": {
        "CELL_ID": "GIU100-34-61",
        "AMBITO": "URBANO",
        "CATEGORIA": "VIOLENCIA",
        "PLATAFORMA": "PLATAFORMA M",
        "PARROQUIA": null,
        "DISTANCE_M": 200,
        "CELL_SIZE_M": 100,
        "COUNT": 3,
        "GI_ZSCORE": 1.9782125252176277,
        "GI_PVALUE": 0.047904736321680026,
        "GI_CLASS": "HOTSPOT 95%",
        "GI_STAR": 1.9782125252176277,
        "SIGNIFICANCIA": 95,
        "SUMA_LOCAL": 13,
        "NIVEL": 95,
        "COB_A_PCT": 65.05331604667225,
        "ESTADO_A": "PARCIALMENTE CUBIERTO",
        "COB_B_PCT": 65.05331604667225,
        "ESTADO_B": "PARCIALMENTE CUBIERTO",
        "COB_C_PCT": 71.85464163515434,
        "ESTADO_C": "PARCIALMENTE CUBIERTO",
        "COB_B_ANTERIOR_PCT": 65.05331604667225,
        "ESTADO_B_ANTERIOR": "PARCIALMENTE CUBIERTO",
        "COB_C_ANTERIOR_PCT": 100.0,
        "ESTADO_C_ANTERIOR": "CUBIERTO"
      },
      "geometry": {
        "type": "MultiPolygon",
        "coordinates": [
          [
            [
              [
                -78.6433541965371,
                -1.6650922842542701
              ],
              [
                -78.64335527045957,
                -1.6641883308891792
              ],
              [
                -78.64245698482917,
                -1.664187250279536
              ],
              [
                -78.64245591049827,
                -1.665091203057345
              ],
              [
                -78.6433541965371,
                -1.6650922842542701
              ]
            ]
          ]
        ]
      }
    },
    {
      "type": "Feature",
      "properties": {
        "CELL_ID": "GIU100-34-62",
        "AMBITO": "URBANO",
        "CATEGORIA": "VIOLENCIA",
        "PLATAFORMA": "PLATAFORMA M",
        "PARROQUIA": null,
        "DISTANCE_M": 200,
        "CELL_SIZE_M": 100,
        "COUNT": 2,
        "GI_ZSCORE": 2.734803677642649,
        "GI_PVALUE": 0.006241749090433691,
        "GI_CLASS": "HOTSPOT 99%",
        "GI_STAR": 2.734803677642649,
        "SIGNIFICANCIA": 99,
        "SUMA_LOCAL": 16,
        "NIVEL": 99,
        "COB_A_PCT": 13.18601191526603,
        "ESTADO_A": "PARCIALMENTE CUBIERTO",
        "COB_B_PCT": 58.58263413606182,
        "ESTADO_B": "PARCIALMENTE CUBIERTO",
        "COB_C_PCT": 58.58263413606182,
        "ESTADO_C": "PARCIALMENTE CUBIERTO",
        "COB_B_ANTERIOR_PCT": 88.34446592597837,
        "ESTADO_B_ANTERIOR": "PARCIALMENTE CUBIERTO",
        "COB_C_ANTERIOR_PCT": 100.0,
        "ESTADO_C_ANTERIOR": "CUBIERTO"
      },
      "geometry": {
        "type": "MultiPolygon",
        "coordinates": [
          [
            [
              [
                -78.64245591049827,
                -1.665091203057345
              ],
              [
                -78.64245698482917,
                -1.664187250279536
              ],
              [
                -78.64155869978296,
                -1.664186169259004
              ],
              [
                -78.64155762504367,
                -1.6650901214493068
              ],
              [
                -78.64245591049827,
                -1.665091203057345
              ]
            ]
          ]
        ]
      }
    },
    {
      "type": "Feature",
      "properties": {
        "CELL_ID": "GIU100-34-63",
        "AMBITO": "URBANO",
        "CATEGORIA": "VIOLENCIA",
        "PLATAFORMA": "PLATAFORMA M",
        "PARROQUIA": null,
        "DISTANCE_M": 200,
        "CELL_SIZE_M": 100,
        "COUNT": 1,
        "GI_ZSCORE": 3.743591880876011,
        "GI_PVALUE": 0.00018140822292464902,
        "GI_CLASS": "HOTSPOT 99%",
        "GI_STAR": 3.743591880876011,
        "SIGNIFICANCIA": 99,
        "SUMA_LOCAL": 20,
        "NIVEL": 99,
        "COB_A_PCT": 0.0,
        "ESTADO_A": "SIN COBERTURA",
        "COB_B_PCT": 100.0,
        "ESTADO_B": "CUBIERTO",
        "COB_C_PCT": 100.0,
        "ESTADO_C": "CUBIERTO",
        "COB_B_ANTERIOR_PCT": 100.0,
        "ESTADO_B_ANTERIOR": "CUBIERTO",
        "COB_C_ANTERIOR_PCT": 100.0,
        "ESTADO_C_ANTERIOR": "CUBIERTO"
      },
      "geometry": {
        "type": "MultiPolygon",
        "coordinates": [
          [
            [
              [
                -78.64155762504367,
                -1.6650901214493068
              ],
              [
                -78.64155869978296,
                -1.664186169259004
              ],
              [
                -78.64066041532122,
                -1.6641850878275837
              ],
              [
                -78.64065934017347,
                -1.6650890394301578
              ],
              [
                -78.64155762504367,
                -1.6650901214493068
              ]
            ]
          ]
        ]
      }
    },
    {
      "type": "Feature",
      "properties": {
        "CELL_ID": "GIU100-34-64",
        "AMBITO": "URBANO",
        "CATEGORIA": "VIOLENCIA",
        "PLATAFORMA": "PLATAFORMA O",
        "PARROQUIA": null,
        "DISTANCE_M": 200,
        "CELL_SIZE_M": 100,
        "COUNT": 3,
        "GI_ZSCORE": 1.9782125252176277,
        "GI_PVALUE": 0.047904736321680026,
        "GI_CLASS": "HOTSPOT 95%",
        "GI_STAR": 1.9782125252176277,
        "SIGNIFICANCIA": 95,
        "SUMA_LOCAL": 13,
        "NIVEL": 95,
        "COB_A_PCT": 0.0,
        "ESTADO_A": "SIN COBERTURA",
        "COB_B_PCT": 100.0,
        "ESTADO_B": "CUBIERTO",
        "COB_C_PCT": 100.0,
        "ESTADO_C": "CUBIERTO",
        "COB_B_ANTERIOR_PCT": 100.0,
        "ESTADO_B_ANTERIOR": "CUBIERTO",
        "COB_C_ANTERIOR_PCT": 100.0,
        "ESTADO_C_ANTERIOR": "CUBIERTO"
      },
      "geometry": {
        "type": "MultiPolygon",
        "coordinates": [
          [
            [
              [
                -78.64065934017347,
                -1.6650890394301578
              ],
              [
                -78.64066041532122,
                -1.6641850878275837
              ],
              [
                -78.6397621314441,
                -1.664184005985277
              ],
              [
                -78.63976105588794,
                -1.6650879569998986
              ],
              [
                -78.64065934017347,
                -1.6650890394301578
              ]
            ]
          ]
        ]
      }
    },
    {
      "type": "Feature",
      "properties": {
        "CELL_ID": "GIU100-34-65",
        "AMBITO": "URBANO",
        "CATEGORIA": "VIOLENCIA",
        "PLATAFORMA": "PLATAFORMA O",
        "PARROQUIA": null,
        "DISTANCE_M": 200,
        "CELL_SIZE_M": 100,
        "COUNT": 0,
        "GI_ZSCORE": 1.7260154744092873,
        "GI_PVALUE": 0.08434462886201807,
        "GI_CLASS": "HOTSPOT 90%",
        "GI_STAR": 1.7260154744092873,
        "SIGNIFICANCIA": 90,
        "SUMA_LOCAL": 12,
        "NIVEL": 90,
        "COB_A_PCT": 6.08898323828663,
        "ESTADO_A": "PARCIALMENTE CUBIERTO",
        "COB_B_PCT": 89.28307035030882,
        "ESTADO_B": "PARCIALMENTE CUBIERTO",
        "COB_C_PCT": 91.54944598787311,
        "ESTADO_C": "PARCIALMENTE CUBIERTO",
        "COB_B_ANTERIOR_PCT": 98.11343523017374,
        "ESTADO_B_ANTERIOR": "PARCIALMENTE CUBIERTO",
        "COB_C_ANTERIOR_PCT": 100.0,
        "ESTADO_C_ANTERIOR": "CUBIERTO"
      },
      "geometry": {
        "type": "MultiPolygon",
        "coordinates": [
          [
            [
              [
                -78.63976105588794,
                -1.6650879569998986
              ],
              [
                -78.6397621314441,
                -1.664184005985277
              ],
              [
                -78.63886384815187,
                -1.664182923732085
              ],
              [
                -78.6388627721873,
                -1.6650868741585305
              ],
              [
                -78.63976105588794,
                -1.6650879569998986
              ]
            ]
          ]
        ]
      }
    },
    {
      "type": "Feature",
      "properties": {
        "CELL_ID": "GIU100-34-66",
        "AMBITO": "URBANO",
        "CATEGORIA": "VIOLENCIA",
        "PLATAFORMA": "PLATAFORMA O",
        "PARROQUIA": null,
        "DISTANCE_M": 200,
        "CELL_SIZE_M": 100,
        "COUNT": 0,
        "GI_ZSCORE": 2.9870007284509894,
        "GI_PVALUE": 0.002817290511545885,
        "GI_CLASS": "HOTSPOT 99%",
        "GI_STAR": 2.9870007284509894,
        "SIGNIFICANCIA": 99,
        "SUMA_LOCAL": 17,
        "NIVEL": 99,
        "COB_A_PCT": 29.39975707627572,
        "ESTADO_A": "PARCIALMENTE CUBIERTO",
        "COB_B_PCT": 31.22349218726877,
        "ESTADO_B": "PARCIALMENTE CUBIERTO",
        "COB_C_PCT": 99.69391007363096,
        "ESTADO_C": "PARCIALMENTE CUBIERTO",
        "COB_B_ANTERIOR_PCT": 31.703225729049933,
        "ESTADO_B_ANTERIOR": "PARCIALMENTE CUBIERTO",
        "COB_C_ANTERIOR_PCT": 100.0,
        "ESTADO_C_ANTERIOR": "CUBIERTO"
      },
      "geometry": {
        "type": "MultiPolygon",
        "coordinates": [
          [
            [
              [
                -78.6388627721873,
                -1.6650868741585305
              ],
              [
                -78.63886384815187,
                -1.664182923732085
              ],
              [
                -78.63796556544473,
                -1.664181841068009
              ],
              [
                -78.63796448907173,
                -1.6650857909060557
              ],
              [
                -78.6388627721873,
                -1.6650868741585305
              ]
            ]
          ]
        ]
      }
    },
    {
      "type": "Feature",
      "properties": {
        "CELL_ID": "GIU100-34-67",
        "AMBITO": "URBANO",
        "CATEGORIA": "VIOLENCIA",
        "PLATAFORMA": "PLATAFORMA O",
        "PARROQUIA": null,
        "DISTANCE_M": 200,
        "CELL_SIZE_M": 100,
        "COUNT": 1,
        "GI_ZSCORE": 2.734803677642649,
        "GI_PVALUE": 0.006241749090433691,
        "GI_CLASS": "HOTSPOT 99%",
        "GI_STAR": 2.734803677642649,
        "SIGNIFICANCIA": 99,
        "SUMA_LOCAL": 16,
        "NIVEL": 99,
        "COB_A_PCT": 11.072175251399372,
        "ESTADO_A": "PARCIALMENTE CUBIERTO",
        "COB_B_PCT": 11.072175251399372,
        "ESTADO_B": "PARCIALMENTE CUBIERTO",
        "COB_C_PCT": 100.0,
        "ESTADO_C": "CUBIERTO",
        "COB_B_ANTERIOR_PCT": 11.072175251399372,
        "ESTADO_B_ANTERIOR": "PARCIALMENTE CUBIERTO",
        "COB_C_ANTERIOR_PCT": 100.0,
        "ESTADO_C_ANTERIOR": "CUBIERTO"
      },
      "geometry": {
        "type": "MultiPolygon",
        "coordinates": [
          [
            [
              [
                -78.63796448907173,
                -1.6650857909060557
              ],
              [
                -78.63796556544473,
                -1.664181841068009
              ],
              [
                -78.63706728332292,
                -1.6641807579930503
              ],
              [
                -78.63706620654152,
                -1.6650847072424746
              ],
              [
                -78.63796448907173,
                -1.6650857909060557
              ]
            ]
          ]
        ]
      }
    },
    {
      "type": "Feature",
      "properties": {
        "CELL_ID": "GIU100-35-34",
        "AMBITO": "URBANO",
        "CATEGORIA": "VIOLENCIA",
        "PLATAFORMA": "PLATAFORMA H",
        "PARROQUIA": null,
        "DISTANCE_M": 200,
        "CELL_SIZE_M": 100,
        "COUNT": 0,
        "GI_ZSCORE": 2.230409576025968,
        "GI_PVALUE": 0.025720264423434874,
        "GI_CLASS": "HOTSPOT 95%",
        "GI_STAR": 2.230409576025968,
        "SIGNIFICANCIA": 95,
        "SUMA_LOCAL": 14,
        "NIVEL": 95,
        "COB_A_PCT": 0.0,
        "ESTADO_A": "SIN COBERTURA",
        "COB_B_PCT": 64.86661238529359,
        "ESTADO_B": "PARCIALMENTE CUBIERTO",
        "COB_C_PCT": 64.86661238529359,
        "ESTADO_C": "PARCIALMENTE CUBIERTO",
        "COB_B_ANTERIOR_PCT": 64.86661238529359,
        "ESTADO_B_ANTERIOR": "PARCIALMENTE CUBIERTO",
        "COB_C_ANTERIOR_PCT": 100.0,
        "ESTADO_C_ANTERIOR": "CUBIERTO"
      },
      "geometry": {
        "type": "MultiPolygon",
        "coordinates": [
          [
            [
              [
                -78.66760920250037,
                -1.6642173520285402
              ],
              [
                -78.66761026481691,
                -1.6633133828822404
              ],
              [
                -78.66671196390503,
                -1.6633123139483617
              ],
              [
                -78.66671090118025,
                -1.6642162825134088
              ],
              [
                -78.66760920250037,
                -1.6642173520285402
              ]
            ]
          ]
        ]
      }
    },
    {
      "type": "Feature",
      "properties": {
        "CELL_ID": "GIU100-35-36",
        "AMBITO": "URBANO",
        "CATEGORIA": "VIOLENCIA",
        "PLATAFORMA": "PLATAFORMA H",
        "PARROQUIA": null,
        "DISTANCE_M": 200,
        "CELL_SIZE_M": 100,
        "COUNT": 1,
        "GI_ZSCORE": 2.230409576025968,
        "GI_PVALUE": 0.025720264423434874,
        "GI_CLASS": "HOTSPOT 95%",
        "GI_STAR": 2.230409576025968,
        "SIGNIFICANCIA": 95,
        "SUMA_LOCAL": 14,
        "NIVEL": 95,
        "COB_A_PCT": 26.42314177007169,
        "ESTADO_A": "PARCIALMENTE CUBIERTO",
        "COB_B_PCT": 27.000918946836688,
        "ESTADO_B": "PARCIALMENTE CUBIERTO",
        "COB_C_PCT": 27.000918946836688,
        "ESTADO_C": "PARCIALMENTE CUBIERTO",
        "COB_B_ANTERIOR_PCT": 27.10012705271473,
        "ESTADO_B_ANTERIOR": "PARCIALMENTE CUBIERTO",
        "COB_C_ANTERIOR_PCT": 100.0,
        "ESTADO_C_ANTERIOR": "CUBIERTO"
      },
      "geometry": {
        "type": "MultiPolygon",
        "coordinates": [
          [
            [
              [
                -78.66581260043834,
                -1.6642152125873524
              ],
              [
                -78.66581366357134,
                -1.663311244603781
              ],
              [
                -78.66491536381609,
                -1.6633101748485002
              ],
              [
                -78.66491430027486,
                -1.6642141422503725
              ],
              [
                -78.66581260043834,
                -1.6642152125873524
              ]
            ]
          ]
        ]
      }
    },
    {
      "type": "Feature",
      "properties": {
        "CELL_ID": "GIU100-35-37",
        "AMBITO": "URBANO",
        "CATEGORIA": "VIOLENCIA",
        "PLATAFORMA": "PLATAFORMA H",
        "PARROQUIA": null,
        "DISTANCE_M": 200,
        "CELL_SIZE_M": 100,
        "COUNT": 0,
        "GI_ZSCORE": 3.2391977792593303,
        "GI_PVALUE": 0.0011986642318589453,
        "GI_CLASS": "HOTSPOT 99%",
        "GI_STAR": 3.2391977792593303,
        "SIGNIFICANCIA": 99,
        "SUMA_LOCAL": 18,
        "NIVEL": 99,
        "COB_A_PCT": 100.0,
        "ESTADO_A": "CUBIERTO",
        "COB_B_PCT": 100.0,
        "ESTADO_B": "CUBIERTO",
        "COB_C_PCT": 100.0,
        "ESTADO_C": "CUBIERTO",
        "COB_B_ANTERIOR_PCT": 100.0,
        "ESTADO_B_ANTERIOR": "CUBIERTO",
        "COB_C_ANTERIOR_PCT": 100.0,
        "ESTADO_C_ANTERIOR": "CUBIERTO"
      },
      "geometry": {
        "type": "MultiPolygon",
        "coordinates": [
          [
            [
              [
                -78.66491430027486,
                -1.6642141422503725
              ],
              [
                -78.66491536381609,
                -1.6633101748485002
              ],
              [
                -78.66401706463954,
                -1.6633091046825201
              ],
              [
                -78.66401600069005,
                -1.6642130715024706
              ],
              [
                -78.66491430027486,
                -1.6642141422503725
              ]
            ]
          ]
        ]
      }
    },
    {
      "type": "Feature",
      "properties": {
        "CELL_ID": "GIU100-35-38",
        "AMBITO": "URBANO",
        "CATEGORIA": "VIOLENCIA",
        "PLATAFORMA": "PLATAFORMA J",
        "PARROQUIA": null,
        "DISTANCE_M": 200,
        "CELL_SIZE_M": 100,
        "COUNT": 4,
        "GI_ZSCORE": 5.508971236534395,
        "GI_PVALUE": 3.6093687194678375e-08,
        "GI_CLASS": "HOTSPOT 99%",
        "GI_STAR": 5.508971236534395,
        "SIGNIFICANCIA": 99,
        "SUMA_LOCAL": 27,
        "NIVEL": 99,
        "COB_A_PCT": 100.0,
        "ESTADO_A": "CUBIERTO",
        "COB_B_PCT": 100.0,
        "ESTADO_B": "CUBIERTO",
        "COB_C_PCT": 100.0,
        "ESTADO_C": "CUBIERTO",
        "COB_B_ANTERIOR_PCT": 100.0,
        "ESTADO_B_ANTERIOR": "CUBIERTO",
        "COB_C_ANTERIOR_PCT": 100.0,
        "ESTADO_C_ANTERIOR": "CUBIERTO"
      },
      "geometry": {
        "type": "MultiPolygon",
        "coordinates": [
          [
            [
              [
                -78.66401600069005,
                -1.6642130715024706
              ],
              [
                -78.66401706463954,
                -1.6633091046825201
              ],
              [
                -78.6631187660418,
                -1.6633080341058426
              ],
              [
                -78.66311770168411,
                -1.664212000343647
              ],
              [
                -78.66401600069005,
                -1.6642130715024706
              ]
            ]
          ]
        ]
      }
    },
    {
      "type": "Feature",
      "properties": {
        "CELL_ID": "GIU100-35-39",
        "AMBITO": "URBANO",
        "CATEGORIA": "VIOLENCIA",
        "PLATAFORMA": "PLATAFORMA J",
        "PARROQUIA": null,
        "DISTANCE_M": 200,
        "CELL_SIZE_M": 100,
        "COUNT": 0,
        "GI_ZSCORE": 5.004577134917714,
        "GI_PVALUE": 5.598479126846345e-07,
        "GI_CLASS": "HOTSPOT 99%",
        "GI_STAR": 5.004577134917714,
        "SIGNIFICANCIA": 99,
        "SUMA_LOCAL": 25,
        "NIVEL": 99,
        "COB_A_PCT": 100.0,
        "ESTADO_A": "CUBIERTO",
        "COB_B_PCT": 100.0,
        "ESTADO_B": "CUBIERTO",
        "COB_C_PCT": 100.0,
        "ESTADO_C": "CUBIERTO",
        "COB_B_ANTERIOR_PCT": 100.0,
        "ESTADO_B_ANTERIOR": "CUBIERTO",
        "COB_C_ANTERIOR_PCT": 100.0,
        "ESTADO_C_ANTERIOR": "CUBIERTO"
      },
      "geometry": {
        "type": "MultiPolygon",
        "coordinates": [
          [
            [
              [
                -78.66311770168411,
                -1.664212000343647
              ],
              [
                -78.6631187660418,
                -1.6633080341058426
              ],
              [
                -78.66222046802321,
                -1.6633069631184687
              ],
              [
                -78.66221940325727,
                -1.664210928773904
              ],
              [
                -78.66311770168411,
                -1.664212000343647
              ]
            ]
          ]
        ]
      }
    },
    {
      "type": "Feature",
      "properties": {
        "CELL_ID": "GIU100-35-40",
        "AMBITO": "URBANO",
        "CATEGORIA": "VIOLENCIA",
        "PLATAFORMA": "PLATAFORMA J",
        "PARROQUIA": null,
        "DISTANCE_M": 200,
        "CELL_SIZE_M": 100,
        "COUNT": 1,
        "GI_ZSCORE": 4.247985982492692,
        "GI_PVALUE": 2.1570088737979582e-05,
        "GI_CLASS": "HOTSPOT 99%",
        "GI_STAR": 4.247985982492692,
        "SIGNIFICANCIA": 99,
        "SUMA_LOCAL": 22,
        "NIVEL": 99,
        "COB_A_PCT": 93.21142303041671,
        "ESTADO_A": "PARCIALMENTE CUBIERTO",
        "COB_B_PCT": 93.21142303041671,
        "ESTADO_B": "PARCIALMENTE CUBIERTO",
        "COB_C_PCT": 93.21142303041671,
        "ESTADO_C": "PARCIALMENTE CUBIERTO",
        "COB_B_ANTERIOR_PCT": 93.21142303041671,
        "ESTADO_B_ANTERIOR": "PARCIALMENTE CUBIERTO",
        "COB_C_ANTERIOR_PCT": 93.21142303041671,
        "ESTADO_C_ANTERIOR": "PARCIALMENTE CUBIERTO"
      },
      "geometry": {
        "type": "MultiPolygon",
        "coordinates": [
          [
            [
              [
                -78.66221940325727,
                -1.664210928773904
              ],
              [
                -78.66222046802321,
                -1.6633069631184687
              ],
              [
                -78.66132217058393,
                -1.6633058917203996
              ],
              [
                -78.66132110540977,
                -1.6642098567932422
              ],
              [
                -78.66221940325727,
                -1.664210928773904
              ]
            ]
          ]
        ]
      }
    },
    {
      "type": "Feature",
      "properties": {
        "CELL_ID": "GIU100-35-53",
        "AMBITO": "URBANO",
        "CATEGORIA": "VIOLENCIA",
        "PLATAFORMA": "PLATAFORMA I",
        "PARROQUIA": null,
        "DISTANCE_M": 200,
        "CELL_SIZE_M": 100,
        "COUNT": 2,
        "GI_ZSCORE": 2.9501219321027867,
        "GI_PVALUE": 0.003176485414213341,
        "GI_CLASS": "HOTSPOT 99%",
        "GI_STAR": 2.9501219321027867,
        "SIGNIFICANCIA": 99,
        "SUMA_LOCAL": 16,
        "NIVEL": 99,
        "COB_A_PCT": 100.0,
        "ESTADO_A": "CUBIERTO",
        "COB_B_PCT": 100.0,
        "ESTADO_B": "CUBIERTO",
        "COB_C_PCT": 100.0,
        "ESTADO_C": "CUBIERTO",
        "COB_B_ANTERIOR_PCT": 100.0,
        "ESTADO_B_ANTERIOR": "CUBIERTO",
        "COB_C_ANTERIOR_PCT": 100.0,
        "ESTADO_C_ANTERIOR": "CUBIERTO"
      },
      "geometry": {
        "type": "MultiPolygon",
        "coordinates": [
          [
            [
              [
                -78.64964328621163,
                -1.6641958836516675
              ],
              [
                -78.65054157650773,
                -1.6641969609741485
              ],
              [
                -78.65054264658053,
                -1.6632930029098332
              ],
              [
                -78.64968233987322,
                -1.6632919717097931
              ],
              [
                -78.64964432120198,
                -1.6633219038296942
              ],
              [
                -78.64964328621163,
                -1.6641958836516675
              ]
            ]
          ]
        ]
      }
    },
    {
      "type": "Feature",
      "properties": {
        "CELL_ID": "GIU100-35-54",
        "AMBITO": "URBANO",
        "CATEGORIA": "VIOLENCIA",
        "PLATAFORMA": "PLATAFORMA K",
        "PARROQUIA": null,
        "DISTANCE_M": 200,
        "CELL_SIZE_M": 100,
        "COUNT": 3,
        "GI_ZSCORE": 3.4913948300676707,
        "GI_PVALUE": 0.0004805055964282036,
        "GI_CLASS": "HOTSPOT 99%",
        "GI_STAR": 3.4913948300676707,
        "SIGNIFICANCIA": 99,
        "SUMA_LOCAL": 19,
        "NIVEL": 99,
        "COB_A_PCT": 99.99999999999997,
        "ESTADO_A": "CUBIERTO",
        "COB_B_PCT": 99.99999999999997,
        "ESTADO_B": "CUBIERTO",
        "COB_C_PCT": 99.99999999999997,
        "ESTADO_C": "CUBIERTO",
        "COB_B_ANTERIOR_PCT": 99.99999999999997,
        "ESTADO_B_ANTERIOR": "CUBIERTO",
        "COB_C_ANTERIOR_PCT": 99.99999999999997,
        "ESTADO_C_ANTERIOR": "CUBIERTO"
      },
      "geometry": {
        "type": "MultiPolygon",
        "coordinates": [
          [
            [
              [
                -78.64874606738721,
                -1.663290849025186
              ],
              [
                -78.64874499649797,
                -1.664194805918287
              ],
              [
                -78.64964328621163,
                -1.6641958836516675
              ],
              [
                -78.64964432120198,
                -1.6633219038296942
              ],
              [
                -78.64935694773763,
                -1.6635481530134213
              ],
              [
                -78.64934633402414,
                -1.6633353321663775
              ],
              [
                -78.64933838300213,
                -1.663291559322942
              ],
              [
                -78.64874606738721,
                -1.663290849025186
              ]
            ]
          ]
        ]
      }
    },
    {
      "type": "Feature",
      "properties": {
        "CELL_ID": "GIU100-35-55",
        "AMBITO": "URBANO",
        "CATEGORIA": "VIOLENCIA",
        "PLATAFORMA": "PLATAFORMA M",
        "PARROQUIA": null,
        "DISTANCE_M": 200,
        "CELL_SIZE_M": 100,
        "COUNT": 2,
        "GI_ZSCORE": 2.9870007284509894,
        "GI_PVALUE": 0.002817290511545885,
        "GI_CLASS": "HOTSPOT 99%",
        "GI_STAR": 2.9870007284509894,
        "SIGNIFICANCIA": 99,
        "SUMA_LOCAL": 17,
        "NIVEL": 99,
        "COB_A_PCT": 78.16792887684926,
        "ESTADO_A": "PARCIALMENTE CUBIERTO",
        "COB_B_PCT": 78.16792887684926,
        "ESTADO_B": "PARCIALMENTE CUBIERTO",
        "COB_C_PCT": 78.16792887684926,
        "ESTADO_C": "PARCIALMENTE CUBIERTO",
        "COB_B_ANTERIOR_PCT": 78.16792887684926,
        "ESTADO_B_ANTERIOR": "PARCIALMENTE CUBIERTO",
        "COB_C_ANTERIOR_PCT": 78.16792887684926,
        "ESTADO_C_ANTERIOR": "PARCIALMENTE CUBIERTO"
      },
      "geometry": {
        "type": "MultiPolygon",
        "coordinates": [
          [
            [
              [
                -78.64874499649797,
                -1.664194805918287
              ],
              [
                -78.64874606738721,
                -1.663290849025186
              ],
              [
                -78.64784777866441,
                -1.6632897714668489
              ],
              [
                -78.64784670736698,
                -1.6641937277740078
              ],
              [
                -78.64874499649797,
                -1.664194805918287
              ]
            ]
          ]
        ]
      }
    },
    {
      "type": "Feature",
      "properties": {
        "CELL_ID": "GIU100-35-56",
        "AMBITO": "URBANO",
        "CATEGORIA": "VIOLENCIA",
        "PLATAFORMA": "PLATAFORMA M",
        "PARROQUIA": null,
        "DISTANCE_M": 200,
        "CELL_SIZE_M": 100,
        "COUNT": 0,
        "GI_ZSCORE": 3.2391977792593303,
        "GI_PVALUE": 0.0011986642318589453,
        "GI_CLASS": "HOTSPOT 99%",
        "GI_STAR": 3.2391977792593303,
        "SIGNIFICANCIA": 99,
        "SUMA_LOCAL": 18,
        "NIVEL": 99,
        "COB_A_PCT": 0.3823186307074028,
        "ESTADO_A": "PARCIALMENTE CUBIERTO",
        "COB_B_PCT": 0.3823186307074028,
        "ESTADO_B": "PARCIALMENTE CUBIERTO",
        "COB_C_PCT": 0.3823186307074028,
        "ESTADO_C": "PARCIALMENTE CUBIERTO",
        "COB_B_ANTERIOR_PCT": 0.3823186307074028,
        "ESTADO_B_ANTERIOR": "PARCIALMENTE CUBIERTO",
        "COB_C_ANTERIOR_PCT": 0.3823186307074028,
        "ESTADO_C_ANTERIOR": "PARCIALMENTE CUBIERTO"
      },
      "geometry": {
        "type": "MultiPolygon",
        "coordinates": [
          [
            [
              [
                -78.64784670736698,
                -1.6641937277740078
              ],
              [
                -78.64784777866441,
                -1.6632897714668489
              ],
              [
                -78.6469494905245,
                -1.663288693497838
              ],
              [
                -78.64694841881885,
                -1.6641926492188308
              ],
              [
                -78.64784670736698,
                -1.6641937277740078
              ]
            ]
          ]
        ]
      }
    },
    {
      "type": "Feature",
      "properties": {
        "CELL_ID": "GIU100-35-61",
        "AMBITO": "URBANO",
        "CATEGORIA": "VIOLENCIA",
        "PLATAFORMA": "PLATAFORMA M",
        "PARROQUIA": null,
        "DISTANCE_M": 200,
        "CELL_SIZE_M": 100,
        "COUNT": 0,
        "GI_ZSCORE": 2.734803677642649,
        "GI_PVALUE": 0.006241749090433691,
        "GI_CLASS": "HOTSPOT 99%",
        "GI_STAR": 2.734803677642649,
        "SIGNIFICANCIA": 99,
        "SUMA_LOCAL": 16,
        "NIVEL": 99,
        "COB_A_PCT": 59.977031715100374,
        "ESTADO_A": "PARCIALMENTE CUBIERTO",
        "COB_B_PCT": 59.977031715100374,
        "ESTADO_B": "PARCIALMENTE CUBIERTO",
        "COB_C_PCT": 79.09949026936478,
        "ESTADO_C": "PARCIALMENTE CUBIERTO",
        "COB_B_ANTERIOR_PCT": 59.977031715100374,
        "ESTADO_B_ANTERIOR": "PARCIALMENTE CUBIERTO",
        "COB_C_ANTERIOR_PCT": 100.0,
        "ESTADO_C_ANTERIOR": "CUBIERTO"
      },
      "geometry": {
        "type": "MultiPolygon",
        "coordinates": [
          [
            [
              [
                -78.64335527045957,
                -1.6641883308891792
              ],
              [
                -78.64335634379805,
                -1.6632843775150807
              ],
              [
                -78.64245805857585,
                -1.6632832974927199
              ],
              [
                -78.64245698482917,
                -1.664187250279536
              ],
              [
                -78.64335527045957,
                -1.6641883308891792
              ]
            ]
          ]
        ]
      }
    },
    {
      "type": "Feature",
      "properties": {
        "CELL_ID": "GIU100-35-62",
        "AMBITO": "URBANO",
        "CATEGORIA": "VIOLENCIA",
        "PLATAFORMA": "PLATAFORMA M",
        "PARROQUIA": null,
        "DISTANCE_M": 200,
        "CELL_SIZE_M": 100,
        "COUNT": 3,
        "GI_ZSCORE": 3.2391977792593303,
        "GI_PVALUE": 0.0011986642318589453,
        "GI_CLASS": "HOTSPOT 99%",
        "GI_STAR": 3.2391977792593303,
        "SIGNIFICANCIA": 99,
        "SUMA_LOCAL": 18,
        "NIVEL": 99,
        "COB_A_PCT": 44.32375000717397,
        "ESTADO_A": "PARCIALMENTE CUBIERTO",
        "COB_B_PCT": 90.39290122207515,
        "ESTADO_B": "PARCIALMENTE CUBIERTO",
        "COB_C_PCT": 90.39290122207515,
        "ESTADO_C": "PARCIALMENTE CUBIERTO",
        "COB_B_ANTERIOR_PCT": 74.96451902796662,
        "ESTADO_B_ANTERIOR": "PARCIALMENTE CUBIERTO",
        "COB_C_ANTERIOR_PCT": 100.0,
        "ESTADO_C_ANTERIOR": "CUBIERTO"
      },
      "geometry": {
        "type": "MultiPolygon",
        "coordinates": [
          [
            [
              [
                -78.64245698482917,
                -1.664187250279536
              ],
              [
                -78.64245805857585,
                -1.6632832974927199
              ],
              [
                -78.64155977393784,
                -1.663282217059693
              ],
              [
                -78.64155869978296,
                -1.664186169259004
              ],
              [
                -78.64245698482917,
                -1.664187250279536
              ]
            ]
          ]
        ]
      }
    },
    {
      "type": "Feature",
      "properties": {
        "CELL_ID": "GIU100-35-63",
        "AMBITO": "URBANO",
        "CATEGORIA": "VIOLENCIA",
        "PLATAFORMA": "PLATAFORMA M",
        "PARROQUIA": null,
        "DISTANCE_M": 200,
        "CELL_SIZE_M": 100,
        "COUNT": 3,
        "GI_ZSCORE": 2.9870007284509894,
        "GI_PVALUE": 0.002817290511545885,
        "GI_CLASS": "HOTSPOT 99%",
        "GI_STAR": 2.9870007284509894,
        "SIGNIFICANCIA": 99,
        "SUMA_LOCAL": 17,
        "NIVEL": 99,
        "COB_A_PCT": 1.4474616950119448,
        "ESTADO_A": "PARCIALMENTE CUBIERTO",
        "COB_B_PCT": 100.0,
        "ESTADO_B": "CUBIERTO",
        "COB_C_PCT": 100.0,
        "ESTADO_C": "CUBIERTO",
        "COB_B_ANTERIOR_PCT": 96.02443850983276,
        "ESTADO_B_ANTERIOR": "PARCIALMENTE CUBIERTO",
        "COB_C_ANTERIOR_PCT": 100.0,
        "ESTADO_C_ANTERIOR": "CUBIERTO"
      },
      "geometry": {
        "type": "MultiPolygon",
        "coordinates": [
          [
            [
              [
                -78.64155869978296,
                -1.664186169259004
              ],
              [
                -78.64155977393784,
                -1.663282217059693
              ],
              [
                -78.64066148988428,
                -1.6632811362160016
              ],
              [
                -78.64066041532122,
                -1.6641850878275837
              ],
              [
                -78.64155869978296,
                -1.664186169259004
              ]
            ]
          ]
        ]
      }
    },
    {
      "type": "Feature",
      "properties": {
        "CELL_ID": "GIU100-35-64",
        "AMBITO": "URBANO",
        "CATEGORIA": "VIOLENCIA",
        "PLATAFORMA": "PLATAFORMA O",
        "PARROQUIA": null,
        "DISTANCE_M": 200,
        "CELL_SIZE_M": 100,
        "COUNT": 2,
        "GI_ZSCORE": 3.4913948300676707,
        "GI_PVALUE": 0.0004805055964282036,
        "GI_CLASS": "HOTSPOT 99%",
        "GI_STAR": 3.4913948300676707,
        "SIGNIFICANCIA": 99,
        "SUMA_LOCAL": 19,
        "NIVEL": 99,
        "COB_A_PCT": 0.0,
        "ESTADO_A": "SIN COBERTURA",
        "COB_B_PCT": 100.0,
        "ESTADO_B": "CUBIERTO",
        "COB_C_PCT": 100.0,
        "ESTADO_C": "CUBIERTO",
        "COB_B_ANTERIOR_PCT": 97.97175861061815,
        "ESTADO_B_ANTERIOR": "PARCIALMENTE CUBIERTO",
        "COB_C_ANTERIOR_PCT": 100.0,
        "ESTADO_C_ANTERIOR": "CUBIERTO"
      },
      "geometry": {
        "type": "MultiPolygon",
        "coordinates": [
          [
            [
              [
                -78.64066041532122,
                -1.6641850878275837
              ],
              [
                -78.64066148988428,
                -1.6632811362160016
              ],
              [
                -78.63976320641538,
                -1.6632800549616469
              ],
              [
                -78.6397621314441,
                -1.664184005985277
              ],
              [
                -78.64066041532122,
                -1.6641850878275837
              ]
            ]
          ]
        ]
      }
    },
    {
      "type": "Feature",
      "properties": {
        "CELL_ID": "GIU100-35-65",
        "AMBITO": "URBANO",
        "CATEGORIA": "VIOLENCIA",
        "PLATAFORMA": "PLATAFORMA O",
        "PARROQUIA": null,
        "DISTANCE_M": 200,
        "CELL_SIZE_M": 100,
        "COUNT": 0,
        "GI_ZSCORE": 3.2391977792593303,
        "GI_PVALUE": 0.0011986642318589453,
        "GI_CLASS": "HOTSPOT 99%",
        "GI_STAR": 3.2391977792593303,
        "SIGNIFICANCIA": 99,
        "SUMA_LOCAL": 18,
        "NIVEL": 99,
        "COB_A_PCT": 0.0,
        "ESTADO_A": "SIN COBERTURA",
        "COB_B_PCT": 100.0,
        "ESTADO_B": "CUBIERTO",
        "COB_C_PCT": 100.0,
        "ESTADO_C": "CUBIERTO",
        "COB_B_ANTERIOR_PCT": 45.643187225108264,
        "ESTADO_B_ANTERIOR": "PARCIALMENTE CUBIERTO",
        "COB_C_ANTERIOR_PCT": 90.60760967588466,
        "ESTADO_C_ANTERIOR": "PARCIALMENTE CUBIERTO"
      },
      "geometry": {
        "type": "MultiPolygon",
        "coordinates": [
          [
            [
              [
                -78.6397621314441,
                -1.664184005985277
              ],
              [
                -78.63976320641538,
                -1.6632800549616469
              ],
              [
                -78.63886492353133,
                -1.66327897329663
              ],
              [
                -78.63886384815187,
                -1.664182923732085
              ],
              [
                -78.6397621314441,
                -1.664184005985277
              ]
            ]
          ]
        ]
      }
    },
    {
      "type": "Feature",
      "properties": {
        "CELL_ID": "GIU100-35-66",
        "AMBITO": "URBANO",
        "CATEGORIA": "VIOLENCIA",
        "PLATAFORMA": "PLATAFORMA O",
        "PARROQUIA": null,
        "DISTANCE_M": 200,
        "CELL_SIZE_M": 100,
        "COUNT": 3,
        "GI_ZSCORE": 2.230409576025968,
        "GI_PVALUE": 0.025720264423434874,
        "GI_CLASS": "HOTSPOT 95%",
        "GI_STAR": 2.230409576025968,
        "SIGNIFICANCIA": 95,
        "SUMA_LOCAL": 14,
        "NIVEL": 95,
        "COB_A_PCT": 0.0,
        "ESTADO_A": "SIN COBERTURA",
        "COB_B_PCT": 17.56273527755063,
        "ESTADO_B": "PARCIALMENTE CUBIERTO",
        "COB_C_PCT": 100.0,
        "ESTADO_C": "CUBIERTO",
        "COB_B_ANTERIOR_PCT": 0.0,
        "ESTADO_B_ANTERIOR": "SIN COBERTURA",
        "COB_C_ANTERIOR_PCT": 100.0,
        "ESTADO_C_ANTERIOR": "CUBIERTO"
      },
      "geometry": {
        "type": "MultiPolygon",
        "coordinates": [
          [
            [
              [
                -78.63886384815187,
                -1.664182923732085
              ],
              [
                -78.63886492353133,
                -1.66327897329663
              ],
              [
                -78.6379666412324,
                -1.6632778912209525
              ],
              [
                -78.63796556544473,
                -1.664181841068009
              ],
              [
                -78.63886384815187,
                -1.664182923732085
              ]
            ]
          ]
        ]
      }
    },
    {
      "type": "Feature",
      "properties": {
        "CELL_ID": "GIU100-35-67",
        "AMBITO": "URBANO",
        "CATEGORIA": "VIOLENCIA",
        "PLATAFORMA": "PLATAFORMA O",
        "PARROQUIA": null,
        "DISTANCE_M": 200,
        "CELL_SIZE_M": 100,
        "COUNT": 4,
        "GI_ZSCORE": 2.230409576025968,
        "GI_PVALUE": 0.025720264423434874,
        "GI_CLASS": "HOTSPOT 95%",
        "GI_STAR": 2.230409576025968,
        "SIGNIFICANCIA": 95,
        "SUMA_LOCAL": 14,
        "NIVEL": 95,
        "COB_A_PCT": 0.0,
        "ESTADO_A": "SIN COBERTURA",
        "COB_B_PCT": 0.0,
        "ESTADO_B": "SIN COBERTURA",
        "COB_C_PCT": 100.0,
        "ESTADO_C": "CUBIERTO",
        "COB_B_ANTERIOR_PCT": 0.0,
        "ESTADO_B_ANTERIOR": "SIN COBERTURA",
        "COB_C_ANTERIOR_PCT": 100.0,
        "ESTADO_C_ANTERIOR": "CUBIERTO"
      },
      "geometry": {
        "type": "MultiPolygon",
        "coordinates": [
          [
            [
              [
                -78.63796556544473,
                -1.664181841068009
              ],
              [
                -78.6379666412324,
                -1.6632778912209525
              ],
              [
                -78.63706835951878,
                -1.6632768087346157
              ],
              [
                -78.63706728332292,
                -1.6641807579930503
              ],
              [
                -78.63796556544473,
                -1.664181841068009
              ]
            ]
          ]
        ]
      }
    },
    {
      "type": "Feature",
      "properties": {
        "CELL_ID": "GIU100-35-68",
        "AMBITO": "URBANO",
        "CATEGORIA": "VIOLENCIA",
        "PLATAFORMA": "PLATAFORMA O",
        "PARROQUIA": null,
        "DISTANCE_M": 200,
        "CELL_SIZE_M": 100,
        "COUNT": 0,
        "GI_ZSCORE": 2.4826066268343085,
        "GI_PVALUE": 0.01304250275922858,
        "GI_CLASS": "HOTSPOT 95%",
        "GI_STAR": 2.4826066268343085,
        "SIGNIFICANCIA": 95,
        "SUMA_LOCAL": 15,
        "NIVEL": 95,
        "COB_A_PCT": 0.0,
        "ESTADO_A": "SIN COBERTURA",
        "COB_B_PCT": 0.0,
        "ESTADO_B": "SIN COBERTURA",
        "COB_C_PCT": 100.0,
        "ESTADO_C": "CUBIERTO",
        "COB_B_ANTERIOR_PCT": 0.0,
        "ESTADO_B_ANTERIOR": "SIN COBERTURA",
        "COB_C_ANTERIOR_PCT": 100.0,
        "ESTADO_C_ANTERIOR": "CUBIERTO"
      },
      "geometry": {
        "type": "MultiPolygon",
        "coordinates": [
          [
            [
              [
                -78.63706728332292,
                -1.6641807579930503
              ],
              [
                -78.63706835951878,
                -1.6632768087346157
              ],
              [
                -78.6361700783907,
                -1.6632757258376207
              ],
              [
                -78.63616900178664,
                -1.66417967450721
              ],
              [
                -78.63706728332292,
                -1.6641807579930503
              ]
            ]
          ]
        ]
      }
    },
    {
      "type": "Feature",
      "properties": {
        "CELL_ID": "GIU100-36-32",
        "AMBITO": "URBANO",
        "CATEGORIA": "VIOLENCIA",
        "PLATAFORMA": "PLATAFORMA H",
        "PARROQUIA": null,
        "DISTANCE_M": 200,
        "CELL_SIZE_M": 100,
        "COUNT": 1,
        "GI_ZSCORE": 1.9782125252176277,
        "GI_PVALUE": 0.047904736321680026,
        "GI_CLASS": "HOTSPOT 95%",
        "GI_STAR": 1.9782125252176277,
        "SIGNIFICANCIA": 95,
        "SUMA_LOCAL": 13,
        "NIVEL": 95,
        "COB_A_PCT": 0.0,
        "ESTADO_A": "SIN COBERTURA",
        "COB_B_PCT": 0.0,
        "ESTADO_B": "SIN COBERTURA",
        "COB_C_PCT": 0.0,
        "ESTADO_C": "SIN COBERTURA",
        "COB_B_ANTERIOR_PCT": 0.0,
        "ESTADO_B_ANTERIOR": "SIN COBERTURA",
        "COB_C_ANTERIOR_PCT": 0.0,
        "ESTADO_C_ANTERIOR": "SIN COBERTURA"
      },
      "geometry": {
        "type": "MultiPolygon",
        "coordinates": [
          [
            [
              [
                -78.66940686837441,
                -1.6633155195178875
              ],
              [
                -78.66940792929691,
                -1.6624115492007658
              ],
              [
                -78.66850962763729,
                -1.6624104816690994
              ],
              [
                -78.66850856630678,
                -1.6633144514054163
              ],
              [
                -78.66940686837441,
                -1.6633155195178875
              ]
            ]
          ]
        ]
      }
    },
    {
      "type": "Feature",
      "properties": {
        "CELL_ID": "GIU100-36-36",
        "AMBITO": "URBANO",
        "CATEGORIA": "VIOLENCIA",
        "PLATAFORMA": "PLATAFORMA H",
        "PARROQUIA": null,
        "DISTANCE_M": 200,
        "CELL_SIZE_M": 100,
        "COUNT": 2,
        "GI_ZSCORE": 2.230409576025968,
        "GI_PVALUE": 0.025720264423434874,
        "GI_CLASS": "HOTSPOT 95%",
        "GI_STAR": 2.230409576025968,
        "SIGNIFICANCIA": 95,
        "SUMA_LOCAL": 14,
        "NIVEL": 95,
        "COB_A_PCT": 12.837730360883473,
        "ESTADO_A": "PARCIALMENTE CUBIERTO",
        "COB_B_PCT": 12.837730360883473,
        "ESTADO_B": "PARCIALMENTE CUBIERTO",
        "COB_C_PCT": 49.064745236391246,
        "ESTADO_C": "PARCIALMENTE CUBIERTO",
        "COB_B_ANTERIOR_PCT": 12.837730360883473,
        "ESTADO_B_ANTERIOR": "PARCIALMENTE CUBIERTO",
        "COB_C_ANTERIOR_PCT": 100.0,
        "ESTADO_C_ANTERIOR": "CUBIERTO"
      },
      "geometry": {
        "type": "MultiPolygon",
        "coordinates": [
          [
            [
              [
                -78.66581366357134,
                -1.663311244603781
              ],
              [
                -78.66581472612589,
                -1.6624072766112206
              ],
              [
                -78.66491642677867,
                -1.662406207437638
              ],
              [
                -78.66491536381609,
                -1.6633101748485002
              ],
              [
                -78.66581366357134,
                -1.663311244603781
              ]
            ]
          ]
        ]
      }
    },
    {
      "type": "Feature",
      "properties": {
        "CELL_ID": "GIU100-36-37",
        "AMBITO": "URBANO",
        "CATEGORIA": "VIOLENCIA",
        "PLATAFORMA": "PLATAFORMA H",
        "PARROQUIA": null,
        "DISTANCE_M": 200,
        "CELL_SIZE_M": 100,
        "COUNT": 1,
        "GI_ZSCORE": 4.500183033301033,
        "GI_PVALUE": 6.789497544670571e-06,
        "GI_CLASS": "HOTSPOT 99%",
        "GI_STAR": 4.500183033301033,
        "SIGNIFICANCIA": 99,
        "SUMA_LOCAL": 23,
        "NIVEL": 99,
        "COB_A_PCT": 71.41025161690494,
        "ESTADO_A": "PARCIALMENTE CUBIERTO",
        "COB_B_PCT": 71.41025161690494,
        "ESTADO_B": "PARCIALMENTE CUBIERTO",
        "COB_C_PCT": 93.69200776169798,
        "ESTADO_C": "PARCIALMENTE CUBIERTO",
        "COB_B_ANTERIOR_PCT": 71.41025161690494,
        "ESTADO_B_ANTERIOR": "PARCIALMENTE CUBIERTO",
        "COB_C_ANTERIOR_PCT": 100.0,
        "ESTADO_C_ANTERIOR": "CUBIERTO"
      },
      "geometry": {
        "type": "MultiPolygon",
        "coordinates": [
          [
            [
              [
                -78.66491536381609,
                -1.6633101748485002
              ],
              [
                -78.66491642677867,
                -1.662406207437638
              ],
              [
                -78.6640181280101,
                -1.66240513785358
              ],
              [
                -78.66401706463954,
                -1.6633091046825201
              ],
              [
                -78.66491536381609,
                -1.6633101748485002
              ]
            ]
          ]
        ]
      }
    },
    {
      "type": "Feature",
      "properties": {
        "CELL_ID": "GIU100-36-38",
        "AMBITO": "URBANO",
        "CATEGORIA": "VIOLENCIA",
        "PLATAFORMA": "PLATAFORMA J",
        "PARROQUIA": null,
        "DISTANCE_M": 200,
        "CELL_SIZE_M": 100,
        "COUNT": 2,
        "GI_ZSCORE": 6.013365338151075,
        "GI_PVALUE": 1.817108840102979e-09,
        "GI_CLASS": "HOTSPOT 99%",
        "GI_STAR": 6.013365338151075,
        "SIGNIFICANCIA": 99,
        "SUMA_LOCAL": 29,
        "NIVEL": 99,
        "COB_A_PCT": 100.0,
        "ESTADO_A": "CUBIERTO",
        "COB_B_PCT": 100.0,
        "ESTADO_B": "CUBIERTO",
        "COB_C_PCT": 100.0,
        "ESTADO_C": "CUBIERTO",
        "COB_B_ANTERIOR_PCT": 100.0,
        "ESTADO_B_ANTERIOR": "CUBIERTO",
        "COB_C_ANTERIOR_PCT": 100.0,
        "ESTADO_C_ANTERIOR": "CUBIERTO"
      },
      "geometry": {
        "type": "MultiPolygon",
        "coordinates": [
          [
            [
              [
                -78.66401706463954,
                -1.6633091046825201
              ],
              [
                -78.6640181280101,
                -1.66240513785358
              ],
              [
                -78.6631198298204,
                -1.662404067859048
              ],
              [
                -78.6631187660418,
                -1.6633080341058426
              ],
              [
                -78.66401706463954,
                -1.6633091046825201
              ]
            ]
          ]
        ]
      }
    },
    {
      "type": "Feature",
      "properties": {
        "CELL_ID": "GIU100-36-39",
        "AMBITO": "URBANO",
        "CATEGORIA": "VIOLENCIA",
        "PLATAFORMA": "PLATAFORMA J",
        "PARROQUIA": null,
        "DISTANCE_M": 200,
        "CELL_SIZE_M": 100,
        "COUNT": 8,
        "GI_ZSCORE": 5.256774185726054,
        "GI_PVALUE": 1.4660414069729784e-07,
        "GI_CLASS": "HOTSPOT 99%",
        "GI_STAR": 5.256774185726054,
        "SIGNIFICANCIA": 99,
        "SUMA_LOCAL": 26,
        "NIVEL": 99,
        "COB_A_PCT": 100.0,
        "ESTADO_A": "CUBIERTO",
        "COB_B_PCT": 100.0,
        "ESTADO_B": "CUBIERTO",
        "COB_C_PCT": 100.0,
        "ESTADO_C": "CUBIERTO",
        "COB_B_ANTERIOR_PCT": 100.0,
        "ESTADO_B_ANTERIOR": "CUBIERTO",
        "COB_C_ANTERIOR_PCT": 100.0,
        "ESTADO_C_ANTERIOR": "CUBIERTO"
      },
      "geometry": {
        "type": "MultiPolygon",
        "coordinates": [
          [
            [
              [
                -78.6631187660418,
                -1.6633080341058426
              ],
              [
                -78.6631198298204,
                -1.662404067859048
              ],
              [
                -78.66222153220981,
                -1.662402997454042
              ],
              [
                -78.66222046802321,
                -1.6633069631184687
              ],
              [
                -78.6631187660418,
                -1.6633080341058426
              ]
            ]
          ]
        ]
      }
    },
    {
      "type": "Feature",
      "properties": {
        "CELL_ID": "GIU100-36-40",
        "AMBITO": "URBANO",
        "CATEGORIA": "VIOLENCIA",
        "PLATAFORMA": "PLATAFORMA J",
        "PARROQUIA": null,
        "DISTANCE_M": 200,
        "CELL_SIZE_M": 100,
        "COUNT": 0,
        "GI_ZSCORE": 4.247985982492692,
        "GI_PVALUE": 2.1570088737979582e-05,
        "GI_CLASS": "HOTSPOT 99%",
        "GI_STAR": 4.247985982492692,
        "SIGNIFICANCIA": 99,
        "SUMA_LOCAL": 22,
        "NIVEL": 99,
        "COB_A_PCT": 84.82358609704933,
        "ESTADO_A": "PARCIALMENTE CUBIERTO",
        "COB_B_PCT": 84.82358609704933,
        "ESTADO_B": "PARCIALMENTE CUBIERTO",
        "COB_C_PCT": 84.82358609704933,
        "ESTADO_C": "PARCIALMENTE CUBIERTO",
        "COB_B_ANTERIOR_PCT": 84.82358609704933,
        "ESTADO_B_ANTERIOR": "PARCIALMENTE CUBIERTO",
        "COB_C_ANTERIOR_PCT": 84.82358609704933,
        "ESTADO_C_ANTERIOR": "PARCIALMENTE CUBIERTO"
      },
      "geometry": {
        "type": "MultiPolygon",
        "coordinates": [
          [
            [
              [
                -78.66222046802321,
                -1.6633069631184687
              ],
              [
                -78.66222153220981,
                -1.662402997454042
              ],
              [
                -78.66132323517853,
                -1.6624019266385652
              ],
              [
                -78.66132217058393,
                -1.6633058917203996
              ],
              [
                -78.66222046802321,
                -1.6633069631184687
              ]
            ]
          ]
        ]
      }
    },
    {
      "type": "Feature",
      "properties": {
        "CELL_ID": "GIU100-36-41",
        "AMBITO": "URBANO",
        "CATEGORIA": "VIOLENCIA",
        "PLATAFORMA": "PLATAFORMA J",
        "PARROQUIA": null,
        "DISTANCE_M": 200,
        "CELL_SIZE_M": 100,
        "COUNT": 1,
        "GI_ZSCORE": 2.9870007284509894,
        "GI_PVALUE": 0.002817290511545885,
        "GI_CLASS": "HOTSPOT 99%",
        "GI_STAR": 2.9870007284509894,
        "SIGNIFICANCIA": 99,
        "SUMA_LOCAL": 17,
        "NIVEL": 99,
        "COB_A_PCT": 29.92918892770492,
        "ESTADO_A": "PARCIALMENTE CUBIERTO",
        "COB_B_PCT": 29.92918892770492,
        "ESTADO_B": "PARCIALMENTE CUBIERTO",
        "COB_C_PCT": 56.13618854447778,
        "ESTADO_C": "PARCIALMENTE CUBIERTO",
        "COB_B_ANTERIOR_PCT": 29.92918892770492,
        "ESTADO_B_ANTERIOR": "PARCIALMENTE CUBIERTO",
        "COB_C_ANTERIOR_PCT": 56.13618854447778,
        "ESTADO_C_ANTERIOR": "PARCIALMENTE CUBIERTO"
      },
      "geometry": {
        "type": "MultiPolygon",
        "coordinates": [
          [
            [
              [
                -78.66132217058393,
                -1.6633058917203996
              ],
              [
                -78.66132323517853,
                -1.6624019266385652
              ],
              [
                -78.6604249387268,
                -1.6624008554126177
              ],
              [
                -78.66042387372418,
                -1.6633048199116367
              ],
              [
                -78.66132217058393,
                -1.6633058917203996
              ]
            ]
          ]
        ]
      }
    },
    {
      "type": "Feature",
      "properties": {
        "CELL_ID": "GIU100-36-51",
        "AMBITO": "URBANO",
        "CATEGORIA": "VIOLENCIA",
        "PLATAFORMA": "PLATAFORMA I",
        "PARROQUIA": null,
        "DISTANCE_M": 200,
        "CELL_SIZE_M": 100,
        "COUNT": 0,
        "GI_ZSCORE": 2.230409576025968,
        "GI_PVALUE": 0.025720264423434874,
        "GI_CLASS": "HOTSPOT 95%",
        "GI_STAR": 2.230409576025968,
        "SIGNIFICANCIA": 95,
        "SUMA_LOCAL": 14,
        "NIVEL": 95,
        "COB_A_PCT": 52.50479676388533,
        "ESTADO_A": "PARCIALMENTE CUBIERTO",
        "COB_B_PCT": 52.50479676388533,
        "ESTADO_B": "PARCIALMENTE CUBIERTO",
        "COB_C_PCT": 52.50479676388533,
        "ESTADO_C": "PARCIALMENTE CUBIERTO",
        "COB_B_ANTERIOR_PCT": 52.50479676388533,
        "ESTADO_B_ANTERIOR": "PARCIALMENTE CUBIERTO",
        "COB_C_ANTERIOR_PCT": 52.50479676388533,
        "ESTADO_C_ANTERIOR": "PARCIALMENTE CUBIERTO"
      },
      "geometry": {
        "type": "MultiPolygon",
        "coordinates": [
          [
            [
              [
                -78.65233922810269,
                -1.6632951551517685
              ],
              [
                -78.65234029677731,
                -1.6623911959081352
              ],
              [
                -78.65144200613324,
                -1.662390120577556
              ],
              [
                -78.65144093705064,
                -1.6632940792361401
              ],
              [
                -78.65233922810269,
                -1.6632951551517685
              ]
            ]
          ]
        ]
      }
    },
    {
      "type": "Feature",
      "properties": {
        "CELL_ID": "GIU100-36-53",
        "AMBITO": "URBANO",
        "CATEGORIA": "VIOLENCIA",
        "PLATAFORMA": "PLATAFORMA I",
        "PARROQUIA": null,
        "DISTANCE_M": 200,
        "CELL_SIZE_M": 100,
        "COUNT": 1,
        "GI_ZSCORE": 1.9003067254094868,
        "GI_PVALUE": 0.057392879284062795,
        "GI_CLASS": "HOTSPOT 90%",
        "GI_STAR": 1.9003067254094868,
        "SIGNIFICANCIA": 90,
        "SUMA_LOCAL": 12,
        "NIVEL": 90,
        "COB_A_PCT": 100.0,
        "ESTADO_A": "CUBIERTO",
        "COB_B_PCT": 100.0,
        "ESTADO_B": "CUBIERTO",
        "COB_C_PCT": 100.0,
        "ESTADO_C": "CUBIERTO",
        "COB_B_ANTERIOR_PCT": 100.0,
        "ESTADO_B_ANTERIOR": "CUBIERTO",
        "COB_C_ANTERIOR_PCT": 100.0,
        "ESTADO_C_ANTERIOR": "CUBIERTO"
      },
      "geometry": {
        "type": "MultiPolygon",
        "coordinates": [
          [
            [
              [
                -78.65054264658053,
                -1.6632930029098332
              ],
              [
                -78.65054344993221,
                -1.662614037576132
              ],
              [
                -78.65033030946564,
                -1.662792554312257
              ],
              [
                -78.65025669611666,
                -1.6628542101365091
              ],
              [
                -78.65020199673039,
                -1.6628828452944937
              ],
              [
                -78.64968233987322,
                -1.6632919717097931
              ],
              [
                -78.65054264658053,
                -1.6632930029098332
              ]
            ]
          ]
        ]
      }
    },
    {
      "type": "Feature",
      "properties": {
        "CELL_ID": "GIU100-36-54",
        "AMBITO": "URBANO",
        "CATEGORIA": "VIOLENCIA",
        "PLATAFORMA": "PLATAFORMA M",
        "PARROQUIA": null,
        "DISTANCE_M": 200,
        "CELL_SIZE_M": 100,
        "COUNT": 0,
        "GI_ZSCORE": 2.425214328756137,
        "GI_PVALUE": 0.015299351380390526,
        "GI_CLASS": "HOTSPOT 95%",
        "GI_STAR": 2.425214328756137,
        "SIGNIFICANCIA": 95,
        "SUMA_LOCAL": 14,
        "NIVEL": 95,
        "COB_A_PCT": 99.99999999999997,
        "ESTADO_A": "CUBIERTO",
        "COB_B_PCT": 99.99999999999997,
        "ESTADO_B": "CUBIERTO",
        "COB_C_PCT": 99.99999999999997,
        "ESTADO_C": "CUBIERTO",
        "COB_B_ANTERIOR_PCT": 99.99999999999997,
        "ESTADO_B_ANTERIOR": "CUBIERTO",
        "COB_C_ANTERIOR_PCT": 99.99999999999997,
        "ESTADO_C_ANTERIOR": "CUBIERTO"
      },
      "geometry": {
        "type": "MultiPolygon",
        "coordinates": [
          [
            [
              [
                -78.64874713769379,
                -1.6623868921230867
              ],
              [
                -78.64874606738721,
                -1.663290849025186
              ],
              [
                -78.64933838300213,
                -1.663291559322942
              ],
              [
                -78.64928100854262,
                -1.6629756952906078
              ],
              [
                -78.64919222519096,
                -1.6626849942244804
              ],
              [
                -78.64904331334598,
                -1.662445582232533
              ],
              [
                -78.64921857876456,
                -1.662460740151739
              ],
              [
                -78.64945561581294,
                -1.6624943097917142
              ],
              [
                -78.64944737266097,
                -1.6624309188527118
              ],
              [
                -78.64945533123428,
                -1.6623877408979357
              ],
              [
                -78.64874713769379,
                -1.6623868921230867
              ]
            ]
          ]
        ]
      }
    },
    {
      "type": "Feature",
      "properties": {
        "CELL_ID": "GIU100-36-55",
        "AMBITO": "URBANO",
        "CATEGORIA": "VIOLENCIA",
        "PLATAFORMA": "PLATAFORMA M",
        "PARROQUIA": null,
        "DISTANCE_M": 200,
        "CELL_SIZE_M": 100,
        "COUNT": 3,
        "GI_ZSCORE": 2.230409576025968,
        "GI_PVALUE": 0.025720264423434874,
        "GI_CLASS": "HOTSPOT 95%",
        "GI_STAR": 2.230409576025968,
        "SIGNIFICANCIA": 95,
        "SUMA_LOCAL": 14,
        "NIVEL": 95,
        "COB_A_PCT": 39.198851460269715,
        "ESTADO_A": "PARCIALMENTE CUBIERTO",
        "COB_B_PCT": 66.4947457992213,
        "ESTADO_B": "PARCIALMENTE CUBIERTO",
        "COB_C_PCT": 66.4947457992213,
        "ESTADO_C": "PARCIALMENTE CUBIERTO",
        "COB_B_ANTERIOR_PCT": 66.4947457992213,
        "ESTADO_B_ANTERIOR": "PARCIALMENTE CUBIERTO",
        "COB_C_ANTERIOR_PCT": 66.4947457992213,
        "ESTADO_C_ANTERIOR": "PARCIALMENTE CUBIERTO"
      },
      "geometry": {
        "type": "MultiPolygon",
        "coordinates": [
          [
            [
              [
                -78.64874606738721,
                -1.663290849025186
              ],
              [
                -78.64874713769379,
                -1.6623868921230867
              ],
              [
                -78.64784884937899,
                -1.6623858151506912
              ],
              [
                -78.64784777866441,
                -1.6632897714668489
              ],
              [
                -78.64874606738721,
                -1.663290849025186
              ]
            ]
          ]
        ]
      }
    },
    {
      "type": "Feature",
      "properties": {
        "CELL_ID": "GIU100-36-57",
        "AMBITO": "URBANO",
        "CATEGORIA": "VIOLENCIA",
        "PLATAFORMA": "PLATAFORMA M",
        "PARROQUIA": null,
        "DISTANCE_M": 200,
        "CELL_SIZE_M": 100,
        "COUNT": 0,
        "GI_ZSCORE": 1.7260154744092873,
        "GI_PVALUE": 0.08434462886201807,
        "GI_CLASS": "HOTSPOT 90%",
        "GI_STAR": 1.7260154744092873,
        "SIGNIFICANCIA": 90,
        "SUMA_LOCAL": 12,
        "NIVEL": 90,
        "COB_A_PCT": 0.0,
        "ESTADO_A": "SIN COBERTURA",
        "COB_B_PCT": 60.433667278374,
        "ESTADO_B": "PARCIALMENTE CUBIERTO",
        "COB_C_PCT": 79.88486220625995,
        "ESTADO_C": "PARCIALMENTE CUBIERTO",
        "COB_B_ANTERIOR_PCT": 60.433667278374,
        "ESTADO_B_ANTERIOR": "PARCIALMENTE CUBIERTO",
        "COB_C_ANTERIOR_PCT": 79.88486220625995,
        "ESTADO_C_ANTERIOR": "PARCIALMENTE CUBIERTO"
      },
      "geometry": {
        "type": "MultiPolygon",
        "coordinates": [
          [
            [
              [
                -78.6469494905245,
                -1.663288693497838
              ],
              [
                -78.64695056164706,
                -1.6623847377678451
              ],
              [
                -78.64605227449823,
                -1.6623836599745496
              ],
              [
                -78.64605120296768,
                -1.6632876151181544
              ],
              [
                -78.6469494905245,
                -1.663288693497838
              ]
            ]
          ]
        ]
      }
    },
    {
      "type": "Feature",
      "properties": {
        "CELL_ID": "GIU100-36-61",
        "AMBITO": "URBANO",
        "CATEGORIA": "VIOLENCIA",
        "PLATAFORMA": "PLATAFORMA M",
        "PARROQUIA": null,
        "DISTANCE_M": 200,
        "CELL_SIZE_M": 100,
        "COUNT": 1,
        "GI_ZSCORE": 1.9782125252176277,
        "GI_PVALUE": 0.047904736321680026,
        "GI_CLASS": "HOTSPOT 95%",
        "GI_STAR": 1.9782125252176277,
        "SIGNIFICANCIA": 95,
        "SUMA_LOCAL": 13,
        "NIVEL": 95,
        "COB_A_PCT": 100.0,
        "ESTADO_A": "CUBIERTO",
        "COB_B_PCT": 100.0,
        "ESTADO_B": "CUBIERTO",
        "COB_C_PCT": 100.0,
        "ESTADO_C": "CUBIERTO",
        "COB_B_ANTERIOR_PCT": 100.0,
        "ESTADO_B_ANTERIOR": "CUBIERTO",
        "COB_C_ANTERIOR_PCT": 100.0,
        "ESTADO_C_ANTERIOR": "CUBIERTO"
      },
      "geometry": {
        "type": "MultiPolygon",
        "coordinates": [
          [
            [
              [
                -78.64335634379805,
                -1.6632843775150807
              ],
              [
                -78.64335741655253,
                -1.6623804241319808
              ],
              [
                -78.64245913173832,
                -1.6623793446969015
              ],
              [
                -78.64245805857585,
                -1.6632832974927199
              ],
              [
                -78.64335634379805,
                -1.6632843775150807
              ]
            ]
          ]
        ]
      }
    },
    {
      "type": "Feature",
      "properties": {
        "CELL_ID": "GIU100-36-62",
        "AMBITO": "URBANO",
        "CATEGORIA": "VIOLENCIA",
        "PLATAFORMA": "PLATAFORMA M",
        "PARROQUIA": null,
        "DISTANCE_M": 200,
        "CELL_SIZE_M": 100,
        "COUNT": 0,
        "GI_ZSCORE": 2.734803677642649,
        "GI_PVALUE": 0.006241749090433691,
        "GI_CLASS": "HOTSPOT 99%",
        "GI_STAR": 2.734803677642649,
        "SIGNIFICANCIA": 99,
        "SUMA_LOCAL": 16,
        "NIVEL": 99,
        "COB_A_PCT": 100.0,
        "ESTADO_A": "CUBIERTO",
        "COB_B_PCT": 100.0,
        "ESTADO_B": "CUBIERTO",
        "COB_C_PCT": 100.0,
        "ESTADO_C": "CUBIERTO",
        "COB_B_ANTERIOR_PCT": 100.0,
        "ESTADO_B_ANTERIOR": "CUBIERTO",
        "COB_C_ANTERIOR_PCT": 100.0,
        "ESTADO_C_ANTERIOR": "CUBIERTO"
      },
      "geometry": {
        "type": "MultiPolygon",
        "coordinates": [
          [
            [
              [
                -78.64245805857585,
                -1.6632832974927199
              ],
              [
                -78.64245913173832,
                -1.6623793446969015
              ],
              [
                -78.6415608475083,
                -1.662378264851379
              ],
              [
                -78.64155977393784,
                -1.663282217059693
              ],
              [
                -78.64245805857585,
                -1.6632832974927199
              ]
            ]
          ]
        ]
      }
    },
    {
      "type": "Feature",
      "properties": {
        "CELL_ID": "GIU100-36-63",
        "AMBITO": "URBANO",
        "CATEGORIA": "VIOLENCIA",
        "PLATAFORMA": "PLATAFORMA M",
        "PARROQUIA": null,
        "DISTANCE_M": 200,
        "CELL_SIZE_M": 100,
        "COUNT": 0,
        "GI_ZSCORE": 3.743591880876011,
        "GI_PVALUE": 0.00018140822292464902,
        "GI_CLASS": "HOTSPOT 99%",
        "GI_STAR": 3.743591880876011,
        "SIGNIFICANCIA": 99,
        "SUMA_LOCAL": 20,
        "NIVEL": 99,
        "COB_A_PCT": 91.09752989618005,
        "ESTADO_A": "PARCIALMENTE CUBIERTO",
        "COB_B_PCT": 100.0,
        "ESTADO_B": "CUBIERTO",
        "COB_C_PCT": 100.0,
        "ESTADO_C": "CUBIERTO",
        "COB_B_ANTERIOR_PCT": 93.58224992602737,
        "ESTADO_B_ANTERIOR": "PARCIALMENTE CUBIERTO",
        "COB_C_ANTERIOR_PCT": 100.0,
        "ESTADO_C_ANTERIOR": "CUBIERTO"
      },
      "geometry": {
        "type": "MultiPolygon",
        "coordinates": [
          [
            [
              [
                -78.64155977393784,
                -1.663282217059693
              ],
              [
                -78.6415608475083,
                -1.662378264851379
              ],
              [
                -78.6406625638627,
                -1.662377184595416
              ],
              [
                -78.64066148988428,
                -1.6632811362160016
              ],
              [
                -78.64155977393784,
                -1.663282217059693
              ]
            ]
          ]
        ]
      }
    },
    {
      "type": "Feature",
      "properties": {
        "CELL_ID": "GIU100-36-64",
        "AMBITO": "URBANO",
        "CATEGORIA": "VIOLENCIA",
        "PLATAFORMA": "PLATAFORMA M",
        "PARROQUIA": null,
        "DISTANCE_M": 200,
        "CELL_SIZE_M": 100,
        "COUNT": 1,
        "GI_ZSCORE": 2.4826066268343085,
        "GI_PVALUE": 0.01304250275922858,
        "GI_CLASS": "HOTSPOT 95%",
        "GI_STAR": 2.4826066268343085,
        "SIGNIFICANCIA": 95,
        "SUMA_LOCAL": 15,
        "NIVEL": 95,
        "COB_A_PCT": 55.92622772854229,
        "ESTADO_A": "PARCIALMENTE CUBIERTO",
        "COB_B_PCT": 100.0,
        "ESTADO_B": "CUBIERTO",
        "COB_C_PCT": 100.0,
        "ESTADO_C": "CUBIERTO",
        "COB_B_ANTERIOR_PCT": 59.95296100720088,
        "ESTADO_B_ANTERIOR": "PARCIALMENTE CUBIERTO",
        "COB_C_ANTERIOR_PCT": 92.44799342783037,
        "ESTADO_C_ANTERIOR": "PARCIALMENTE CUBIERTO"
      },
      "geometry": {
        "type": "MultiPolygon",
        "coordinates": [
          [
            [
              [
                -78.64066148988428,
                -1.6632811362160016
              ],
              [
                -78.6406625638627,
                -1.662377184595416
              ],
              [
                -78.63976428080177,
                -1.6623761039290128
              ],
              [
                -78.63976320641538,
                -1.6632800549616469
              ],
              [
                -78.64066148988428,
                -1.6632811362160016
              ]
            ]
          ]
        ]
      }
    },
    {
      "type": "Feature",
      "properties": {
        "CELL_ID": "GIU100-36-65",
        "AMBITO": "URBANO",
        "CATEGORIA": "VIOLENCIA",
        "PLATAFORMA": "PLATAFORMA O",
        "PARROQUIA": null,
        "DISTANCE_M": 200,
        "CELL_SIZE_M": 100,
        "COUNT": 0,
        "GI_ZSCORE": 1.9782125252176277,
        "GI_PVALUE": 0.047904736321680026,
        "GI_CLASS": "HOTSPOT 95%",
        "GI_STAR": 1.9782125252176277,
        "SIGNIFICANCIA": 95,
        "SUMA_LOCAL": 13,
        "NIVEL": 95,
        "COB_A_PCT": 0.7545309777728316,
        "ESTADO_A": "PARCIALMENTE CUBIERTO",
        "COB_B_PCT": 90.12622632327137,
        "ESTADO_B": "PARCIALMENTE CUBIERTO",
        "COB_C_PCT": 100.0,
        "ESTADO_C": "CUBIERTO",
        "COB_B_ANTERIOR_PCT": 0.7545309777728316,
        "ESTADO_B_ANTERIOR": "PARCIALMENTE CUBIERTO",
        "COB_C_ANTERIOR_PCT": 91.70372399766849,
        "ESTADO_C_ANTERIOR": "PARCIALMENTE CUBIERTO"
      },
      "geometry": {
        "type": "MultiPolygon",
        "coordinates": [
          [
            [
              [
                -78.63976320641538,
                -1.6632800549616469
              ],
              [
                -78.63976428080177,
                -1.6623761039290128
              ],
              [
                -78.63886599832571,
                -1.6623750228521703
              ],
              [
                -78.63886492353133,
                -1.66327897329663
              ],
              [
                -78.63976320641538,
                -1.6632800549616469
              ]
            ]
          ]
        ]
      }
    },
    {
      "type": "Feature",
      "properties": {
        "CELL_ID": "GIU100-36-66",
        "AMBITO": "URBANO",
        "CATEGORIA": "VIOLENCIA",
        "PLATAFORMA": "PLATAFORMA O",
        "PARROQUIA": null,
        "DISTANCE_M": 200,
        "CELL_SIZE_M": 100,
        "COUNT": 0,
        "GI_ZSCORE": 2.9870007284509894,
        "GI_PVALUE": 0.002817290511545885,
        "GI_CLASS": "HOTSPOT 99%",
        "GI_STAR": 2.9870007284509894,
        "SIGNIFICANCIA": 99,
        "SUMA_LOCAL": 17,
        "NIVEL": 99,
        "COB_A_PCT": 0.0,
        "ESTADO_A": "SIN COBERTURA",
        "COB_B_PCT": 3.756468064919411,
        "ESTADO_B": "PARCIALMENTE CUBIERTO",
        "COB_C_PCT": 100.0,
        "ESTADO_C": "CUBIERTO",
        "COB_B_ANTERIOR_PCT": 0.0,
        "ESTADO_B_ANTERIOR": "SIN COBERTURA",
        "COB_C_ANTERIOR_PCT": 100.0,
        "ESTADO_C_ANTERIOR": "CUBIERTO"
      },
      "geometry": {
        "type": "MultiPolygon",
        "coordinates": [
          [
            [
              [
                -78.63886492353133,
                -1.66327897329663
              ],
              [
                -78.63886599832571,
                -1.6623750228521703
              ],
              [
                -78.63796771643474,
                -1.662373941364891
              ],
              [
                -78.6379666412324,
                -1.6632778912209525
              ],
              [
                -78.63886492353133,
                -1.66327897329663
              ]
            ]
          ]
        ]
      }
    },
    {
      "type": "Feature",
      "properties": {
        "CELL_ID": "GIU100-36-67",
        "AMBITO": "URBANO",
        "CATEGORIA": "VIOLENCIA",
        "PLATAFORMA": "PLATAFORMA O",
        "PARROQUIA": null,
        "DISTANCE_M": 200,
        "CELL_SIZE_M": 100,
        "COUNT": 2,
        "GI_ZSCORE": 1.7260154744092873,
        "GI_PVALUE": 0.08434462886201807,
        "GI_CLASS": "HOTSPOT 90%",
        "GI_STAR": 1.7260154744092873,
        "SIGNIFICANCIA": 90,
        "SUMA_LOCAL": 12,
        "NIVEL": 90,
        "COB_A_PCT": 0.0,
        "ESTADO_A": "SIN COBERTURA",
        "COB_B_PCT": 0.0,
        "ESTADO_B": "SIN COBERTURA",
        "COB_C_PCT": 100.0,
        "ESTADO_C": "CUBIERTO",
        "COB_B_ANTERIOR_PCT": 0.0,
        "ESTADO_B_ANTERIOR": "SIN COBERTURA",
        "COB_C_ANTERIOR_PCT": 100.0,
        "ESTADO_C_ANTERIOR": "CUBIERTO"
      },
      "geometry": {
        "type": "MultiPolygon",
        "coordinates": [
          [
            [
              [
                -78.6379666412324,
                -1.6632778912209525
              ],
              [
                -78.63796771643474,
                -1.662373941364891
              ],
              [
                -78.63706943512909,
                -1.6623728594671752
              ],
              [
                -78.63706835951878,
                -1.6632768087346157
              ],
              [
                -78.6379666412324,
                -1.6632778912209525
              ]
            ]
          ]
        ]
      }
    },
    {
      "type": "Feature",
      "properties": {
        "CELL_ID": "GIU100-37-37",
        "AMBITO": "URBANO",
        "CATEGORIA": "VIOLENCIA",
        "PLATAFORMA": "PLATAFORMA H",
        "PARROQUIA": null,
        "DISTANCE_M": 200,
        "CELL_SIZE_M": 100,
        "COUNT": 4,
        "GI_ZSCORE": 2.230409576025968,
        "GI_PVALUE": 0.025720264423434874,
        "GI_CLASS": "HOTSPOT 95%",
        "GI_STAR": 2.230409576025968,
        "SIGNIFICANCIA": 95,
        "SUMA_LOCAL": 14,
        "NIVEL": 95,
        "COB_A_PCT": 63.060128590073774,
        "ESTADO_A": "PARCIALMENTE CUBIERTO",
        "COB_B_PCT": 63.060128590073774,
        "ESTADO_B": "PARCIALMENTE CUBIERTO",
        "COB_C_PCT": 100.0,
        "ESTADO_C": "CUBIERTO",
        "COB_B_ANTERIOR_PCT": 63.060128590073774,
        "ESTADO_B_ANTERIOR": "PARCIALMENTE CUBIERTO",
        "COB_C_ANTERIOR_PCT": 100.0,
        "ESTADO_C_ANTERIOR": "CUBIERTO"
      },
      "geometry": {
        "type": "MultiPolygon",
        "coordinates": [
          [
            [
              [
                -78.66491642677867,
                -1.662406207437638
              ],
              [
                -78.66491748916259,
                -1.6615022400177908
              ],
              [
                -78.6640191908018,
                -1.6615011710156544
              ],
              [
                -78.6640181280101,
                -1.66240513785358
              ],
              [
                -78.66491642677867,
                -1.662406207437638
              ]
            ]
          ]
        ]
      }
    },
    {
      "type": "Feature",
      "properties": {
        "CELL_ID": "GIU100-37-38",
        "AMBITO": "URBANO",
        "CATEGORIA": "VIOLENCIA",
        "PLATAFORMA": "PLATAFORMA H",
        "PARROQUIA": null,
        "DISTANCE_M": 200,
        "CELL_SIZE_M": 100,
        "COUNT": 0,
        "GI_ZSCORE": 5.508971236534395,
        "GI_PVALUE": 3.6093687194678375e-08,
        "GI_CLASS": "HOTSPOT 99%",
        "GI_STAR": 5.508971236534395,
        "SIGNIFICANCIA": 99,
        "SUMA_LOCAL": 27,
        "NIVEL": 99,
        "COB_A_PCT": 100.0,
        "ESTADO_A": "CUBIERTO",
        "COB_B_PCT": 100.0,
        "ESTADO_B": "CUBIERTO",
        "COB_C_PCT": 100.0,
        "ESTADO_C": "CUBIERTO",
        "COB_B_ANTERIOR_PCT": 100.0,
        "ESTADO_B_ANTERIOR": "CUBIERTO",
        "COB_C_ANTERIOR_PCT": 100.0,
        "ESTADO_C_ANTERIOR": "CUBIERTO"
      },
      "geometry": {
        "type": "MultiPolygon",
        "coordinates": [
          [
            [
              [
                -78.6640181280101,
                -1.66240513785358
              ],
              [
                -78.6640191908018,
                -1.6615011710156544
              ],
              [
                -78.6631208930199,
                -1.6615001016032669
              ],
              [
                -78.6631198298204,
                -1.662404067859048
              ],
              [
                -78.6640181280101,
                -1.66240513785358
              ]
            ]
          ]
        ]
      }
    },
    {
      "type": "Feature",
      "properties": {
        "CELL_ID": "GIU100-37-39",
        "AMBITO": "URBANO",
        "CATEGORIA": "VIOLENCIA",
        "PLATAFORMA": "PLATAFORMA J",
        "PARROQUIA": null,
        "DISTANCE_M": 200,
        "CELL_SIZE_M": 100,
        "COUNT": 5,
        "GI_ZSCORE": 4.247985982492692,
        "GI_PVALUE": 2.1570088737979582e-05,
        "GI_CLASS": "HOTSPOT 99%",
        "GI_STAR": 4.247985982492692,
        "SIGNIFICANCIA": 99,
        "SUMA_LOCAL": 22,
        "NIVEL": 99,
        "COB_A_PCT": 100.0,
        "ESTADO_A": "CUBIERTO",
        "COB_B_PCT": 100.0,
        "ESTADO_B": "CUBIERTO",
        "COB_C_PCT": 100.0,
        "ESTADO_C": "CUBIERTO",
        "COB_B_ANTERIOR_PCT": 100.0,
        "ESTADO_B_ANTERIOR": "CUBIERTO",
        "COB_C_ANTERIOR_PCT": 100.0,
        "ESTADO_C_ANTERIOR": "CUBIERTO"
      },
      "geometry": {
        "type": "MultiPolygon",
        "coordinates": [
          [
            [
              [
                -78.6631198298204,
                -1.662404067859048
              ],
              [
                -78.6631208930199,
                -1.6615001016032669
              ],
              [
                -78.66222259581708,
                -1.6614990317806297
              ],
              [
                -78.66222153220981,
                -1.662402997454042
              ],
              [
                -78.6631198298204,
                -1.662404067859048
              ]
            ]
          ]
        ]
      }
    },
    {
      "type": "Feature",
      "properties": {
        "CELL_ID": "GIU100-37-40",
        "AMBITO": "URBANO",
        "CATEGORIA": "VIOLENCIA",
        "PLATAFORMA": "PLATAFORMA J",
        "PARROQUIA": null,
        "DISTANCE_M": 200,
        "CELL_SIZE_M": 100,
        "COUNT": 3,
        "GI_ZSCORE": 3.4913948300676707,
        "GI_PVALUE": 0.0004805055964282036,
        "GI_CLASS": "HOTSPOT 99%",
        "GI_STAR": 3.4913948300676707,
        "SIGNIFICANCIA": 99,
        "SUMA_LOCAL": 19,
        "NIVEL": 99,
        "COB_A_PCT": 100.0,
        "ESTADO_A": "CUBIERTO",
        "COB_B_PCT": 100.0,
        "ESTADO_B": "CUBIERTO",
        "COB_C_PCT": 100.0,
        "ESTADO_C": "CUBIERTO",
        "COB_B_ANTERIOR_PCT": 100.0,
        "ESTADO_B_ANTERIOR": "CUBIERTO",
        "COB_C_ANTERIOR_PCT": 100.0,
        "ESTADO_C_ANTERIOR": "CUBIERTO"
      },
      "geometry": {
        "type": "MultiPolygon",
        "coordinates": [
          [
            [
              [
                -78.66222153220981,
                -1.662402997454042
              ],
              [
                -78.66222259581708,
                -1.6614990317806297
              ],
              [
                -78.66132429919361,
                -1.6614979615477439
              ],
              [
                -78.66132323517853,
                -1.6624019266385652
              ],
              [
                -78.66222153220981,
                -1.662402997454042
              ]
            ]
          ]
        ]
      }
    },
    {
      "type": "Feature",
      "properties": {
        "CELL_ID": "GIU100-37-41",
        "AMBITO": "URBANO",
        "CATEGORIA": "VIOLENCIA",
        "PLATAFORMA": "PLATAFORMA J",
        "PARROQUIA": null,
        "DISTANCE_M": 200,
        "CELL_SIZE_M": 100,
        "COUNT": 0,
        "GI_ZSCORE": 1.7260154744092873,
        "GI_PVALUE": 0.08434462886201807,
        "GI_CLASS": "HOTSPOT 90%",
        "GI_STAR": 1.7260154744092873,
        "SIGNIFICANCIA": 90,
        "SUMA_LOCAL": 12,
        "NIVEL": 90,
        "COB_A_PCT": 74.79046439429136,
        "ESTADO_A": "PARCIALMENTE CUBIERTO",
        "COB_B_PCT": 74.79046439429136,
        "ESTADO_B": "PARCIALMENTE CUBIERTO",
        "COB_C_PCT": 97.7722000138582,
        "ESTADO_C": "PARCIALMENTE CUBIERTO",
        "COB_B_ANTERIOR_PCT": 74.79046439429136,
        "ESTADO_B_ANTERIOR": "PARCIALMENTE CUBIERTO",
        "COB_C_ANTERIOR_PCT": 97.7722000138582,
        "ESTADO_C_ANTERIOR": "PARCIALMENTE CUBIERTO"
      },
      "geometry": {
        "type": "MultiPolygon",
        "coordinates": [
          [
            [
              [
                -78.66132323517853,
                -1.6624019266385652
              ],
              [
                -78.66132429919361,
                -1.6614979615477439
              ],
              [
                -78.66042600314965,
                -1.6614968909046106
              ],
              [
                -78.6604249387268,
                -1.6624008554126177
              ],
              [
                -78.66132323517853,
                -1.6624019266385652
              ]
            ]
          ]
        ]
      }
    },
    {
      "type": "Feature",
      "properties": {
        "CELL_ID": "GIU100-37-50",
        "AMBITO": "URBANO",
        "CATEGORIA": "VIOLENCIA",
        "PLATAFORMA": "PLATAFORMA I",
        "PARROQUIA": null,
        "DISTANCE_M": 200,
        "CELL_SIZE_M": 100,
        "COUNT": 2,
        "GI_ZSCORE": 1.9782125252176277,
        "GI_PVALUE": 0.047904736321680026,
        "GI_CLASS": "HOTSPOT 95%",
        "GI_STAR": 1.9782125252176277,
        "SIGNIFICANCIA": 95,
        "SUMA_LOCAL": 13,
        "NIVEL": 95,
        "COB_A_PCT": 0.0,
        "ESTADO_A": "SIN COBERTURA",
        "COB_B_PCT": 12.757369622582878,
        "ESTADO_B": "PARCIALMENTE CUBIERTO",
        "COB_C_PCT": 12.757369622582878,
        "ESTADO_C": "PARCIALMENTE CUBIERTO",
        "COB_B_ANTERIOR_PCT": 12.757369622582878,
        "ESTADO_B_ANTERIOR": "PARCIALMENTE CUBIERTO",
        "COB_C_ANTERIOR_PCT": 12.757369622582878,
        "ESTADO_C_ANTERIOR": "PARCIALMENTE CUBIERTO"
      },
      "geometry": {
        "type": "MultiPolygon",
        "coordinates": [
          [
            [
              [
                -78.65323858800316,
                -1.662392270828258
              ],
              [
                -78.65323965568824,
                -1.6614883109908083
              ],
              [
                -78.65234136487017,
                -1.6614872366555107
              ],
              [
                -78.65234029677731,
                -1.6623911959081352
              ],
              [
                -78.65323858800316,
                -1.662392270828258
              ]
            ]
          ]
        ]
      }
    },
    {
      "type": "Feature",
      "properties": {
        "CELL_ID": "GIU100-37-51",
        "AMBITO": "URBANO",
        "CATEGORIA": "VIOLENCIA",
        "PLATAFORMA": "PLATAFORMA I",
        "PARROQUIA": null,
        "DISTANCE_M": 200,
        "CELL_SIZE_M": 100,
        "COUNT": 0,
        "GI_ZSCORE": 2.36728168245044,
        "GI_PVALUE": 0.017919288657870226,
        "GI_CLASS": "HOTSPOT 95%",
        "GI_STAR": 2.36728168245044,
        "SIGNIFICANCIA": 95,
        "SUMA_LOCAL": 13,
        "NIVEL": 95,
        "COB_A_PCT": 15.837609200829366,
        "ESTADO_A": "PARCIALMENTE CUBIERTO",
        "COB_B_PCT": 15.837609200829366,
        "ESTADO_B": "PARCIALMENTE CUBIERTO",
        "COB_C_PCT": 15.837609200829366,
        "ESTADO_C": "PARCIALMENTE CUBIERTO",
        "COB_B_ANTERIOR_PCT": 15.837609200829366,
        "ESTADO_B_ANTERIOR": "PARCIALMENTE CUBIERTO",
        "COB_C_ANTERIOR_PCT": 15.837609200829366,
        "ESTADO_C_ANTERIOR": "PARCIALMENTE CUBIERTO"
      },
      "geometry": {
        "type": "MultiPolygon",
        "coordinates": [
          [
            [
              [
                -78.65144200613324,
                -1.662390120577556
              ],
              [
                -78.65234029677731,
                -1.6623911959081352
              ],
              [
                -78.65234136487017,
                -1.6614872366555107
              ],
              [
                -78.6518867212101,
                -1.6614866927554572
              ],
              [
                -78.65179001505693,
                -1.6615699691479138
              ],
              [
                -78.65144263172881,
                -1.6618609222926344
              ],
              [
                -78.65144200613324,
                -1.662390120577556
              ]
            ]
          ]
        ]
      }
    },
    {
      "type": "Feature",
      "properties": {
        "CELL_ID": "GIU100-37-52",
        "AMBITO": "URBANO",
        "CATEGORIA": "VIOLENCIA",
        "PLATAFORMA": "PLATAFORMA I",
        "PARROQUIA": null,
        "DISTANCE_M": 200,
        "CELL_SIZE_M": 100,
        "COUNT": 1,
        "GI_ZSCORE": 2.0216038742222167,
        "GI_PVALUE": 0.043217291505532544,
        "GI_CLASS": "HOTSPOT 95%",
        "GI_STAR": 2.0216038742222167,
        "SIGNIFICANCIA": 95,
        "SUMA_LOCAL": 11,
        "NIVEL": 95,
        "COB_A_PCT": 100.0,
        "ESTADO_A": "CUBIERTO",
        "COB_B_PCT": 100.0,
        "ESTADO_B": "CUBIERTO",
        "COB_C_PCT": 100.0,
        "ESTADO_C": "CUBIERTO",
        "COB_B_ANTERIOR_PCT": 100.0,
        "ESTADO_B_ANTERIOR": "CUBIERTO",
        "COB_C_ANTERIOR_PCT": 100.0,
        "ESTADO_C_ANTERIOR": "CUBIERTO"
      },
      "geometry": {
        "type": "MultiPolygon",
        "coordinates": [
          [
            [
              [
                -78.65144200613324,
                -1.662390120577556
              ],
              [
                -78.65144263172881,
                -1.6618609222926344
              ],
              [
                -78.65135058057544,
                -1.6619380202838385
              ],
              [
                -78.65112147718125,
                -1.6621299070745634
              ],
              [
                -78.65109167200349,
                -1.6621548712988021
              ],
              [
                -78.65081656642705,
                -1.6623852875044118
              ],
              [
                -78.65081169714348,
                -1.6623893657984277
              ],
              [
                -78.65144200613324,
                -1.662390120577556
              ]
            ]
          ]
        ]
      }
    },
    {
      "type": "Feature",
      "properties": {
        "CELL_ID": "GIU100-37-54",
        "AMBITO": "URBANO",
        "CATEGORIA": "VIOLENCIA",
        "PLATAFORMA": "PLATAFORMA L",
        "PARROQUIA": null,
        "DISTANCE_M": 200,
        "CELL_SIZE_M": 100,
        "COUNT": 0,
        "GI_ZSCORE": 1.9003067254094868,
        "GI_PVALUE": 0.057392879284062795,
        "GI_CLASS": "HOTSPOT 90%",
        "GI_STAR": 1.9003067254094868,
        "SIGNIFICANCIA": 90,
        "SUMA_LOCAL": 12,
        "NIVEL": 90,
        "COB_A_PCT": 82.95740869547306,
        "ESTADO_A": "PARCIALMENTE CUBIERTO",
        "COB_B_PCT": 91.19864812207753,
        "ESTADO_B": "PARCIALMENTE CUBIERTO",
        "COB_C_PCT": 91.19864812207753,
        "ESTADO_C": "PARCIALMENTE CUBIERTO",
        "COB_B_ANTERIOR_PCT": 91.19864812207753,
        "ESTADO_B_ANTERIOR": "PARCIALMENTE CUBIERTO",
        "COB_C_ANTERIOR_PCT": 91.19864812207753,
        "ESTADO_C_ANTERIOR": "PARCIALMENTE CUBIERTO"
      },
      "geometry": {
        "type": "MultiPolygon",
        "coordinates": [
          [
            [
              [
                -78.64874820741773,
                -1.6614829352119929
              ],
              [
                -78.64874713769379,
                -1.6623868921230867
              ],
              [
                -78.64945533123428,
                -1.6623877408979357
              ],
              [
                -78.64962191198985,
                -1.6614839817468996
              ],
              [
                -78.64874820741773,
                -1.6614829352119929
              ]
            ]
          ]
        ]
      }
    },
    {
      "type": "Feature",
      "properties": {
        "CELL_ID": "GIU100-37-56",
        "AMBITO": "URBANO",
        "CATEGORIA": "VIOLENCIA",
        "PLATAFORMA": "PLATAFORMA M",
        "PARROQUIA": null,
        "DISTANCE_M": 200,
        "CELL_SIZE_M": 100,
        "COUNT": 2,
        "GI_ZSCORE": 2.230409576025968,
        "GI_PVALUE": 0.025720264423434874,
        "GI_CLASS": "HOTSPOT 95%",
        "GI_STAR": 2.230409576025968,
        "SIGNIFICANCIA": 95,
        "SUMA_LOCAL": 14,
        "NIVEL": 95,
        "COB_A_PCT": 0.0,
        "ESTADO_A": "SIN COBERTURA",
        "COB_B_PCT": 100.0,
        "ESTADO_B": "CUBIERTO",
        "COB_C_PCT": 100.0,
        "ESTADO_C": "CUBIERTO",
        "COB_B_ANTERIOR_PCT": 100.0,
        "ESTADO_B_ANTERIOR": "CUBIERTO",
        "COB_C_ANTERIOR_PCT": 100.0,
        "ESTADO_C_ANTERIOR": "CUBIERTO"
      },
      "geometry": {
        "type": "MultiPolygon",
        "coordinates": [
          [
            [
              [
                -78.64784884937899,
                -1.6623858151506912
              ],
              [
                -78.6478499195107,
                -1.6614818588255384
              ],
              [
                -78.64695163218653,
                -1.6614807820288569
              ],
              [
                -78.64695056164706,
                -1.6623847377678451
              ],
              [
                -78.64784884937899,
                -1.6623858151506912
              ]
            ]
          ]
        ]
      }
    },
    {
      "type": "Feature",
      "properties": {
        "CELL_ID": "GIU100-37-60",
        "AMBITO": "URBANO",
        "CATEGORIA": "VIOLENCIA",
        "PLATAFORMA": "PLATAFORMA M",
        "PARROQUIA": null,
        "DISTANCE_M": 200,
        "CELL_SIZE_M": 100,
        "COUNT": 0,
        "GI_ZSCORE": 2.4826066268343085,
        "GI_PVALUE": 0.01304250275922858,
        "GI_CLASS": "HOTSPOT 95%",
        "GI_STAR": 2.4826066268343085,
        "SIGNIFICANCIA": 95,
        "SUMA_LOCAL": 15,
        "NIVEL": 95,
        "COB_A_PCT": 100.0,
        "ESTADO_A": "CUBIERTO",
        "COB_B_PCT": 100.0,
        "ESTADO_B": "CUBIERTO",
        "COB_C_PCT": 100.0,
        "ESTADO_C": "CUBIERTO",
        "COB_B_ANTERIOR_PCT": 100.0,
        "ESTADO_B_ANTERIOR": "CUBIERTO",
        "COB_C_ANTERIOR_PCT": 100.0,
        "ESTADO_C_ANTERIOR": "CUBIERTO"
      },
      "geometry": {
        "type": "MultiPolygon",
        "coordinates": [
          [
            [
              [
                -78.64425570195074,
                -1.6623815031566163
              ],
              [
                -78.6442567737135,
                -1.6614775491774612
              ],
              [
                -78.64335848872304,
                -1.6614764707398837
              ],
              [
                -78.64335741655253,
                -1.6623804241319808
              ],
              [
                -78.64425570195074,
                -1.6623815031566163
              ]
            ]
          ]
        ]
      }
    },
    {
      "type": "Feature",
      "properties": {
        "CELL_ID": "GIU100-37-62",
        "AMBITO": "URBANO",
        "CATEGORIA": "VIOLENCIA",
        "PLATAFORMA": "PLATAFORMA M",
        "PARROQUIA": null,
        "DISTANCE_M": 200,
        "CELL_SIZE_M": 100,
        "COUNT": 1,
        "GI_ZSCORE": 2.734803677642649,
        "GI_PVALUE": 0.006241749090433691,
        "GI_CLASS": "HOTSPOT 99%",
        "GI_STAR": 2.734803677642649,
        "SIGNIFICANCIA": 99,
        "SUMA_LOCAL": 16,
        "NIVEL": 99,
        "COB_A_PCT": 100.0,
        "ESTADO_A": "CUBIERTO",
        "COB_B_PCT": 100.0,
        "ESTADO_B": "CUBIERTO",
        "COB_C_PCT": 100.0,
        "ESTADO_C": "CUBIERTO",
        "COB_B_ANTERIOR_PCT": 100.0,
        "ESTADO_B_ANTERIOR": "CUBIERTO",
        "COB_C_ANTERIOR_PCT": 100.0,
        "ESTADO_C_ANTERIOR": "CUBIERTO"
      },
      "geometry": {
        "type": "MultiPolygon",
        "coordinates": [
          [
            [
              [
                -78.64245913173832,
                -1.6623793446969015
              ],
              [
                -78.64246020431658,
                -1.6614753918920853
              ],
              [
                -78.64156192049431,
                -1.6614743126340674
              ],
              [
                -78.6415608475083,
                -1.662378264851379
              ],
              [
                -78.64245913173832,
                -1.6623793446969015
              ]
            ]
          ]
        ]
      }
    },
    {
      "type": "Feature",
      "properties": {
        "CELL_ID": "GIU100-37-63",
        "AMBITO": "URBANO",
        "CATEGORIA": "VIOLENCIA",
        "PLATAFORMA": "PLATAFORMA M",
        "PARROQUIA": null,
        "DISTANCE_M": 200,
        "CELL_SIZE_M": 100,
        "COUNT": 2,
        "GI_ZSCORE": 2.9870007284509894,
        "GI_PVALUE": 0.002817290511545885,
        "GI_CLASS": "HOTSPOT 99%",
        "GI_STAR": 2.9870007284509894,
        "SIGNIFICANCIA": 99,
        "SUMA_LOCAL": 17,
        "NIVEL": 99,
        "COB_A_PCT": 100.0,
        "ESTADO_A": "CUBIERTO",
        "COB_B_PCT": 100.0,
        "ESTADO_B": "CUBIERTO",
        "COB_C_PCT": 100.0,
        "ESTADO_C": "CUBIERTO",
        "COB_B_ANTERIOR_PCT": 100.0,
        "ESTADO_B_ANTERIOR": "CUBIERTO",
        "COB_C_ANTERIOR_PCT": 100.0,
        "ESTADO_C_ANTERIOR": "CUBIERTO"
      },
      "geometry": {
        "type": "MultiPolygon",
        "coordinates": [
          [
            [
              [
                -78.6415608475083,
                -1.662378264851379
              ],
              [
                -78.64156192049431,
                -1.6614743126340674
              ],
              [
                -78.6406636372565,
                -1.661473232965832
              ],
              [
                -78.6406625638627,
                -1.662377184595416
              ],
              [
                -78.6415608475083,
                -1.662378264851379
              ]
            ]
          ]
        ]
      }
    },
    {
      "type": "Feature",
      "properties": {
        "CELL_ID": "GIU100-37-64",
        "AMBITO": "URBANO",
        "CATEGORIA": "VIOLENCIA",
        "PLATAFORMA": "PLATAFORMA M",
        "PARROQUIA": null,
        "DISTANCE_M": 200,
        "CELL_SIZE_M": 100,
        "COUNT": 2,
        "GI_ZSCORE": 2.4826066268343085,
        "GI_PVALUE": 0.01304250275922858,
        "GI_CLASS": "HOTSPOT 95%",
        "GI_STAR": 2.4826066268343085,
        "SIGNIFICANCIA": 95,
        "SUMA_LOCAL": 15,
        "NIVEL": 95,
        "COB_A_PCT": 100.0,
        "ESTADO_A": "CUBIERTO",
        "COB_B_PCT": 100.0,
        "ESTADO_B": "CUBIERTO",
        "COB_C_PCT": 100.0,
        "ESTADO_C": "CUBIERTO",
        "COB_B_ANTERIOR_PCT": 100.0,
        "ESTADO_B_ANTERIOR": "CUBIERTO",
        "COB_C_ANTERIOR_PCT": 100.0,
        "ESTADO_C_ANTERIOR": "CUBIERTO"
      },
      "geometry": {
        "type": "MultiPolygon",
        "coordinates": [
          [
            [
              [
                -78.6406625638627,
                -1.662377184595416
              ],
              [
                -78.6406636372565,
                -1.661473232965832
              ],
              [
                -78.6397653546033,
                -1.6614721528873793
              ],
              [
                -78.63976428080177,
                -1.6623761039290128
              ],
              [
                -78.6406625638627,
                -1.662377184595416
              ]
            ]
          ]
        ]
      }
    },
    {
      "type": "Feature",
      "properties": {
        "CELL_ID": "GIU100-37-65",
        "AMBITO": "URBANO",
        "CATEGORIA": "VIOLENCIA",
        "PLATAFORMA": "PLATAFORMA M",
        "PARROQUIA": null,
        "DISTANCE_M": 200,
        "CELL_SIZE_M": 100,
        "COUNT": 2,
        "GI_ZSCORE": 1.7260154744092873,
        "GI_PVALUE": 0.08434462886201807,
        "GI_CLASS": "HOTSPOT 90%",
        "GI_STAR": 1.7260154744092873,
        "SIGNIFICANCIA": 90,
        "SUMA_LOCAL": 12,
        "NIVEL": 90,
        "COB_A_PCT": 31.305152779277044,
        "ESTADO_A": "PARCIALMENTE CUBIERTO",
        "COB_B_PCT": 38.29142309766654,
        "ESTADO_B": "PARCIALMENTE CUBIERTO",
        "COB_C_PCT": 100.0,
        "ESTADO_C": "CUBIERTO",
        "COB_B_ANTERIOR_PCT": 31.305152779277044,
        "ESTADO_B_ANTERIOR": "PARCIALMENTE CUBIERTO",
        "COB_C_ANTERIOR_PCT": 100.0,
        "ESTADO_C_ANTERIOR": "CUBIERTO"
      },
      "geometry": {
        "type": "MultiPolygon",
        "coordinates": [
          [
            [
              [
                -78.63976428080177,
                -1.6623761039290128
              ],
              [
                -78.6397653546033,
                -1.6614721528873793
              ],
              [
                -78.63886707253499,
                -1.6614710723987112
              ],
              [
                -78.63886599832571,
                -1.6623750228521703
              ],
              [
                -78.63976428080177,
                -1.6623761039290128
              ]
            ]
          ]
        ]
      }
    },
    {
      "type": "Feature",
      "properties": {
        "CELL_ID": "GIU100-37-66",
        "AMBITO": "URBANO",
        "CATEGORIA": "VIOLENCIA",
        "PLATAFORMA": "PLATAFORMA O",
        "PARROQUIA": null,
        "DISTANCE_M": 200,
        "CELL_SIZE_M": 100,
        "COUNT": 1,
        "GI_ZSCORE": 2.4826066268343085,
        "GI_PVALUE": 0.01304250275922858,
        "GI_CLASS": "HOTSPOT 95%",
        "GI_STAR": 2.4826066268343085,
        "SIGNIFICANCIA": 95,
        "SUMA_LOCAL": 15,
        "NIVEL": 95,
        "COB_A_PCT": 0.0,
        "ESTADO_A": "SIN COBERTURA",
        "COB_B_PCT": 0.0,
        "ESTADO_B": "SIN COBERTURA",
        "COB_C_PCT": 100.0,
        "ESTADO_C": "CUBIERTO",
        "COB_B_ANTERIOR_PCT": 0.0,
        "ESTADO_B_ANTERIOR": "SIN COBERTURA",
        "COB_C_ANTERIOR_PCT": 100.0,
        "ESTADO_C_ANTERIOR": "CUBIERTO"
      },
      "geometry": {
        "type": "MultiPolygon",
        "coordinates": [
          [
            [
              [
                -78.63886599832571,
                -1.6623750228521703
              ],
              [
                -78.63886707253499,
                -1.6614710723987112
              ],
              [
                -78.63796879105179,
                -1.661469991499829
              ],
              [
                -78.63796771643474,
                -1.662373941364891
              ],
              [
                -78.63886599832571,
                -1.6623750228521703
              ]
            ]
          ]
        ]
      }
    },
    {
      "type": "Feature",
      "properties": {
        "CELL_ID": "GIU100-37-67",
        "AMBITO": "URBANO",
        "CATEGORIA": "VIOLENCIA",
        "PLATAFORMA": "PLATAFORMA O",
        "PARROQUIA": null,
        "DISTANCE_M": 200,
        "CELL_SIZE_M": 100,
        "COUNT": 0,
        "GI_ZSCORE": 2.4826066268343085,
        "GI_PVALUE": 0.01304250275922858,
        "GI_CLASS": "HOTSPOT 95%",
        "GI_STAR": 2.4826066268343085,
        "SIGNIFICANCIA": 95,
        "SUMA_LOCAL": 15,
        "NIVEL": 95,
        "COB_A_PCT": 0.0,
        "ESTADO_A": "SIN COBERTURA",
        "COB_B_PCT": 0.0,
        "ESTADO_B": "SIN COBERTURA",
        "COB_C_PCT": 100.0,
        "ESTADO_C": "CUBIERTO",
        "COB_B_ANTERIOR_PCT": 0.0,
        "ESTADO_B_ANTERIOR": "SIN COBERTURA",
        "COB_C_ANTERIOR_PCT": 100.0,
        "ESTADO_C_ANTERIOR": "CUBIERTO"
      },
      "geometry": {
        "type": "MultiPolygon",
        "coordinates": [
          [
            [
              [
                -78.63796771643474,
                -1.662373941364891
              ],
              [
                -78.63796879105179,
                -1.661469991499829
              ],
              [
                -78.63707051015388,
                -1.661468910190734
              ],
              [
                -78.63706943512909,
                -1.6623728594671752
              ],
              [
                -78.63796771643474,
                -1.662373941364891
              ]
            ]
          ]
        ]
      }
    },
    {
      "type": "Feature",
      "properties": {
        "CELL_ID": "GIU100-38-39",
        "AMBITO": "URBANO",
        "CATEGORIA": "VIOLENCIA",
        "PLATAFORMA": "PLATAFORMA J",
        "PARROQUIA": null,
        "DISTANCE_M": 200,
        "CELL_SIZE_M": 100,
        "COUNT": 0,
        "GI_ZSCORE": 2.734803677642649,
        "GI_PVALUE": 0.006241749090433691,
        "GI_CLASS": "HOTSPOT 99%",
        "GI_STAR": 2.734803677642649,
        "SIGNIFICANCIA": 99,
        "SUMA_LOCAL": 16,
        "NIVEL": 99,
        "COB_A_PCT": 100.0,
        "ESTADO_A": "CUBIERTO",
        "COB_B_PCT": 100.0,
        "ESTADO_B": "CUBIERTO",
        "COB_C_PCT": 100.0,
        "ESTADO_C": "CUBIERTO",
        "COB_B_ANTERIOR_PCT": 100.0,
        "ESTADO_B_ANTERIOR": "CUBIERTO",
        "COB_C_ANTERIOR_PCT": 100.0,
        "ESTADO_C_ANTERIOR": "CUBIERTO"
      },
      "geometry": {
        "type": "MultiPolygon",
        "coordinates": [
          [
            [
              [
                -78.6631208930199,
                -1.6615001016032669
              ],
              [
                -78.66312195564029,
                -1.6605961353385048
              ],
              [
                -78.66222365884505,
                -1.660595066098235
              ],
              [
                -78.66222259581708,
                -1.6614990317806297
              ],
              [
                -78.6631208930199,
                -1.6615001016032669
              ]
            ]
          ]
        ]
      }
    },
    {
      "type": "Feature",
      "properties": {
        "CELL_ID": "GIU100-38-50",
        "AMBITO": "URBANO",
        "CATEGORIA": "VIOLENCIA",
        "PLATAFORMA": "PLATAFORMA I",
        "PARROQUIA": null,
        "DISTANCE_M": 200,
        "CELL_SIZE_M": 100,
        "COUNT": 0,
        "GI_ZSCORE": 1.9003067254094868,
        "GI_PVALUE": 0.057392879284062795,
        "GI_CLASS": "HOTSPOT 90%",
        "GI_STAR": 1.9003067254094868,
        "SIGNIFICANCIA": 90,
        "SUMA_LOCAL": 12,
        "NIVEL": 90,
        "COB_A_PCT": 0.0,
        "ESTADO_A": "SIN COBERTURA",
        "COB_B_PCT": 99.98034740895204,
        "ESTADO_B": "PARCIALMENTE CUBIERTO",
        "COB_C_PCT": 99.98034740895204,
        "ESTADO_C": "PARCIALMENTE CUBIERTO",
        "COB_B_ANTERIOR_PCT": 99.98034740895204,
        "ESTADO_B_ANTERIOR": "PARCIALMENTE CUBIERTO",
        "COB_C_ANTERIOR_PCT": 99.98034740895204,
        "ESTADO_C_ANTERIOR": "PARCIALMENTE CUBIERTO"
      },
      "geometry": {
        "type": "MultiPolygon",
        "coordinates": [
          [
            [
              [
                -78.65234243238126,
                -1.6605832773938982
              ],
              [
                -78.65234136487017,
                -1.6614872366555107
              ],
              [
                -78.65323965568824,
                -1.6614883109908083
              ],
              [
                -78.65324072279178,
                -1.660584351144372
              ],
              [
                -78.65277697652233,
                -1.6605837968673778
              ],
              [
                -78.6527668117917,
                -1.660601810563374
              ],
              [
                -78.65274634688545,
                -1.6605837602544904
              ],
              [
                -78.65234243238126,
                -1.6605832773938982
              ]
            ]
          ]
        ]
      }
    },
    {
      "type": "Feature",
      "properties": {
        "CELL_ID": "GIU100-38-53",
        "AMBITO": "URBANO",
        "CATEGORIA": "VIOLENCIA",
        "PLATAFORMA": "PLATAFORMA L",
        "PARROQUIA": null,
        "DISTANCE_M": 200,
        "CELL_SIZE_M": 100,
        "COUNT": 0,
        "GI_ZSCORE": 1.734190364821744,
        "GI_PVALUE": 0.08288431198258911,
        "GI_CLASS": "HOTSPOT 90%",
        "GI_STAR": 1.734190364821744,
        "SIGNIFICANCIA": 90,
        "SUMA_LOCAL": 10,
        "NIVEL": 90,
        "COB_A_PCT": 0.0,
        "ESTADO_A": "SIN COBERTURA",
        "COB_B_PCT": 0.0,
        "ESTADO_B": "SIN COBERTURA",
        "COB_C_PCT": 0.0,
        "ESTADO_C": "SIN COBERTURA",
        "COB_B_ANTERIOR_PCT": 0.0,
        "ESTADO_B_ANTERIOR": "SIN COBERTURA",
        "COB_C_ANTERIOR_PCT": 0.0,
        "ESTADO_C_ANTERIOR": "SIN COBERTURA"
      },
      "geometry": {
        "type": "MultiPolygon",
        "coordinates": [
          [
            [
              [
                -78.64964756464114,
                -1.6605800536824185
              ],
              [
                -78.64964665468659,
                -1.6613497435699138
              ],
              [
                -78.64972724597098,
                -1.6609125057557899
              ],
              [
                -78.64977344304684,
                -1.6605802043456344
              ],
              [
                -78.64964756464114,
                -1.6605800536824185
              ]
            ]
          ]
        ]
      }
    },
    {
      "type": "Feature",
      "properties": {
        "CELL_ID": "GIU100-38-57",
        "AMBITO": "URBANO",
        "CATEGORIA": "VIOLENCIA",
        "PLATAFORMA": "PLATAFORMA M",
        "PARROQUIA": null,
        "DISTANCE_M": 200,
        "CELL_SIZE_M": 100,
        "COUNT": 1,
        "GI_ZSCORE": 1.7260154744092873,
        "GI_PVALUE": 0.08434462886201807,
        "GI_CLASS": "HOTSPOT 90%",
        "GI_STAR": 1.7260154744092873,
        "SIGNIFICANCIA": 90,
        "SUMA_LOCAL": 12,
        "NIVEL": 90,
        "COB_A_PCT": 0.0,
        "ESTADO_A": "SIN COBERTURA",
        "COB_B_PCT": 100.0,
        "ESTADO_B": "CUBIERTO",
        "COB_C_PCT": 100.0,
        "ESTADO_C": "CUBIERTO",
        "COB_B_ANTERIOR_PCT": 100.0,
        "ESTADO_B_ANTERIOR": "CUBIERTO",
        "COB_C_ANTERIOR_PCT": 100.0,
        "ESTADO_C_ANTERIOR": "CUBIERTO"
      },
      "geometry": {
        "type": "MultiPolygon",
        "coordinates": [
          [
            [
              [
                -78.64695163218653,
                -1.6614807820288569
              ],
              [
                -78.64695270214291,
                -1.6605768262808789
              ],
              [
                -78.64605441580936,
                -1.6605757496603581
              ],
              [
                -78.64605334544545,
                -1.6614797048219496
              ],
              [
                -78.64695163218653,
                -1.6614807820288569
              ]
            ]
          ]
        ]
      }
    },
    {
      "type": "Feature",
      "properties": {
        "CELL_ID": "GIU100-38-59",
        "AMBITO": "URBANO",
        "CATEGORIA": "VIOLENCIA",
        "PLATAFORMA": "PLATAFORMA M",
        "PARROQUIA": null,
        "DISTANCE_M": 200,
        "CELL_SIZE_M": 100,
        "COUNT": 1,
        "GI_ZSCORE": 1.9782125252176277,
        "GI_PVALUE": 0.047904736321680026,
        "GI_CLASS": "HOTSPOT 95%",
        "GI_STAR": 1.9782125252176277,
        "SIGNIFICANCIA": 95,
        "SUMA_LOCAL": 13,
        "NIVEL": 95,
        "COB_A_PCT": 4.075208813553082,
        "ESTADO_A": "PARCIALMENTE CUBIERTO",
        "COB_B_PCT": 4.075208813553082,
        "ESTADO_B": "PARCIALMENTE CUBIERTO",
        "COB_C_PCT": 4.075208813553082,
        "ESTADO_C": "PARCIALMENTE CUBIERTO",
        "COB_B_ANTERIOR_PCT": 4.075208813553082,
        "ESTADO_B_ANTERIOR": "PARCIALMENTE CUBIERTO",
        "COB_C_ANTERIOR_PCT": 4.075208813553082,
        "ESTADO_C_ANTERIOR": "PARCIALMENTE CUBIERTO"
      },
      "geometry": {
        "type": "MultiPolygon",
        "coordinates": [
          [
            [
              [
                -78.6451550592877,
                -1.661478627204817
              ],
              [
                -78.64515613005915,
                -1.6605746726298365
              ],
              [
                -78.64425784489248,
                -1.6605735951893146
              ],
              [
                -78.6442567737135,
                -1.6614775491774612
              ],
              [
                -78.6451550592877,
                -1.661478627204817
              ]
            ]
          ]
        ]
      }
    },
    {
      "type": "Feature",
      "properties": {
        "CELL_ID": "GIU100-38-61",
        "AMBITO": "URBANO",
        "CATEGORIA": "VIOLENCIA",
        "PLATAFORMA": "PLATAFORMA M",
        "PARROQUIA": null,
        "DISTANCE_M": 200,
        "CELL_SIZE_M": 100,
        "COUNT": 1,
        "GI_ZSCORE": 2.734803677642649,
        "GI_PVALUE": 0.006241749090433691,
        "GI_CLASS": "HOTSPOT 99%",
        "GI_STAR": 2.734803677642649,
        "SIGNIFICANCIA": 99,
        "SUMA_LOCAL": 16,
        "NIVEL": 99,
        "COB_A_PCT": 100.0,
        "ESTADO_A": "CUBIERTO",
        "COB_B_PCT": 100.0,
        "ESTADO_B": "CUBIERTO",
        "COB_C_PCT": 100.0,
        "ESTADO_C": "CUBIERTO",
        "COB_B_ANTERIOR_PCT": 100.0,
        "ESTADO_B_ANTERIOR": "CUBIERTO",
        "COB_C_ANTERIOR_PCT": 100.0,
        "ESTADO_C_ANTERIOR": "CUBIERTO"
      },
      "geometry": {
        "type": "MultiPolygon",
        "coordinates": [
          [
            [
              [
                -78.64335848872304,
                -1.6614764707398837
              ],
              [
                -78.64335956030956,
                -1.6605725173387942
              ],
              [
                -78.64246127631063,
                -1.660571439078276
              ],
              [
                -78.64246020431658,
                -1.6614753918920853
              ],
              [
                -78.64335848872304,
                -1.6614764707398837
              ]
            ]
          ]
        ]
      }
    },
    {
      "type": "Feature",
      "properties": {
        "CELL_ID": "GIU100-38-62",
        "AMBITO": "URBANO",
        "CATEGORIA": "VIOLENCIA",
        "PLATAFORMA": "PLATAFORMA M",
        "PARROQUIA": null,
        "DISTANCE_M": 200,
        "CELL_SIZE_M": 100,
        "COUNT": 1,
        "GI_ZSCORE": 1.9782125252176277,
        "GI_PVALUE": 0.047904736321680026,
        "GI_CLASS": "HOTSPOT 95%",
        "GI_STAR": 1.9782125252176277,
        "SIGNIFICANCIA": 95,
        "SUMA_LOCAL": 13,
        "NIVEL": 95,
        "COB_A_PCT": 100.0,
        "ESTADO_A": "CUBIERTO",
        "COB_B_PCT": 100.0,
        "ESTADO_B": "CUBIERTO",
        "COB_C_PCT": 100.0,
        "ESTADO_C": "CUBIERTO",
        "COB_B_ANTERIOR_PCT": 100.0,
        "ESTADO_B_ANTERIOR": "CUBIERTO",
        "COB_C_ANTERIOR_PCT": 100.0,
        "ESTADO_C_ANTERIOR": "CUBIERTO"
      },
      "geometry": {
        "type": "MultiPolygon",
        "coordinates": [
          [
            [
              [
                -78.64246020431658,
                -1.6614753918920853
              ],
              [
                -78.64246127631063,
                -1.660571439078276
              ],
              [
                -78.6415629928959,
                -1.6605703604077622
              ],
              [
                -78.64156192049431,
                -1.6614743126340674
              ],
              [
                -78.64246020431658,
                -1.6614753918920853
              ]
            ]
          ]
        ]
      }
    },
    {
      "type": "Feature",
      "properties": {
        "CELL_ID": "GIU100-38-63",
        "AMBITO": "URBANO",
        "CATEGORIA": "VIOLENCIA",
        "PLATAFORMA": "PLATAFORMA M",
        "PARROQUIA": null,
        "DISTANCE_M": 200,
        "CELL_SIZE_M": 100,
        "COUNT": 4,
        "GI_ZSCORE": 1.7260154744092873,
        "GI_PVALUE": 0.08434462886201807,
        "GI_CLASS": "HOTSPOT 90%",
        "GI_STAR": 1.7260154744092873,
        "SIGNIFICANCIA": 90,
        "SUMA_LOCAL": 12,
        "NIVEL": 90,
        "COB_A_PCT": 100.0,
        "ESTADO_A": "CUBIERTO",
        "COB_B_PCT": 100.0,
        "ESTADO_B": "CUBIERTO",
        "COB_C_PCT": 100.0,
        "ESTADO_C": "CUBIERTO",
        "COB_B_ANTERIOR_PCT": 100.0,
        "ESTADO_B_ANTERIOR": "CUBIERTO",
        "COB_C_ANTERIOR_PCT": 100.0,
        "ESTADO_C_ANTERIOR": "CUBIERTO"
      },
      "geometry": {
        "type": "MultiPolygon",
        "coordinates": [
          [
            [
              [
                -78.64156192049431,
                -1.6614743126340674
              ],
              [
                -78.6415629928959,
                -1.6605703604077622
              ],
              [
                -78.64066471006561,
                -1.6605692813272532
              ],
              [
                -78.6406636372565,
                -1.661473232965832
              ],
              [
                -78.64156192049431,
                -1.6614743126340674
              ]
            ]
          ]
        ]
      }
    },
    {
      "type": "Feature",
      "properties": {
        "CELL_ID": "GIU100-38-64",
        "AMBITO": "URBANO",
        "CATEGORIA": "VIOLENCIA",
        "PLATAFORMA": "PLATAFORMA M",
        "PARROQUIA": null,
        "DISTANCE_M": 200,
        "CELL_SIZE_M": 100,
        "COUNT": 0,
        "GI_ZSCORE": 2.734803677642649,
        "GI_PVALUE": 0.006241749090433691,
        "GI_CLASS": "HOTSPOT 99%",
        "GI_STAR": 2.734803677642649,
        "SIGNIFICANCIA": 99,
        "SUMA_LOCAL": 16,
        "NIVEL": 99,
        "COB_A_PCT": 100.0,
        "ESTADO_A": "CUBIERTO",
        "COB_B_PCT": 100.0,
        "ESTADO_B": "CUBIERTO",
        "COB_C_PCT": 100.0,
        "ESTADO_C": "CUBIERTO",
        "COB_B_ANTERIOR_PCT": 100.0,
        "ESTADO_B_ANTERIOR": "CUBIERTO",
        "COB_C_ANTERIOR_PCT": 100.0,
        "ESTADO_C_ANTERIOR": "CUBIERTO"
      },
      "geometry": {
        "type": "MultiPolygon",
        "coordinates": [
          [
            [
              [
                -78.6406636372565,
                -1.661473232965832
              ],
              [
                -78.64066471006561,
                -1.6605692813272532
              ],
              [
                -78.63976642781995,
                -1.6605682018367514
              ],
              [
                -78.6397653546033,
                -1.6614721528873793
              ],
              [
                -78.6406636372565,
                -1.661473232965832
              ]
            ]
          ]
        ]
      }
    },
    {
      "type": "Feature",
      "properties": {
        "CELL_ID": "GIU100-38-65",
        "AMBITO": "URBANO",
        "CATEGORIA": "VIOLENCIA",
        "PLATAFORMA": "PLATAFORMA M",
        "PARROQUIA": null,
        "DISTANCE_M": 200,
        "CELL_SIZE_M": 100,
        "COUNT": 0,
        "GI_ZSCORE": 2.230409576025968,
        "GI_PVALUE": 0.025720264423434874,
        "GI_CLASS": "HOTSPOT 95%",
        "GI_STAR": 2.230409576025968,
        "SIGNIFICANCIA": 95,
        "SUMA_LOCAL": 14,
        "NIVEL": 95,
        "COB_A_PCT": 36.259847734916754,
        "ESTADO_A": "PARCIALMENTE CUBIERTO",
        "COB_B_PCT": 36.259847734916754,
        "ESTADO_B": "PARCIALMENTE CUBIERTO",
        "COB_C_PCT": 66.80841918937989,
        "ESTADO_C": "PARCIALMENTE CUBIERTO",
        "COB_B_ANTERIOR_PCT": 36.259847734916754,
        "ESTADO_B_ANTERIOR": "PARCIALMENTE CUBIERTO",
        "COB_C_ANTERIOR_PCT": 66.8084191893804,
        "ESTADO_C_ANTERIOR": "PARCIALMENTE CUBIERTO"
      },
      "geometry": {
        "type": "MultiPolygon",
        "coordinates": [
          [
            [
              [
                -78.6397653546033,
                -1.6614721528873793
              ],
              [
                -78.63976642781995,
                -1.6605682018367514
              ],
              [
                -78.63886814615918,
                -1.6605671219362572
              ],
              [
                -78.63886707253499,
                -1.6614710723987112
              ],
              [
                -78.6397653546033,
                -1.6614721528873793
              ]
            ]
          ]
        ]
      }
    },
    {
      "type": "Feature",
      "properties": {
        "CELL_ID": "GIU100-38-66",
        "AMBITO": "URBANO",
        "CATEGORIA": "VIOLENCIA",
        "PLATAFORMA": "PLATAFORMA M",
        "PARROQUIA": null,
        "DISTANCE_M": 200,
        "CELL_SIZE_M": 100,
        "COUNT": 4,
        "GI_ZSCORE": 1.7260154744092873,
        "GI_PVALUE": 0.08434462886201807,
        "GI_CLASS": "HOTSPOT 90%",
        "GI_STAR": 1.7260154744092873,
        "SIGNIFICANCIA": 90,
        "SUMA_LOCAL": 12,
        "NIVEL": 90,
        "COB_A_PCT": 0.0,
        "ESTADO_A": "SIN COBERTURA",
        "COB_B_PCT": 0.0,
        "ESTADO_B": "SIN COBERTURA",
        "COB_C_PCT": 93.04162204190666,
        "ESTADO_C": "PARCIALMENTE CUBIERTO",
        "COB_B_ANTERIOR_PCT": 0.0,
        "ESTADO_B_ANTERIOR": "SIN COBERTURA",
        "COB_C_ANTERIOR_PCT": 93.04162204190666,
        "ESTADO_C_ANTERIOR": "PARCIALMENTE CUBIERTO"
      },
      "geometry": {
        "type": "MultiPolygon",
        "coordinates": [
          [
            [
              [
                -78.63886707253499,
                -1.6614710723987112
              ],
              [
                -78.63886814615918,
                -1.6605671219362572
              ],
              [
                -78.6379698650835,
                -1.660566041625772
              ],
              [
                -78.63796879105179,
                -1.661469991499829
              ],
              [
                -78.63886707253499,
                -1.6614710723987112
              ]
            ]
          ]
        ]
      }
    },
    {
      "type": "Feature",
      "properties": {
        "CELL_ID": "GIU100-39-28",
        "AMBITO": "URBANO",
        "CATEGORIA": "VIOLENCIA",
        "PLATAFORMA": "PLATAFORMA H",
        "PARROQUIA": null,
        "DISTANCE_M": 200,
        "CELL_SIZE_M": 100,
        "COUNT": 0,
        "GI_ZSCORE": 1.9782125252176277,
        "GI_PVALUE": 0.047904736321680026,
        "GI_CLASS": "HOTSPOT 95%",
        "GI_STAR": 1.9782125252176277,
        "SIGNIFICANCIA": 95,
        "SUMA_LOCAL": 13,
        "NIVEL": 95,
        "COB_A_PCT": 57.03433608304318,
        "ESTADO_A": "PARCIALMENTE CUBIERTO",
        "COB_B_PCT": 57.03433608304318,
        "ESTADO_B": "PARCIALMENTE CUBIERTO",
        "COB_C_PCT": 100.0,
        "ESTADO_C": "CUBIERTO",
        "COB_B_ANTERIOR_PCT": 57.03433608304318,
        "ESTADO_B_ANTERIOR": "PARCIALMENTE CUBIERTO",
        "COB_C_ANTERIOR_PCT": 100.0,
        "ESTADO_C_ANTERIOR": "CUBIERTO"
      },
      "geometry": {
        "type": "MultiPolygon",
        "coordinates": [
          [
            [
              [
                -78.67300325855949,
                -1.6606078699194387
              ],
              [
                -78.67300431611993,
                -1.6597038972544027
              ],
              [
                -78.67210601337419,
                -1.6597028331044068
              ],
              [
                -78.6721049554064,
                -1.6606068051895322
              ],
              [
                -78.67300325855949,
                -1.6606078699194387
              ]
            ]
          ]
        ]
      }
    },
    {
      "type": "Feature",
      "properties": {
        "CELL_ID": "GIU100-39-58",
        "AMBITO": "URBANO",
        "CATEGORIA": "VIOLENCIA",
        "PLATAFORMA": "PLATAFORMA M",
        "PARROQUIA": null,
        "DISTANCE_M": 200,
        "CELL_SIZE_M": 100,
        "COUNT": 0,
        "GI_ZSCORE": 2.230409576025968,
        "GI_PVALUE": 0.025720264423434874,
        "GI_CLASS": "HOTSPOT 95%",
        "GI_STAR": 2.230409576025968,
        "SIGNIFICANCIA": 95,
        "SUMA_LOCAL": 14,
        "NIVEL": 95,
        "COB_A_PCT": 0.0,
        "ESTADO_A": "SIN COBERTURA",
        "COB_B_PCT": 31.069447454631195,
        "ESTADO_B": "PARCIALMENTE CUBIERTO",
        "COB_C_PCT": 31.069447454631195,
        "ESTADO_C": "PARCIALMENTE CUBIERTO",
        "COB_B_ANTERIOR_PCT": 31.069447454631195,
        "ESTADO_B_ANTERIOR": "PARCIALMENTE CUBIERTO",
        "COB_C_ANTERIOR_PCT": 31.069447454631195,
        "ESTADO_C_ANTERIOR": "PARCIALMENTE CUBIERTO"
      },
      "geometry": {
        "type": "MultiPolygon",
        "coordinates": [
          [
            [
              [
                -78.64605441580936,
                -1.6605757496603581
              ],
              [
                -78.64605548558994,
                -1.6596717944897812
              ],
              [
                -78.64515720024706,
                -1.6596707180458696
              ],
              [
                -78.64515613005915,
                -1.6605746726298365
              ],
              [
                -78.64605441580936,
                -1.6605757496603581
              ]
            ]
          ]
        ]
      }
    },
    {
      "type": "Feature",
      "properties": {
        "CELL_ID": "GIU100-39-60",
        "AMBITO": "URBANO",
        "CATEGORIA": "VIOLENCIA",
        "PLATAFORMA": "PLATAFORMA M",
        "PARROQUIA": null,
        "DISTANCE_M": 200,
        "CELL_SIZE_M": 100,
        "COUNT": 3,
        "GI_ZSCORE": 1.7260154744092873,
        "GI_PVALUE": 0.08434462886201807,
        "GI_CLASS": "HOTSPOT 90%",
        "GI_STAR": 1.7260154744092873,
        "SIGNIFICANCIA": 90,
        "SUMA_LOCAL": 12,
        "NIVEL": 90,
        "COB_A_PCT": 31.59318409515464,
        "ESTADO_A": "PARCIALMENTE CUBIERTO",
        "COB_B_PCT": 31.59318409515464,
        "ESTADO_B": "PARCIALMENTE CUBIERTO",
        "COB_C_PCT": 31.59318409515464,
        "ESTADO_C": "PARCIALMENTE CUBIERTO",
        "COB_B_ANTERIOR_PCT": 31.59318409515464,
        "ESTADO_B_ANTERIOR": "PARCIALMENTE CUBIERTO",
        "COB_C_ANTERIOR_PCT": 31.59318409515464,
        "ESTADO_C_ANTERIOR": "PARCIALMENTE CUBIERTO"
      },
      "geometry": {
        "type": "MultiPolygon",
        "coordinates": [
          [
            [
              [
                -78.64425784489248,
                -1.6605735951893146
              ],
              [
                -78.6442589154877,
                -1.6596696411921812
              ],
              [
                -78.6433606313121,
                -1.6596685639287176
              ],
              [
                -78.64335956030956,
                -1.6605725173387942
              ],
              [
                -78.64425784489248,
                -1.6605735951893146
              ]
            ]
          ]
        ]
      }
    },
    {
      "type": "Feature",
      "properties": {
        "CELL_ID": "GIU100-39-62",
        "AMBITO": "URBANO",
        "CATEGORIA": "VIOLENCIA",
        "PLATAFORMA": "PLATAFORMA M",
        "PARROQUIA": null,
        "DISTANCE_M": 200,
        "CELL_SIZE_M": 100,
        "COUNT": 0,
        "GI_ZSCORE": 2.230409576025968,
        "GI_PVALUE": 0.025720264423434874,
        "GI_CLASS": "HOTSPOT 95%",
        "GI_STAR": 2.230409576025968,
        "SIGNIFICANCIA": 95,
        "SUMA_LOCAL": 14,
        "NIVEL": 95,
        "COB_A_PCT": 82.92111122106142,
        "ESTADO_A": "PARCIALMENTE CUBIERTO",
        "COB_B_PCT": 82.92111122106142,
        "ESTADO_B": "PARCIALMENTE CUBIERTO",
        "COB_C_PCT": 82.92111122106142,
        "ESTADO_C": "PARCIALMENTE CUBIERTO",
        "COB_B_ANTERIOR_PCT": 82.92111122106142,
        "ESTADO_B_ANTERIOR": "PARCIALMENTE CUBIERTO",
        "COB_C_ANTERIOR_PCT": 82.92111122106142,
        "ESTADO_C_ANTERIOR": "PARCIALMENTE CUBIERTO"
      },
      "geometry": {
        "type": "MultiPolygon",
        "coordinates": [
          [
            [
              [
                -78.64246127631063,
                -1.660571439078276
              ],
              [
                -78.64246234772048,
                -1.6596674862554794
              ],
              [
                -78.64156406471308,
                -1.6596664081724686
              ],
              [
                -78.6415629928959,
                -1.6605703604077622
              ],
              [
                -78.64246127631063,
                -1.660571439078276
              ]
            ]
          ]
        ]
      }
    },
    {
      "type": "Feature",
      "properties": {
        "CELL_ID": "GIU100-39-63",
        "AMBITO": "URBANO",
        "CATEGORIA": "VIOLENCIA",
        "PLATAFORMA": "PLATAFORMA M",
        "PARROQUIA": null,
        "DISTANCE_M": 200,
        "CELL_SIZE_M": 100,
        "COUNT": 0,
        "GI_ZSCORE": 1.9782125252176277,
        "GI_PVALUE": 0.047904736321680026,
        "GI_CLASS": "HOTSPOT 95%",
        "GI_STAR": 1.9782125252176277,
        "SIGNIFICANCIA": 95,
        "SUMA_LOCAL": 13,
        "NIVEL": 95,
        "COB_A_PCT": 100.0,
        "ESTADO_A": "CUBIERTO",
        "COB_B_PCT": 100.0,
        "ESTADO_B": "CUBIERTO",
        "COB_C_PCT": 100.0,
        "ESTADO_C": "CUBIERTO",
        "COB_B_ANTERIOR_PCT": 100.0,
        "ESTADO_B_ANTERIOR": "CUBIERTO",
        "COB_C_ANTERIOR_PCT": 100.0,
        "ESTADO_C_ANTERIOR": "CUBIERTO"
      },
      "geometry": {
        "type": "MultiPolygon",
        "coordinates": [
          [
            [
              [
                -78.6415629928959,
                -1.6605703604077622
              ],
              [
                -78.64156406471308,
                -1.6596664081724686
              ],
              [
                -78.64066578229009,
                -1.6596653296796862
              ],
              [
                -78.64066471006561,
                -1.6605692813272532
              ],
              [
                -78.6415629928959,
                -1.6605703604077622
              ]
            ]
          ]
        ]
      }
    },
    {
      "type": "Feature",
      "properties": {
        "CELL_ID": "GIU100-39-65",
        "AMBITO": "URBANO",
        "CATEGORIA": "VIOLENCIA",
        "PLATAFORMA": "PLATAFORMA M",
        "PARROQUIA": null,
        "DISTANCE_M": 200,
        "CELL_SIZE_M": 100,
        "COUNT": 0,
        "GI_ZSCORE": 2.734803677642649,
        "GI_PVALUE": 0.006241749090433691,
        "GI_CLASS": "HOTSPOT 99%",
        "GI_STAR": 2.734803677642649,
        "SIGNIFICANCIA": 99,
        "SUMA_LOCAL": 16,
        "NIVEL": 99,
        "COB_A_PCT": 3.6719197074998857,
        "ESTADO_A": "PARCIALMENTE CUBIERTO",
        "COB_B_PCT": 3.6719197074998857,
        "ESTADO_B": "PARCIALMENTE CUBIERTO",
        "COB_C_PCT": 91.1262241324351,
        "ESTADO_C": "PARCIALMENTE CUBIERTO",
        "COB_B_ANTERIOR_PCT": 3.6719197074998857,
        "ESTADO_B_ANTERIOR": "PARCIALMENTE CUBIERTO",
        "COB_C_ANTERIOR_PCT": 3.6719197074998857,
        "ESTADO_C_ANTERIOR": "PARCIALMENTE CUBIERTO"
      },
      "geometry": {
        "type": "MultiPolygon",
        "coordinates": [
          [
            [
              [
                -78.63976642781995,
                -1.6605682018367514
              ],
              [
                -78.63976750045174,
                -1.6596642507771342
              ],
              [
                -78.63886921919828,
                -1.6596631714648131
              ],
              [
                -78.63886814615918,
                -1.6605671219362572
              ],
              [
                -78.63976642781995,
                -1.6605682018367514
              ]
            ]
          ]
        ]
      }
    },
    {
      "type": "Feature",
      "properties": {
        "CELL_ID": "GIU100-40-27",
        "AMBITO": "URBANO",
        "CATEGORIA": "VIOLENCIA",
        "PLATAFORMA": "PLATAFORMA F",
        "PARROQUIA": null,
        "DISTANCE_M": 200,
        "CELL_SIZE_M": 100,
        "COUNT": 0,
        "GI_ZSCORE": 1.7260154744092873,
        "GI_PVALUE": 0.08434462886201807,
        "GI_CLASS": "HOTSPOT 90%",
        "GI_STAR": 1.7260154744092873,
        "SIGNIFICANCIA": 90,
        "SUMA_LOCAL": 12,
        "NIVEL": 90,
        "COB_A_PCT": 97.69279689551355,
        "ESTADO_A": "PARCIALMENTE CUBIERTO",
        "COB_B_PCT": 97.69279689551355,
        "ESTADO_B": "PARCIALMENTE CUBIERTO",
        "COB_C_PCT": 97.69279689551355,
        "ESTADO_C": "PARCIALMENTE CUBIERTO",
        "COB_B_ANTERIOR_PCT": 97.69279689551355,
        "ESTADO_B_ANTERIOR": "PARCIALMENTE CUBIERTO",
        "COB_C_ANTERIOR_PCT": 97.69279689551355,
        "ESTADO_C_ANTERIOR": "PARCIALMENTE CUBIERTO"
      },
      "geometry": {
        "type": "MultiPolygon",
        "coordinates": [
          [
            [
              [
                -78.67390261944232,
                -1.6597049609945813
              ],
              [
                -78.67390367601897,
                -1.6588009877408927
              ],
              [
                -78.67300537310372,
                -1.6587999245804004
              ],
              [
                -78.67300431611993,
                -1.6597038972544027
              ],
              [
                -78.67390261944232,
                -1.6597049609945813
              ]
            ]
          ]
        ]
      }
    },
    {
      "type": "Feature",
      "properties": {
        "CELL_ID": "GIU100-40-28",
        "AMBITO": "URBANO",
        "CATEGORIA": "VIOLENCIA",
        "PLATAFORMA": "PLATAFORMA H",
        "PARROQUIA": null,
        "DISTANCE_M": 200,
        "CELL_SIZE_M": 100,
        "COUNT": 0,
        "GI_ZSCORE": 2.230409576025968,
        "GI_PVALUE": 0.025720264423434874,
        "GI_CLASS": "HOTSPOT 95%",
        "GI_STAR": 2.230409576025968,
        "SIGNIFICANCIA": 95,
        "SUMA_LOCAL": 14,
        "NIVEL": 95,
        "COB_A_PCT": 100.0,
        "ESTADO_A": "CUBIERTO",
        "COB_B_PCT": 100.0,
        "ESTADO_B": "CUBIERTO",
        "COB_C_PCT": 100.0,
        "ESTADO_C": "CUBIERTO",
        "COB_B_ANTERIOR_PCT": 100.0,
        "ESTADO_B_ANTERIOR": "CUBIERTO",
        "COB_C_ANTERIOR_PCT": 100.0,
        "ESTADO_C_ANTERIOR": "CUBIERTO"
      },
      "geometry": {
        "type": "MultiPolygon",
        "coordinates": [
          [
            [
              [
                -78.67300431611993,
                -1.6597038972544027
              ],
              [
                -78.67300537310372,
                -1.6587999245804004
              ],
              [
                -78.67210707076514,
                -1.6587988610103144
              ],
              [
                -78.67210601337419,
                -1.6597028331044068
              ],
              [
                -78.67300431611993,
                -1.6597038972544027
              ]
            ]
          ]
        ]
      }
    },
    {
      "type": "Feature",
      "properties": {
        "CELL_ID": "GIU100-40-29",
        "AMBITO": "URBANO",
        "CATEGORIA": "VIOLENCIA",
        "PLATAFORMA": "PLATAFORMA H",
        "PARROQUIA": null,
        "DISTANCE_M": 200,
        "CELL_SIZE_M": 100,
        "COUNT": 4,
        "GI_ZSCORE": 2.230409576025968,
        "GI_PVALUE": 0.025720264423434874,
        "GI_CLASS": "HOTSPOT 95%",
        "GI_STAR": 2.230409576025968,
        "SIGNIFICANCIA": 95,
        "SUMA_LOCAL": 14,
        "NIVEL": 95,
        "COB_A_PCT": 100.0,
        "ESTADO_A": "CUBIERTO",
        "COB_B_PCT": 100.0,
        "ESTADO_B": "CUBIERTO",
        "COB_C_PCT": 100.0,
        "ESTADO_C": "CUBIERTO",
        "COB_B_ANTERIOR_PCT": 100.0,
        "ESTADO_B_ANTERIOR": "CUBIERTO",
        "COB_C_ANTERIOR_PCT": 100.0,
        "ESTADO_C_ANTERIOR": "CUBIERTO"
      },
      "geometry": {
        "type": "MultiPolygon",
        "coordinates": [
          [
            [
              [
                -78.67210601337419,
                -1.6597028331044068
              ],
              [
                -78.67210707076514,
                -1.6587988610103144
              ],
              [
                -78.6712087690034,
                -1.658797797030635
              ],
              [
                -78.67120771120534,
                -1.659701768544594
              ],
              [
                -78.67210601337419,
                -1.6597028331044068
              ]
            ]
          ]
        ]
      }
    },
    {
      "type": "Feature",
      "properties": {
        "CELL_ID": "GIU100-40-60",
        "AMBITO": "URBANO",
        "CATEGORIA": "VIOLENCIA",
        "PLATAFORMA": "PLATAFORMA M",
        "PARROQUIA": null,
        "DISTANCE_M": 200,
        "CELL_SIZE_M": 100,
        "COUNT": 0,
        "GI_ZSCORE": 1.7260154744092873,
        "GI_PVALUE": 0.08434462886201807,
        "GI_CLASS": "HOTSPOT 90%",
        "GI_STAR": 1.7260154744092873,
        "SIGNIFICANCIA": 90,
        "SUMA_LOCAL": 12,
        "NIVEL": 90,
        "COB_A_PCT": 100.0,
        "ESTADO_A": "CUBIERTO",
        "COB_B_PCT": 100.0,
        "ESTADO_B": "CUBIERTO",
        "COB_C_PCT": 100.0,
        "ESTADO_C": "CUBIERTO",
        "COB_B_ANTERIOR_PCT": 100.0,
        "ESTADO_B_ANTERIOR": "CUBIERTO",
        "COB_C_ANTERIOR_PCT": 100.0,
        "ESTADO_C_ANTERIOR": "CUBIERTO"
      },
      "geometry": {
        "type": "MultiPolygon",
        "coordinates": [
          [
            [
              [
                -78.6442589154877,
                -1.6596696411921812
              ],
              [
                -78.64425998549916,
                -1.6587656871860659
              ],
              [
                -78.64336170173065,
                -1.6587646105096578
              ],
              [
                -78.6433606313121,
                -1.6596685639287176
              ],
              [
                -78.6442589154877,
                -1.6596696411921812
              ]
            ]
          ]
        ]
      }
    },
    {
      "type": "Feature",
      "properties": {
        "CELL_ID": "GIU100-40-61",
        "AMBITO": "URBANO",
        "CATEGORIA": "VIOLENCIA",
        "PLATAFORMA": "PLATAFORMA M",
        "PARROQUIA": null,
        "DISTANCE_M": 200,
        "CELL_SIZE_M": 100,
        "COUNT": 0,
        "GI_ZSCORE": 1.9782125252176277,
        "GI_PVALUE": 0.047904736321680026,
        "GI_CLASS": "HOTSPOT 95%",
        "GI_STAR": 1.9782125252176277,
        "SIGNIFICANCIA": 95,
        "SUMA_LOCAL": 13,
        "NIVEL": 95,
        "COB_A_PCT": 95.63373290642689,
        "ESTADO_A": "PARCIALMENTE CUBIERTO",
        "COB_B_PCT": 95.63373290642689,
        "ESTADO_B": "PARCIALMENTE CUBIERTO",
        "COB_C_PCT": 95.63373290642689,
        "ESTADO_C": "PARCIALMENTE CUBIERTO",
        "COB_B_ANTERIOR_PCT": 95.63373290642689,
        "ESTADO_B_ANTERIOR": "PARCIALMENTE CUBIERTO",
        "COB_C_ANTERIOR_PCT": 95.63373290642689,
        "ESTADO_C_ANTERIOR": "PARCIALMENTE CUBIERTO"
      },
      "geometry": {
        "type": "MultiPolygon",
        "coordinates": [
          [
            [
              [
                -78.6433606313121,
                -1.6596685639287176
              ],
              [
                -78.64336170173065,
                -1.6587646105096578
              ],
              [
                -78.64246341854614,
                -1.6587635334236996
              ],
              [
                -78.64246234772048,
                -1.6596674862554794
              ],
              [
                -78.6433606313121,
                -1.6596685639287176
              ]
            ]
          ]
        ]
      }
    },
    {
      "type": "Feature",
      "properties": {
        "CELL_ID": "GIU100-40-64",
        "AMBITO": "URBANO",
        "CATEGORIA": "VIOLENCIA",
        "PLATAFORMA": "PLATAFORMA M",
        "PARROQUIA": null,
        "DISTANCE_M": 200,
        "CELL_SIZE_M": 100,
        "COUNT": 0,
        "GI_ZSCORE": 1.7260154744092873,
        "GI_PVALUE": 0.08434462886201807,
        "GI_CLASS": "HOTSPOT 90%",
        "GI_STAR": 1.7260154744092873,
        "SIGNIFICANCIA": 90,
        "SUMA_LOCAL": 12,
        "NIVEL": 90,
        "COB_A_PCT": 0.011731387502233237,
        "ESTADO_A": "PARCIALMENTE CUBIERTO",
        "COB_B_PCT": 0.011731387502233237,
        "ESTADO_B": "PARCIALMENTE CUBIERTO",
        "COB_C_PCT": 100.0,
        "ESTADO_C": "CUBIERTO",
        "COB_B_ANTERIOR_PCT": 0.011731387502233237,
        "ESTADO_B_ANTERIOR": "PARCIALMENTE CUBIERTO",
        "COB_C_ANTERIOR_PCT": 0.011731387502233237,
        "ESTADO_C_ANTERIOR": "PARCIALMENTE CUBIERTO"
      },
      "geometry": {
        "type": "MultiPolygon",
        "coordinates": [
          [
            [
              [
                -78.64066578229009,
                -1.6596653296796862
              ],
              [
                -78.64066685392991,
                -1.6587613780231352
              ],
              [
                -78.63976857249867,
                -1.6587602997085324
              ],
              [
                -78.63976750045174,
                -1.6596642507771342
              ],
              [
                -78.64066578229009,
                -1.6596653296796862
              ]
            ]
          ]
        ]
      }
    },
    {
      "type": "Feature",
      "properties": {
        "CELL_ID": "GIU100-40-66",
        "AMBITO": "URBANO",
        "CATEGORIA": "VIOLENCIA",
        "PLATAFORMA": "PLATAFORMA M",
        "PARROQUIA": null,
        "DISTANCE_M": 200,
        "CELL_SIZE_M": 100,
        "COUNT": 4,
        "GI_ZSCORE": 2.4826066268343085,
        "GI_PVALUE": 0.01304250275922858,
        "GI_CLASS": "HOTSPOT 95%",
        "GI_STAR": 2.4826066268343085,
        "SIGNIFICANCIA": 95,
        "SUMA_LOCAL": 15,
        "NIVEL": 95,
        "COB_A_PCT": 0.0,
        "ESTADO_A": "SIN COBERTURA",
        "COB_B_PCT": 0.0,
        "ESTADO_B": "SIN COBERTURA",
        "COB_C_PCT": 94.40788264780646,
        "ESTADO_C": "PARCIALMENTE CUBIERTO",
        "COB_B_ANTERIOR_PCT": 0.0,
        "ESTADO_B_ANTERIOR": "SIN COBERTURA",
        "COB_C_ANTERIOR_PCT": 0.0,
        "ESTADO_C_ANTERIOR": "SIN COBERTURA"
      },
      "geometry": {
        "type": "MultiPolygon",
        "coordinates": [
          [
            [
              [
                -78.63886921919828,
                -1.6596631714648131
              ],
              [
                -78.63887029165228,
                -1.658759220984384
              ],
              [
                -78.63797201139099,
                -1.6587581418506914
              ],
              [
                -78.6379709385299,
                -1.6596620917427245
              ],
              [
                -78.63886921919828,
                -1.6596631714648131
              ]
            ]
          ]
        ]
      }
    },
    {
      "type": "Feature",
      "properties": {
        "CELL_ID": "GIU100-41-28",
        "AMBITO": "URBANO",
        "CATEGORIA": "VIOLENCIA",
        "PLATAFORMA": "PLATAFORMA F",
        "PARROQUIA": null,
        "DISTANCE_M": 200,
        "CELL_SIZE_M": 100,
        "COUNT": 8,
        "GI_ZSCORE": 2.230409576025968,
        "GI_PVALUE": 0.025720264423434874,
        "GI_CLASS": "HOTSPOT 95%",
        "GI_STAR": 2.230409576025968,
        "SIGNIFICANCIA": 95,
        "SUMA_LOCAL": 14,
        "NIVEL": 95,
        "COB_A_PCT": 100.0,
        "ESTADO_A": "CUBIERTO",
        "COB_B_PCT": 100.0,
        "ESTADO_B": "CUBIERTO",
        "COB_C_PCT": 100.0,
        "ESTADO_C": "CUBIERTO",
        "COB_B_ANTERIOR_PCT": 100.0,
        "ESTADO_B_ANTERIOR": "CUBIERTO",
        "COB_C_ANTERIOR_PCT": 100.0,
        "ESTADO_C_ANTERIOR": "CUBIERTO"
      },
      "geometry": {
        "type": "MultiPolygon",
        "coordinates": [
          [
            [
              [
                -78.67300537310372,
                -1.6587999245804004
              ],
              [
                -78.67300642951086,
                -1.6578959518974374
              ],
              [
                -78.67210812757918,
                -1.6578948889072607
              ],
              [
                -78.67210707076514,
                -1.6587988610103144
              ],
              [
                -78.67300537310372,
                -1.6587999245804004
              ]
            ]
          ]
        ]
      }
    },
    {
      "type": "Feature",
      "properties": {
        "CELL_ID": "GIU100-41-29",
        "AMBITO": "URBANO",
        "CATEGORIA": "VIOLENCIA",
        "PLATAFORMA": "PLATAFORMA F",
        "PARROQUIA": null,
        "DISTANCE_M": 200,
        "CELL_SIZE_M": 100,
        "COUNT": 0,
        "GI_ZSCORE": 2.9870007284509894,
        "GI_PVALUE": 0.002817290511545885,
        "GI_CLASS": "HOTSPOT 99%",
        "GI_STAR": 2.9870007284509894,
        "SIGNIFICANCIA": 99,
        "SUMA_LOCAL": 17,
        "NIVEL": 99,
        "COB_A_PCT": 100.0,
        "ESTADO_A": "CUBIERTO",
        "COB_B_PCT": 100.0,
        "ESTADO_B": "CUBIERTO",
        "COB_C_PCT": 100.0,
        "ESTADO_C": "CUBIERTO",
        "COB_B_ANTERIOR_PCT": 100.0,
        "ESTADO_B_ANTERIOR": "CUBIERTO",
        "COB_C_ANTERIOR_PCT": 100.0,
        "ESTADO_C_ANTERIOR": "CUBIERTO"
      },
      "geometry": {
        "type": "MultiPolygon",
        "coordinates": [
          [
            [
              [
                -78.67210707076514,
                -1.6587988610103144
              ],
              [
                -78.67210812757918,
                -1.6578948889072607
              ],
              [
                -78.67120982622437,
                -1.657893825507714
              ],
              [
                -78.6712087690034,
                -1.658797797030635
              ],
              [
                -78.67210707076514,
                -1.6587988610103144
              ]
            ]
          ]
        ]
      }
    },
    {
      "type": "Feature",
      "properties": {
        "CELL_ID": "GIU100-41-30",
        "AMBITO": "URBANO",
        "CATEGORIA": "VIOLENCIA",
        "PLATAFORMA": "PLATAFORMA H",
        "PARROQUIA": null,
        "DISTANCE_M": 200,
        "CELL_SIZE_M": 100,
        "COUNT": 0,
        "GI_ZSCORE": 2.230409576025968,
        "GI_PVALUE": 0.025720264423434874,
        "GI_CLASS": "HOTSPOT 95%",
        "GI_STAR": 2.230409576025968,
        "SIGNIFICANCIA": 95,
        "SUMA_LOCAL": 14,
        "NIVEL": 95,
        "COB_A_PCT": 64.50744193235805,
        "ESTADO_A": "PARCIALMENTE CUBIERTO",
        "COB_B_PCT": 64.50744193235805,
        "ESTADO_B": "PARCIALMENTE CUBIERTO",
        "COB_C_PCT": 86.32895557703858,
        "ESTADO_C": "PARCIALMENTE CUBIERTO",
        "COB_B_ANTERIOR_PCT": 64.50744193235805,
        "ESTADO_B_ANTERIOR": "PARCIALMENTE CUBIERTO",
        "COB_C_ANTERIOR_PCT": 86.32895557703858,
        "ESTADO_C_ANTERIOR": "PARCIALMENTE CUBIERTO"
      },
      "geometry": {
        "type": "MultiPolygon",
        "coordinates": [
          [
            [
              [
                -78.6712087690034,
                -1.658797797030635
              ],
              [
                -78.67120982622437,
                -1.657893825507714
              ],
              [
                -78.67031152544665,
                -1.6578927616987995
              ],
              [
                -78.67031046781878,
                -1.658796732641364
              ],
              [
                -78.6712087690034,
                -1.658797797030635
              ]
            ]
          ]
        ]
      }
    },
    {
      "type": "Feature",
      "properties": {
        "CELL_ID": "GIU100-41-65",
        "AMBITO": "URBANO",
        "CATEGORIA": "VIOLENCIA",
        "PLATAFORMA": "PLATAFORMA M",
        "PARROQUIA": null,
        "DISTANCE_M": 200,
        "CELL_SIZE_M": 100,
        "COUNT": 4,
        "GI_ZSCORE": 1.7260154744092873,
        "GI_PVALUE": 0.08434462886201807,
        "GI_CLASS": "HOTSPOT 90%",
        "GI_STAR": 1.7260154744092873,
        "SIGNIFICANCIA": 90,
        "SUMA_LOCAL": 12,
        "NIVEL": 90,
        "COB_A_PCT": 0.0,
        "ESTADO_A": "SIN COBERTURA",
        "COB_B_PCT": 0.0,
        "ESTADO_B": "SIN COBERTURA",
        "COB_C_PCT": 100.0,
        "ESTADO_C": "CUBIERTO",
        "COB_B_ANTERIOR_PCT": 0.0,
        "ESTADO_B_ANTERIOR": "SIN COBERTURA",
        "COB_C_ANTERIOR_PCT": 0.0,
        "ESTADO_C_ANTERIOR": "SIN COBERTURA"
      },
      "geometry": {
        "type": "MultiPolygon",
        "coordinates": [
          [
            [
              [
                -78.63976857249867,
                -1.6587602997085324
              ],
              [
                -78.6397696439607,
                -1.6578563486309512
              ],
              [
                -78.63887136352119,
                -1.657855270494975
              ],
              [
                -78.63887029165228,
                -1.658759220984384
              ],
              [
                -78.63976857249867,
                -1.6587602997085324
              ]
            ]
          ]
        ]
      }
    },
    {
      "type": "Feature",
      "properties": {
        "CELL_ID": "GIU100-41-67",
        "AMBITO": "URBANO",
        "CATEGORIA": "VIOLENCIA",
        "PLATAFORMA": "PLATAFORMA M",
        "PARROQUIA": null,
        "DISTANCE_M": 200,
        "CELL_SIZE_M": 100,
        "COUNT": 1,
        "GI_ZSCORE": 1.7260154744092873,
        "GI_PVALUE": 0.08434462886201807,
        "GI_CLASS": "HOTSPOT 90%",
        "GI_STAR": 1.7260154744092873,
        "SIGNIFICANCIA": 90,
        "SUMA_LOCAL": 12,
        "NIVEL": 90,
        "COB_A_PCT": 0.0,
        "ESTADO_A": "SIN COBERTURA",
        "COB_B_PCT": 0.0,
        "ESTADO_B": "SIN COBERTURA",
        "COB_C_PCT": 1.5677337229522008,
        "ESTADO_C": "PARCIALMENTE CUBIERTO",
        "COB_B_ANTERIOR_PCT": 0.0,
        "ESTADO_B_ANTERIOR": "SIN COBERTURA",
        "COB_C_ANTERIOR_PCT": 0.0,
        "ESTADO_C_ANTERIOR": "SIN COBERTURA"
      },
      "geometry": {
        "type": "MultiPolygon",
        "coordinates": [
          [
            [
              [
                -78.63797201139099,
                -1.6587581418506914
              ],
              [
                -78.63797308366676,
                -1.6578541919496776
              ],
              [
                -78.63707480439764,
                -1.6578531129950609
              ],
              [
                -78.637073731715,
                -1.658757062307456
              ],
              [
                -78.63797201139099,
                -1.6587581418506914
              ]
            ]
          ]
        ]
      }
    },
    {
      "type": "Feature",
      "properties": {
        "CELL_ID": "GIU100-42-28",
        "AMBITO": "URBANO",
        "CATEGORIA": "VIOLENCIA",
        "PLATAFORMA": "PLATAFORMA F",
        "PARROQUIA": null,
        "DISTANCE_M": 200,
        "CELL_SIZE_M": 100,
        "COUNT": 1,
        "GI_ZSCORE": 1.7260154744092873,
        "GI_PVALUE": 0.08434462886201807,
        "GI_CLASS": "HOTSPOT 90%",
        "GI_STAR": 1.7260154744092873,
        "SIGNIFICANCIA": 90,
        "SUMA_LOCAL": 12,
        "NIVEL": 90,
        "COB_A_PCT": 100.0,
        "ESTADO_A": "CUBIERTO",
        "COB_B_PCT": 100.0,
        "ESTADO_B": "CUBIERTO",
        "COB_C_PCT": 100.0,
        "ESTADO_C": "CUBIERTO",
        "COB_B_ANTERIOR_PCT": 100.0,
        "ESTADO_B_ANTERIOR": "CUBIERTO",
        "COB_C_ANTERIOR_PCT": 100.0,
        "ESTADO_C_ANTERIOR": "CUBIERTO"
      },
      "geometry": {
        "type": "MultiPolygon",
        "coordinates": [
          [
            [
              [
                -78.67300642951086,
                -1.6578959518974374
              ],
              [
                -78.67300748534136,
                -1.6569919792055186
              ],
              [
                -78.67210918381636,
                -1.6569909167952508
              ],
              [
                -78.67210812757918,
                -1.6578948889072607
              ],
              [
                -78.67300642951086,
                -1.6578959518974374
              ]
            ]
          ]
        ]
      }
    },
    {
      "type": "Feature",
      "properties": {
        "CELL_ID": "GIU100-42-29",
        "AMBITO": "URBANO",
        "CATEGORIA": "VIOLENCIA",
        "PLATAFORMA": "PLATAFORMA F",
        "PARROQUIA": null,
        "DISTANCE_M": 200,
        "CELL_SIZE_M": 100,
        "COUNT": 1,
        "GI_ZSCORE": 2.734803677642649,
        "GI_PVALUE": 0.006241749090433691,
        "GI_CLASS": "HOTSPOT 99%",
        "GI_STAR": 2.734803677642649,
        "SIGNIFICANCIA": 99,
        "SUMA_LOCAL": 16,
        "NIVEL": 99,
        "COB_A_PCT": 100.0,
        "ESTADO_A": "CUBIERTO",
        "COB_B_PCT": 100.0,
        "ESTADO_B": "CUBIERTO",
        "COB_C_PCT": 100.0,
        "ESTADO_C": "CUBIERTO",
        "COB_B_ANTERIOR_PCT": 100.0,
        "ESTADO_B_ANTERIOR": "CUBIERTO",
        "COB_C_ANTERIOR_PCT": 100.0,
        "ESTADO_C_ANTERIOR": "CUBIERTO"
      },
      "geometry": {
        "type": "MultiPolygon",
        "coordinates": [
          [
            [
              [
                -78.67210812757918,
                -1.6578948889072607
              ],
              [
                -78.67210918381636,
                -1.6569909167952508
              ],
              [
                -78.67121088286827,
                -1.6569898539758365
              ],
              [
                -78.67120982622437,
                -1.657893825507714
              ],
              [
                -78.67210812757918,
                -1.6578948889072607
              ]
            ]
          ]
        ]
      }
    },
    {
      "type": "Feature",
      "properties": {
        "CELL_ID": "GIU100-43-13",
        "AMBITO": "URBANO",
        "CATEGORIA": "VIOLENCIA",
        "PLATAFORMA": "PLATAFORMA D",
        "PARROQUIA": null,
        "DISTANCE_M": 200,
        "CELL_SIZE_M": 100,
        "COUNT": 0,
        "GI_ZSCORE": 1.7260154744092873,
        "GI_PVALUE": 0.08434462886201807,
        "GI_CLASS": "HOTSPOT 90%",
        "GI_STAR": 1.7260154744092873,
        "SIGNIFICANCIA": 90,
        "SUMA_LOCAL": 12,
        "NIVEL": 90,
        "COB_A_PCT": 0.0,
        "ESTADO_A": "SIN COBERTURA",
        "COB_B_PCT": 0.0,
        "ESTADO_B": "SIN COBERTURA",
        "COB_C_PCT": 0.0,
        "ESTADO_C": "SIN COBERTURA",
        "COB_B_ANTERIOR_PCT": 0.0,
        "ESTADO_B_ANTERIOR": "SIN COBERTURA",
        "COB_C_ANTERIOR_PCT": 0.0,
        "ESTADO_C_ANTERIOR": "SIN COBERTURA"
      },
      "geometry": {
        "type": "MultiPolygon",
        "coordinates": [
          [
            [
              [
                -78.68648207728964,
                -1.6570078662611012
              ],
              [
                -78.68648312644632,
                -1.6561038848884042
              ],
              [
                -78.6855848167014,
                -1.6561028291920445
              ],
              [
                -78.68558376713824,
                -1.657006809988183
              ],
              [
                -78.68648207728964,
                -1.6570078662611012
              ]
            ]
          ]
        ]
      }
    },
    {
      "type": "Feature",
      "properties": {
        "CELL_ID": "GIU100-43-28",
        "AMBITO": "URBANO",
        "CATEGORIA": "VIOLENCIA",
        "PLATAFORMA": "PLATAFORMA F",
        "PARROQUIA": null,
        "DISTANCE_M": 200,
        "CELL_SIZE_M": 100,
        "COUNT": 0,
        "GI_ZSCORE": 1.7260154744092873,
        "GI_PVALUE": 0.08434462886201807,
        "GI_CLASS": "HOTSPOT 90%",
        "GI_STAR": 1.7260154744092873,
        "SIGNIFICANCIA": 90,
        "SUMA_LOCAL": 12,
        "NIVEL": 90,
        "COB_A_PCT": 100.0,
        "ESTADO_A": "CUBIERTO",
        "COB_B_PCT": 100.0,
        "ESTADO_B": "CUBIERTO",
        "COB_C_PCT": 100.0,
        "ESTADO_C": "CUBIERTO",
        "COB_B_ANTERIOR_PCT": 100.0,
        "ESTADO_B_ANTERIOR": "CUBIERTO",
        "COB_C_ANTERIOR_PCT": 100.0,
        "ESTADO_C_ANTERIOR": "CUBIERTO"
      },
      "geometry": {
        "type": "MultiPolygon",
        "coordinates": [
          [
            [
              [
                -78.67300748534136,
                -1.6569919792055186
              ],
              [
                -78.6730085405952,
                -1.6560880065046484
              ],
              [
                -78.67211023947668,
                -1.6560869446742896
              ],
              [
                -78.67210918381636,
                -1.6569909167952508
              ],
              [
                -78.67300748534136,
                -1.6569919792055186
              ]
            ]
          ]
        ]
      }
    },
    {
      "type": "Feature",
      "properties": {
        "CELL_ID": "GIU100-44-4",
        "AMBITO": "URBANO",
        "CATEGORIA": "VIOLENCIA",
        "PLATAFORMA": "PLATAFORMA D",
        "PARROQUIA": null,
        "DISTANCE_M": 200,
        "CELL_SIZE_M": 100,
        "COUNT": 0,
        "GI_ZSCORE": 2.4826066268343085,
        "GI_PVALUE": 0.01304250275922858,
        "GI_CLASS": "HOTSPOT 95%",
        "GI_STAR": 2.4826066268343085,
        "SIGNIFICANCIA": 95,
        "SUMA_LOCAL": 15,
        "NIVEL": 95,
        "COB_A_PCT": 0.0,
        "ESTADO_A": "SIN COBERTURA",
        "COB_B_PCT": 0.0,
        "ESTADO_B": "SIN COBERTURA",
        "COB_C_PCT": 100.0,
        "ESTADO_C": "CUBIERTO",
        "COB_B_ANTERIOR_PCT": 0.0,
        "ESTADO_B_ANTERIOR": "SIN COBERTURA",
        "COB_C_ANTERIOR_PCT": 100.0,
        "ESTADO_C_ANTERIOR": "CUBIERTO"
      },
      "geometry": {
        "type": "MultiPolygon",
        "coordinates": [
          [
            [
              [
                -78.69456793992293,
                -1.6561133677530135
              ],
              [
                -78.69456898484984,
                -1.6552093811924062
              ],
              [
                -78.69367067035938,
                -1.6552083297511355
              ],
              [
                -78.6936696250262,
                -1.6561123157371946
              ],
              [
                -78.69456793992293,
                -1.6561133677530135
              ]
            ]
          ]
        ]
      }
    },
    {
      "type": "Feature",
      "properties": {
        "CELL_ID": "GIU100-45-3",
        "AMBITO": "URBANO",
        "CATEGORIA": "VIOLENCIA",
        "PLATAFORMA": "PLATAFORMA D",
        "PARROQUIA": null,
        "DISTANCE_M": 200,
        "CELL_SIZE_M": 100,
        "COUNT": 0,
        "GI_ZSCORE": 2.8838444024236343,
        "GI_PVALUE": 0.003928528096054211,
        "GI_CLASS": "HOTSPOT 99%",
        "GI_STAR": 2.8838444024236343,
        "SIGNIFICANCIA": 99,
        "SUMA_LOCAL": 14,
        "NIVEL": 99,
        "COB_A_PCT": 0.0,
        "ESTADO_A": "SIN COBERTURA",
        "COB_B_PCT": 0.0,
        "ESTADO_B": "SIN COBERTURA",
        "COB_C_PCT": 100.0,
        "ESTADO_C": "CUBIERTO",
        "COB_B_ANTERIOR_PCT": 0.0,
        "ESTADO_B_ANTERIOR": "SIN COBERTURA",
        "COB_C_ANTERIOR_PCT": 100.0,
        "ESTADO_C_ANTERIOR": "CUBIERTO"
      },
      "geometry": {
        "type": "MultiPolygon",
        "coordinates": [
          [
            [
              [
                -78.69456898484984,
                -1.6552093811924062
              ],
              [
                -78.6945788120064,
                -1.6552093926924376
              ],
              [
                -78.69456899863779,
                -1.6551974496586277
              ],
              [
                -78.69456898484984,
                -1.6552093811924062
              ]
            ]
          ]
        ]
      }
    },
    {
      "type": "Feature",
      "properties": {
        "CELL_ID": "GIU100-45-4",
        "AMBITO": "URBANO",
        "CATEGORIA": "VIOLENCIA",
        "PLATAFORMA": "PLATAFORMA D",
        "PARROQUIA": null,
        "DISTANCE_M": 200,
        "CELL_SIZE_M": 100,
        "COUNT": 0,
        "GI_ZSCORE": 2.687668130429462,
        "GI_PVALUE": 0.007195286894644346,
        "GI_CLASS": "HOTSPOT 99%",
        "GI_STAR": 2.687668130429462,
        "SIGNIFICANCIA": 99,
        "SUMA_LOCAL": 15,
        "NIVEL": 99,
        "COB_A_PCT": 0.0,
        "ESTADO_A": "SIN COBERTURA",
        "COB_B_PCT": 0.0,
        "ESTADO_B": "SIN COBERTURA",
        "COB_C_PCT": 100.0,
        "ESTADO_C": "CUBIERTO",
        "COB_B_ANTERIOR_PCT": 0.0,
        "ESTADO_B_ANTERIOR": "SIN COBERTURA",
        "COB_C_ANTERIOR_PCT": 100.0,
        "ESTADO_C_ANTERIOR": "CUBIERTO"
      },
      "geometry": {
        "type": "MultiPolygon",
        "coordinates": [
          [
            [
              [
                -78.693671715121,
                -1.6543043437561469
              ],
              [
                -78.69367067035938,
                -1.6552083297511355
              ],
              [
                -78.69456898484984,
                -1.6552093811924062
              ],
              [
                -78.69456899863779,
                -1.6551974496586277
              ],
              [
                -78.69413823487211,
                -1.65467320295806
              ],
              [
                -78.69387019245774,
                -1.654304575974328
              ],
              [
                -78.693671715121,
                -1.6543043437561469
              ]
            ]
          ]
        ]
      }
    },
    {
      "type": "Feature",
      "properties": {
        "CELL_ID": "GIU100-46-3",
        "AMBITO": "URBANO",
        "CATEGORIA": "VIOLENCIA",
        "PLATAFORMA": "PLATAFORMA D",
        "PARROQUIA": null,
        "DISTANCE_M": 200,
        "CELL_SIZE_M": 100,
        "COUNT": 0,
        "GI_ZSCORE": 3.1568070074944647,
        "GI_PVALUE": 0.0015950687791598023,
        "GI_CLASS": "HOTSPOT 99%",
        "GI_STAR": 3.1568070074944647,
        "SIGNIFICANCIA": 99,
        "SUMA_LOCAL": 13,
        "NIVEL": 99,
        "COB_A_PCT": 0.0,
        "ESTADO_A": "SIN COBERTURA",
        "COB_B_PCT": 0.0,
        "ESTADO_B": "SIN COBERTURA",
        "COB_C_PCT": 100.0,
        "ESTADO_C": "CUBIERTO",
        "COB_B_ANTERIOR_PCT": 0.0,
        "ESTADO_B_ANTERIOR": "SIN COBERTURA",
        "COB_C_ANTERIOR_PCT": 100.0,
        "ESTADO_C_ANTERIOR": "CUBIERTO"
      },
      "geometry": {
        "type": "MultiPolygon",
        "coordinates": [
          [
            [
              [
                -78.69457107298969,
                -1.6534014080444095
              ],
              [
                -78.69457085029137,
                -1.6535943211315436
              ],
              [
                -78.69477410376318,
                -1.6534016453676743
              ],
              [
                -78.69457107298969,
                -1.6534014080444095
              ]
            ]
          ]
        ]
      }
    },
    {
      "type": "Feature",
      "properties": {
        "CELL_ID": "GIU100-46-4",
        "AMBITO": "URBANO",
        "CATEGORIA": "VIOLENCIA",
        "PLATAFORMA": "PLATAFORMA D",
        "PARROQUIA": null,
        "DISTANCE_M": 200,
        "CELL_SIZE_M": 100,
        "COUNT": 6,
        "GI_ZSCORE": 3.212575733776112,
        "GI_PVALUE": 0.0013155046016329114,
        "GI_CLASS": "HOTSPOT 99%",
        "GI_STAR": 3.212575733776112,
        "SIGNIFICANCIA": 99,
        "SUMA_LOCAL": 17,
        "NIVEL": 99,
        "COB_A_PCT": 0.3061113135461786,
        "ESTADO_A": "PARCIALMENTE CUBIERTO",
        "COB_B_PCT": 0.3061113135461786,
        "ESTADO_B": "PARCIALMENTE CUBIERTO",
        "COB_C_PCT": 99.71070636962853,
        "ESTADO_C": "PARCIALMENTE CUBIERTO",
        "COB_B_ANTERIOR_PCT": 0.3061113135461786,
        "ESTADO_B_ANTERIOR": "PARCIALMENTE CUBIERTO",
        "COB_C_ANTERIOR_PCT": 99.71070636962853,
        "ESTADO_C_ANTERIOR": "PARCIALMENTE CUBIERTO"
      },
      "geometry": {
        "type": "MultiPolygon",
        "coordinates": [
          [
            [
              [
                -78.69457107298969,
                -1.6534014080444095
              ],
              [
                -78.69367275931111,
                -1.6534003577522327
              ],
              [
                -78.693671715121,
                -1.6543043437561469
              ],
              [
                -78.69387019245774,
                -1.654304575974328
              ],
              [
                -78.69383855156933,
                -1.6542610616490916
              ],
              [
                -78.69411799345815,
                -1.654023610011597
              ],
              [
                -78.69457085029137,
                -1.6535943211315436
              ],
              [
                -78.69457107298969,
                -1.6534014080444095
              ]
            ]
          ]
        ]
      }
    },
    {
      "type": "Feature",
      "properties": {
        "CELL_ID": "GIU100-46-6",
        "AMBITO": "URBANO",
        "CATEGORIA": "VIOLENCIA",
        "PLATAFORMA": "PLATAFORMA D",
        "PARROQUIA": null,
        "DISTANCE_M": 200,
        "CELL_SIZE_M": 100,
        "COUNT": 0,
        "GI_ZSCORE": 2.230409576025968,
        "GI_PVALUE": 0.025720264423434874,
        "GI_CLASS": "HOTSPOT 95%",
        "GI_STAR": 2.230409576025968,
        "SIGNIFICANCIA": 95,
        "SUMA_LOCAL": 14,
        "NIVEL": 95,
        "COB_A_PCT": 31.34384137960008,
        "ESTADO_A": "PARCIALMENTE CUBIERTO",
        "COB_B_PCT": 31.34384137960008,
        "ESTADO_B": "PARCIALMENTE CUBIERTO",
        "COB_C_PCT": 31.34384137960008,
        "ESTADO_C": "PARCIALMENTE CUBIERTO",
        "COB_B_ANTERIOR_PCT": 31.34384137960008,
        "ESTADO_B_ANTERIOR": "PARCIALMENTE CUBIERTO",
        "COB_C_ANTERIOR_PCT": 31.34384137960008,
        "ESTADO_C_ANTERIOR": "PARCIALMENTE CUBIERTO"
      },
      "geometry": {
        "type": "MultiPolygon",
        "coordinates": [
          [
            [
              [
                -78.69277340160814,
                -1.654303292480916
              ],
              [
                -78.69277444620407,
                -1.6533993070517718
              ],
              [
                -78.69187613366879,
                -1.653398255943028
              ],
              [
                -78.69187508866702,
                -1.6543022407971784
              ],
              [
                -78.69277340160814,
                -1.654303292480916
              ]
            ]
          ]
        ]
      }
    },
    {
      "type": "Feature",
      "properties": {
        "CELL_ID": "GIU100-46-9",
        "AMBITO": "URBANO",
        "CATEGORIA": "VIOLENCIA",
        "PLATAFORMA": "PLATAFORMA D",
        "PARROQUIA": null,
        "DISTANCE_M": 200,
        "CELL_SIZE_M": 100,
        "COUNT": 0,
        "GI_ZSCORE": 2.230409576025968,
        "GI_PVALUE": 0.025720264423434874,
        "GI_CLASS": "HOTSPOT 95%",
        "GI_STAR": 2.230409576025968,
        "SIGNIFICANCIA": 95,
        "SUMA_LOCAL": 14,
        "NIVEL": 95,
        "COB_A_PCT": 0.0,
        "ESTADO_A": "SIN COBERTURA",
        "COB_B_PCT": 0.0,
        "ESTADO_B": "SIN COBERTURA",
        "COB_C_PCT": 96.82531295168255,
        "ESTADO_C": "PARCIALMENTE CUBIERTO",
        "COB_B_ANTERIOR_PCT": 0.0,
        "ESTADO_B_ANTERIOR": "SIN COBERTURA",
        "COB_C_ANTERIOR_PCT": 0.0,
        "ESTADO_C_ANTERIOR": "SIN COBERTURA"
      },
      "geometry": {
        "type": "MultiPolygon",
        "coordinates": [
          [
            [
              [
                -78.69007846450094,
                -1.654300136204191
              ],
              [
                -78.69007951031438,
                -1.6533961525006975
              ],
              [
                -78.68918119949569,
                -1.6533951001671137
              ],
              [
                -78.68918015327644,
                -1.6542990832949425
              ],
              [
                -78.69007846450094,
                -1.654300136204191
              ]
            ]
          ]
        ]
      }
    },
    {
      "type": "Feature",
      "properties": {
        "CELL_ID": "GIU100-46-10",
        "AMBITO": "URBANO",
        "CATEGORIA": "VIOLENCIA",
        "PLATAFORMA": "PLATAFORMA D",
        "PARROQUIA": null,
        "DISTANCE_M": 200,
        "CELL_SIZE_M": 100,
        "COUNT": 0,
        "GI_ZSCORE": 2.9870007284509894,
        "GI_PVALUE": 0.002817290511545885,
        "GI_CLASS": "HOTSPOT 99%",
        "GI_STAR": 2.9870007284509894,
        "SIGNIFICANCIA": 99,
        "SUMA_LOCAL": 17,
        "NIVEL": 99,
        "COB_A_PCT": 0.0,
        "ESTADO_A": "SIN COBERTURA",
        "COB_B_PCT": 0.0,
        "ESTADO_B": "SIN COBERTURA",
        "COB_C_PCT": 100.0,
        "ESTADO_C": "CUBIERTO",
        "COB_B_ANTERIOR_PCT": 0.0,
        "ESTADO_B_ANTERIOR": "SIN COBERTURA",
        "COB_C_ANTERIOR_PCT": 0.0,
        "ESTADO_C_ANTERIOR": "SIN COBERTURA"
      },
      "geometry": {
        "type": "MultiPolygon",
        "coordinates": [
          [
            [
              [
                -78.68918015327644,
                -1.6542990832949425
              ],
              [
                -78.68918119949569,
                -1.6533951001671137
              ],
              [
                -78.68828288924966,
                -1.6533940474252515
              ],
              [
                -78.68828184262458,
                -1.6542980299771939
              ],
              [
                -78.68918015327644,
                -1.6542990832949425
              ]
            ]
          ]
        ]
      }
    },
    {
      "type": "Feature",
      "properties": {
        "CELL_ID": "GIU100-46-11",
        "AMBITO": "URBANO",
        "CATEGORIA": "VIOLENCIA",
        "PLATAFORMA": "PLATAFORMA D",
        "PARROQUIA": null,
        "DISTANCE_M": 200,
        "CELL_SIZE_M": 100,
        "COUNT": 2,
        "GI_ZSCORE": 1.7260154744092873,
        "GI_PVALUE": 0.08434462886201807,
        "GI_CLASS": "HOTSPOT 90%",
        "GI_STAR": 1.7260154744092873,
        "SIGNIFICANCIA": 90,
        "SUMA_LOCAL": 12,
        "NIVEL": 90,
        "COB_A_PCT": 0.0,
        "ESTADO_A": "SIN COBERTURA",
        "COB_B_PCT": 0.0,
        "ESTADO_B": "SIN COBERTURA",
        "COB_C_PCT": 99.00866350515875,
        "ESTADO_C": "PARCIALMENTE CUBIERTO",
        "COB_B_ANTERIOR_PCT": 0.0,
        "ESTADO_B_ANTERIOR": "SIN COBERTURA",
        "COB_C_ANTERIOR_PCT": 0.0,
        "ESTADO_C_ANTERIOR": "SIN COBERTURA"
      },
      "geometry": {
        "type": "MultiPolygon",
        "coordinates": [
          [
            [
              [
                -78.68828184262458,
                -1.6542980299771939
              ],
              [
                -78.68828288924966,
                -1.6533940474252515
              ],
              [
                -78.68738457957647,
                -1.653392994275113
              ],
              [
                -78.68738353254558,
                -1.6542969762509456
              ],
              [
                -78.68828184262458,
                -1.6542980299771939
              ]
            ]
          ]
        ]
      }
    },
    {
      "type": "Feature",
      "properties": {
        "CELL_ID": "GIU100-47-3",
        "AMBITO": "URBANO",
        "CATEGORIA": "VIOLENCIA",
        "PLATAFORMA": "PLATAFORMA D",
        "PARROQUIA": null,
        "DISTANCE_M": 200,
        "CELL_SIZE_M": 100,
        "COUNT": 0,
        "GI_ZSCORE": 3.853788295353805,
        "GI_PVALUE": 0.00011630416995574967,
        "GI_CLASS": "HOTSPOT 99%",
        "GI_STAR": 3.853788295353805,
        "SIGNIFICANCIA": 99,
        "SUMA_LOCAL": 14,
        "NIVEL": 99,
        "COB_A_PCT": 0.0,
        "ESTADO_A": "SIN COBERTURA",
        "COB_B_PCT": 0.0,
        "ESTADO_B": "SIN COBERTURA",
        "COB_C_PCT": 56.509057372194974,
        "ESTADO_C": "PARCIALMENTE CUBIERTO",
        "COB_B_ANTERIOR_PCT": 0.0,
        "ESTADO_B_ANTERIOR": "SIN COBERTURA",
        "COB_C_ANTERIOR_PCT": 56.509057372194974,
        "ESTADO_C_ANTERIOR": "PARCIALMENTE CUBIERTO"
      },
      "geometry": {
        "type": "MultiPolygon",
        "coordinates": [
          [
            [
              [
                -78.69457107298969,
                -1.6534014080444095
              ],
              [
                -78.69477410376318,
                -1.6534016453676743
              ],
              [
                -78.6948425024201,
                -1.6533368062856397
              ],
              [
                -78.69457147723303,
                -1.6530511734399238
              ],
              [
                -78.69457107298969,
                -1.6534014080444095
              ]
            ]
          ]
        ]
      }
    },
    {
      "type": "Feature",
      "properties": {
        "CELL_ID": "GIU100-47-4",
        "AMBITO": "URBANO",
        "CATEGORIA": "VIOLENCIA",
        "PLATAFORMA": "PLATAFORMA D",
        "PARROQUIA": null,
        "DISTANCE_M": 200,
        "CELL_SIZE_M": 100,
        "COUNT": 0,
        "GI_ZSCORE": 3.171257911824107,
        "GI_PVALUE": 0.0015178031955773912,
        "GI_CLASS": "HOTSPOT 99%",
        "GI_STAR": 3.171257911824107,
        "SIGNIFICANCIA": 99,
        "SUMA_LOCAL": 15,
        "NIVEL": 99,
        "COB_A_PCT": 56.79067901091766,
        "ESTADO_A": "PARCIALMENTE CUBIERTO",
        "COB_B_PCT": 56.79067901091766,
        "ESTADO_B": "PARCIALMENTE CUBIERTO",
        "COB_C_PCT": 68.33602735717852,
        "ESTADO_C": "PARCIALMENTE CUBIERTO",
        "COB_B_ANTERIOR_PCT": 56.79067901091766,
        "ESTADO_B_ANTERIOR": "PARCIALMENTE CUBIERTO",
        "COB_C_ANTERIOR_PCT": 68.33602735717852,
        "ESTADO_C_ANTERIOR": "PARCIALMENTE CUBIERTO"
      },
      "geometry": {
        "type": "MultiPolygon",
        "coordinates": [
          [
            [
              [
                -78.69367380292968,
                -1.6524963717393986
              ],
              [
                -78.69367275931111,
                -1.6534003577522327
              ],
              [
                -78.69457107298969,
                -1.6534014080444095
              ],
              [
                -78.69457147723303,
                -1.6530511734399238
              ],
              [
                -78.69404546100712,
                -1.6524968060873906
              ],
              [
                -78.69367380292968,
                -1.6524963717393986
              ]
            ]
          ]
        ]
      }
    },
    {
      "type": "Feature",
      "properties": {
        "CELL_ID": "GIU100-47-5",
        "AMBITO": "URBANO",
        "CATEGORIA": "VIOLENCIA",
        "PLATAFORMA": "PLATAFORMA D",
        "PARROQUIA": null,
        "DISTANCE_M": 200,
        "CELL_SIZE_M": 100,
        "COUNT": 2,
        "GI_ZSCORE": 2.9870007284509894,
        "GI_PVALUE": 0.002817290511545885,
        "GI_CLASS": "HOTSPOT 99%",
        "GI_STAR": 2.9870007284509894,
        "SIGNIFICANCIA": 99,
        "SUMA_LOCAL": 17,
        "NIVEL": 99,
        "COB_A_PCT": 100.0,
        "ESTADO_A": "CUBIERTO",
        "COB_B_PCT": 100.0,
        "ESTADO_B": "CUBIERTO",
        "COB_C_PCT": 100.0,
        "ESTADO_C": "CUBIERTO",
        "COB_B_ANTERIOR_PCT": 100.0,
        "ESTADO_B_ANTERIOR": "CUBIERTO",
        "COB_C_ANTERIOR_PCT": 100.0,
        "ESTADO_C_ANTERIOR": "CUBIERTO"
      },
      "geometry": {
        "type": "MultiPolygon",
        "coordinates": [
          [
            [
              [
                -78.69367275931111,
                -1.6534003577522327
              ],
              [
                -78.69367380292968,
                -1.6524963717393986
              ],
              [
                -78.69277549022826,
                -1.6524953216137077
              ],
              [
                -78.69277444620407,
                -1.6533993070517718
              ],
              [
                -78.69367275931111,
                -1.6534003577522327
              ]
            ]
          ]
        ]
      }
    },
    {
      "type": "Feature",
      "properties": {
        "CELL_ID": "GIU100-47-8",
        "AMBITO": "URBANO",
        "CATEGORIA": "VIOLENCIA",
        "PLATAFORMA": "PLATAFORMA D",
        "PARROQUIA": null,
        "DISTANCE_M": 200,
        "CELL_SIZE_M": 100,
        "COUNT": 0,
        "GI_ZSCORE": 1.7260154744092873,
        "GI_PVALUE": 0.08434462886201807,
        "GI_CLASS": "HOTSPOT 90%",
        "GI_STAR": 1.7260154744092873,
        "SIGNIFICANCIA": 90,
        "SUMA_LOCAL": 12,
        "NIVEL": 90,
        "COB_A_PCT": 0.0,
        "ESTADO_A": "SIN COBERTURA",
        "COB_B_PCT": 0.0,
        "ESTADO_B": "SIN COBERTURA",
        "COB_C_PCT": 42.406205617948046,
        "ESTADO_C": "PARCIALMENTE CUBIERTO",
        "COB_B_ANTERIOR_PCT": 0.0,
        "ESTADO_B_ANTERIOR": "SIN COBERTURA",
        "COB_C_ANTERIOR_PCT": 0.0,
        "ESTADO_C_ANTERIOR": "SIN COBERTURA"
      },
      "geometry": {
        "type": "MultiPolygon",
        "coordinates": [
          [
            [
              [
                -78.69097782170549,
                -1.653397204426003
              ],
              [
                -78.69097886654087,
                -1.6524932201381488
              ],
              [
                -78.69008055555537,
                -1.6524921687882828
              ],
              [
                -78.69007951031438,
                -1.6533961525006975
              ],
              [
                -78.69097782170549,
                -1.653397204426003
              ]
            ]
          ]
        ]
      }
    },
    {
      "type": "Feature",
      "properties": {
        "CELL_ID": "GIU100-47-9",
        "AMBITO": "URBANO",
        "CATEGORIA": "VIOLENCIA",
        "PLATAFORMA": "PLATAFORMA D",
        "PARROQUIA": null,
        "DISTANCE_M": 200,
        "CELL_SIZE_M": 100,
        "COUNT": 3,
        "GI_ZSCORE": 2.734803677642649,
        "GI_PVALUE": 0.006241749090433691,
        "GI_CLASS": "HOTSPOT 99%",
        "GI_STAR": 2.734803677642649,
        "SIGNIFICANCIA": 99,
        "SUMA_LOCAL": 16,
        "NIVEL": 99,
        "COB_A_PCT": 0.0,
        "ESTADO_A": "SIN COBERTURA",
        "COB_B_PCT": 0.0,
        "ESTADO_B": "SIN COBERTURA",
        "COB_C_PCT": 100.0,
        "ESTADO_C": "CUBIERTO",
        "COB_B_ANTERIOR_PCT": 0.0,
        "ESTADO_B_ANTERIOR": "SIN COBERTURA",
        "COB_C_ANTERIOR_PCT": 0.0,
        "ESTADO_C_ANTERIOR": "SIN COBERTURA"
      },
      "geometry": {
        "type": "MultiPolygon",
        "coordinates": [
          [
            [
              [
                -78.69007951031438,
                -1.6533961525006975
              ],
              [
                -78.69008055555537,
                -1.6524921687882828
              ],
              [
                -78.68918224514229,
                -1.6524911170303616
              ],
              [
                -78.68918119949569,
                -1.6533951001671137
              ],
              [
                -78.69007951031438,
                -1.6533961525006975
              ]
            ]
          ]
        ]
      }
    },
    {
      "type": "Feature",
      "properties": {
        "CELL_ID": "GIU100-47-10",
        "AMBITO": "URBANO",
        "CATEGORIA": "VIOLENCIA",
        "PLATAFORMA": "PLATAFORMA D",
        "PARROQUIA": null,
        "DISTANCE_M": 200,
        "CELL_SIZE_M": 100,
        "COUNT": 5,
        "GI_ZSCORE": 2.734803677642649,
        "GI_PVALUE": 0.006241749090433691,
        "GI_CLASS": "HOTSPOT 99%",
        "GI_STAR": 2.734803677642649,
        "SIGNIFICANCIA": 99,
        "SUMA_LOCAL": 16,
        "NIVEL": 99,
        "COB_A_PCT": 0.0,
        "ESTADO_A": "SIN COBERTURA",
        "COB_B_PCT": 0.0,
        "ESTADO_B": "SIN COBERTURA",
        "COB_C_PCT": 100.0,
        "ESTADO_C": "CUBIERTO",
        "COB_B_ANTERIOR_PCT": 0.0,
        "ESTADO_B_ANTERIOR": "SIN COBERTURA",
        "COB_C_ANTERIOR_PCT": 0.0,
        "ESTADO_C_ANTERIOR": "SIN COBERTURA"
      },
      "geometry": {
        "type": "MultiPolygon",
        "coordinates": [
          [
            [
              [
                -78.68918119949569,
                -1.6533951001671137
              ],
              [
                -78.68918224514229,
                -1.6524911170303616
              ],
              [
                -78.68828393530185,
                -1.6524900648643863
              ],
              [
                -78.68828288924966,
                -1.6533940474252515
              ],
              [
                -78.68918119949569,
                -1.6533951001671137
              ]
            ]
          ]
        ]
      }
    },
    {
      "type": "Feature",
      "properties": {
        "CELL_ID": "GIU100-47-11",
        "AMBITO": "URBANO",
        "CATEGORIA": "VIOLENCIA",
        "PLATAFORMA": "PLATAFORMA D",
        "PARROQUIA": null,
        "DISTANCE_M": 200,
        "CELL_SIZE_M": 100,
        "COUNT": 4,
        "GI_ZSCORE": 2.230409576025968,
        "GI_PVALUE": 0.025720264423434874,
        "GI_CLASS": "HOTSPOT 95%",
        "GI_STAR": 2.230409576025968,
        "SIGNIFICANCIA": 95,
        "SUMA_LOCAL": 14,
        "NIVEL": 95,
        "COB_A_PCT": 0.0,
        "ESTADO_A": "SIN COBERTURA",
        "COB_B_PCT": 0.0,
        "ESTADO_B": "SIN COBERTURA",
        "COB_C_PCT": 100.0,
        "ESTADO_C": "CUBIERTO",
        "COB_B_ANTERIOR_PCT": 0.0,
        "ESTADO_B_ANTERIOR": "SIN COBERTURA",
        "COB_C_ANTERIOR_PCT": 0.0,
        "ESTADO_C_ANTERIOR": "SIN COBERTURA"
      },
      "geometry": {
        "type": "MultiPolygon",
        "coordinates": [
          [
            [
              [
                -78.68828288924966,
                -1.6533940474252515
              ],
              [
                -78.68828393530185,
                -1.6524900648643863
              ],
              [
                -78.6873856260343,
                -1.6524890122903573
              ],
              [
                -78.68738457957647,
                -1.653392994275113
              ],
              [
                -78.68828288924966,
                -1.6533940474252515
              ]
            ]
          ]
        ]
      }
    },
    {
      "type": "Feature",
      "properties": {
        "CELL_ID": "GIU100-47-12",
        "AMBITO": "URBANO",
        "CATEGORIA": "VIOLENCIA",
        "PLATAFORMA": "PLATAFORMA D",
        "PARROQUIA": null,
        "DISTANCE_M": 200,
        "CELL_SIZE_M": 100,
        "COUNT": 0,
        "GI_ZSCORE": 1.7260154744092873,
        "GI_PVALUE": 0.08434462886201807,
        "GI_CLASS": "HOTSPOT 90%",
        "GI_STAR": 1.7260154744092873,
        "SIGNIFICANCIA": 90,
        "SUMA_LOCAL": 12,
        "NIVEL": 90,
        "COB_A_PCT": 0.0,
        "ESTADO_A": "SIN COBERTURA",
        "COB_B_PCT": 0.0,
        "ESTADO_B": "SIN COBERTURA",
        "COB_C_PCT": 53.3428056177912,
        "ESTADO_C": "PARCIALMENTE CUBIERTO",
        "COB_B_ANTERIOR_PCT": 0.0,
        "ESTADO_B_ANTERIOR": "SIN COBERTURA",
        "COB_C_ANTERIOR_PCT": 0.0,
        "ESTADO_C_ANTERIOR": "SIN COBERTURA"
      },
      "geometry": {
        "type": "MultiPolygon",
        "coordinates": [
          [
            [
              [
                -78.68738457957647,
                -1.653392994275113
              ],
              [
                -78.6873856260343,
                -1.6524890122903573
              ],
              [
                -78.68648731733981,
                -1.6524879593082775
              ],
              [
                -78.6864862704764,
                -1.6533919407167
              ],
              [
                -78.68738457957647,
                -1.653392994275113
              ]
            ]
          ]
        ]
      }
    },
    {
      "type": "Feature",
      "properties": {
        "CELL_ID": "GIU100-48-4",
        "AMBITO": "URBANO",
        "CATEGORIA": "VIOLENCIA",
        "PLATAFORMA": "PLATAFORMA D",
        "PARROQUIA": null,
        "DISTANCE_M": 200,
        "CELL_SIZE_M": 100,
        "COUNT": 6,
        "GI_ZSCORE": 3.4780442995006973,
        "GI_PVALUE": 0.0005050864439654632,
        "GI_CLASS": "HOTSPOT 99%",
        "GI_STAR": 3.4780442995006973,
        "SIGNIFICANCIA": 99,
        "SUMA_LOCAL": 14,
        "NIVEL": 99,
        "COB_A_PCT": 100.0,
        "ESTADO_A": "CUBIERTO",
        "COB_B_PCT": 100.0,
        "ESTADO_B": "CUBIERTO",
        "COB_C_PCT": 100.0,
        "ESTADO_C": "CUBIERTO",
        "COB_B_ANTERIOR_PCT": 100.0,
        "ESTADO_B_ANTERIOR": "CUBIERTO",
        "COB_C_ANTERIOR_PCT": 100.0,
        "ESTADO_C_ANTERIOR": "CUBIERTO"
      },
      "geometry": {
        "type": "MultiPolygon",
        "coordinates": [
          [
            [
              [
                -78.69367380292968,
                -1.6524963717393986
              ],
              [
                -78.69404546100712,
                -1.6524968060873906
              ],
              [
                -78.6936742538939,
                -1.6521055917094907
              ],
              [
                -78.69367380292968,
                -1.6524963717393986
              ]
            ]
          ]
        ]
      }
    },
    {
      "type": "Feature",
      "properties": {
        "CELL_ID": "GIU100-48-10",
        "AMBITO": "URBANO",
        "CATEGORIA": "VIOLENCIA",
        "PLATAFORMA": "PLATAFORMA D",
        "PARROQUIA": null,
        "DISTANCE_M": 200,
        "CELL_SIZE_M": 100,
        "COUNT": 0,
        "GI_ZSCORE": 2.230409576025968,
        "GI_PVALUE": 0.025720264423434874,
        "GI_CLASS": "HOTSPOT 95%",
        "GI_STAR": 2.230409576025968,
        "SIGNIFICANCIA": 95,
        "SUMA_LOCAL": 14,
        "NIVEL": 95,
        "COB_A_PCT": 0.0,
        "ESTADO_A": "SIN COBERTURA",
        "COB_B_PCT": 0.0,
        "ESTADO_B": "SIN COBERTURA",
        "COB_C_PCT": 100.0,
        "ESTADO_C": "CUBIERTO",
        "COB_B_ANTERIOR_PCT": 0.0,
        "ESTADO_B_ANTERIOR": "SIN COBERTURA",
        "COB_C_ANTERIOR_PCT": 0.0,
        "ESTADO_C_ANTERIOR": "SIN COBERTURA"
      },
      "geometry": {
        "type": "MultiPolygon",
        "coordinates": [
          [
            [
              [
                -78.68918224514229,
                -1.6524911170303616
              ],
              [
                -78.68918329021625,
                -1.651587133884692
              ],
              [
                -78.68828498078119,
                -1.6515860822946022
              ],
              [
                -78.68828393530185,
                -1.6524900648643863
              ],
              [
                -78.68918224514229,
                -1.6524911170303616
              ]
            ]
          ]
        ]
      }
    },
    {
      "type": "Feature",
      "properties": {
        "CELL_ID": "GIU100-48-11",
        "AMBITO": "URBANO",
        "CATEGORIA": "VIOLENCIA",
        "PLATAFORMA": "PLATAFORMA D",
        "PARROQUIA": null,
        "DISTANCE_M": 200,
        "CELL_SIZE_M": 100,
        "COUNT": 0,
        "GI_ZSCORE": 1.9782125252176277,
        "GI_PVALUE": 0.047904736321680026,
        "GI_CLASS": "HOTSPOT 95%",
        "GI_STAR": 1.9782125252176277,
        "SIGNIFICANCIA": 95,
        "SUMA_LOCAL": 13,
        "NIVEL": 95,
        "COB_A_PCT": 0.0,
        "ESTADO_A": "SIN COBERTURA",
        "COB_B_PCT": 0.0,
        "ESTADO_B": "SIN COBERTURA",
        "COB_C_PCT": 99.53642659910277,
        "ESTADO_C": "PARCIALMENTE CUBIERTO",
        "COB_B_ANTERIOR_PCT": 0.0,
        "ESTADO_B_ANTERIOR": "SIN COBERTURA",
        "COB_C_ANTERIOR_PCT": 0.0,
        "ESTADO_C_ANTERIOR": "SIN COBERTURA"
      },
      "geometry": {
        "type": "MultiPolygon",
        "coordinates": [
          [
            [
              [
                -78.68828393530185,
                -1.6524900648643863
              ],
              [
                -78.68828498078119,
                -1.6515860822946022
              ],
              [
                -78.68738667191901,
                -1.6515850302966832
              ],
              [
                -78.6873856260343,
                -1.6524890122903573
              ],
              [
                -78.68828393530185,
                -1.6524900648643863
              ]
            ]
          ]
        ]
      }
    },
    {
      "type": "Feature",
      "properties": {
        "CELL_ID": "GIU100-48-27",
        "AMBITO": "URBANO",
        "CATEGORIA": "VIOLENCIA",
        "PLATAFORMA": "PLATAFORMA F",
        "PARROQUIA": null,
        "DISTANCE_M": 200,
        "CELL_SIZE_M": 100,
        "COUNT": 1,
        "GI_ZSCORE": 1.7260154744092873,
        "GI_PVALUE": 0.08434462886201807,
        "GI_CLASS": "HOTSPOT 90%",
        "GI_STAR": 1.7260154744092873,
        "SIGNIFICANCIA": 90,
        "SUMA_LOCAL": 12,
        "NIVEL": 90,
        "COB_A_PCT": 0.0,
        "ESTADO_A": "SIN COBERTURA",
        "COB_B_PCT": 0.0,
        "ESTADO_B": "SIN COBERTURA",
        "COB_C_PCT": 0.0,
        "ESTADO_C": "SIN COBERTURA",
        "COB_B_ANTERIOR_PCT": 97.70404149549238,
        "ESTADO_B_ANTERIOR": "PARCIALMENTE CUBIERTO",
        "COB_C_ANTERIOR_PCT": 97.70404149549238,
        "ESTADO_C_ANTERIOR": "PARCIALMENTE CUBIERTO"
      },
      "geometry": {
        "type": "MultiPolygon",
        "coordinates": [
          [
            [
              [
                -78.67391105591565,
                -1.6524731747144545
              ],
              [
                -78.67391210788092,
                -1.6515692013892194
              ],
              [
                -78.67301380821476,
                -1.651568142866202
              ],
              [
                -78.67301275584413,
                -1.652472115611755
              ],
              [
                -78.67391105591565,
                -1.6524731747144545
              ]
            ]
          ]
        ]
      }
    },
    {
      "type": "Feature",
      "properties": {
        "CELL_ID": "GIU100-49-5",
        "AMBITO": "URBANO",
        "CATEGORIA": "VIOLENCIA",
        "PLATAFORMA": "PLATAFORMA D",
        "PARROQUIA": null,
        "DISTANCE_M": 200,
        "CELL_SIZE_M": 100,
        "COUNT": 0,
        "GI_ZSCORE": 1.6449393847982978,
        "GI_PVALUE": 0.09998231186668811,
        "GI_CLASS": "HOTSPOT 90%",
        "GI_STAR": 1.6449393847982978,
        "SIGNIFICANCIA": 90,
        "SUMA_LOCAL": 9,
        "NIVEL": 90,
        "COB_A_PCT": 100.0,
        "ESTADO_A": "CUBIERTO",
        "COB_B_PCT": 100.0,
        "ESTADO_B": "CUBIERTO",
        "COB_C_PCT": 100.0,
        "ESTADO_C": "CUBIERTO",
        "COB_B_ANTERIOR_PCT": 100.0,
        "ESTADO_B_ANTERIOR": "CUBIERTO",
        "COB_C_ANTERIOR_PCT": 100.0,
        "ESTADO_C_ANTERIOR": "CUBIERTO"
      },
      "geometry": {
        "type": "MultiPolygon",
        "coordinates": [
          [
            [
              [
                -78.69277653368067,
                -1.6515913361667276
              ],
              [
                -78.69319846640674,
                -1.6515918291863443
              ],
              [
                -78.69277706617169,
                -1.6511298264614884
              ],
              [
                -78.69277653368067,
                -1.6515913361667276
              ]
            ]
          ]
        ]
      }
    },
    {
      "type": "Feature",
      "properties": {
        "CELL_ID": "GIU100-49-24",
        "AMBITO": "URBANO",
        "CATEGORIA": "VIOLENCIA",
        "PLATAFORMA": "PLATAFORMA F",
        "PARROQUIA": null,
        "DISTANCE_M": 200,
        "CELL_SIZE_M": 100,
        "COUNT": 2,
        "GI_ZSCORE": 1.7260154744092873,
        "GI_PVALUE": 0.08434462886201807,
        "GI_CLASS": "HOTSPOT 90%",
        "GI_STAR": 1.7260154744092873,
        "SIGNIFICANCIA": 90,
        "SUMA_LOCAL": 12,
        "NIVEL": 90,
        "COB_A_PCT": 0.0,
        "ESTADO_A": "SIN COBERTURA",
        "COB_B_PCT": 0.0,
        "ESTADO_B": "SIN COBERTURA",
        "COB_C_PCT": 0.0,
        "ESTADO_C": "SIN COBERTURA",
        "COB_B_ANTERIOR_PCT": 0.9796189380832188,
        "ESTADO_B_ANTERIOR": "PARCIALMENTE CUBIERTO",
        "COB_C_ANTERIOR_PCT": 0.9796189380832188,
        "ESTADO_C_ANTERIOR": "PARCIALMENTE CUBIERTO"
      },
      "geometry": {
        "type": "MultiPolygon",
        "coordinates": [
          [
            [
              [
                -78.676607010337,
                -1.6515723745114124
              ],
              [
                -78.67660806051042,
                -1.65066839943955
              ],
              [
                -78.67570975952083,
                -1.6506673427189753
              ],
              [
                -78.67570870894225,
                -1.6515713172118256
              ],
              [
                -78.676607010337,
                -1.6515723745114124
              ]
            ]
          ]
        ]
      }
    },
    {
      "type": "Feature",
      "properties": {
        "CELL_ID": "GIU100-50-25",
        "AMBITO": "URBANO",
        "CATEGORIA": "VIOLENCIA",
        "PLATAFORMA": "PLATAFORMA F",
        "PARROQUIA": null,
        "DISTANCE_M": 200,
        "CELL_SIZE_M": 100,
        "COUNT": 1,
        "GI_ZSCORE": 1.9782125252176277,
        "GI_PVALUE": 0.047904736321680026,
        "GI_CLASS": "HOTSPOT 95%",
        "GI_STAR": 1.9782125252176277,
        "SIGNIFICANCIA": 95,
        "SUMA_LOCAL": 13,
        "NIVEL": 95,
        "COB_A_PCT": 0.0,
        "ESTADO_A": "SIN COBERTURA",
        "COB_B_PCT": 0.0,
        "ESTADO_B": "SIN COBERTURA",
        "COB_C_PCT": 0.0,
        "ESTADO_C": "SIN COBERTURA",
        "COB_B_ANTERIOR_PCT": 0.0,
        "ESTADO_B_ANTERIOR": "SIN COBERTURA",
        "COB_C_ANTERIOR_PCT": 0.0,
        "ESTADO_C_ANTERIOR": "SIN COBERTURA"
      },
      "geometry": {
        "type": "MultiPolygon",
        "coordinates": [
          [
            [
              [
                -78.67570975952083,
                -1.6506673427189753
              ],
              [
                -78.67571080952342,
                -1.649763368217209
              ],
              [
                -78.67481250951471,
                -1.6497623116682816
              ],
              [
                -78.6748114591072,
                -1.6506662855908123
              ],
              [
                -78.67570975952083,
                -1.6506673427189753
              ]
            ]
          ]
        ]
      }
    },
    {
      "type": "Feature",
      "properties": {
        "CELL_ID": "GIU100-51-24",
        "AMBITO": "URBANO",
        "CATEGORIA": "VIOLENCIA",
        "PLATAFORMA": "PLATAFORMA F",
        "PARROQUIA": null,
        "DISTANCE_M": 200,
        "CELL_SIZE_M": 100,
        "COUNT": 5,
        "GI_ZSCORE": 1.9782125252176277,
        "GI_PVALUE": 0.047904736321680026,
        "GI_CLASS": "HOTSPOT 95%",
        "GI_STAR": 1.9782125252176277,
        "SIGNIFICANCIA": 95,
        "SUMA_LOCAL": 13,
        "NIVEL": 95,
        "COB_A_PCT": 0.0,
        "ESTADO_A": "SIN COBERTURA",
        "COB_B_PCT": 0.0,
        "ESTADO_B": "SIN COBERTURA",
        "COB_C_PCT": 0.0,
        "ESTADO_C": "SIN COBERTURA",
        "COB_B_ANTERIOR_PCT": 0.0,
        "ESTADO_B_ANTERIOR": "SIN COBERTURA",
        "COB_C_ANTERIOR_PCT": 0.0,
        "ESTADO_C_ANTERIOR": "SIN COBERTURA"
      },
      "geometry": {
        "type": "MultiPolygon",
        "coordinates": [
          [
            [
              [
                -78.6766091101081,
                -1.649764424358772
              ],
              [
                -78.67661015913004,
                -1.6488604492690837
              ],
              [
                -78.67571185895005,
                -1.6488593937065323
              ],
              [
                -78.67571080952342,
                -1.649763368217209
              ],
              [
                -78.6766091101081,
                -1.649764424358772
              ]
            ]
          ]
        ]
      }
    },
    {
      "type": "Feature",
      "properties": {
        "CELL_ID": "GIU100-52-15",
        "AMBITO": "URBANO",
        "CATEGORIA": "VIOLENCIA",
        "PLATAFORMA": "PLATAFORMA E",
        "PARROQUIA": null,
        "DISTANCE_M": 200,
        "CELL_SIZE_M": 100,
        "COUNT": 0,
        "GI_ZSCORE": 4.247985982492692,
        "GI_PVALUE": 2.1570088737979582e-05,
        "GI_CLASS": "HOTSPOT 99%",
        "GI_STAR": 4.247985982492692,
        "SIGNIFICANCIA": 99,
        "SUMA_LOCAL": 22,
        "NIVEL": 99,
        "COB_A_PCT": 0.0,
        "ESTADO_A": "SIN COBERTURA",
        "COB_B_PCT": 0.0,
        "ESTADO_B": "SIN COBERTURA",
        "COB_C_PCT": 0.0,
        "ESTADO_C": "SIN COBERTURA",
        "COB_B_ANTERIOR_PCT": 0.0,
        "ESTADO_B_ANTERIOR": "SIN COBERTURA",
        "COB_C_ANTERIOR_PCT": 0.0,
        "ESTADO_C_ANTERIOR": "SIN COBERTURA"
      },
      "geometry": {
        "type": "MultiPolygon",
        "coordinates": [
          [
            [
              [
                -78.6846948866319,
                -1.6488699310104682
              ],
              [
                -78.68469593143774,
                -1.6479659507108297
              ],
              [
                -78.68379762648851,
                -1.64796489938961
              ],
              [
                -78.68379658127817,
                -1.648868879112248
              ],
              [
                -78.6846948866319,
                -1.6488699310104682
              ]
            ]
          ]
        ]
      }
    },
    {
      "type": "Feature",
      "properties": {
        "CELL_ID": "GIU100-53-14",
        "AMBITO": "URBANO",
        "CATEGORIA": "VIOLENCIA",
        "PLATAFORMA": "PLATAFORMA E",
        "PARROQUIA": null,
        "DISTANCE_M": 200,
        "CELL_SIZE_M": 100,
        "COUNT": 4,
        "GI_ZSCORE": 4.500183033301033,
        "GI_PVALUE": 6.789497544670571e-06,
        "GI_CLASS": "HOTSPOT 99%",
        "GI_STAR": 4.500183033301033,
        "SIGNIFICANCIA": 99,
        "SUMA_LOCAL": 23,
        "NIVEL": 99,
        "COB_A_PCT": 0.0,
        "ESTADO_A": "SIN COBERTURA",
        "COB_B_PCT": 0.0,
        "ESTADO_B": "SIN COBERTURA",
        "COB_C_PCT": 44.99135594620183,
        "ESTADO_C": "PARCIALMENTE CUBIERTO",
        "COB_B_ANTERIOR_PCT": 0.0,
        "ESTADO_B_ANTERIOR": "SIN COBERTURA",
        "COB_C_ANTERIOR_PCT": 0.0,
        "ESTADO_C_ANTERIOR": "SIN COBERTURA"
      },
      "geometry": {
        "type": "MultiPolygon",
        "coordinates": [
          [
            [
              [
                -78.68559423696074,
                -1.6479670016251173
              ],
              [
                -78.68559528078856,
                -1.647063020739806
              ],
              [
                -78.68469697566985,
                -1.6470619704022946
              ],
              [
                -78.68469593143774,
                -1.6479659507108297
              ],
              [
                -78.68559423696074,
                -1.6479670016251173
              ]
            ]
          ]
        ]
      }
    },
    {
      "type": "Feature",
      "properties": {
        "CELL_ID": "GIU100-53-15",
        "AMBITO": "URBANO",
        "CATEGORIA": "VIOLENCIA",
        "PLATAFORMA": "PLATAFORMA E",
        "PARROQUIA": null,
        "DISTANCE_M": 200,
        "CELL_SIZE_M": 100,
        "COUNT": 2,
        "GI_ZSCORE": 4.500183033301033,
        "GI_PVALUE": 6.789497544670571e-06,
        "GI_CLASS": "HOTSPOT 99%",
        "GI_STAR": 4.500183033301033,
        "SIGNIFICANCIA": 99,
        "SUMA_LOCAL": 23,
        "NIVEL": 99,
        "COB_A_PCT": 0.0,
        "ESTADO_A": "SIN COBERTURA",
        "COB_B_PCT": 0.0,
        "ESTADO_B": "SIN COBERTURA",
        "COB_C_PCT": 58.153188698398154,
        "ESTADO_C": "PARCIALMENTE CUBIERTO",
        "COB_B_ANTERIOR_PCT": 0.0,
        "ESTADO_B_ANTERIOR": "SIN COBERTURA",
        "COB_C_ANTERIOR_PCT": 0.0,
        "ESTADO_C_ANTERIOR": "SIN COBERTURA"
      },
      "geometry": {
        "type": "MultiPolygon",
        "coordinates": [
          [
            [
              [
                -78.68469593143774,
                -1.6479659507108297
              ],
              [
                -78.68469697566985,
                -1.6470619704022946
              ],
              [
                -78.68379867112488,
                -1.6470609196580752
              ],
              [
                -78.68379762648851,
                -1.64796489938961
              ],
              [
                -78.68469593143774,
                -1.6479659507108297
              ]
            ]
          ]
        ]
      }
    },
    {
      "type": "Feature",
      "properties": {
        "CELL_ID": "GIU100-53-16",
        "AMBITO": "URBANO",
        "CATEGORIA": "VIOLENCIA",
        "PLATAFORMA": "PLATAFORMA F",
        "PARROQUIA": null,
        "DISTANCE_M": 200,
        "CELL_SIZE_M": 100,
        "COUNT": 0,
        "GI_ZSCORE": 4.752380084109373,
        "GI_PVALUE": 2.0103600312246304e-06,
        "GI_CLASS": "HOTSPOT 99%",
        "GI_STAR": 4.752380084109373,
        "SIGNIFICANCIA": 99,
        "SUMA_LOCAL": 24,
        "NIVEL": 99,
        "COB_A_PCT": 0.0,
        "ESTADO_A": "SIN COBERTURA",
        "COB_B_PCT": 0.0,
        "ESTADO_B": "SIN COBERTURA",
        "COB_C_PCT": 94.99867198609893,
        "ESTADO_C": "PARCIALMENTE CUBIERTO",
        "COB_B_ANTERIOR_PCT": 0.0,
        "ESTADO_B_ANTERIOR": "SIN COBERTURA",
        "COB_C_ANTERIOR_PCT": 0.0,
        "ESTADO_C_ANTERIOR": "SIN COBERTURA"
      },
      "geometry": {
        "type": "MultiPolygon",
        "coordinates": [
          [
            [
              [
                -78.68379762648851,
                -1.64796489938961
              ],
              [
                -78.68379867112488,
                -1.6470609196580752
              ],
              [
                -78.68290036715389,
                -1.6470598685071498
              ],
              [
                -78.68289932211324,
                -1.6479638476614613
              ],
              [
                -78.68379762648851,
                -1.64796489938961
              ]
            ]
          ]
        ]
      }
    },
    {
      "type": "Feature",
      "properties": {
        "CELL_ID": "GIU100-53-35",
        "AMBITO": "URBANO",
        "CATEGORIA": "VIOLENCIA",
        "PLATAFORMA": "PLATAFORMA G",
        "PARROQUIA": null,
        "DISTANCE_M": 200,
        "CELL_SIZE_M": 100,
        "COUNT": 0,
        "GI_ZSCORE": 1.7260154744092873,
        "GI_PVALUE": 0.08434462886201807,
        "GI_CLASS": "HOTSPOT 90%",
        "GI_STAR": 1.7260154744092873,
        "SIGNIFICANCIA": 90,
        "SUMA_LOCAL": 12,
        "NIVEL": 90,
        "COB_A_PCT": 100.0,
        "ESTADO_A": "CUBIERTO",
        "COB_B_PCT": 100.0,
        "ESTADO_B": "CUBIERTO",
        "COB_C_PCT": 100.0,
        "ESTADO_C": "CUBIERTO",
        "COB_B_ANTERIOR_PCT": 100.0,
        "ESTADO_B_ANTERIOR": "CUBIERTO",
        "COB_C_ANTERIOR_PCT": 100.0,
        "ESTADO_C_ANTERIOR": "CUBIERTO"
      },
      "geometry": {
        "type": "MultiPolygon",
        "coordinates": [
          [
            [
              [
                -78.66672994176054,
                -1.6479448469712543
              ],
              [
                -78.66673099407767,
                -1.6470408782451555
              ],
              [
                -78.66583270105427,
                -1.647039819367053
              ],
              [
                -78.66583164833288,
                -1.6479437875116851
              ],
              [
                -78.66672994176054,
                -1.6479448469712543
              ]
            ]
          ]
        ]
      }
    },
    {
      "type": "Feature",
      "properties": {
        "CELL_ID": "GIU100-54-13",
        "AMBITO": "URBANO",
        "CATEGORIA": "VIOLENCIA",
        "PLATAFORMA": "PLATAFORMA C",
        "PARROQUIA": null,
        "DISTANCE_M": 200,
        "CELL_SIZE_M": 100,
        "COUNT": 0,
        "GI_ZSCORE": 4.500183033301033,
        "GI_PVALUE": 6.789497544670571e-06,
        "GI_CLASS": "HOTSPOT 99%",
        "GI_STAR": 4.500183033301033,
        "SIGNIFICANCIA": 99,
        "SUMA_LOCAL": 23,
        "NIVEL": 99,
        "COB_A_PCT": 0.0,
        "ESTADO_A": "SIN COBERTURA",
        "COB_B_PCT": 0.0,
        "ESTADO_B": "SIN COBERTURA",
        "COB_C_PCT": 93.04796821488831,
        "ESTADO_C": "PARCIALMENTE CUBIERTO",
        "COB_B_ANTERIOR_PCT": 0.0,
        "ESTADO_B_ANTERIOR": "SIN COBERTURA",
        "COB_C_ANTERIOR_PCT": 0.0,
        "ESTADO_C_ANTERIOR": "SIN COBERTURA"
      },
      "geometry": {
        "type": "MultiPolygon",
        "coordinates": [
          [
            [
              [
                -78.68649358648081,
                -1.6470640706706083
              ],
              [
                -78.68649462933108,
                -1.6461600891998533
              ],
              [
                -78.68559632404288,
                -1.6461590398456039
              ],
              [
                -78.68559528078856,
                -1.647063020739806
              ],
              [
                -78.68649358648081,
                -1.6470640706706083
              ]
            ]
          ]
        ]
      }
    },
    {
      "type": "Feature",
      "properties": {
        "CELL_ID": "GIU100-54-14",
        "AMBITO": "URBANO",
        "CATEGORIA": "VIOLENCIA",
        "PLATAFORMA": "PLATAFORMA C",
        "PARROQUIA": null,
        "DISTANCE_M": 200,
        "CELL_SIZE_M": 100,
        "COUNT": 0,
        "GI_ZSCORE": 5.256774185726054,
        "GI_PVALUE": 1.4660414069729784e-07,
        "GI_CLASS": "HOTSPOT 99%",
        "GI_STAR": 5.256774185726054,
        "SIGNIFICANCIA": 99,
        "SUMA_LOCAL": 26,
        "NIVEL": 99,
        "COB_A_PCT": 0.0,
        "ESTADO_A": "SIN COBERTURA",
        "COB_B_PCT": 0.0,
        "ESTADO_B": "SIN COBERTURA",
        "COB_C_PCT": 39.85260532375816,
        "ESTADO_C": "PARCIALMENTE CUBIERTO",
        "COB_B_ANTERIOR_PCT": 0.0,
        "ESTADO_B_ANTERIOR": "SIN COBERTURA",
        "COB_C_ANTERIOR_PCT": 0.0,
        "ESTADO_C_ANTERIOR": "SIN COBERTURA"
      },
      "geometry": {
        "type": "MultiPolygon",
        "coordinates": [
          [
            [
              [
                -78.68559528078856,
                -1.647063020739806
              ],
              [
                -78.68559632404288,
                -1.6461590398456039
              ],
              [
                -78.68469801932821,
                -1.6461579900848686
              ],
              [
                -78.68469697566985,
                -1.6470619704022946
              ],
              [
                -78.68559528078856,
                -1.647063020739806
              ]
            ]
          ]
        ]
      }
    },
    {
      "type": "Feature",
      "properties": {
        "CELL_ID": "GIU100-54-15",
        "AMBITO": "URBANO",
        "CATEGORIA": "VIOLENCIA",
        "PLATAFORMA": "PLATAFORMA C",
        "PARROQUIA": null,
        "DISTANCE_M": 200,
        "CELL_SIZE_M": 100,
        "COUNT": 16,
        "GI_ZSCORE": 5.004577134917714,
        "GI_PVALUE": 5.598479126846345e-07,
        "GI_CLASS": "HOTSPOT 99%",
        "GI_STAR": 5.004577134917714,
        "SIGNIFICANCIA": 99,
        "SUMA_LOCAL": 25,
        "NIVEL": 99,
        "COB_A_PCT": 0.0,
        "ESTADO_A": "SIN COBERTURA",
        "COB_B_PCT": 0.0,
        "ESTADO_B": "SIN COBERTURA",
        "COB_C_PCT": 100.0,
        "ESTADO_C": "CUBIERTO",
        "COB_B_ANTERIOR_PCT": 0.0,
        "ESTADO_B_ANTERIOR": "SIN COBERTURA",
        "COB_C_ANTERIOR_PCT": 0.0,
        "ESTADO_C_ANTERIOR": "SIN COBERTURA"
      },
      "geometry": {
        "type": "MultiPolygon",
        "coordinates": [
          [
            [
              [
                -78.68469697566985,
                -1.6470619704022946
              ],
              [
                -78.68469801932821,
                -1.6461579900848686
              ],
              [
                -78.68379971518729,
                -1.6461569399176492
              ],
              [
                -78.68379867112488,
                -1.6470609196580752
              ],
              [
                -78.68469697566985,
                -1.6470619704022946
              ]
            ]
          ]
        ]
      }
    },
    {
      "type": "Feature",
      "properties": {
        "CELL_ID": "GIU100-54-16",
        "AMBITO": "URBANO",
        "CATEGORIA": "VIOLENCIA",
        "PLATAFORMA": "PLATAFORMA C",
        "PARROQUIA": null,
        "DISTANCE_M": 200,
        "CELL_SIZE_M": 100,
        "COUNT": 1,
        "GI_ZSCORE": 4.752380084109373,
        "GI_PVALUE": 2.0103600312246304e-06,
        "GI_CLASS": "HOTSPOT 99%",
        "GI_STAR": 4.752380084109373,
        "SIGNIFICANCIA": 99,
        "SUMA_LOCAL": 24,
        "NIVEL": 99,
        "COB_A_PCT": 0.0,
        "ESTADO_A": "SIN COBERTURA",
        "COB_B_PCT": 0.0,
        "ESTADO_B": "SIN COBERTURA",
        "COB_C_PCT": 100.0,
        "ESTADO_C": "CUBIERTO",
        "COB_B_ANTERIOR_PCT": 0.0,
        "ESTADO_B_ANTERIOR": "SIN COBERTURA",
        "COB_C_ANTERIOR_PCT": 0.0,
        "ESTADO_C_ANTERIOR": "SIN COBERTURA"
      },
      "geometry": {
        "type": "MultiPolygon",
        "coordinates": [
          [
            [
              [
                -78.68379867112488,
                -1.6470609196580752
              ],
              [
                -78.68379971518729,
                -1.6461569399176492
              ],
              [
                -78.68290141162032,
                -1.646155889343947
              ],
              [
                -78.68290036715389,
                -1.6470598685071498
              ],
              [
                -78.68379867112488,
                -1.6470609196580752
              ]
            ]
          ]
        ]
      }
    },
    {
      "type": "Feature",
      "properties": {
        "CELL_ID": "GIU100-54-17",
        "AMBITO": "URBANO",
        "CATEGORIA": "VIOLENCIA",
        "PLATAFORMA": "PLATAFORMA C",
        "PARROQUIA": null,
        "DISTANCE_M": 200,
        "CELL_SIZE_M": 100,
        "COUNT": 1,
        "GI_ZSCORE": 4.752380084109373,
        "GI_PVALUE": 2.0103600312246304e-06,
        "GI_CLASS": "HOTSPOT 99%",
        "GI_STAR": 4.752380084109373,
        "SIGNIFICANCIA": 99,
        "SUMA_LOCAL": 24,
        "NIVEL": 99,
        "COB_A_PCT": 0.0,
        "ESTADO_A": "SIN COBERTURA",
        "COB_B_PCT": 0.0,
        "ESTADO_B": "SIN COBERTURA",
        "COB_C_PCT": 100.0,
        "ESTADO_C": "CUBIERTO",
        "COB_B_ANTERIOR_PCT": 0.0,
        "ESTADO_B_ANTERIOR": "SIN COBERTURA",
        "COB_C_ANTERIOR_PCT": 0.0,
        "ESTADO_C_ANTERIOR": "SIN COBERTURA"
      },
      "geometry": {
        "type": "MultiPolygon",
        "coordinates": [
          [
            [
              [
                -78.68290036715389,
                -1.6470598685071498
              ],
              [
                -78.68290141162032,
                -1.646155889343947
              ],
              [
                -78.68200310862755,
                -1.646154838363762
              ],
              [
                -78.68200206375708,
                -1.647058816949519
              ],
              [
                -78.68290036715389,
                -1.6470598685071498
              ]
            ]
          ]
        ]
      }
    },
    {
      "type": "Feature",
      "properties": {
        "CELL_ID": "GIU100-54-27",
        "AMBITO": "URBANO",
        "CATEGORIA": "VIOLENCIA",
        "PLATAFORMA": "PLATAFORMA F",
        "PARROQUIA": null,
        "DISTANCE_M": 200,
        "CELL_SIZE_M": 100,
        "COUNT": 1,
        "GI_ZSCORE": 2.4826066268343085,
        "GI_PVALUE": 0.01304250275922858,
        "GI_CLASS": "HOTSPOT 95%",
        "GI_STAR": 2.4826066268343085,
        "SIGNIFICANCIA": 95,
        "SUMA_LOCAL": 15,
        "NIVEL": 95,
        "COB_A_PCT": 77.78922731739377,
        "ESTADO_A": "PARCIALMENTE CUBIERTO",
        "COB_B_PCT": 77.78922731739377,
        "ESTADO_B": "PARCIALMENTE CUBIERTO",
        "COB_C_PCT": 78.72005770582,
        "ESTADO_C": "PARCIALMENTE CUBIERTO",
        "COB_B_ANTERIOR_PCT": 77.78922731739377,
        "ESTADO_B_ANTERIOR": "PARCIALMENTE CUBIERTO",
        "COB_C_ANTERIOR_PCT": 78.72005770582,
        "ESTADO_C_ANTERIOR": "PARCIALMENTE CUBIERTO"
      },
      "geometry": {
        "type": "MultiPolygon",
        "coordinates": [
          [
            [
              [
                -78.673917359061,
                -1.6470493346293213
              ],
              [
                -78.67391840756778,
                -1.6461453612506314
              ],
              [
                -78.67302011032912,
                -1.6461443062056993
              ],
              [
                -78.67301906141832,
                -1.64704827900471
              ],
              [
                -78.673917359061,
                -1.6470493346293213
              ]
            ]
          ]
        ]
      }
    },
    {
      "type": "Feature",
      "properties": {
        "CELL_ID": "GIU100-55-14",
        "AMBITO": "URBANO",
        "CATEGORIA": "VIOLENCIA",
        "PLATAFORMA": "PLATAFORMA C",
        "PARROQUIA": null,
        "DISTANCE_M": 200,
        "CELL_SIZE_M": 100,
        "COUNT": 1,
        "GI_ZSCORE": 4.247985982492692,
        "GI_PVALUE": 2.1570088737979582e-05,
        "GI_CLASS": "HOTSPOT 99%",
        "GI_STAR": 4.247985982492692,
        "SIGNIFICANCIA": 99,
        "SUMA_LOCAL": 22,
        "NIVEL": 99,
        "COB_A_PCT": 0.0,
        "ESTADO_A": "SIN COBERTURA",
        "COB_B_PCT": 0.0,
        "ESTADO_B": "SIN COBERTURA",
        "COB_C_PCT": 28.201084970802754,
        "ESTADO_C": "PARCIALMENTE CUBIERTO",
        "COB_B_ANTERIOR_PCT": 0.0,
        "ESTADO_B_ANTERIOR": "SIN COBERTURA",
        "COB_C_ANTERIOR_PCT": 0.0,
        "ESTADO_C_ANTERIOR": "SIN COBERTURA"
      },
      "geometry": {
        "type": "MultiPolygon",
        "coordinates": [
          [
            [
              [
                -78.68559632404288,
                -1.6461590398456039
              ],
              [
                -78.68559736672368,
                -1.645255058942517
              ],
              [
                -78.68469906241282,
                -1.645254009758557
              ],
              [
                -78.68469801932821,
                -1.6461579900848686
              ],
              [
                -78.68559632404288,
                -1.6461590398456039
              ]
            ]
          ]
        ]
      }
    },
    {
      "type": "Feature",
      "properties": {
        "CELL_ID": "GIU100-55-15",
        "AMBITO": "URBANO",
        "CATEGORIA": "VIOLENCIA",
        "PLATAFORMA": "PLATAFORMA C",
        "PARROQUIA": null,
        "DISTANCE_M": 200,
        "CELL_SIZE_M": 100,
        "COUNT": 0,
        "GI_ZSCORE": 4.247985982492692,
        "GI_PVALUE": 2.1570088737979582e-05,
        "GI_CLASS": "HOTSPOT 99%",
        "GI_STAR": 4.247985982492692,
        "SIGNIFICANCIA": 99,
        "SUMA_LOCAL": 22,
        "NIVEL": 99,
        "COB_A_PCT": 0.0,
        "ESTADO_A": "SIN COBERTURA",
        "COB_B_PCT": 0.0,
        "ESTADO_B": "SIN COBERTURA",
        "COB_C_PCT": 100.0,
        "ESTADO_C": "CUBIERTO",
        "COB_B_ANTERIOR_PCT": 0.0,
        "ESTADO_B_ANTERIOR": "SIN COBERTURA",
        "COB_C_ANTERIOR_PCT": 0.0,
        "ESTADO_C_ANTERIOR": "SIN COBERTURA"
      },
      "geometry": {
        "type": "MultiPolygon",
        "coordinates": [
          [
            [
              [
                -78.68469801932821,
                -1.6461579900848686
              ],
              [
                -78.68469906241282,
                -1.645254009758557
              ],
              [
                -78.68380075867572,
                -1.645252960168337
              ],
              [
                -78.68379971518729,
                -1.6461569399176492
              ],
              [
                -78.68469801932821,
                -1.6461579900848686
              ]
            ]
          ]
        ]
      }
    },
    {
      "type": "Feature",
      "properties": {
        "CELL_ID": "GIU100-55-16",
        "AMBITO": "URBANO",
        "CATEGORIA": "VIOLENCIA",
        "PLATAFORMA": "PLATAFORMA C",
        "PARROQUIA": null,
        "DISTANCE_M": 200,
        "CELL_SIZE_M": 100,
        "COUNT": 0,
        "GI_ZSCORE": 3.9957889316843516,
        "GI_PVALUE": 6.447916316208313e-05,
        "GI_CLASS": "HOTSPOT 99%",
        "GI_STAR": 3.9957889316843516,
        "SIGNIFICANCIA": 99,
        "SUMA_LOCAL": 21,
        "NIVEL": 99,
        "COB_A_PCT": 0.0,
        "ESTADO_A": "SIN COBERTURA",
        "COB_B_PCT": 0.0,
        "ESTADO_B": "SIN COBERTURA",
        "COB_C_PCT": 100.0,
        "ESTADO_C": "CUBIERTO",
        "COB_B_ANTERIOR_PCT": 0.0,
        "ESTADO_B_ANTERIOR": "SIN COBERTURA",
        "COB_C_ANTERIOR_PCT": 0.0,
        "ESTADO_C_ANTERIOR": "SIN COBERTURA"
      },
      "geometry": {
        "type": "MultiPolygon",
        "coordinates": [
          [
            [
              [
                -78.68379971518729,
                -1.6461569399176492
              ],
              [
                -78.68380075867572,
                -1.645252960168337
              ],
              [
                -78.68290245551258,
                -1.6452519101718566
              ],
              [
                -78.68290141162032,
                -1.646155889343947
              ],
              [
                -78.68379971518729,
                -1.6461569399176492
              ]
            ]
          ]
        ]
      }
    },
    {
      "type": "Feature",
      "properties": {
        "CELL_ID": "GIU100-55-26",
        "AMBITO": "URBANO",
        "CATEGORIA": "VIOLENCIA",
        "PLATAFORMA": "PLATAFORMA F",
        "PARROQUIA": null,
        "DISTANCE_M": 200,
        "CELL_SIZE_M": 100,
        "COUNT": 0,
        "GI_ZSCORE": 1.7260154744092873,
        "GI_PVALUE": 0.08434462886201807,
        "GI_CLASS": "HOTSPOT 90%",
        "GI_STAR": 1.7260154744092873,
        "SIGNIFICANCIA": 90,
        "SUMA_LOCAL": 12,
        "NIVEL": 90,
        "COB_A_PCT": 100.0,
        "ESTADO_A": "CUBIERTO",
        "COB_B_PCT": 100.0,
        "ESTADO_B": "CUBIERTO",
        "COB_C_PCT": 100.0,
        "ESTADO_C": "CUBIERTO",
        "COB_B_ANTERIOR_PCT": 100.0,
        "ESTADO_B_ANTERIOR": "CUBIERTO",
        "COB_C_ANTERIOR_PCT": 100.0,
        "ESTADO_C_ANTERIOR": "CUBIERTO"
      },
      "geometry": {
        "type": "MultiPolygon",
        "coordinates": [
          [
            [
              [
                -78.67481670538285,
                -1.6461464158890942
              ],
              [
                -78.6748177529094,
                -1.6452424419220566
              ],
              [
                -78.67391945549814,
                -1.6452413878630496
              ],
              [
                -78.67391840756778,
                -1.6461453612506314
              ],
              [
                -78.67481670538285,
                -1.6461464158890942
              ]
            ]
          ]
        ]
      }
    },
    {
      "type": "Feature",
      "properties": {
        "CELL_ID": "GIU100-55-27",
        "AMBITO": "URBANO",
        "CATEGORIA": "VIOLENCIA",
        "PLATAFORMA": "PLATAFORMA F",
        "PARROQUIA": null,
        "DISTANCE_M": 200,
        "CELL_SIZE_M": 100,
        "COUNT": 0,
        "GI_ZSCORE": 2.9870007284509894,
        "GI_PVALUE": 0.002817290511545885,
        "GI_CLASS": "HOTSPOT 99%",
        "GI_STAR": 2.9870007284509894,
        "SIGNIFICANCIA": 99,
        "SUMA_LOCAL": 17,
        "NIVEL": 99,
        "COB_A_PCT": 100.0,
        "ESTADO_A": "CUBIERTO",
        "COB_B_PCT": 100.0,
        "ESTADO_B": "CUBIERTO",
        "COB_C_PCT": 100.0,
        "ESTADO_C": "CUBIERTO",
        "COB_B_ANTERIOR_PCT": 100.0,
        "ESTADO_B_ANTERIOR": "CUBIERTO",
        "COB_C_ANTERIOR_PCT": 100.0,
        "ESTADO_C_ANTERIOR": "CUBIERTO"
      },
      "geometry": {
        "type": "MultiPolygon",
        "coordinates": [
          [
            [
              [
                -78.67391840756778,
                -1.6461453612506314
              ],
              [
                -78.67391945549814,
                -1.6452413878630496
              ],
              [
                -78.67302115866329,
                -1.6452403333977965
              ],
              [
                -78.67302011032912,
                -1.6461443062056993
              ],
              [
                -78.67391840756778,
                -1.6461453612506314
              ]
            ]
          ]
        ]
      }
    },
    {
      "type": "Feature",
      "properties": {
        "CELL_ID": "GIU100-55-28",
        "AMBITO": "URBANO",
        "CATEGORIA": "VIOLENCIA",
        "PLATAFORMA": "PLATAFORMA G",
        "PARROQUIA": null,
        "DISTANCE_M": 200,
        "CELL_SIZE_M": 100,
        "COUNT": 0,
        "GI_ZSCORE": 2.9870007284509894,
        "GI_PVALUE": 0.002817290511545885,
        "GI_CLASS": "HOTSPOT 99%",
        "GI_STAR": 2.9870007284509894,
        "SIGNIFICANCIA": 99,
        "SUMA_LOCAL": 17,
        "NIVEL": 99,
        "COB_A_PCT": 98.1709626938206,
        "ESTADO_A": "PARCIALMENTE CUBIERTO",
        "COB_B_PCT": 98.1709626938206,
        "ESTADO_B": "PARCIALMENTE CUBIERTO",
        "COB_C_PCT": 98.1709626938206,
        "ESTADO_C": "PARCIALMENTE CUBIERTO",
        "COB_B_ANTERIOR_PCT": 98.1709626938206,
        "ESTADO_B_ANTERIOR": "PARCIALMENTE CUBIERTO",
        "COB_C_ANTERIOR_PCT": 98.1709626938206,
        "ESTADO_C_ANTERIOR": "PARCIALMENTE CUBIERTO"
      },
      "geometry": {
        "type": "MultiPolygon",
        "coordinates": [
          [
            [
              [
                -78.67302011032912,
                -1.6461443062056993
              ],
              [
                -78.67302115866329,
                -1.6452403333977965
              ],
              [
                -78.67212286240506,
                -1.6452392785262995
              ],
              [
                -78.67212181366709,
                -1.6461432507543003
              ],
              [
                -78.67302011032912,
                -1.6461443062056993
              ]
            ]
          ]
        ]
      }
    },
    {
      "type": "Feature",
      "properties": {
        "CELL_ID": "GIU100-56-15",
        "AMBITO": "URBANO",
        "CATEGORIA": "VIOLENCIA",
        "PLATAFORMA": "PLATAFORMA C",
        "PARROQUIA": null,
        "DISTANCE_M": 200,
        "CELL_SIZE_M": 100,
        "COUNT": 0,
        "GI_ZSCORE": 3.2391977792593303,
        "GI_PVALUE": 0.0011986642318589453,
        "GI_CLASS": "HOTSPOT 99%",
        "GI_STAR": 3.2391977792593303,
        "SIGNIFICANCIA": 99,
        "SUMA_LOCAL": 18,
        "NIVEL": 99,
        "COB_A_PCT": 0.0,
        "ESTADO_A": "SIN COBERTURA",
        "COB_B_PCT": 0.0,
        "ESTADO_B": "SIN COBERTURA",
        "COB_C_PCT": 62.95318869912122,
        "ESTADO_C": "PARCIALMENTE CUBIERTO",
        "COB_B_ANTERIOR_PCT": 0.0,
        "ESTADO_B_ANTERIOR": "SIN COBERTURA",
        "COB_C_ANTERIOR_PCT": 0.0,
        "ESTADO_C_ANTERIOR": "SIN COBERTURA"
      },
      "geometry": {
        "type": "MultiPolygon",
        "coordinates": [
          [
            [
              [
                -78.68469906241282,
                -1.645254009758557
              ],
              [
                -78.68470010492369,
                -1.6443500294233646
              ],
              [
                -78.68380180159018,
                -1.6443489804101428
              ],
              [
                -78.68380075867572,
                -1.645252960168337
              ],
              [
                -78.68469906241282,
                -1.645254009758557
              ]
            ]
          ]
        ]
      }
    },
    {
      "type": "Feature",
      "properties": {
        "CELL_ID": "GIU100-56-25",
        "AMBITO": "URBANO",
        "CATEGORIA": "VIOLENCIA",
        "PLATAFORMA": "PLATAFORMA C",
        "PARROQUIA": null,
        "DISTANCE_M": 200,
        "CELL_SIZE_M": 100,
        "COUNT": 0,
        "GI_ZSCORE": 2.230409576025968,
        "GI_PVALUE": 0.025720264423434874,
        "GI_CLASS": "HOTSPOT 95%",
        "GI_STAR": 2.230409576025968,
        "SIGNIFICANCIA": 95,
        "SUMA_LOCAL": 14,
        "NIVEL": 95,
        "COB_A_PCT": 72.12255182954483,
        "ESTADO_A": "PARCIALMENTE CUBIERTO",
        "COB_B_PCT": 72.12255182954483,
        "ESTADO_B": "PARCIALMENTE CUBIERTO",
        "COB_C_PCT": 100.0,
        "ESTADO_C": "CUBIERTO",
        "COB_B_ANTERIOR_PCT": 72.12255182954483,
        "ESTADO_B_ANTERIOR": "PARCIALMENTE CUBIERTO",
        "COB_C_ANTERIOR_PCT": 100.0,
        "ESTADO_C_ANTERIOR": "CUBIERTO"
      },
      "geometry": {
        "type": "MultiPolygon",
        "coordinates": [
          [
            [
              [
                -78.67571605089687,
                -1.645243495574817
              ],
              [
                -78.67571709744365,
                -1.6443395210196603
              ],
              [
                -78.67481879985978,
                -1.6443384679461321
              ],
              [
                -78.6748177529094,
                -1.6452424419220566
              ],
              [
                -78.67571605089687,
                -1.645243495574817
              ]
            ]
          ]
        ]
      }
    },
    {
      "type": "Feature",
      "properties": {
        "CELL_ID": "GIU100-56-26",
        "AMBITO": "URBANO",
        "CATEGORIA": "VIOLENCIA",
        "PLATAFORMA": "PLATAFORMA C",
        "PARROQUIA": null,
        "DISTANCE_M": 200,
        "CELL_SIZE_M": 100,
        "COUNT": 0,
        "GI_ZSCORE": 1.9782125252176277,
        "GI_PVALUE": 0.047904736321680026,
        "GI_CLASS": "HOTSPOT 95%",
        "GI_STAR": 1.9782125252176277,
        "SIGNIFICANCIA": 95,
        "SUMA_LOCAL": 13,
        "NIVEL": 95,
        "COB_A_PCT": 100.0,
        "ESTADO_A": "CUBIERTO",
        "COB_B_PCT": 100.0,
        "ESTADO_B": "CUBIERTO",
        "COB_C_PCT": 100.0,
        "ESTADO_C": "CUBIERTO",
        "COB_B_ANTERIOR_PCT": 100.0,
        "ESTADO_B_ANTERIOR": "CUBIERTO",
        "COB_C_ANTERIOR_PCT": 100.0,
        "ESTADO_C_ANTERIOR": "CUBIERTO"
      },
      "geometry": {
        "type": "MultiPolygon",
        "coordinates": [
          [
            [
              [
                -78.6748177529094,
                -1.6452424419220566
              ],
              [
                -78.67481879985978,
                -1.6443384679461321
              ],
              [
                -78.6739205028521,
                -1.64433741446658
              ],
              [
                -78.67391945549814,
                -1.6452413878630496
              ],
              [
                -78.6748177529094,
                -1.6452424419220566
              ]
            ]
          ]
        ]
      }
    },
    {
      "type": "Feature",
      "properties": {
        "CELL_ID": "GIU100-56-27",
        "AMBITO": "URBANO",
        "CATEGORIA": "VIOLENCIA",
        "PLATAFORMA": "PLATAFORMA B",
        "PARROQUIA": null,
        "DISTANCE_M": 200,
        "CELL_SIZE_M": 100,
        "COUNT": 10,
        "GI_ZSCORE": 2.230409576025968,
        "GI_PVALUE": 0.025720264423434874,
        "GI_CLASS": "HOTSPOT 95%",
        "GI_STAR": 2.230409576025968,
        "SIGNIFICANCIA": 95,
        "SUMA_LOCAL": 14,
        "NIVEL": 95,
        "COB_A_PCT": 100.0,
        "ESTADO_A": "CUBIERTO",
        "COB_B_PCT": 100.0,
        "ESTADO_B": "CUBIERTO",
        "COB_C_PCT": 100.0,
        "ESTADO_C": "CUBIERTO",
        "COB_B_ANTERIOR_PCT": 100.0,
        "ESTADO_B_ANTERIOR": "CUBIERTO",
        "COB_C_ANTERIOR_PCT": 100.0,
        "ESTADO_C_ANTERIOR": "CUBIERTO"
      },
      "geometry": {
        "type": "MultiPolygon",
        "coordinates": [
          [
            [
              [
                -78.67391945549814,
                -1.6452413878630496
              ],
              [
                -78.6739205028521,
                -1.64433741446658
              ],
              [
                -78.67302220642082,
                -1.6443363605810062
              ],
              [
                -78.67302115866329,
                -1.6452403333977965
              ],
              [
                -78.67391945549814,
                -1.6452413878630496
              ]
            ]
          ]
        ]
      }
    },
    {
      "type": "Feature",
      "properties": {
        "CELL_ID": "GIU100-56-28",
        "AMBITO": "URBANO",
        "CATEGORIA": "VIOLENCIA",
        "PLATAFORMA": "PLATAFORMA B",
        "PARROQUIA": null,
        "DISTANCE_M": 200,
        "CELL_SIZE_M": 100,
        "COUNT": 1,
        "GI_ZSCORE": 3.4913948300676707,
        "GI_PVALUE": 0.0004805055964282036,
        "GI_CLASS": "HOTSPOT 99%",
        "GI_STAR": 3.4913948300676707,
        "SIGNIFICANCIA": 99,
        "SUMA_LOCAL": 19,
        "NIVEL": 99,
        "COB_A_PCT": 100.0,
        "ESTADO_A": "CUBIERTO",
        "COB_B_PCT": 100.0,
        "ESTADO_B": "CUBIERTO",
        "COB_C_PCT": 100.0,
        "ESTADO_C": "CUBIERTO",
        "COB_B_ANTERIOR_PCT": 100.0,
        "ESTADO_B_ANTERIOR": "CUBIERTO",
        "COB_C_ANTERIOR_PCT": 100.0,
        "ESTADO_C_ANTERIOR": "CUBIERTO"
      },
      "geometry": {
        "type": "MultiPolygon",
        "coordinates": [
          [
            [
              [
                -78.67302115866329,
                -1.6452403333977965
              ],
              [
                -78.67302220642082,
                -1.6443363605810062
              ],
              [
                -78.6721239105662,
                -1.6443353062894113
              ],
              [
                -78.67212286240506,
                -1.6452392785262995
              ],
              [
                -78.67302115866329,
                -1.6452403333977965
              ]
            ]
          ]
        ]
      }
    },
    {
      "type": "Feature",
      "properties": {
        "CELL_ID": "GIU100-56-29",
        "AMBITO": "URBANO",
        "CATEGORIA": "VIOLENCIA",
        "PLATAFORMA": "PLATAFORMA G",
        "PARROQUIA": null,
        "DISTANCE_M": 200,
        "CELL_SIZE_M": 100,
        "COUNT": 0,
        "GI_ZSCORE": 3.2391977792593303,
        "GI_PVALUE": 0.0011986642318589453,
        "GI_CLASS": "HOTSPOT 99%",
        "GI_STAR": 3.2391977792593303,
        "SIGNIFICANCIA": 99,
        "SUMA_LOCAL": 18,
        "NIVEL": 99,
        "COB_A_PCT": 18.398208830505435,
        "ESTADO_A": "PARCIALMENTE CUBIERTO",
        "COB_B_PCT": 18.398208830505435,
        "ESTADO_B": "PARCIALMENTE CUBIERTO",
        "COB_C_PCT": 18.398208830505435,
        "ESTADO_C": "PARCIALMENTE CUBIERTO",
        "COB_B_ANTERIOR_PCT": 18.398208830505435,
        "ESTADO_B_ANTERIOR": "PARCIALMENTE CUBIERTO",
        "COB_C_ANTERIOR_PCT": 18.398208830505435,
        "ESTADO_C_ANTERIOR": "PARCIALMENTE CUBIERTO"
      },
      "geometry": {
        "type": "MultiPolygon",
        "coordinates": [
          [
            [
              [
                -78.67212286240506,
                -1.6452392785262995
              ],
              [
                -78.6721239105662,
                -1.6443353062894113
              ],
              [
                -78.67122561528838,
                -1.644334251591796
              ],
              [
                -78.67122456672368,
                -1.6452382232485596
              ],
              [
                -78.67212286240506,
                -1.6452392785262995
              ]
            ]
          ]
        ]
      }
    },
    {
      "type": "Feature",
      "properties": {
        "CELL_ID": "GIU100-57-26",
        "AMBITO": "URBANO",
        "CATEGORIA": "VIOLENCIA",
        "PLATAFORMA": "PLATAFORMA B",
        "PARROQUIA": null,
        "DISTANCE_M": 200,
        "CELL_SIZE_M": 100,
        "COUNT": 0,
        "GI_ZSCORE": 2.230409576025968,
        "GI_PVALUE": 0.025720264423434874,
        "GI_CLASS": "HOTSPOT 95%",
        "GI_STAR": 2.230409576025968,
        "SIGNIFICANCIA": 95,
        "SUMA_LOCAL": 14,
        "NIVEL": 95,
        "COB_A_PCT": 95.61375611762377,
        "ESTADO_A": "PARCIALMENTE CUBIERTO",
        "COB_B_PCT": 95.61375611762377,
        "ESTADO_B": "PARCIALMENTE CUBIERTO",
        "COB_C_PCT": 100.0,
        "ESTADO_C": "CUBIERTO",
        "COB_B_ANTERIOR_PCT": 95.61375611762377,
        "ESTADO_B_ANTERIOR": "PARCIALMENTE CUBIERTO",
        "COB_C_ANTERIOR_PCT": 100.0,
        "ESTADO_C_ANTERIOR": "CUBIERTO"
      },
      "geometry": {
        "type": "MultiPolygon",
        "coordinates": [
          [
            [
              [
                -78.67481879985978,
                -1.6443384679461321
              ],
              [
                -78.67481984623397,
                -1.6434344939613257
              ],
              [
                -78.67392154962964,
                -1.6434334410612288
              ],
              [
                -78.6739205028521,
                -1.64433741446658
              ],
              [
                -78.67481879985978,
                -1.6443384679461321
              ]
            ]
          ]
        ]
      }
    },
    {
      "type": "Feature",
      "properties": {
        "CELL_ID": "GIU100-57-27",
        "AMBITO": "URBANO",
        "CATEGORIA": "VIOLENCIA",
        "PLATAFORMA": "PLATAFORMA B",
        "PARROQUIA": null,
        "DISTANCE_M": 200,
        "CELL_SIZE_M": 100,
        "COUNT": 1,
        "GI_ZSCORE": 2.4826066268343085,
        "GI_PVALUE": 0.01304250275922858,
        "GI_CLASS": "HOTSPOT 95%",
        "GI_STAR": 2.4826066268343085,
        "SIGNIFICANCIA": 95,
        "SUMA_LOCAL": 15,
        "NIVEL": 95,
        "COB_A_PCT": 100.0,
        "ESTADO_A": "CUBIERTO",
        "COB_B_PCT": 100.0,
        "ESTADO_B": "CUBIERTO",
        "COB_C_PCT": 100.0,
        "ESTADO_C": "CUBIERTO",
        "COB_B_ANTERIOR_PCT": 100.0,
        "ESTADO_B_ANTERIOR": "CUBIERTO",
        "COB_C_ANTERIOR_PCT": 100.0,
        "ESTADO_C_ANTERIOR": "CUBIERTO"
      },
      "geometry": {
        "type": "MultiPolygon",
        "coordinates": [
          [
            [
              [
                -78.6739205028521,
                -1.64433741446658
              ],
              [
                -78.67392154962964,
                -1.6434334410612288
              ],
              [
                -78.67302325360173,
                -1.6434323877553325
              ],
              [
                -78.67302220642082,
                -1.6443363605810062
              ],
              [
                -78.6739205028521,
                -1.64433741446658
              ]
            ]
          ]
        ]
      }
    },
    {
      "type": "Feature",
      "properties": {
        "CELL_ID": "GIU100-57-28",
        "AMBITO": "URBANO",
        "CATEGORIA": "VIOLENCIA",
        "PLATAFORMA": "PLATAFORMA B",
        "PARROQUIA": null,
        "DISTANCE_M": 200,
        "CELL_SIZE_M": 100,
        "COUNT": 1,
        "GI_ZSCORE": 2.4826066268343085,
        "GI_PVALUE": 0.01304250275922858,
        "GI_CLASS": "HOTSPOT 95%",
        "GI_STAR": 2.4826066268343085,
        "SIGNIFICANCIA": 95,
        "SUMA_LOCAL": 15,
        "NIVEL": 95,
        "COB_A_PCT": 67.84416218929708,
        "ESTADO_A": "PARCIALMENTE CUBIERTO",
        "COB_B_PCT": 67.84416218929708,
        "ESTADO_B": "PARCIALMENTE CUBIERTO",
        "COB_C_PCT": 67.84416218929708,
        "ESTADO_C": "PARCIALMENTE CUBIERTO",
        "COB_B_ANTERIOR_PCT": 67.84416218929708,
        "ESTADO_B_ANTERIOR": "PARCIALMENTE CUBIERTO",
        "COB_C_ANTERIOR_PCT": 67.84416218929708,
        "ESTADO_C_ANTERIOR": "PARCIALMENTE CUBIERTO"
      },
      "geometry": {
        "type": "MultiPolygon",
        "coordinates": [
          [
            [
              [
                -78.67302220642082,
                -1.6443363605810062
              ],
              [
                -78.67302325360173,
                -1.6434323877553325
              ],
              [
                -78.67212495815045,
                -1.643431334043639
              ],
              [
                -78.6721239105662,
                -1.6443353062894113
              ],
              [
                -78.67302220642082,
                -1.6443363605810062
              ]
            ]
          ]
        ]
      }
    },
    {
      "type": "Feature",
      "properties": {
        "CELL_ID": "GIU100-58-27",
        "AMBITO": "URBANO",
        "CATEGORIA": "VIOLENCIA",
        "PLATAFORMA": "PLATAFORMA B",
        "PARROQUIA": null,
        "DISTANCE_M": 200,
        "CELL_SIZE_M": 100,
        "COUNT": 0,
        "GI_ZSCORE": 2.230409576025968,
        "GI_PVALUE": 0.025720264423434874,
        "GI_CLASS": "HOTSPOT 95%",
        "GI_STAR": 2.230409576025968,
        "SIGNIFICANCIA": 95,
        "SUMA_LOCAL": 14,
        "NIVEL": 95,
        "COB_A_PCT": 14.238075162477074,
        "ESTADO_A": "PARCIALMENTE CUBIERTO",
        "COB_B_PCT": 14.238075162477074,
        "ESTADO_B": "PARCIALMENTE CUBIERTO",
        "COB_C_PCT": 32.27842355811865,
        "ESTADO_C": "PARCIALMENTE CUBIERTO",
        "COB_B_ANTERIOR_PCT": 14.238075162477074,
        "ESTADO_B_ANTERIOR": "PARCIALMENTE CUBIERTO",
        "COB_C_ANTERIOR_PCT": 32.27842355811865,
        "ESTADO_C_ANTERIOR": "PARCIALMENTE CUBIERTO"
      },
      "geometry": {
        "type": "MultiPolygon",
        "coordinates": [
          [
            [
              [
                -78.67392154962964,
                -1.6434334410612288
              ],
              [
                -78.67392259583079,
                -1.642529467647
              ],
              [
                -78.67302430020602,
                -1.6425284149207813
              ],
              [
                -78.67302325360173,
                -1.6434323877553325
              ],
              [
                -78.67392154962964,
                -1.6434334410612288
              ]
            ]
          ]
        ]
      }
    },
    {
      "type": "Feature",
      "properties": {
        "CELL_ID": "R-1000-24-29",
        "AMBITO": "RURAL",
        "CATEGORIA": "VIOLENCIA",
        "PLATAFORMA": null,
        "PARROQUIA": "SAN LUIS",
        "DISTANCE_M": 2000,
        "CELL_SIZE_M": 1000,
        "COUNT": 0,
        "GI_ZSCORE": 2.531237359508562,
        "GI_PVALUE": 0.011366090375707294,
        "GI_CLASS": "HOTSPOT 95%",
        "NIVEL": 95,
        "COB_A_PCT": 0.0,
        "ESTADO_A": "SIN COBERTURA",
        "COB_B_PCT": 0.0,
        "ESTADO_B": "SIN COBERTURA",
        "COB_C_PCT": 0.0,
        "ESTADO_C": "SIN COBERTURA",
        "COB_B_ANTERIOR_PCT": 0.0,
        "ESTADO_B_ANTERIOR": "SIN COBERTURA",
        "COB_C_ANTERIOR_PCT": 0.0,
        "ESTADO_C_ANTERIOR": "SIN COBERTURA"
      },
      "geometry": {
        "type": "MultiPolygon",
        "coordinates": [
          [
            [
              [
                -78.64506527012074,
                -1.7356028713070515
              ],
              [
                -78.64507643011822,
                -1.7265633326705194
              ],
              [
                -78.63609330141168,
                -1.7265521106796509
              ],
              [
                -78.63608209893955,
                -1.7355915905282702
              ],
              [
                -78.64506527012074,
                -1.7356028713070515
              ]
            ]
          ]
        ]
      }
    },
    {
      "type": "Feature",
      "properties": {
        "CELL_ID": "R-1000-25-28",
        "AMBITO": "RURAL",
        "CATEGORIA": "VIOLENCIA",
        "PLATAFORMA": null,
        "PARROQUIA": "SAN LUIS",
        "DISTANCE_M": 2000,
        "CELL_SIZE_M": 1000,
        "COUNT": 1,
        "GI_ZSCORE": 5.102916985043237,
        "GI_PVALUE": 3.3445774035735325e-07,
        "GI_CLASS": "HOTSPOT 99%",
        "NIVEL": 99,
        "COB_A_PCT": 0.0,
        "ESTADO_A": "SIN COBERTURA",
        "COB_B_PCT": 0.0,
        "ESTADO_B": "SIN COBERTURA",
        "COB_C_PCT": 0.0,
        "ESTADO_C": "SIN COBERTURA",
        "COB_B_ANTERIOR_PCT": 0.0,
        "ESTADO_B_ANTERIOR": "SIN COBERTURA",
        "COB_C_ANTERIOR_PCT": 0.0,
        "ESTADO_C_ANTERIOR": "SIN COBERTURA"
      },
      "geometry": {
        "type": "MultiPolygon",
        "coordinates": [
          [
            [
              [
                -78.65405961718844,
                -1.7265745120311826
              ],
              [
                -78.6540706765684,
                -1.7175349138962805
              ],
              [
                -78.64508753175205,
                -1.7175237930996778
              ],
              [
                -78.64507643011822,
                -1.7265633326705194
              ],
              [
                -78.65405961718844,
                -1.7265745120311826
              ]
            ]
          ]
        ]
      }
    },
    {
      "type": "Feature",
      "properties": {
        "CELL_ID": "R-1000-25-29",
        "AMBITO": "RURAL",
        "CATEGORIA": "VIOLENCIA",
        "PLATAFORMA": null,
        "PARROQUIA": "SAN LUIS",
        "DISTANCE_M": 2000,
        "CELL_SIZE_M": 1000,
        "COUNT": 2,
        "GI_ZSCORE": 3.5803362779522865,
        "GI_PVALUE": 0.000343152300211433,
        "GI_CLASS": "HOTSPOT 99%",
        "NIVEL": 99,
        "COB_A_PCT": 0.0,
        "ESTADO_A": "SIN COBERTURA",
        "COB_B_PCT": 0.0,
        "ESTADO_B": "SIN COBERTURA",
        "COB_C_PCT": 0.0,
        "ESTADO_C": "SIN COBERTURA",
        "COB_B_ANTERIOR_PCT": 0.0,
        "ESTADO_B_ANTERIOR": "SIN COBERTURA",
        "COB_C_ANTERIOR_PCT": 0.0,
        "ESTADO_C_ANTERIOR": "SIN COBERTURA"
      },
      "geometry": {
        "type": "MultiPolygon",
        "coordinates": [
          [
            [
              [
                -78.64507643011822,
                -1.7265633326705194
              ],
              [
                -78.64508753175205,
                -1.7175237930996778
              ],
              [
                -78.636104445298,
                -1.717512629896192
              ],
              [
                -78.63609330141168,
                -1.7265521106796509
              ],
              [
                -78.64507643011822,
                -1.7265633326705194
              ]
            ]
          ]
        ]
      }
    },
    {
      "type": "Feature",
      "properties": {
        "CELL_ID": "R-1000-25-30",
        "AMBITO": "RURAL",
        "CATEGORIA": "VIOLENCIA",
        "PLATAFORMA": null,
        "PARROQUIA": "SAN LUIS",
        "DISTANCE_M": 2000,
        "CELL_SIZE_M": 1000,
        "COUNT": 0,
        "GI_ZSCORE": 4.99530674977218,
        "GI_PVALUE": 5.874232101960845e-07,
        "GI_CLASS": "HOTSPOT 99%",
        "NIVEL": 99,
        "COB_A_PCT": 0.0,
        "ESTADO_A": "SIN COBERTURA",
        "COB_B_PCT": 0.0,
        "ESTADO_B": "SIN COBERTURA",
        "COB_C_PCT": 0.0,
        "ESTADO_C": "SIN COBERTURA",
        "COB_B_ANTERIOR_PCT": 0.0,
        "ESTADO_B_ANTERIOR": "SIN COBERTURA",
        "COB_C_ANTERIOR_PCT": 0.0,
        "ESTADO_C_ANTERIOR": "SIN COBERTURA"
      },
      "geometry": {
        "type": "MultiPolygon",
        "coordinates": [
          [
            [
              [
                -78.63609330141168,
                -1.7265521106796509
              ],
              [
                -78.636104445298,
                -1.717512629896192
              ],
              [
                -78.62712141742836,
                -1.7175014242871953
              ],
              [
                -78.62711641431987,
                -1.721550269215386
              ],
              [
                -78.62712288280473,
                -1.7215518798921727
              ],
              [
                -78.62718748628664,
                -1.7215633252009477
              ],
              [
                -78.62720856600652,
                -1.7215653927121775
              ],
              [
                -78.62722667260067,
                -1.721570156578544
              ],
              [
                -78.62724595953041,
                -1.7215705920332873
              ],
              [
                -78.62730140855284,
                -1.721578291680931
              ],
              [
                -78.62735612085588,
                -1.7215766427225307
              ],
              [
                -78.6273765822912,
                -1.721577463823367
              ],
              [
                -78.62741038620052,
                -1.7215833890323484
              ],
              [
                -78.6274244551848,
                -1.721586490007333
              ],
              [
                -78.62744515513681,
                -1.7215956493839903
              ],
              [
                -78.62747351291861,
                -1.7215998927628817
              ],
              [
                -78.62747953477724,
                -1.7216038207100748
              ],
              [
                -78.62748988346617,
                -1.7216123461115873
              ],
              [
                -78.62749609079512,
                -1.7216152085413583
              ],
              [
                -78.62750007680589,
                -1.7216186467128312
              ],
              [
                -78.62750466398533,
                -1.7216219202155973
              ],
              [
                -78.62750948515914,
                -1.721626294111107
              ],
              [
                -78.62751160168378,
                -1.7216298266629173
              ],
              [
                -78.62751595246127,
                -1.721635398598807
              ],
              [
                -78.62751767251645,
                -1.7216399141449306
              ],
              [
                -78.62752142891175,
                -1.7216467002368874
              ],
              [
                -78.62752220685157,
                -1.7216510500851676
              ],
              [
                -78.62752399233,
                -1.7216564154204972
              ],
              [
                -78.62752421548588,
                -1.7216604680803036
              ],
              [
                -78.62752498344187,
                -1.7216656269458626
              ],
              [
                -78.62752435446617,
                -1.7216701160471126
              ],
              [
                -78.62752440317627,
                -1.7216750362744961
              ],
              [
                -78.6275238092123,
                -1.7216780908607021
              ],
              [
                -78.62751898558166,
                -1.721692405097001
              ],
              [
                -78.62751505438781,
                -1.7217027476178846
              ],
              [
                -78.62747958955191,
                -1.7217512504000547
              ],
              [
                -78.62744520458364,
                -1.7218061996510983
              ],
              [
                -78.62743374202925,
                -1.7218245154636154
              ],
              [
                -78.62739019229275,
                -1.721880410504738
              ],
              [
                -78.62738504146407,
                -1.721886183868041
              ],
              [
                -78.6273770121384,
                -1.7218944042164814
              ],
              [
                -78.62737156915075,
                -1.7218988954213632
              ],
              [
                -78.62736716887753,
                -1.7219013829853236
              ],
              [
                -78.6273637040251,
                -1.7219029126369072
              ],
              [
                -78.62735512318596,
                -1.7219089185358525
              ],
              [
                -78.62735152025226,
                -1.7219102401073247
              ],
              [
                -78.62734808343713,
                -1.721910890256711
              ],
              [
                -78.62734142855284,
                -1.721911820212594
              ],
              [
                -78.62733777472201,
                -1.7219114423060387
              ],
              [
                -78.62732629717239,
                -1.721906300757302
              ],
              [
                -78.62730724059054,
                -1.7219055528227363
              ],
              [
                -78.62730359280727,
                -1.7219046434048135
              ],
              [
                -78.62730059626277,
                -1.7219037592093078
              ],
              [
                -78.62729632815564,
                -1.721903249461269
              ],
              [
                -78.62729206701144,
                -1.7219036463774489
              ],
              [
                -78.62728814950644,
                -1.7219043754715053
              ],
              [
                -78.62728183901716,
                -1.7219072050443414
              ],
              [
                -78.62727716923332,
                -1.7219097085412418
              ],
              [
                -78.62727450270886,
                -1.7219121774863044
              ],
              [
                -78.62727217390471,
                -1.7219154061671875
              ],
              [
                -78.62727021681495,
                -1.7219173309230618
              ],
              [
                -78.62726839498117,
                -1.7219217471171524
              ],
              [
                -78.62726706310305,
                -1.7219244039467894
              ],
              [
                -78.62726584684879,
                -1.721927994695087
              ],
              [
                -78.62726507423365,
                -1.7219309586623193
              ],
              [
                -78.62726392703917,
                -1.7219353639503991
              ],
              [
                -78.62726318141682,
                -1.721939018564416
              ],
              [
                -78.62726282372711,
                -1.7219500417093818
              ],
              [
                -78.62726238173084,
                -1.7219595045419145
              ],
              [
                -78.62726475067831,
                -1.721994253297157
              ],
              [
                -78.62726798652038,
                -1.7220311536207356
              ],
              [
                -78.62726685123063,
                -1.72203610128985
              ],
              [
                -78.6272669737966,
                -1.722042314248329
              ],
              [
                -78.62726578634904,
                -1.7220451294489427
              ],
              [
                -78.62726434814584,
                -1.7220509526599144
              ],
              [
                -78.62726211856048,
                -1.7220538533332765
              ],
              [
                -78.62725982261028,
                -1.7220559394702395
              ],
              [
                -78.62725401481802,
                -1.7220670389488169
              ],
              [
                -78.62725080927042,
                -1.7220695406640074
              ],
              [
                -78.62724794527472,
                -1.722074061313353
              ],
              [
                -78.62724749298829,
                -1.7220765945007193
              ],
              [
                -78.6272479665523,
                -1.7220873556394962
              ],
              [
                -78.62724586681405,
                -1.7220971183118305
              ],
              [
                -78.62724528347067,
                -1.7221010262332623
              ],
              [
                -78.62724332581605,
                -1.7221092144137147
              ],
              [
                -78.62724193718562,
                -1.722112725398742
              ],
              [
                -78.62724059317041,
                -1.7221157528297886
              ],
              [
                -78.62723871171572,
                -1.7221218891535826
              ],
              [
                -78.62723657611515,
                -1.7221250620315647
              ],
              [
                -78.62723061175548,
                -1.7221312917689175
              ],
              [
                -78.62723071011895,
                -1.7221534321840852
              ],
              [
                -78.62722648699847,
                -1.7221572198396196
              ],
              [
                -78.62722535686115,
                -1.7221768764859764
              ],
              [
                -78.62723454189192,
                -1.722187137813079
              ],
              [
                -78.62723568603246,
                -1.7221931857259527
              ],
              [
                -78.62723689125642,
                -1.7221985087525713
              ],
              [
                -78.62723825466652,
                -1.7222023115442007
              ],
              [
                -78.6272454879755,
                -1.722220321742626
              ],
              [
                -78.62726361343609,
                -1.722259203187097
              ],
              [
                -78.62727827028607,
                -1.7222816004883037
              ],
              [
                -78.62729379123795,
                -1.7223069547686232
              ],
              [
                -78.62730707545566,
                -1.7223264685778839
              ],
              [
                -78.62731271764673,
                -1.7223373998083134
              ],
              [
                -78.62732940181135,
                -1.7223722632273724
              ],
              [
                -78.627339523045,
                -1.7224114202903986
              ],
              [
                -78.62735112517028,
                -1.7224501832825214
              ],
              [
                -78.6273625427571,
                -1.7225204665620677
              ],
              [
                -78.627369477169,
                -1.7225557019405935
              ],
              [
                -78.62737123395922,
                -1.7225653727246866
              ],
              [
                -78.62737277557738,
                -1.7225754292231148
              ],
              [
                -78.62738604975296,
                -1.722649503259876
              ],
              [
                -78.62739855476835,
                -1.7227201178449933
              ],
              [
                -78.62744380151824,
                -1.7228847818180342
              ],
              [
                -78.62749622567519,
                -1.7230683372807771
              ],
              [
                -78.62753902004893,
                -1.72319380952187
              ],
              [
                -78.62757879931118,
                -1.7233174267123472
              ],
              [
                -78.62759169601163,
                -1.723343024493633
              ],
              [
                -78.62760261826242,
                -1.7233562701183511
              ],
              [
                -78.62760579856378,
                -1.723361102974022
              ],
              [
                -78.62761058163677,
                -1.7233657769372364
              ],
              [
                -78.62762894328498,
                -1.7233785871492402
              ],
              [
                -78.62763336728248,
                -1.7233823368316592
              ],
              [
                -78.62763931706021,
                -1.7233864409652122
              ],
              [
                -78.62765701156006,
                -1.7233968395225754
              ],
              [
                -78.62766999769849,
                -1.7234038921039352
              ],
              [
                -78.62771929515874,
                -1.7234210520117463
              ],
              [
                -78.62777200186531,
                -1.7234395187771536
              ],
              [
                -78.6277829632787,
                -1.7234421765562804
              ],
              [
                -78.62781338181999,
                -1.723451482831441
              ],
              [
                -78.62781994208743,
                -1.7234529744284763
              ],
              [
                -78.62783941352127,
                -1.723461853876336
              ],
              [
                -78.62790873554697,
                -1.7234902586430731
              ],
              [
                -78.62796239756379,
                -1.723512753677129
              ],
              [
                -78.62798380409613,
                -1.7235186118581804
              ],
              [
                -78.62800945847773,
                -1.7235268355628723
              ],
              [
                -78.62801761958998,
                -1.7235282749301024
              ],
              [
                -78.6280224402773,
                -1.723529415423679
              ],
              [
                -78.62803055632155,
                -1.7235302527075609
              ],
              [
                -78.62803862480204,
                -1.7235303270029219
              ],
              [
                -78.62804602356465,
                -1.723530064191387
              ],
              [
                -78.62807289955629,
                -1.7235296504326254
              ],
              [
                -78.62811020582389,
                -1.72352773745064
              ],
              [
                -78.6281367466003,
                -1.723525992664751
              ],
              [
                -78.62814214420993,
                -1.723525512205382
              ],
              [
                -78.62814755154278,
                -1.723525885081549
              ],
              [
                -78.62815194475945,
                -1.7235262015457824
              ],
              [
                -78.62815470111302,
                -1.7235266407023235
              ],
              [
                -78.6281585013171,
                -1.7235277889557916
              ],
              [
                -78.62816689642435,
                -1.7235317795465832
              ],
              [
                -78.6281701308582,
                -1.7235335227900594
              ],
              [
                -78.6281734381107,
                -1.7235373976254096
              ],
              [
                -78.62817711806991,
                -1.723540619376283
              ],
              [
                -78.62820625167038,
                -1.7235582114003138
              ],
              [
                -78.62822175673378,
                -1.7235681091408157
              ],
              [
                -78.62822405375583,
                -1.7235709657725264
              ],
              [
                -78.62822783751479,
                -1.7235737881102586
              ],
              [
                -78.62822988233405,
                -1.7235764663487922
              ],
              [
                -78.62823133870648,
                -1.7235813675526341
              ],
              [
                -78.62823345113397,
                -1.7235853068782323
              ],
              [
                -78.62823432008992,
                -1.7235923243832392
              ],
              [
                -78.62823596356837,
                -1.7235984678411198
              ],
              [
                -78.6282359222906,
                -1.7236020600640394
              ],
              [
                -78.62823654320205,
                -1.7236084426892102
              ],
              [
                -78.62823557725405,
                -1.7236268005870328
              ],
              [
                -78.6282351109989,
                -1.7236355357202373
              ],
              [
                -78.62822984109152,
                -1.7236779828575375
              ],
              [
                -78.62822402536274,
                -1.7237426392214668
              ],
              [
                -78.62822067589195,
                -1.7237786662415604
              ],
              [
                -78.62821873761374,
                -1.7238002183629857
              ],
              [
                -78.62821855896274,
                -1.7238081086686958
              ],
              [
                -78.6282176900763,
                -1.723818447798027
              ],
              [
                -78.62821843088102,
                -1.723825942425
              ],
              [
                -78.62821947811385,
                -1.7238311748636286
              ],
              [
                -78.62822016696597,
                -1.7238400000314678
              ],
              [
                -78.62822132427179,
                -1.7238433939854276
              ],
              [
                -78.62822300809816,
                -1.7238510488890009
              ],
              [
                -78.62822507677706,
                -1.7238562220441054
              ],
              [
                -78.62822793185896,
                -1.7238625342510852
              ],
              [
                -78.6282308870632,
                -1.7238670640054834
              ],
              [
                -78.62823474177677,
                -1.7238735230009057
              ],
              [
                -78.62823829567428,
                -1.7238777118150417
              ],
              [
                -78.6282491343332,
                -1.7238895526121665
              ],
              [
                -78.62825555339946,
                -1.723894083997911
              ],
              [
                -78.628281077861,
                -1.7239165546111745
              ],
              [
                -78.62831240545346,
                -1.7239418627508367
              ],
              [
                -78.6283367961954,
                -1.7239600291684567
              ],
              [
                -78.62837079821004,
                -1.7239852032629353
              ],
              [
                -78.6283831654485,
                -1.7239944145957196
              ],
              [
                -78.62841692963264,
                -1.7240194121237027
              ],
              [
                -78.62844872601855,
                -1.7240455479628851
              ],
              [
                -78.62847895574825,
                -1.7240745961553283
              ],
              [
                -78.62851162621826,
                -1.7241057852375534
              ],
              [
                -78.62853814584182,
                -1.7241334692471688
              ],
              [
                -78.62857203844567,
                -1.724167933046589
              ],
              [
                -78.6285761102249,
                -1.7241739294963105
              ],
              [
                -78.62860201221748,
                -1.7242049166504638
              ],
              [
                -78.62860371544231,
                -1.7242092387370442
              ],
              [
                -78.62860428632895,
                -1.724213217712793
              ],
              [
                -78.62860395782133,
                -1.7242166251717828
              ],
              [
                -78.62860366452281,
                -1.724222067454105
              ],
              [
                -78.62861042904767,
                -1.7242334439425833
              ],
              [
                -78.62862504318814,
                -1.7242518946004155
              ],
              [
                -78.62864305006671,
                -1.724265397704345
              ],
              [
                -78.62865354797175,
                -1.7242731287463395
              ],
              [
                -78.62868947608622,
                -1.7242924016015533
              ],
              [
                -78.62871004794813,
                -1.7243020191525154
              ],
              [
                -78.6287269048004,
                -1.7243135050186198
              ],
              [
                -78.628763965703,
                -1.7243385636366682
              ],
              [
                -78.62878912608616,
                -1.724359083090411
              ],
              [
                -78.62880554602279,
                -1.7243737457748254
              ],
              [
                -78.62882358071128,
                -1.7243945365172724
              ],
              [
                -78.62882919549777,
                -1.7244014867567432
              ],
              [
                -78.62884014382384,
                -1.7244147242916699
              ],
              [
                -78.62885670496428,
                -1.7244336031520024
              ],
              [
                -78.628861839579,
                -1.7244373112438742
              ],
              [
                -78.62886690479988,
                -1.7244404750740472
              ],
              [
                -78.62887042036537,
                -1.7244437020451207
              ],
              [
                -78.62887325870742,
                -1.7244461236562378
              ],
              [
                -78.62888112069093,
                -1.7244504661214326
              ],
              [
                -78.62888494044971,
                -1.7244532360779405
              ],
              [
                -78.62888954108622,
                -1.7244565294936567
              ],
              [
                -78.62889736477695,
                -1.7244613274990235
              ],
              [
                -78.6289013935978,
                -1.7244642938736978
              ],
              [
                -78.6289149030775,
                -1.7244760132818455
              ],
              [
                -78.62892321361979,
                -1.7244844629305953
              ],
              [
                -78.6289304532351,
                -1.7244923055936017
              ],
              [
                -78.62894044914822,
                -1.7245086144436153
              ],
              [
                -78.62894625592627,
                -1.72451721462371
              ],
              [
                -78.62894867701934,
                -1.7245207132139628
              ],
              [
                -78.62895222141877,
                -1.7245260455087852
              ],
              [
                -78.62895490402418,
                -1.7245287335885169
              ],
              [
                -78.62895826032319,
                -1.724531450535305
              ],
              [
                -78.62896239115474,
                -1.7245361878659118
              ],
              [
                -78.62896612088922,
                -1.7245398399598701
              ],
              [
                -78.628974392478,
                -1.7245485535121263
              ],
              [
                -78.62898113664494,
                -1.724556060190786
              ],
              [
                -78.62898362769724,
                -1.7245596465515032
              ],
              [
                -78.62898627953149,
                -1.724563244865136
              ],
              [
                -78.62899131448161,
                -1.7245719932286712
              ],
              [
                -78.62899374231512,
                -1.724576577465214
              ],
              [
                -78.6289960829521,
                -1.7245819362731156
              ],
              [
                -78.628998962987,
                -1.7245869603939
              ],
              [
                -78.62900323485403,
                -1.724602577781168
              ],
              [
                -78.6290271380259,
                -1.724630019880859
              ],
              [
                -78.62904256440916,
                -1.7246548633575443
              ],
              [
                -78.62904681905027,
                -1.7246611782276102
              ],
              [
                -78.62905036338384,
                -1.7246680146870994
              ],
              [
                -78.62905469290143,
                -1.7246777004613918
              ],
              [
                -78.62905783609254,
                -1.7246842137096259
              ],
              [
                -78.62906031816513,
                -1.7246906990105035
              ],
              [
                -78.6290627038986,
                -1.7246973622677098
              ],
              [
                -78.6290638469629,
                -1.7247050029389197
              ],
              [
                -78.62906829494885,
                -1.7247191281350587
              ],
              [
                -78.62907024610294,
                -1.7247299815356807
              ],
              [
                -78.62907239980609,
                -1.7247629737034547
              ],
              [
                -78.62907464655689,
                -1.7247940930142898
              ],
              [
                -78.62907050764515,
                -1.724882193519589
              ],
              [
                -78.62906338317218,
                -1.7250134753403674
              ],
              [
                -78.6290590940779,
                -1.725063986013876
              ],
              [
                -78.62905087601246,
                -1.7251643560673453
              ],
              [
                -78.62904060419345,
                -1.725279404511004
              ],
              [
                -78.62904108519648,
                -1.725308079147942
              ],
              [
                -78.62904073523505,
                -1.7253208261387452
              ],
              [
                -78.62904234237503,
                -1.7253294707712292
              ],
              [
                -78.62904427274161,
                -1.725335347026231
              ],
              [
                -78.6290466523796,
                -1.7253425779541725
              ],
              [
                -78.62904948735027,
                -1.7253484463045519
              ],
              [
                -78.6290515834277,
                -1.7253518061850732
              ],
              [
                -78.62905485146473,
                -1.7253554323916442
              ],
              [
                -78.62905925535564,
                -1.725359464990389
              ],
              [
                -78.6290629683593,
                -1.7253628449782412
              ],
              [
                -78.62906786863492,
                -1.7253650079378464
              ],
              [
                -78.62907908015688,
                -1.7253710006935117
              ],
              [
                -78.62908272496958,
                -1.7253721406205202
              ],
              [
                -78.62908748248505,
                -1.7253727965250079
              ],
              [
                -78.62911139951325,
                -1.7253745494467958
              ],
              [
                -78.62912724580288,
                -1.7253729639190656
              ],
              [
                -78.62914252895256,
                -1.7253698491139167
              ],
              [
                -78.62915934877405,
                -1.725367726055887
              ],
              [
                -78.62922744206723,
                -1.7253699981152004
              ],
              [
                -78.62923686192234,
                -1.725370549586451
              ],
              [
                -78.62927164073137,
                -1.725372740081384
              ],
              [
                -78.62929013936912,
                -1.7253750647292752
              ],
              [
                -78.62930734302282,
                -1.725379263438537
              ],
              [
                -78.6293416331432,
                -1.725389440577669
              ],
              [
                -78.62937751555579,
                -1.725404296725552
              ],
              [
                -78.62938868644035,
                -1.7254104647953952
              ],
              [
                -78.62940560239701,
                -1.7254199340472574
              ],
              [
                -78.62941442795518,
                -1.725428880614336
              ],
              [
                -78.62942669666724,
                -1.7254371463099691
              ],
              [
                -78.62944242258227,
                -1.7254471681877084
              ],
              [
                -78.62945027708055,
                -1.7254553822454182
              ],
              [
                -78.62945856194574,
                -1.725461357771021
              ],
              [
                -78.62946992059514,
                -1.7254769388570153
              ],
              [
                -78.6294747784981,
                -1.7254828522316887
              ],
              [
                -78.62947874684632,
                -1.725492578234981
              ],
              [
                -78.62948203479208,
                -1.7255018893779963
              ],
              [
                -78.62948927762466,
                -1.7255172899364095
              ],
              [
                -78.62949091906535,
                -1.7255229018787182
              ],
              [
                -78.62949170322477,
                -1.7255280282311158
              ],
              [
                -78.6294930413711,
                -1.7255340962852839
              ],
              [
                -78.6294938824109,
                -1.725540441227057
              ],
              [
                -78.62949423736143,
                -1.725547596397868
              ],
              [
                -78.62949438522688,
                -1.7255515088578006
              ],
              [
                -78.62949431089055,
                -1.7255622060510172
              ],
              [
                -78.62949428316901,
                -1.725570806150053
              ],
              [
                -78.62949357817773,
                -1.725578637950112
              ],
              [
                -78.62949328667706,
                -1.7255913280698756
              ],
              [
                -78.62948933285382,
                -1.725614110662426
              ],
              [
                -78.62948526799919,
                -1.7256344280572569
              ],
              [
                -78.62947735896336,
                -1.7256586348250607
              ],
              [
                -78.62946691846126,
                -1.725682146898855
              ],
              [
                -78.629451537548,
                -1.7257076116234313
              ],
              [
                -78.62943972549151,
                -1.7257237430719492
              ],
              [
                -78.62937950013982,
                -1.7257905937989495
              ],
              [
                -78.62931075451989,
                -1.725863103370761
              ],
              [
                -78.62927521616243,
                -1.725901164580471
              ],
              [
                -78.62925230095469,
                -1.7259253335299178
              ],
              [
                -78.6292442166397,
                -1.725934398993145
              ],
              [
                -78.62923708547115,
                -1.7259441544582743
              ],
              [
                -78.62922824871826,
                -1.7259601920082785
              ],
              [
                -78.62922185244358,
                -1.7259713332389017
              ],
              [
                -78.62921710528039,
                -1.7259804444705693
              ],
              [
                -78.6292123195967,
                -1.7259952685857405
              ],
              [
                -78.62920788554187,
                -1.7260047029184713
              ],
              [
                -78.62920124301506,
                -1.7260195617650766
              ],
              [
                -78.62919682862834,
                -1.7260370457517795
              ],
              [
                -78.62919389493636,
                -1.726059373125425
              ],
              [
                -78.6291895039173,
                -1.726081921040572
              ],
              [
                -78.6291895919457,
                -1.7261435358438917
              ],
              [
                -78.62918904999786,
                -1.7262031864882357
              ],
              [
                -78.6291949157606,
                -1.7262772585761128
              ],
              [
                -78.62920143724526,
                -1.7263528112453972
              ],
              [
                -78.6292086733417,
                -1.7263953798621956
              ],
              [
                -78.62921607869902,
                -1.7264412652657624
              ],
              [
                -78.62922125338518,
                -1.7264604778787347
              ],
              [
                -78.62922499634458,
                -1.7264708535369944
              ],
              [
                -78.62924500305647,
                -1.7265298574407635
              ],
              [
                -78.62925038762907,
                -1.7265435336550394
              ],
              [
                -78.63609330141168,
                -1.7265521106796509
              ]
            ]
          ]
        ]
      }
    },
    {
      "type": "Feature",
      "properties": {
        "CELL_ID": "R-1000-25-31",
        "AMBITO": "RURAL",
        "CATEGORIA": "VIOLENCIA",
        "PLATAFORMA": null,
        "PARROQUIA": "SAN LUIS",
        "DISTANCE_M": 2000,
        "CELL_SIZE_M": 1000,
        "COUNT": 0,
        "GI_ZSCORE": 4.01021401533809,
        "GI_PVALUE": 6.0663736887938626e-05,
        "GI_CLASS": "HOTSPOT 99%",
        "NIVEL": 99,
        "COB_A_PCT": 0.0,
        "ESTADO_A": "SIN COBERTURA",
        "COB_B_PCT": 0.0,
        "ESTADO_B": "SIN COBERTURA",
        "COB_C_PCT": 0.0,
        "ESTADO_C": "SIN COBERTURA",
        "COB_B_ANTERIOR_PCT": 0.0,
        "ESTADO_B_ANTERIOR": "SIN COBERTURA",
        "COB_C_ANTERIOR_PCT": 0.0,
        "ESTADO_C_ANTERIOR": "SIN COBERTURA"
      },
      "geometry": {
        "type": "MultiPolygon",
        "coordinates": [
          [
            [
              [
                -78.62712141742836,
                -1.7175014242871953
              ],
              [
                -78.62156923739018,
                -1.7174944771456506
              ],
              [
                -78.62157282922733,
                -1.7175117279158278
              ],
              [
                -78.621595711512,
                -1.7175604183818671
              ],
              [
                -78.62165574940985,
                -1.7176728235076113
              ],
              [
                -78.62169365453165,
                -1.7177566029609506
              ],
              [
                -78.62169870171357,
                -1.7177895606108269
              ],
              [
                -78.62170018077745,
                -1.717818225498928
              ],
              [
                -78.62169739931977,
                -1.7178540650448892
              ],
              [
                -78.62167624526349,
                -1.7179666242719958
              ],
              [
                -78.621625998862,
                -1.718136574347931
              ],
              [
                -78.62159198346245,
                -1.7182269419899148
              ],
              [
                -78.62157282239937,
                -1.7182635293529829
              ],
              [
                -78.62148833136852,
                -1.7184027278325202
              ],
              [
                -78.62147699440307,
                -1.7184335668992161
              ],
              [
                -78.62147135535437,
                -1.7184643950286744
              ],
              [
                -78.6214685657238,
                -1.7184959345145001
              ],
              [
                -78.62147366451023,
                -1.7185561261279487
              ],
              [
                -78.62151809216031,
                -1.718699377653991
              ],
              [
                -78.62153743528701,
                -1.7187595428344675
              ],
              [
                -78.62156100996579,
                -1.7187974818222533
              ],
              [
                -78.6215931392254,
                -1.7188397044599475
              ],
              [
                -78.62161383732656,
                -1.718863316010611
              ],
              [
                -78.62169446549042,
                -1.7189419975022875
              ],
              [
                -78.62184207572082,
                -1.7190384675460966
              ],
              [
                -78.62189697404123,
                -1.7190691799424231
              ],
              [
                -78.62192547815278,
                -1.719077725370204
              ],
              [
                -78.62194399844034,
                -1.7190791234815375
              ],
              [
                -78.62196037623707,
                -1.719077658839946
              ],
              [
                -78.62197817239556,
                -1.7190726082375682
              ],
              [
                -78.62200734448082,
                -1.719057502001718
              ],
              [
                -78.62207280584376,
                -1.7190244094554175
              ],
              [
                -78.62211479033765,
                -1.7190056953800004
              ],
              [
                -78.62214895523418,
                -1.718994163250068
              ],
              [
                -78.62217886684428,
                -1.71899338900542
              ],
              [
                -78.62221733394915,
                -1.718997616139044
              ],
              [
                -78.62225154142439,
                -1.7190090179315514
              ],
              [
                -78.62229147399655,
                -1.719034741700709
              ],
              [
                -78.62231216939881,
                -1.7190569196057095
              ],
              [
                -78.62233929862343,
                -1.7190912680945643
              ],
              [
                -78.6223592916325,
                -1.719118464701687
              ],
              [
                -78.62238722197787,
                -1.7192001128826584
              ],
              [
                -78.62239085077113,
                -1.7192359396892347
              ],
              [
                -78.62238310725878,
                -1.7192839726114697
              ],
              [
                -78.62236184623119,
                -1.7193399143373138
              ],
              [
                -78.62231076866883,
                -1.7194467982093353
              ],
              [
                -78.6222199242365,
                -1.7196153921285768
              ],
              [
                -78.62220787217314,
                -1.7196447993714654
              ],
              [
                -78.62220435477059,
                -1.7196677405831506
              ],
              [
                -78.62220440005298,
                -1.7196921072564686
              ],
              [
                -78.62220659234944,
                -1.7197214871635864
              ],
              [
                -78.62222233657897,
                -1.7197615912388053
              ],
              [
                -78.62231386650434,
                -1.71995563739797
              ],
              [
                -78.62236174272653,
                -1.7200393978069406
              ],
              [
                -78.62240025965596,
                -1.720070142123541
              ],
              [
                -78.62243019845093,
                -1.720083701717009
              ],
              [
                -78.62245585407057,
                -1.7200922526280988
              ],
              [
                -78.62248506150011,
                -1.7200957802762218
              ],
              [
                -78.62250641945396,
                -1.7200914392207007
              ],
              [
                -78.62258542468189,
                -1.7200647708103463
              ],
              [
                -78.62264450572107,
                -1.7200474576010867
              ],
              [
                -78.62273347576931,
                -1.7200179036410423
              ],
              [
                -78.62279182815921,
                -1.7199919912252197
              ],
              [
                -78.62281174420035,
                -1.7199783359579113
              ],
              [
                -78.62283164303123,
                -1.7199553646547738
              ],
              [
                -78.62285010900598,
                -1.7199280951236633
              ],
              [
                -78.62288771979499,
                -1.7198556380909653
              ],
              [
                -78.62299984793698,
                -1.719643285665304
              ],
              [
                -78.62307932911042,
                -1.7194919137185323
              ],
              [
                -78.62318002054079,
                -1.7192573650810443
              ],
              [
                -78.62322469774793,
                -1.719155510754214
              ],
              [
                -78.62324671732206,
                -1.7191246515835719
              ],
              [
                -78.62327944031982,
                -1.7191038052189935
              ],
              [
                -78.6233064753632,
                -1.719088703503334
              ],
              [
                -78.62334065478423,
                -1.7190850546326588
              ],
              [
                -78.6233712878375,
                -1.7190892963398081
              ],
              [
                -78.62339409314917,
                -1.7190971358683702
              ],
              [
                -78.62341618791551,
                -1.7191056940438487
              ],
              [
                -78.6234347245325,
                -1.719115692259329
              ],
              [
                -78.62345184459728,
                -1.719129993268068
              ],
              [
                -78.6235017855233,
                -1.7191757654345883
              ],
              [
                -78.6235788684123,
                -1.7192630534746893
              ],
              [
                -78.62363384384408,
                -1.7193346159767706
              ],
              [
                -78.62372025801443,
                -1.7194598704106856
              ],
              [
                -78.6238095560372,
                -1.7196037532789843
              ],
              [
                -78.62388751255591,
                -1.7197763238990043
              ],
              [
                -78.62391684321759,
                -1.719845069247261
              ],
              [
                -78.62395413026216,
                -1.7199783009094987
              ],
              [
                -78.62398782563949,
                -1.7200957723755224
              ],
              [
                -78.62404362303965,
                -1.720225385269991
              ],
              [
                -78.62406508518194,
                -1.720276229054513
              ],
              [
                -78.624086505657,
                -1.720304854807514
              ],
              [
                -78.62411648164456,
                -1.7203384819466063
              ],
              [
                -78.62415642788454,
                -1.7203713731200974
              ],
              [
                -78.62424625259254,
                -1.720417068775901
              ],
              [
                -78.62433034494762,
                -1.7204441414717986
              ],
              [
                -78.62442296565163,
                -1.7204618817137727
              ],
              [
                -78.62453266659726,
                -1.720473138594762
              ],
              [
                -78.62458395981676,
                -1.7204802066225136
              ],
              [
                -78.62463528022285,
                -1.7205023262210466
              ],
              [
                -78.62466808210142,
                -1.7205237636373745
              ],
              [
                -78.62469162697708,
                -1.720545936108641
              ],
              [
                -78.62470378593966,
                -1.720573146442403
              ],
              [
                -78.62470454720841,
                -1.7205989449973902
              ],
              [
                -78.62470390278791,
                -1.7206347809705105
              ],
              [
                -78.6246996839069,
                -1.7206634559546354
              ],
              [
                -78.62466798386654,
                -1.720848420604139
              ],
              [
                -78.6246538816677,
                -1.720923699484984
              ],
              [
                -78.62465608122287,
                -1.7209566626783597
              ],
              [
                -78.62466182988557,
                -1.720983885769826
              ],
              [
                -78.62467257409081,
                -1.7210161157310901
              ],
              [
                -78.62469472866745,
                -1.7210562071178375
              ],
              [
                -78.62471471538407,
                -1.72107981963685
              ],
              [
                -78.62474752270064,
                -1.721104123473701
              ],
              [
                -78.6248038395742,
                -1.7211319667909681
              ],
              [
                -78.62485300390522,
                -1.721143339452557
              ],
              [
                -78.62488291923363,
                -1.7211447156933501
              ],
              [
                -78.624914245688,
                -1.7211389218257975
              ],
              [
                -78.62493844677543,
                -1.7211317088755012
              ],
              [
                -78.62496193459964,
                -1.7211237800122685
              ],
              [
                -78.62502239971798,
                -1.7210849636942516
              ],
              [
                -78.62513619372703,
                -1.7210008941641404
              ],
              [
                -78.62520376519912,
                -1.7209541808570468
              ],
              [
                -78.62525851426072,
                -1.7209060575942388
              ],
              [
                -78.62534311976414,
                -1.7208277773524714
              ],
              [
                -78.62546047463061,
                -1.720743701376454
              ],
              [
                -78.62562414260749,
                -1.7206695698239693
              ],
              [
                -78.62585406623194,
                -1.7205747070533783
              ],
              [
                -78.62600233713745,
                -1.7205188799654458
              ],
              [
                -78.62606373513562,
                -1.7205029362896536
              ],
              [
                -78.6261868406434,
                -1.720477914762378
              ],
              [
                -78.62621235421804,
                -1.7204742830354873
              ],
              [
                -78.62623046054641,
                -1.7204763386800497
              ],
              [
                -78.6262450050995,
                -1.720478400711021
              ],
              [
                -78.62625598930259,
                -1.7204807692392994
              ],
              [
                -78.62626905234293,
                -1.720483729741959
              ],
              [
                -78.62629071954959,
                -1.720485778998492
              ],
              [
                -78.62634147321933,
                -1.7204904599025788
              ],
              [
                -78.62639400786051,
                -1.720495435009658
              ],
              [
                -78.62642309379578,
                -1.7204977683545628
              ],
              [
                -78.62643734032271,
                -1.7204989360115568
              ],
              [
                -78.62645129252584,
                -1.7205012983127383
              ],
              [
                -78.62646762069467,
                -1.7205051487679215
              ],
              [
                -78.62647979140044,
                -1.7205069176591703
              ],
              [
                -78.62648750852355,
                -1.7205077987245927
              ],
              [
                -78.62649662688598,
                -1.7205094969015131
              ],
              [
                -78.62650392659953,
                -1.72051086105378
              ],
              [
                -78.62650905737277,
                -1.7205133063177604
              ],
              [
                -78.62651446802545,
                -1.7205196994521688
              ],
              [
                -78.6265175667736,
                -1.7205243767190646
              ],
              [
                -78.62652054721148,
                -1.7205281128329277
              ],
              [
                -78.62652612351727,
                -1.720535663222166
              ],
              [
                -78.62652900068693,
                -1.7205400961469621
              ],
              [
                -78.62653244047367,
                -1.7205457555233368
              ],
              [
                -78.62654092301223,
                -1.7205560295173
              ],
              [
                -78.62654523596751,
                -1.7205602210794988
              ],
              [
                -78.62655781582869,
                -1.7205783509516186
              ],
              [
                -78.62656250396245,
                -1.7205820684135473
              ],
              [
                -78.62656656274503,
                -1.7205854958254936
              ],
              [
                -78.62657242235886,
                -1.7205898637857484
              ],
              [
                -78.62658182726338,
                -1.7206010184719736
              ],
              [
                -78.62658623219433,
                -1.7206049281192264
              ],
              [
                -78.6265903850365,
                -1.7206092939421342
              ],
              [
                -78.62659373239671,
                -1.7206134210192603
              ],
              [
                -78.62659677269737,
                -1.7206181452183447
              ],
              [
                -78.62659896739945,
                -1.7206231088073942
              ],
              [
                -78.62661924134974,
                -1.7206491243736581
              ],
              [
                -78.62662286948712,
                -1.7206579260931607
              ],
              [
                -78.6266256643818,
                -1.7206656926581183
              ],
              [
                -78.6266284226663,
                -1.7206703758267459
              ],
              [
                -78.6266336073917,
                -1.7206851256345896
              ],
              [
                -78.62664029109025,
                -1.7207081022996842
              ],
              [
                -78.62664533816577,
                -1.720728105653713
              ],
              [
                -78.62665763562698,
                -1.7207813678341528
              ],
              [
                -78.62666372836951,
                -1.7208129565315482
              ],
              [
                -78.62666459389588,
                -1.72081984656739
              ],
              [
                -78.6266650873548,
                -1.7208305055807862
              ],
              [
                -78.62666498738862,
                -1.7208357953317346
              ],
              [
                -78.62666462466223,
                -1.7208429061993076
              ],
              [
                -78.62666344502652,
                -1.7208466705496186
              ],
              [
                -78.62666143304631,
                -1.7208508523831823
              ],
              [
                -78.62665931888719,
                -1.7208555764547342
              ],
              [
                -78.62665303704172,
                -1.720877377122589
              ],
              [
                -78.6266512112584,
                -1.7208820843803219
              ],
              [
                -78.62664941612398,
                -1.7208874316682774
              ],
              [
                -78.62664869406376,
                -1.7208916476593157
              ],
              [
                -78.62664801835693,
                -1.7208954271037866
              ],
              [
                -78.62664798378707,
                -1.7209001357010343
              ],
              [
                -78.62664853692708,
                -1.7209039401871744
              ],
              [
                -78.62664974228178,
                -1.7209077066206597
              ],
              [
                -78.62665151677187,
                -1.720912513301759
              ],
              [
                -78.62665352240957,
                -1.7209156380339456
              ],
              [
                -78.62665619245915,
                -1.7209190311655371
              ],
              [
                -78.62665898374249,
                -1.7209224542791133
              ],
              [
                -78.62667005092436,
                -1.7209310926638832
              ],
              [
                -78.6266855408919,
                -1.720943731113777
              ],
              [
                -78.6266869692677,
                -1.7209451231676407
              ],
              [
                -78.62668846582878,
                -1.7209473107770312
              ],
              [
                -78.62669072980717,
                -1.7209507350381208
              ],
              [
                -78.62669231535753,
                -1.7209536025243402
              ],
              [
                -78.62669266949574,
                -1.7209563401082435
              ],
              [
                -78.62669336858876,
                -1.7209597985670355
              ],
              [
                -78.62669326837774,
                -1.720962381007545
              ],
              [
                -78.62669219358864,
                -1.7209656248178327
              ],
              [
                -78.62669177500779,
                -1.7209685069687624
              ],
              [
                -78.62669114050166,
                -1.720970205587435
              ],
              [
                -78.6266819047847,
                -1.7209842205075903
              ],
              [
                -78.62665394731354,
                -1.7210231119989425
              ],
              [
                -78.62662874381598,
                -1.7210570985260556
              ],
              [
                -78.62657222297629,
                -1.7211337797372592
              ],
              [
                -78.62649443862942,
                -1.721233517394361
              ],
              [
                -78.62646920018766,
                -1.7212797676645535
              ],
              [
                -78.62645851340233,
                -1.7212998371803396
              ],
              [
                -78.62645517634951,
                -1.7213120651580862
              ],
              [
                -78.62645109143988,
                -1.7213232201221602
              ],
              [
                -78.6264499285871,
                -1.7213322951583452
              ],
              [
                -78.62644891628649,
                -1.7213416632607317
              ],
              [
                -78.62644919568368,
                -1.7213510808904933
              ],
              [
                -78.6264495334562,
                -1.7213568801089842
              ],
              [
                -78.62645073541096,
                -1.7213612151184075
              ],
              [
                -78.62645344342874,
                -1.721365865683131
              ],
              [
                -78.62645522802626,
                -1.7213697621062272
              ],
              [
                -78.6264580191641,
                -1.7213733018289725
              ],
              [
                -78.62646070038453,
                -1.721375651824834
              ],
              [
                -78.62646811778325,
                -1.7213820935779607
              ],
              [
                -78.62647103606453,
                -1.7213837912239034
              ],
              [
                -78.62647814145119,
                -1.7213868464150428
              ],
              [
                -78.62651319638202,
                -1.721406071107252
              ],
              [
                -78.62654664377149,
                -1.721416971180481
              ],
              [
                -78.62655603537792,
                -1.7214192690199195
              ],
              [
                -78.62657137565178,
                -1.7214200285696468
              ],
              [
                -78.62661786311988,
                -1.7214255927326838
              ],
              [
                -78.62665947418704,
                -1.7214227802705737
              ],
              [
                -78.6266755915213,
                -1.7214213396912104
              ],
              [
                -78.6267725535134,
                -1.7214314361843523
              ],
              [
                -78.62685381628651,
                -1.7214404725673216
              ],
              [
                -78.62685906801133,
                -1.7214409998180302
              ],
              [
                -78.62688231554316,
                -1.7214457990515533
              ],
              [
                -78.6268855936898,
                -1.7214470578318302
              ],
              [
                -78.62689569808187,
                -1.7214526396858787
              ],
              [
                -78.62690187891259,
                -1.7214565868145777
              ],
              [
                -78.62691762472545,
                -1.7214729968431721
              ],
              [
                -78.62694283898448,
                -1.7214963989853524
              ],
              [
                -78.62695031642119,
                -1.721502237884402
              ],
              [
                -78.6269539852733,
                -1.7215064467217795
              ],
              [
                -78.6269570412179,
                -1.7215086914260973
              ],
              [
                -78.6269599893325,
                -1.72151023724703
              ],
              [
                -78.62696345964218,
                -1.7215115559283864
              ],
              [
                -78.62699692680934,
                -1.7215239077578188
              ],
              [
                -78.62701798703903,
                -1.7215279304756965
              ],
              [
                -78.62704819484233,
                -1.7215332816988664
              ],
              [
                -78.62707683021087,
                -1.7215404126246892
              ],
              [
                -78.62711641431987,
                -1.721550269215386
              ],
              [
                -78.62712141742836,
                -1.7175014242871953
              ]
            ]
          ]
        ]
      }
    },
    {
      "type": "Feature",
      "properties": {
        "CELL_ID": "R-1000-25-32",
        "AMBITO": "RURAL",
        "CATEGORIA": "VIOLENCIA",
        "PLATAFORMA": null,
        "PARROQUIA": "SAN LUIS",
        "DISTANCE_M": 2000,
        "CELL_SIZE_M": 1000,
        "COUNT": 0,
        "GI_ZSCORE": 2.8520491921505435,
        "GI_PVALUE": 0.004343837781577849,
        "GI_CLASS": "HOTSPOT 99%",
        "NIVEL": 99,
        "COB_A_PCT": 0.0,
        "ESTADO_A": "SIN COBERTURA",
        "COB_B_PCT": 0.0,
        "ESTADO_B": "SIN COBERTURA",
        "COB_C_PCT": 0.0,
        "ESTADO_C": "SIN COBERTURA",
        "COB_B_ANTERIOR_PCT": 0.0,
        "ESTADO_B_ANTERIOR": "SIN COBERTURA",
        "COB_C_ANTERIOR_PCT": 0.0,
        "ESTADO_C_ANTERIOR": "SIN COBERTURA"
      },
      "geometry": {
        "type": "MultiPolygon",
        "coordinates": [
          [
            [
              [
                -78.61609475514334,
                -1.7174876113349962
              ],
              [
                -78.61610014529175,
                -1.7174906327305581
              ],
              [
                -78.61622371668257,
                -1.7175548986695213
              ],
              [
                -78.61629023042164,
                -1.7175762725970516
              ],
              [
                -78.61638044785133,
                -1.7175784902317341
              ],
              [
                -78.61651806178573,
                -1.7175352261344914
              ],
              [
                -78.6166225116512,
                -1.7174882739068609
              ],
              [
                -78.61609475514334,
                -1.7174876113349962
              ]
            ]
          ]
        ]
      }
    },
    {
      "type": "Feature",
      "properties": {
        "CELL_ID": "R-1000-26-27",
        "AMBITO": "RURAL",
        "CATEGORIA": "VIOLENCIA",
        "PLATAFORMA": null,
        "PARROQUIA": "SAN LUIS",
        "DISTANCE_M": 2000,
        "CELL_SIZE_M": 1000,
        "COUNT": 0,
        "GI_ZSCORE": 4.764565716800804,
        "GI_PVALUE": 1.8926082870654921e-06,
        "GI_CLASS": "HOTSPOT 99%",
        "NIVEL": 99,
        "COB_A_PCT": 0.0,
        "ESTADO_A": "SIN COBERTURA",
        "COB_B_PCT": 0.0,
        "ESTADO_B": "SIN COBERTURA",
        "COB_C_PCT": 0.0,
        "ESTADO_C": "SIN COBERTURA",
        "COB_B_ANTERIOR_PCT": 0.0,
        "ESTADO_B_ANTERIOR": "SIN COBERTURA",
        "COB_C_ANTERIOR_PCT": 0.0,
        "ESTADO_C_ANTERIOR": "SIN COBERTURA"
      },
      "geometry": {
        "type": "MultiPolygon",
        "coordinates": [
          [
            [
              [
                -78.66305387952491,
                -1.717545992284631
              ],
              [
                -78.66306483873163,
                -1.7085063348806229
              ],
              [
                -78.65408167780821,
                -1.7084953148324806
              ],
              [
                -78.6540706765684,
                -1.7175349138962805
              ],
              [
                -78.66305387952491,
                -1.717545992284631
              ]
            ]
          ]
        ]
      }
    },
    {
      "type": "Feature",
      "properties": {
        "CELL_ID": "R-1000-26-28",
        "AMBITO": "RURAL",
        "CATEGORIA": "VIOLENCIA",
        "PLATAFORMA": null,
        "PARROQUIA": "SAN LUIS",
        "DISTANCE_M": 2000,
        "CELL_SIZE_M": 1000,
        "COUNT": 1,
        "GI_ZSCORE": 6.1179707897705375,
        "GI_PVALUE": 9.477443338758386e-10,
        "GI_CLASS": "HOTSPOT 99%",
        "NIVEL": 99,
        "COB_A_PCT": 0.0,
        "ESTADO_A": "SIN COBERTURA",
        "COB_B_PCT": 0.0,
        "ESTADO_B": "SIN COBERTURA",
        "COB_C_PCT": 0.0,
        "ESTADO_C": "SIN COBERTURA",
        "COB_B_ANTERIOR_PCT": 0.0,
        "ESTADO_B_ANTERIOR": "SIN COBERTURA",
        "COB_C_ANTERIOR_PCT": 0.0,
        "ESTADO_C_ANTERIOR": "SIN COBERTURA"
      },
      "geometry": {
        "type": "MultiPolygon",
        "coordinates": [
          [
            [
              [
                -78.6540706765684,
                -1.7175349138962805
              ],
              [
                -78.65408167780821,
                -1.7084953148324806
              ],
              [
                -78.6450985750236,
                -1.708484252599413
              ],
              [
                -78.64508753175205,
                -1.7175237930996778
              ],
              [
                -78.6540706765684,
                -1.7175349138962805
              ]
            ]
          ]
        ]
      }
    },
    {
      "type": "Feature",
      "properties": {
        "CELL_ID": "R-1000-26-29",
        "AMBITO": "RURAL",
        "CATEGORIA": "VIOLENCIA",
        "PLATAFORMA": null,
        "PARROQUIA": "SAN LUIS",
        "DISTANCE_M": 2000,
        "CELL_SIZE_M": 1000,
        "COUNT": 12,
        "GI_ZSCORE": 12.208293618134338,
        "GI_PVALUE": 2.807148609468914e-34,
        "GI_CLASS": "HOTSPOT 99%",
        "NIVEL": 99,
        "COB_A_PCT": 0.0,
        "ESTADO_A": "SIN COBERTURA",
        "COB_B_PCT": 21.5101367088438,
        "ESTADO_B": "PARCIALMENTE CUBIERTO",
        "COB_C_PCT": 21.5101367088438,
        "ESTADO_C": "PARCIALMENTE CUBIERTO",
        "COB_B_ANTERIOR_PCT": 21.5101367088438,
        "ESTADO_B_ANTERIOR": "PARCIALMENTE CUBIERTO",
        "COB_C_ANTERIOR_PCT": 21.5101367088438,
        "ESTADO_C_ANTERIOR": "PARCIALMENTE CUBIERTO"
      },
      "geometry": {
        "type": "MultiPolygon",
        "coordinates": [
          [
            [
              [
                -78.64508753175205,
                -1.7175237930996778
              ],
              [
                -78.6450985750236,
                -1.708484252599413
              ],
              [
                -78.63611553059991,
                -1.708473148182782
              ],
              [
                -78.636104445298,
                -1.717512629896192
              ],
              [
                -78.64508753175205,
                -1.7175237930996778
              ]
            ]
          ]
        ]
      }
    },
    {
      "type": "Feature",
      "properties": {
        "CELL_ID": "R-1000-26-30",
        "AMBITO": "RURAL",
        "CATEGORIA": "VIOLENCIA",
        "PLATAFORMA": null,
        "PARROQUIA": "SAN LUIS",
        "DISTANCE_M": 2000,
        "CELL_SIZE_M": 1000,
        "COUNT": 0,
        "GI_ZSCORE": 8.993956569831221,
        "GI_PVALUE": 2.3848673546197427e-19,
        "GI_CLASS": "HOTSPOT 99%",
        "NIVEL": 99,
        "COB_A_PCT": 0.0,
        "ESTADO_A": "SIN COBERTURA",
        "COB_B_PCT": 0.0,
        "ESTADO_B": "SIN COBERTURA",
        "COB_C_PCT": 0.0,
        "ESTADO_C": "SIN COBERTURA",
        "COB_B_ANTERIOR_PCT": 0.0,
        "ESTADO_B_ANTERIOR": "SIN COBERTURA",
        "COB_C_ANTERIOR_PCT": 0.0,
        "ESTADO_C_ANTERIOR": "SIN COBERTURA"
      },
      "geometry": {
        "type": "MultiPolygon",
        "coordinates": [
          [
            [
              [
                -78.636104445298,
                -1.717512629896192
              ],
              [
                -78.63611553059991,
                -1.708473148182782
              ],
              [
                -78.62713254475929,
                -1.7084620015839524
              ],
              [
                -78.62712141742836,
                -1.7175014242871953
              ],
              [
                -78.636104445298,
                -1.717512629896192
              ]
            ]
          ]
        ]
      }
    },
    {
      "type": "Feature",
      "properties": {
        "CELL_ID": "R-1000-26-31",
        "AMBITO": "RURAL",
        "CATEGORIA": "VIOLENCIA",
        "PLATAFORMA": null,
        "PARROQUIA": "SAN LUIS",
        "DISTANCE_M": 2000,
        "CELL_SIZE_M": 1000,
        "COUNT": 15,
        "GI_ZSCORE": 6.40334640135139,
        "GI_PVALUE": 1.52007773625057e-10,
        "GI_CLASS": "HOTSPOT 99%",
        "NIVEL": 99,
        "COB_A_PCT": 0.0,
        "ESTADO_A": "SIN COBERTURA",
        "COB_B_PCT": 0.0,
        "ESTADO_B": "SIN COBERTURA",
        "COB_C_PCT": 0.0,
        "ESTADO_C": "SIN COBERTURA",
        "COB_B_ANTERIOR_PCT": 0.0,
        "ESTADO_B_ANTERIOR": "SIN COBERTURA",
        "COB_C_ANTERIOR_PCT": 0.0,
        "ESTADO_C_ANTERIOR": "SIN COBERTURA"
      },
      "geometry": {
        "type": "MultiPolygon",
        "coordinates": [
          [
            [
              [
                -78.62712141742836,
                -1.7175014242871953
              ],
              [
                -78.62713254475929,
                -1.7084620015839524
              ],
              [
                -78.61814961772383,
                -1.708450812804295
              ],
              [
                -78.61814200754021,
                -1.7146149165210203
              ],
              [
                -78.61814519730618,
                -1.7146142517406635
              ],
              [
                -78.61819219066382,
                -1.71460771184942
              ],
              [
                -78.61841937235454,
                -1.7146001131115438
              ],
              [
                -78.61858674022541,
                -1.7145990770651174
              ],
              [
                -78.6187092418228,
                -1.7145995603911364
              ],
              [
                -78.6187740675239,
                -1.7146073205130967
              ],
              [
                -78.61884674811517,
                -1.714625816598866
              ],
              [
                -78.61889236937134,
                -1.7146472301629232
              ],
              [
                -78.61893942438418,
                -1.714672941037034
              ],
              [
                -78.61900076177113,
                -1.7147194088499398
              ],
              [
                -78.61906068714846,
                -1.7147723299207696
              ],
              [
                -78.61919555892145,
                -1.7149125432495556
              ],
              [
                -78.61930473804573,
                -1.715024855098352
              ],
              [
                -78.61933539813849,
                -1.7150434305547169
              ],
              [
                -78.61936746570659,
                -1.7150526863595421
              ],
              [
                -78.61944013547075,
                -1.7150654478541718
              ],
              [
                -78.61953202059377,
                -1.7150710064160206
              ],
              [
                -78.61962816531492,
                -1.7150686734985159
              ],
              [
                -78.61967373040268,
                -1.715059985840377
              ],
              [
                -78.61970789153166,
                -1.71504702092873
              ],
              [
                -78.61973848818118,
                -1.715031911930435
              ],
              [
                -78.61979324221274,
                -1.7149859401592606
              ],
              [
                -78.61991551456835,
                -1.7148645875590047
              ],
              [
                -78.61999442507177,
                -1.7147877511786829
              ],
              [
                -78.62002778860914,
                -1.714728919389733
              ],
              [
                -78.62003771527954,
                -1.714705250419601
              ],
              [
                -78.62004256935847,
                -1.7146357227960032
              ],
              [
                -78.62003377631346,
                -1.7145045855000773
              ],
              [
                -78.6200164812926,
                -1.714397115344866
              ],
              [
                -78.62001282160037,
                -1.7143448043373735
              ],
              [
                -78.62002487262056,
                -1.7143146811866248
              ],
              [
                -78.62003978302282,
                -1.7142902853545032
              ],
              [
                -78.62005543932989,
                -1.7142838056218894
              ],
              [
                -78.62009033817763,
                -1.7142837390052228
              ],
              [
                -78.62013808112405,
                -1.7142972647180559
              ],
              [
                -78.62019153738375,
                -1.7143186636565306
              ],
              [
                -78.62023859336755,
                -1.7143450913364706
              ],
              [
                -78.62031204353853,
                -1.7143944027169364
              ],
              [
                -78.62040547582939,
                -1.714465176922122
              ],
              [
                -78.62042472836026,
                -1.7144773237382067
              ],
              [
                -78.62045038570233,
                -1.7144865913855807
              ],
              [
                -78.62046463635865,
                -1.714490148136803
              ],
              [
                -78.62047673907122,
                -1.7144872580176538
              ],
              [
                -78.62048455861118,
                -1.714479359235874
              ],
              [
                -78.62051085848046,
                -1.7144520750935417
              ],
              [
                -78.62053502128566,
                -1.7144240786839293
              ],
              [
                -78.62054423559727,
                -1.7144004106168433
              ],
              [
                -78.6205477583594,
                -1.7143803367236576
              ],
              [
                -78.62054559408928,
                -1.7143652906580964
              ],
              [
                -78.62054126919398,
                -1.7143380649232411
              ],
              [
                -78.62053407131077,
                -1.7142979436121923
              ],
              [
                -78.62053616119617,
                -1.714272855583029
              ],
              [
                -78.62054680383595,
                -1.714251335253473
              ],
              [
                -78.62055817334158,
                -1.7142376963757866
              ],
              [
                -78.62057809650037,
                -1.7142276251984128
              ],
              [
                -78.62060301791792,
                -1.714224710432819
              ],
              [
                -78.62062083032532,
                -1.714228259884506
              ],
              [
                -78.62063579605358,
                -1.7142332484626692
              ],
              [
                -78.6206486292626,
                -1.714240391172808
              ],
              [
                -78.62066788724039,
                -1.714255404384087
              ],
              [
                -78.62070929342177,
                -1.7143076442141694
              ],
              [
                -78.62076357544017,
                -1.7143892420270832
              ],
              [
                -78.62080930743402,
                -1.7144694244276426
              ],
              [
                -78.62092157836138,
                -1.714710733227867
              ],
              [
                -78.62096158342497,
                -1.7147751582362605
              ],
              [
                -78.6209965521418,
                -1.7148123593250342
              ],
              [
                -78.62103364976262,
                -1.7148459726302159
              ],
              [
                -78.6211206482854,
                -1.7149038585818162
              ],
              [
                -78.62117627612326,
                -1.714943886830195
              ],
              [
                -78.62122625321943,
                -1.7150090095139745
              ],
              [
                -78.6212527036513,
                -1.7150612776692773
              ],
              [
                -78.62126921017618,
                -1.7151278978922742
              ],
              [
                -78.62128144531627,
                -1.7151959590760684
              ],
              [
                -78.62128364584828,
                -1.7152296390103854
              ],
              [
                -78.62128586633247,
                -1.7152740695257596
              ],
              [
                -78.6212951922043,
                -1.7153098862502387
              ],
              [
                -78.62131949922981,
                -1.7153585739370534
              ],
              [
                -78.62133949859552,
                -1.7153893537066986
              ],
              [
                -78.6213816017265,
                -1.7154329907538874
              ],
              [
                -78.6214429311198,
                -1.7154751585520882
              ],
              [
                -78.62147572199629,
                -1.7154908630540486
              ],
              [
                -78.62148926212878,
                -1.715495137553781
              ],
              [
                -78.62151205649722,
                -1.7154972442340082
              ],
              [
                -78.62160391367003,
                -1.7154877520966683
              ],
              [
                -78.62167014973453,
                -1.7154876252577722
              ],
              [
                -78.62171146255018,
                -1.7154904131741928
              ],
              [
                -78.6217364039456,
                -1.7154975330782085
              ],
              [
                -78.62177131828268,
                -1.7155060665670083
              ],
              [
                -78.62180125341335,
                -1.7155181933155392
              ],
              [
                -78.62189965146423,
                -1.7155782069811387
              ],
              [
                -78.62196666520184,
                -1.7156131964757937
              ],
              [
                -78.6220315219358,
                -1.7156374399425436
              ],
              [
                -78.62214625333704,
                -1.7156723390837019
              ],
              [
                -78.6222089576039,
                -1.7156879860959788
              ],
              [
                -78.62226098203205,
                -1.7157058036668582
              ],
              [
                -78.62242420333153,
                -1.715772144666
              ],
              [
                -78.62248335038804,
                -1.7157899485487342
              ],
              [
                -78.6225132764675,
                -1.7157970584167936
              ],
              [
                -78.62257168760125,
                -1.7158026807782465
              ],
              [
                -78.62260589323462,
                -1.7158126488358365
              ],
              [
                -78.62263155517942,
                -1.715824783798855
              ],
              [
                -78.62264653091435,
                -1.7158347883651868
              ],
              [
                -78.62266936975004,
                -1.715860545799092
              ],
              [
                -78.62268652336425,
                -1.7158927638174741
              ],
              [
                -78.62269799447652,
                -1.7159328760737338
              ],
              [
                -78.6226987685059,
                -1.715965841952279
              ],
              [
                -78.62269031005435,
                -1.7160124421698468
              ],
              [
                -78.62267757385817,
                -1.7160569010230988
              ],
              [
                -78.62265276393295,
                -1.7161192997436907
              ],
              [
                -78.62263644419745,
                -1.7161515816456236
              ],
              [
                -78.62261513617634,
                -1.716182439926334
              ],
              [
                -78.62258174989574,
                -1.7162290875912818
              ],
              [
                -78.62255545086775,
                -1.7162570885950061
              ],
              [
                -78.6225035751311,
                -1.7163181056604737
              ],
              [
                -78.62246375499306,
                -1.7163518659197443
              ],
              [
                -78.62229805509372,
                -1.716481901911595
              ],
              [
                -78.62212591771701,
                -1.7165976168078283
              ],
              [
                -78.62200782305052,
                -1.7166673598311022
              ],
              [
                -78.62195375947567,
                -1.7167018642474616
              ],
              [
                -78.62186557184395,
                -1.7167686842827585
              ],
              [
                -78.62183145323736,
                -1.7168045831292842
              ],
              [
                -78.62179876477003,
                -1.7168433465424624
              ],
              [
                -78.62173700217085,
                -1.716949533691953
              ],
              [
                -78.6216858958484,
                -1.7170413669518132
              ],
              [
                -78.6216695760789,
                -1.7170736488114207
              ],
              [
                -78.62163273854912,
                -1.7171783548619133
              ],
              [
                -78.62157252113607,
                -1.7173483241095688
              ],
              [
                -78.62156404449219,
                -1.7173856082467494
              ],
              [
                -78.62156056609311,
                -1.7174293319852099
              ],
              [
                -78.62156492357079,
                -1.7174737588613656
              ],
              [
                -78.62156923739018,
                -1.7174944771456506
              ],
              [
                -78.62712141742836,
                -1.7175014242871953
              ]
            ]
          ]
        ]
      }
    },
    {
      "type": "Feature",
      "properties": {
        "CELL_ID": "R-1000-26-32",
        "AMBITO": "RURAL",
        "CATEGORIA": "VIOLENCIA",
        "PLATAFORMA": null,
        "PARROQUIA": "SAN LUIS",
        "DISTANCE_M": 2000,
        "CELL_SIZE_M": 1000,
        "COUNT": 0,
        "GI_ZSCORE": 3.8175821615927483,
        "GI_PVALUE": 0.00013476591398659893,
        "GI_CLASS": "HOTSPOT 99%",
        "NIVEL": 99,
        "COB_A_PCT": 0.0,
        "ESTADO_A": "SIN COBERTURA",
        "COB_B_PCT": 0.0,
        "ESTADO_B": "SIN COBERTURA",
        "COB_C_PCT": 0.0,
        "ESTADO_C": "SIN COBERTURA",
        "COB_B_ANTERIOR_PCT": 0.0,
        "ESTADO_B_ANTERIOR": "SIN COBERTURA",
        "COB_C_ANTERIOR_PCT": 0.0,
        "ESTADO_C_ANTERIOR": "SIN COBERTURA"
      },
      "geometry": {
        "type": "MultiPolygon",
        "coordinates": [
          [
            [
              [
                -78.61814961772383,
                -1.708450812804295
              ],
              [
                -78.60916674971563,
                -1.7084395818451859
              ],
              [
                -78.60916223214146,
                -1.7120876758093138
              ],
              [
                -78.60916487986451,
                -1.71208802012761
              ],
              [
                -78.60925037625442,
                -1.7121045808163549
              ],
              [
                -78.60943097012967,
                -1.7121926299161916
              ],
              [
                -78.60955220381096,
                -1.712276014345469
              ],
              [
                -78.60991595232541,
                -1.712552445951129
              ],
              [
                -78.61003234359812,
                -1.7125856705477065
              ],
              [
                -78.61011783673821,
                -1.7125998430453897
              ],
              [
                -78.61050492788927,
                -1.7126636104850388
              ],
              [
                -78.61071629043852,
                -1.712701433240126
              ],
              [
                -78.61089682939185,
                -1.7127608149746767
              ],
              [
                -78.61097995776758,
                -1.71277976900339
              ],
              [
                -78.61103457816256,
                -1.7127892212715174
              ],
              [
                -78.61110106102016,
                -1.7127938722682507
              ],
              [
                -78.61122213713055,
                -1.7127936427293993
              ],
              [
                -78.61148331422866,
                -1.71280986970025
              ],
              [
                -78.61173975569454,
                -1.7128332724524327
              ],
              [
                -78.61188227919239,
                -1.7128760039147681
              ],
              [
                -78.6120200908538,
                -1.7129378548940482
              ],
              [
                -78.61215796017893,
                -1.7130307633052924
              ],
              [
                -78.61225311047596,
                -1.7131309192116757
              ],
              [
                -78.61240777718591,
                -1.7133193547580188
              ],
              [
                -78.612602923684,
                -1.713572214782829
              ],
              [
                -78.6127553426796,
                -1.7138275450349145
              ],
              [
                -78.61285539317808,
                -1.7140089166106796
              ],
              [
                -78.61304642490384,
                -1.714598629979333
              ],
              [
                -78.61327770736173,
                -1.7151309300003592
              ],
              [
                -78.6133635636695,
                -1.7153386073698662
              ],
              [
                -78.61340650328036,
                -1.71544841792111
              ],
              [
                -78.61344463600157,
                -1.715527181327833
              ],
              [
                -78.613566026153,
                -1.7156941783872761
              ],
              [
                -78.61374684468358,
                -1.7159016749588671
              ],
              [
                -78.61386102755033,
                -1.7160232945258476
              ],
              [
                -78.6139633581641,
                -1.7161544935885755
              ],
              [
                -78.61406566254782,
                -1.7162713580306619
              ],
              [
                -78.61431544947547,
                -1.716543224667672
              ],
              [
                -78.614588918104,
                -1.7167839895780745
              ],
              [
                -78.61492648646056,
                -1.7170246316609872
              ],
              [
                -78.61508575867649,
                -1.7171366096551173
              ],
              [
                -78.6152116778892,
                -1.7171865384922673
              ],
              [
                -78.6153399339322,
                -1.7172173502134802
              ],
              [
                -78.61555608923105,
                -1.7172790513296508
              ],
              [
                -78.61574609795342,
                -1.7173240799531706
              ],
              [
                -78.6159005142566,
                -1.7173787314783957
              ],
              [
                -78.61609475514334,
                -1.7174876113349962
              ],
              [
                -78.6166225116512,
                -1.7174882739068609
              ],
              [
                -78.61671019724108,
                -1.7174488575346685
              ],
              [
                -78.61692606353492,
                -1.71735766543755
              ],
              [
                -78.61699006403833,
                -1.717304986576689
              ],
              [
                -78.61704452279572,
                -1.7172284354139786
              ],
              [
                -78.61707991342548,
                -1.7171113087982939
              ],
              [
                -78.61711292471895,
                -1.7169917982203051
              ],
              [
                -78.61712510452973,
                -1.7168998559869582
              ],
              [
                -78.6171451774743,
                -1.7168472051427455
              ],
              [
                -78.61716005173412,
                -1.716803458786507
              ],
              [
                -78.6171770476541,
                -1.716751824624021
              ],
              [
                -78.61721587655524,
                -1.7165697119286647
              ],
              [
                -78.61723988550527,
                -1.7164600131165757
              ],
              [
                -78.61725758017668,
                -1.7164012106969204
              ],
              [
                -78.61728027487949,
                -1.7163502824151793
              ],
              [
                -78.61737464166296,
                -1.7161601807343267
              ],
              [
                -78.6174640645245,
                -1.7159923051610102
              ],
              [
                -78.61757123089461,
                -1.7157914282616102
              ],
              [
                -78.61766983180871,
                -1.7155805349054674
              ],
              [
                -78.61772302797952,
                -1.7154636130907235
              ],
              [
                -78.61777626852617,
                -1.7153703428451457
              ],
              [
                -78.61782600167453,
                -1.715305745613471
              ],
              [
                -78.61788214777624,
                -1.715242571073532
              ],
              [
                -78.61792974476651,
                -1.7151779783844177
              ],
              [
                -78.61798297441327,
                -1.7150789735137197
              ],
              [
                -78.61799850567007,
                -1.7150058418188647
              ],
              [
                -78.61800757684128,
                -1.7149062058094753
              ],
              [
                -78.61801243733233,
                -1.7148395446891596
              ],
              [
                -78.61803786354561,
                -1.7147262589139243
              ],
              [
                -78.61805487294916,
                -1.7146817920224886
              ],
              [
                -78.6180832890092,
                -1.714643036935492
              ],
              [
                -78.61811743196611,
                -1.7146200383257078
              ],
              [
                -78.61814200754021,
                -1.7146149165210203
              ],
              [
                -78.61814961772383,
                -1.708450812804295
              ]
            ]
          ]
        ]
      }
    },
    {
      "type": "Feature",
      "properties": {
        "CELL_ID": "R-1000-26-33",
        "AMBITO": "RURAL",
        "CATEGORIA": "VIOLENCIA",
        "PLATAFORMA": null,
        "PARROQUIA": "SAN LUIS",
        "DISTANCE_M": 2000,
        "CELL_SIZE_M": 1000,
        "COUNT": 0,
        "GI_ZSCORE": 3.0977840935987584,
        "GI_PVALUE": 0.0019497341857976317,
        "GI_CLASS": "HOTSPOT 99%",
        "NIVEL": 99,
        "COB_A_PCT": 0.0,
        "ESTADO_A": "SIN COBERTURA",
        "COB_B_PCT": 0.0,
        "ESTADO_B": "SIN COBERTURA",
        "COB_C_PCT": 0.0,
        "ESTADO_C": "SIN COBERTURA",
        "COB_B_ANTERIOR_PCT": 0.0,
        "ESTADO_B_ANTERIOR": "SIN COBERTURA",
        "COB_C_ANTERIOR_PCT": 0.0,
        "ESTADO_C_ANTERIOR": "SIN COBERTURA"
      },
      "geometry": {
        "type": "MultiPolygon",
        "coordinates": [
          [
            [
              [
                -78.60916674971563,
                -1.7084395818451859
              ],
              [
                -78.60849342784775,
                -1.7084387383126507
              ],
              [
                -78.60835595141603,
                -1.7086159725170365
              ],
              [
                -78.60809794796693,
                -1.7090273663082673
              ],
              [
                -78.60782585625046,
                -1.7095224001458775
              ],
              [
                -78.60764368833938,
                -1.7098619809714075
              ],
              [
                -78.60757980715539,
                -1.7099791623513974
              ],
              [
                -78.60754915502355,
                -1.710091502376232
              ],
              [
                -78.60749953664933,
                -1.7102182127899477
              ],
              [
                -78.60736465255822,
                -1.710452589128423
              ],
              [
                -78.60729369974956,
                -1.7105960623352963
              ],
              [
                -78.60722283500458,
                -1.7107873155956113
              ],
              [
                -78.60711908283055,
                -1.711164971336716
              ],
              [
                -78.6070437612096,
                -1.7115115178000182
              ],
              [
                -78.60701089484161,
                -1.711709865739893
              ],
              [
                -78.60694034852675,
                -1.7120707363962766
              ],
              [
                -78.60689313964745,
                -1.712216553354313
              ],
              [
                -78.60684594520647,
                -1.7123695384862003
              ],
              [
                -78.60682467257398,
                -1.7124197476770067
              ],
              [
                -78.60681761274184,
                -1.7124532068223957
              ],
              [
                -78.60683196026537,
                -1.7125081259630814
              ],
              [
                -78.60686526804267,
                -1.7125462865652028
              ],
              [
                -78.60693416041863,
                -1.7125700461818192
              ],
              [
                -78.60701015332035,
                -1.712581846683904
              ],
              [
                -78.60712647738131,
                -1.7125792376944613
              ],
              [
                -78.6072759898751,
                -1.7125502864783408
              ],
              [
                -78.60773870707867,
                -1.7124299598966644
              ],
              [
                -78.60806609927747,
                -1.71230750071883
              ],
              [
                -78.60831749852738,
                -1.712173240988968
              ],
              [
                -78.60850730245409,
                -1.712108378196484
              ],
              [
                -78.60867104895084,
                -1.7120746221875718
              ],
              [
                -78.60882060135701,
                -1.7120671717286038
              ],
              [
                -78.60902002660997,
                -1.7120691829465102
              ],
              [
                -78.60916223214146,
                -1.7120876758093138
              ],
              [
                -78.60916674971563,
                -1.7084395818451859
              ]
            ]
          ]
        ]
      }
    },
    {
      "type": "Feature",
      "properties": {
        "CELL_ID": "R-1000-27-26",
        "AMBITO": "RURAL",
        "CATEGORIA": "VIOLENCIA",
        "PLATAFORMA": null,
        "PARROQUIA": "SAN LUIS",
        "DISTANCE_M": 2000,
        "CELL_SIZE_M": 1000,
        "COUNT": 0,
        "GI_ZSCORE": 2.854422892866041,
        "GI_PVALUE": 0.004311509647787086,
        "GI_CLASS": "HOTSPOT 99%",
        "NIVEL": 99,
        "COB_A_PCT": 0.0,
        "ESTADO_A": "SIN COBERTURA",
        "COB_B_PCT": 0.0,
        "ESTADO_B": "SIN COBERTURA",
        "COB_C_PCT": 0.0,
        "ESTADO_C": "SIN COBERTURA",
        "COB_B_ANTERIOR_PCT": 0.0,
        "ESTADO_B_ANTERIOR": "SIN COBERTURA",
        "COB_C_ANTERIOR_PCT": 0.0,
        "ESTADO_C_ANTERIOR": "SIN COBERTURA"
      },
      "geometry": {
        "type": "MultiPolygon",
        "coordinates": [
          [
            [
              [
                -78.66306483873163,
                -1.7085063348806229
              ],
              [
                -78.6693345479411,
                -1.70851400117683
              ],
              [
                -78.66911693293423,
                -1.707829790944807
              ],
              [
                -78.66901363536051,
                -1.7076727354817
              ],
              [
                -78.66878398863994,
                -1.7074783726064326
              ],
              [
                -78.66863906275958,
                -1.7074256749960701
              ],
              [
                -78.66825454303466,
                -1.7074566637480666
              ],
              [
                -78.66812926289434,
                -1.7074268605574385
              ],
              [
                -78.66800276577507,
                -1.7073633377848036
              ],
              [
                -78.667732588672,
                -1.7071824850437392
              ],
              [
                -78.6673662361745,
                -1.7067492168959606
              ],
              [
                -78.66709079984616,
                -1.7066091268788919
              ],
              [
                -78.66591630785159,
                -1.7065564375092985
              ],
              [
                -78.66541125079718,
                -1.706722693127792
              ],
              [
                -78.66531521170059,
                -1.7067298075252302
              ],
              [
                -78.66498563557299,
                -1.7066406350787384
              ],
              [
                -78.66472667109612,
                -1.706474078838589
              ],
              [
                -78.6646979928504,
                -1.7064177265729046
              ],
              [
                -78.66465177522907,
                -1.7060819363144104
              ],
              [
                -78.66456910151437,
                -1.705956454921795
              ],
              [
                -78.66398685428526,
                -1.7057713340357215
              ],
              [
                -78.66343976697227,
                -1.7054080841224586
              ],
              [
                -78.66329153723167,
                -1.705116192736285
              ],
              [
                -78.66323895745117,
                -1.7050650543406314
              ],
              [
                -78.66315609379556,
                -1.7050226474273371
              ],
              [
                -78.66306907365384,
                -1.7050003187590979
              ],
              [
                -78.66306483873163,
                -1.7085063348806229
              ]
            ]
          ]
        ]
      }
    },
    {
      "type": "Feature",
      "properties": {
        "CELL_ID": "R-1000-27-27",
        "AMBITO": "RURAL",
        "CATEGORIA": "VIOLENCIA",
        "PLATAFORMA": null,
        "PARROQUIA": "SAN LUIS",
        "DISTANCE_M": 2000,
        "CELL_SIZE_M": 1000,
        "COUNT": 0,
        "GI_ZSCORE": 3.9689495848670413,
        "GI_PVALUE": 7.219015163492682e-05,
        "GI_CLASS": "HOTSPOT 99%",
        "NIVEL": 99,
        "COB_A_PCT": 0.0,
        "ESTADO_A": "SIN COBERTURA",
        "COB_B_PCT": 0.0,
        "ESTADO_B": "SIN COBERTURA",
        "COB_C_PCT": 0.0,
        "ESTADO_C": "SIN COBERTURA",
        "COB_B_ANTERIOR_PCT": 0.0,
        "ESTADO_B_ANTERIOR": "SIN COBERTURA",
        "COB_C_ANTERIOR_PCT": 0.0,
        "ESTADO_C_ANTERIOR": "SIN COBERTURA"
      },
      "geometry": {
        "type": "MultiPolygon",
        "coordinates": [
          [
            [
              [
                -78.6540926209092,
                -1.6994557148446683
              ],
              [
                -78.65408167780821,
                -1.7084953148324806
              ],
              [
                -78.66306483873163,
                -1.7085063348806229
              ],
              [
                -78.66306907365384,
                -1.7050003187590979
              ],
              [
                -78.6622874193651,
                -1.7047997524229288
              ],
              [
                -78.66197450606454,
                -1.704526191310323
              ],
              [
                -78.66191391231918,
                -1.7044163757344843
              ],
              [
                -78.66187387261962,
                -1.7042465619153655
              ],
              [
                -78.66172373468478,
                -1.7031537543855018
              ],
              [
                -78.66109457808018,
                -1.7026866299121306
              ],
              [
                -78.66088328634932,
                -1.7024696008698474
              ],
              [
                -78.66004213311062,
                -1.701327678954862
              ],
              [
                -78.66003917357963,
                -1.7013236074982718
              ],
              [
                -78.6599815974192,
                -1.701244259459841
              ],
              [
                -78.6596074390405,
                -1.700745337394831
              ],
              [
                -78.65931429886916,
                -1.7003544496018845
              ],
              [
                -78.65902040988121,
                -1.6999625630362472
              ],
              [
                -78.65864447667448,
                -1.6994612745289182
              ],
              [
                -78.6583735260792,
                -1.6994609438891137
              ],
              [
                -78.65832912439892,
                -1.6994758955068272
              ],
              [
                -78.65807658866242,
                -1.6994805256507388
              ],
              [
                -78.65798908027361,
                -1.6994821300453693
              ],
              [
                -78.65784661279744,
                -1.699484742163339
              ],
              [
                -78.65780686786754,
                -1.6994854710568084
              ],
              [
                -78.65777433115937,
                -1.6994860677301507
              ],
              [
                -78.65749506833512,
                -1.6994911876586276
              ],
              [
                -78.6573861545189,
                -1.6994931844265726
              ],
              [
                -78.65722918173188,
                -1.6994960626311484
              ],
              [
                -78.6569977956223,
                -1.6995003044335857
              ],
              [
                -78.65699684010838,
                -1.6995000637165336
              ],
              [
                -78.65683408555265,
                -1.6994590645908545
              ],
              [
                -78.6540926209092,
                -1.6994557148446683
              ]
            ]
          ]
        ]
      }
    },
    {
      "type": "Feature",
      "properties": {
        "CELL_ID": "R-1000-27-28",
        "AMBITO": "RURAL",
        "CATEGORIA": "VIOLENCIA",
        "PLATAFORMA": null,
        "PARROQUIA": "SAN LUIS",
        "DISTANCE_M": 2000,
        "CELL_SIZE_M": 1000,
        "COUNT": 17,
        "GI_ZSCORE": 9.747440573852014,
        "GI_PVALUE": 1.891775302162318e-22,
        "GI_CLASS": "HOTSPOT 99%",
        "NIVEL": 99,
        "COB_A_PCT": 0.0,
        "ESTADO_A": "SIN COBERTURA",
        "COB_B_PCT": 0.0,
        "ESTADO_B": "SIN COBERTURA",
        "COB_C_PCT": 0.0,
        "ESTADO_C": "SIN COBERTURA",
        "COB_B_ANTERIOR_PCT": 0.0,
        "ESTADO_B_ANTERIOR": "SIN COBERTURA",
        "COB_C_ANTERIOR_PCT": 0.0,
        "ESTADO_C_ANTERIOR": "SIN COBERTURA"
      },
      "geometry": {
        "type": "MultiPolygon",
        "coordinates": [
          [
            [
              [
                -78.65408167780821,
                -1.7084953148324806
              ],
              [
                -78.6540926209092,
                -1.6994557148446683
              ],
              [
                -78.6451095599342,
                -1.699444711174613
              ],
              [
                -78.6450985750236,
                -1.708484252599413
              ],
              [
                -78.65408167780821,
                -1.7084953148324806
              ]
            ]
          ]
        ]
      }
    },
    {
      "type": "Feature",
      "properties": {
        "CELL_ID": "R-1000-27-29",
        "AMBITO": "RURAL",
        "CATEGORIA": "VIOLENCIA",
        "PLATAFORMA": null,
        "PARROQUIA": "SAN LUIS",
        "DISTANCE_M": 2000,
        "CELL_SIZE_M": 1000,
        "COUNT": 6,
        "GI_ZSCORE": 13.223347422861638,
        "GI_PVALUE": 6.433575251316909e-40,
        "GI_CLASS": "HOTSPOT 99%",
        "NIVEL": 99,
        "COB_A_PCT": 0.0,
        "ESTADO_A": "SIN COBERTURA",
        "COB_B_PCT": 1.0363959049998919,
        "ESTADO_B": "PARCIALMENTE CUBIERTO",
        "COB_C_PCT": 1.0363959049998919,
        "ESTADO_C": "PARCIALMENTE CUBIERTO",
        "COB_B_ANTERIOR_PCT": 1.0363959049998919,
        "ESTADO_B_ANTERIOR": "PARCIALMENTE CUBIERTO",
        "COB_C_ANTERIOR_PCT": 1.0363959049998919,
        "ESTADO_C_ANTERIOR": "PARCIALMENTE CUBIERTO"
      },
      "geometry": {
        "type": "MultiPolygon",
        "coordinates": [
          [
            [
              [
                -78.6450985750236,
                -1.708484252599413
              ],
              [
                -78.6451095599342,
                -1.699444711174613
              ],
              [
                -78.63612655731878,
                -1.6994336655443114
              ],
              [
                -78.63611553059991,
                -1.708473148182782
              ],
              [
                -78.6450985750236,
                -1.708484252599413
              ]
            ]
          ]
        ]
      }
    },
    {
      "type": "Feature",
      "properties": {
        "CELL_ID": "R-1000-27-30",
        "AMBITO": "RURAL",
        "CATEGORIA": "VIOLENCIA",
        "PLATAFORMA": null,
        "PARROQUIA": "SAN LUIS",
        "DISTANCE_M": 2000,
        "CELL_SIZE_M": 1000,
        "COUNT": 1,
        "GI_ZSCORE": 15.930157568801105,
        "GI_PVALUE": 3.913696634927537e-57,
        "GI_CLASS": "HOTSPOT 99%",
        "NIVEL": 99,
        "COB_A_PCT": 0.0,
        "ESTADO_A": "SIN COBERTURA",
        "COB_B_PCT": 0.0,
        "ESTADO_B": "SIN COBERTURA",
        "COB_C_PCT": 0.0,
        "ESTADO_C": "SIN COBERTURA",
        "COB_B_ANTERIOR_PCT": 0.0,
        "ESTADO_B_ANTERIOR": "SIN COBERTURA",
        "COB_C_ANTERIOR_PCT": 0.0,
        "ESTADO_C_ANTERIOR": "SIN COBERTURA"
      },
      "geometry": {
        "type": "MultiPolygon",
        "coordinates": [
          [
            [
              [
                -78.63611553059991,
                -1.708473148182782
              ],
              [
                -78.63612655731878,
                -1.6994336655443114
              ],
              [
                -78.62714361328504,
                -1.6994225779551215
              ],
              [
                -78.62713254475929,
                -1.7084620015839524
              ],
              [
                -78.63611553059991,
                -1.708473148182782
              ]
            ]
          ]
        ]
      }
    },
    {
      "type": "Feature",
      "properties": {
        "CELL_ID": "R-1000-27-31",
        "AMBITO": "RURAL",
        "CATEGORIA": "VIOLENCIA",
        "PLATAFORMA": null,
        "PARROQUIA": "SAN LUIS",
        "DISTANCE_M": 2000,
        "CELL_SIZE_M": 1000,
        "COUNT": 6,
        "GI_ZSCORE": 7.640551496861487,
        "GI_PVALUE": 2.162932641362218e-14,
        "GI_CLASS": "HOTSPOT 99%",
        "NIVEL": 99,
        "COB_A_PCT": 0.0,
        "ESTADO_A": "SIN COBERTURA",
        "COB_B_PCT": 0.0,
        "ESTADO_B": "SIN COBERTURA",
        "COB_C_PCT": 0.0,
        "ESTADO_C": "SIN COBERTURA",
        "COB_B_ANTERIOR_PCT": 0.0,
        "ESTADO_B_ANTERIOR": "SIN COBERTURA",
        "COB_C_ANTERIOR_PCT": 0.0,
        "ESTADO_C_ANTERIOR": "SIN COBERTURA"
      },
      "geometry": {
        "type": "MultiPolygon",
        "coordinates": [
          [
            [
              [
                -78.62713254475929,
                -1.7084620015839524
              ],
              [
                -78.62714361328504,
                -1.6994225779551215
              ],
              [
                -78.6181607280551,
                -1.6994114484084069
              ],
              [
                -78.61814961772383,
                -1.708450812804295
              ],
              [
                -78.62713254475929,
                -1.7084620015839524
              ]
            ]
          ]
        ]
      }
    },
    {
      "type": "Feature",
      "properties": {
        "CELL_ID": "R-1000-27-32",
        "AMBITO": "RURAL",
        "CATEGORIA": "VIOLENCIA",
        "PLATAFORMA": null,
        "PARROQUIA": "SAN LUIS",
        "DISTANCE_M": 2000,
        "CELL_SIZE_M": 1000,
        "COUNT": 0,
        "GI_ZSCORE": 4.4672918804299755,
        "GI_PVALUE": 7.921601469292313e-06,
        "GI_CLASS": "HOTSPOT 99%",
        "NIVEL": 99,
        "COB_A_PCT": 0.0,
        "ESTADO_A": "SIN COBERTURA",
        "COB_B_PCT": 0.0,
        "ESTADO_B": "SIN COBERTURA",
        "COB_C_PCT": 0.0,
        "ESTADO_C": "SIN COBERTURA",
        "COB_B_ANTERIOR_PCT": 0.0,
        "ESTADO_B_ANTERIOR": "SIN COBERTURA",
        "COB_C_ANTERIOR_PCT": 0.0,
        "ESTADO_C_ANTERIOR": "SIN COBERTURA"
      },
      "geometry": {
        "type": "MultiPolygon",
        "coordinates": [
          [
            [
              [
                -78.61814961772383,
                -1.708450812804295
              ],
              [
                -78.6181607280551,
                -1.6994114484084069
              ],
              [
                -78.60917790185107,
                -1.6994002769055356
              ],
              [
                -78.60916674971563,
                -1.7084395818451859
              ],
              [
                -78.61814961772383,
                -1.708450812804295
              ]
            ]
          ]
        ]
      }
    },
    {
      "type": "Feature",
      "properties": {
        "CELL_ID": "R-1000-28-27",
        "AMBITO": "RURAL",
        "CATEGORIA": "VIOLENCIA",
        "PLATAFORMA": null,
        "PARROQUIA": "SAN LUIS",
        "DISTANCE_M": 2000,
        "CELL_SIZE_M": 1000,
        "COUNT": 0,
        "GI_ZSCORE": 8.156286163429161,
        "GI_PVALUE": 3.454833413658849e-16,
        "GI_CLASS": "HOTSPOT 99%",
        "NIVEL": 99,
        "COB_A_PCT": 0.0,
        "ESTADO_A": "SIN COBERTURA",
        "COB_B_PCT": 0.0,
        "ESTADO_B": "SIN COBERTURA",
        "COB_C_PCT": 0.0,
        "ESTADO_C": "SIN COBERTURA",
        "COB_B_ANTERIOR_PCT": 0.0,
        "ESTADO_B_ANTERIOR": "SIN COBERTURA",
        "COB_C_ANTERIOR_PCT": 0.0,
        "ESTADO_C_ANTERIOR": "SIN COBERTURA"
      },
      "geometry": {
        "type": "MultiPolygon",
        "coordinates": [
          [
            [
              [
                -78.6540926209092,
                -1.6994557148446683
              ],
              [
                -78.65683408555265,
                -1.6994590645908545
              ],
              [
                -78.65678154325963,
                -1.6994458287804766
              ],
              [
                -78.65661272536454,
                -1.6994033026825017
              ],
              [
                -78.65644796932673,
                -1.6993617994028924
              ],
              [
                -78.65637110976678,
                -1.6993424375644572
              ],
              [
                -78.65629391254905,
                -1.6993229912441188
              ],
              [
                -78.65620291076326,
                -1.699305960625938
              ],
              [
                -78.65610231718172,
                -1.6992871356755745
              ],
              [
                -78.65583490800636,
                -1.6992370920021609
              ],
              [
                -78.6556277098788,
                -1.69919831653553
              ],
              [
                -78.65545850985332,
                -1.699166651944664
              ],
              [
                -78.65540934021976,
                -1.6991574510085565
              ],
              [
                -78.65521632150157,
                -1.699121328797036
              ],
              [
                -78.65506293991423,
                -1.699092624104375
              ],
              [
                -78.65502344830983,
                -1.6990852338727438
              ],
              [
                -78.65483831979336,
                -1.698993795201373
              ],
              [
                -78.65483125160713,
                -1.6989903035998697
              ],
              [
                -78.65477556708086,
                -1.6989628003180286
              ],
              [
                -78.6546793560785,
                -1.6989152799058385
              ],
              [
                -78.65463248681795,
                -1.6988921300291797
              ],
              [
                -78.65430677038835,
                -1.6987312517163595
              ],
              [
                -78.65421176963376,
                -1.6986843294059804
              ],
              [
                -78.65416914922585,
                -1.6986791916372102
              ],
              [
                -78.654161374585,
                -1.6986782546721642
              ],
              [
                -78.65409695446908,
                -1.6986704886619748
              ],
              [
                -78.65409356923126,
                -1.6986700805878903
              ],
              [
                -78.6540926209092,
                -1.6994557148446683
              ]
            ]
          ],
          [
            [
              [
                -78.65864447667448,
                -1.6994612745289182
              ],
              [
                -78.65858965109844,
                -1.699388167313346
              ],
              [
                -78.65850844567031,
                -1.6994155116751954
              ],
              [
                -78.6583735260792,
                -1.6994609438891137
              ],
              [
                -78.65864447667448,
                -1.6994612745289182
              ]
            ]
          ]
        ]
      }
    },
    {
      "type": "Feature",
      "properties": {
        "CELL_ID": "R-1000-28-28",
        "AMBITO": "RURAL",
        "CATEGORIA": "VIOLENCIA",
        "PLATAFORMA": null,
        "PARROQUIA": "SAN LUIS",
        "DISTANCE_M": 2000,
        "CELL_SIZE_M": 1000,
        "COUNT": 0,
        "GI_ZSCORE": 11.779110910215179,
        "GI_PVALUE": 5.001786434732759e-32,
        "GI_CLASS": "HOTSPOT 99%",
        "NIVEL": 99,
        "COB_A_PCT": 0.0,
        "ESTADO_A": "SIN COBERTURA",
        "COB_B_PCT": 0.0,
        "ESTADO_B": "SIN COBERTURA",
        "COB_C_PCT": 0.0,
        "ESTADO_C": "SIN COBERTURA",
        "COB_B_ANTERIOR_PCT": 0.0,
        "ESTADO_B_ANTERIOR": "SIN COBERTURA",
        "COB_C_ANTERIOR_PCT": 0.0,
        "ESTADO_C_ANTERIOR": "SIN COBERTURA"
      },
      "geometry": {
        "type": "MultiPolygon",
        "coordinates": [
          [
            [
              [
                -78.6451095599342,
                -1.699444711174613
              ],
              [
                -78.6540926209092,
                -1.6994557148446683
              ],
              [
                -78.65409356923126,
                -1.6986700805878903
              ],
              [
                -78.65387192464547,
                -1.698643362390986
              ],
              [
                -78.65374074558913,
                -1.6986275490775906
              ],
              [
                -78.65367754791671,
                -1.698619930993727
              ],
              [
                -78.65338526523806,
                -1.6985846971196723
              ],
              [
                -78.6532359716639,
                -1.6985824129175926
              ],
              [
                -78.6530508730578,
                -1.6985795814265652
              ],
              [
                -78.65280388032464,
                -1.6985758037313692
              ],
              [
                -78.65218654151836,
                -1.6985663599867498
              ],
              [
                -78.65211652863417,
                -1.6985652890466336
              ],
              [
                -78.65200161193462,
                -1.6985635304131654
              ],
              [
                -78.6518874848426,
                -1.698561784490337
              ],
              [
                -78.65168453287002,
                -1.6985586806392645
              ],
              [
                -78.65161625102085,
                -1.6985576353020033
              ],
              [
                -78.651504756854,
                -1.6985559296403778
              ],
              [
                -78.65143801019298,
                -1.6985549087740082
              ],
              [
                -78.651217017003,
                -1.6985515278883332
              ],
              [
                -78.65091344482894,
                -1.698546884348496
              ],
              [
                -78.6508938539951,
                -1.6985465846694454
              ],
              [
                -78.65077319821629,
                -1.6985447384905608
              ],
              [
                -78.65050794633667,
                -1.6985406805399448
              ],
              [
                -78.65033237703977,
                -1.6985730353095243
              ],
              [
                -78.65020556167808,
                -1.6985964047184907
              ],
              [
                -78.65009472268592,
                -1.698616830494322
              ],
              [
                -78.64969551179473,
                -1.698803695327714
              ],
              [
                -78.64967585063351,
                -1.698803622440318
              ],
              [
                -78.64968827189189,
                -1.6987684031540224
              ],
              [
                -78.6496986374186,
                -1.6987468907850833
              ],
              [
                -78.6497180947432,
                -1.6987090071066955
              ],
              [
                -78.64975711411095,
                -1.6986417262373499
              ],
              [
                -78.64977927247546,
                -1.6985965491083208
              ],
              [
                -78.64979714616504,
                -1.6985571077733475
              ],
              [
                -78.64980645568441,
                -1.6985241129295978
              ],
              [
                -78.6498100418778,
                -1.6985068969083095
              ],
              [
                -78.64980936158328,
                -1.698479630876173
              ],
              [
                -78.64980583610748,
                -1.6984466203201785
              ],
              [
                -78.64979588709315,
                -1.6984193429423975
              ],
              [
                -78.64978025288869,
                -1.6983755550339803
              ],
              [
                -78.64975718232823,
                -1.6983267057994913
              ],
              [
                -78.64972123466866,
                -1.6982405895766943
              ],
              [
                -78.64969846887718,
                -1.6981982275252205
              ],
              [
                -78.64965293295681,
                -1.698117092135528
              ],
              [
                -78.64963344883644,
                -1.6980879789036378
              ],
              [
                -78.64962395996162,
                -1.6980724210118125
              ],
              [
                -78.649607958318,
                -1.6980383194804638
              ],
              [
                -78.64959224986363,
                -1.6980069084889913
              ],
              [
                -78.6495848483288,
                -1.697985673581647
              ],
              [
                -78.64957863633674,
                -1.697963542499597
              ],
              [
                -78.64957272367616,
                -1.6979390199099855
              ],
              [
                -78.6495644321068,
                -1.697916886283198
              ],
              [
                -78.64954962633273,
                -1.6978759098062832
              ],
              [
                -78.64953334107936,
                -1.6978304469817465
              ],
              [
                -78.64952237778368,
                -1.69780621742266
              ],
              [
                -78.64951733907401,
                -1.6977966437604324
              ],
              [
                -78.64949805223728,
                -1.6977759918265272
              ],
              [
                -78.64946748976742,
                -1.6977442643553218
              ],
              [
                -78.6494339681657,
                -1.697702965768382
              ],
              [
                -78.64940800155837,
                -1.6976644452526908
              ],
              [
                -78.64937237410811,
                -1.6976084620002692
              ],
              [
                -78.6493559816033,
                -1.697576671421325
              ],
              [
                -78.64935045102199,
                -1.6975697403327996
              ],
              [
                -78.64933209762877,
                -1.6975534656072007
              ],
              [
                -78.64931927481702,
                -1.6975441219701564
              ],
              [
                -78.64929125080175,
                -1.697525910883741
              ],
              [
                -78.64926322100746,
                -1.6975124826336907
              ],
              [
                -78.64923043738308,
                -1.6974990494703737
              ],
              [
                -78.64920287007602,
                -1.6974961456680793
              ],
              [
                -78.64918005544345,
                -1.6974942040693433
              ],
              [
                -78.64916104423428,
                -1.6974922671248454
              ],
              [
                -78.64913965289965,
                -1.6974922409469688
              ],
              [
                -78.64911778636205,
                -1.6974922141873117
              ],
              [
                -78.64909496710553,
                -1.6974940999408863
              ],
              [
                -78.64907500054623,
                -1.6974955100874305
              ],
              [
                -78.6490578837912,
                -1.697498838304667
              ],
              [
                -78.64903790682635,
                -1.6975088586389808
              ],
              [
                -78.64902458771374,
                -1.6975169743456364
              ],
              [
                -78.64900174848229,
                -1.697534644989172
              ],
              [
                -78.64897272261526,
                -1.697559005485348
              ],
              [
                -78.64894559325604,
                -1.6975876729494748
              ],
              [
                -78.64892083355204,
                -1.6976216052521915
              ],
              [
                -78.64888702899248,
                -1.6976665276512894
              ],
              [
                -78.64884561154405,
                -1.6977171817659842
              ],
              [
                -78.6488227662684,
                -1.6977405925274653
              ],
              [
                -78.64878231168582,
                -1.6977816812280124
              ],
              [
                -78.64871807587541,
                -1.697834220173237
              ],
              [
                -78.64868145272996,
                -1.6978513957351204
              ],
              [
                -78.64864816442353,
                -1.6978623570521691
              ],
              [
                -78.64861440785435,
                -1.697867577662599
              ],
              [
                -78.64858683303768,
                -1.6978708921620014
              ],
              [
                -78.64856116455894,
                -1.6978703825415278
              ],
              [
                -78.64852694088502,
                -1.6978689060588315
              ],
              [
                -78.64850175166012,
                -1.6978650478609287
              ],
              [
                -78.64847228702182,
                -1.6978592716535208
              ],
              [
                -78.64845422879712,
                -1.6978544667030206
              ],
              [
                -78.64842904972653,
                -1.6978429547071434
              ],
              [
                -78.64840341079838,
                -1.6978232089016396
              ],
              [
                -78.64839059138907,
                -1.6978051185717669
              ],
              [
                -78.6483592632162,
                -1.6977677693613005
              ],
              [
                -78.64833268161105,
                -1.6977356879009478
              ],
              [
                -78.64827309852667,
                -1.697658633918847
              ],
              [
                -78.64823206733136,
                -1.6976030626076763
              ],
              [
                -78.64819172496156,
                -1.6975513520409884
              ],
              [
                -78.64816609697834,
                -1.6975173580756857
              ],
              [
                -78.64813620830044,
                -1.6974685303758095
              ],
              [
                -78.64811487018697,
                -1.6974244968887149
              ],
              [
                -78.64809828564114,
                -1.6973814256092192
              ],
              [
                -78.64808740095815,
                -1.6973412313734164
              ],
              [
                -78.6480755647126,
                -1.6973019923603074
              ],
              [
                -78.64805615953524,
                -1.6972321297545154
              ],
              [
                -78.64805002173605,
                -1.6971976814614755
              ],
              [
                -78.64804339858287,
                -1.6971708863824218
              ],
              [
                -78.64803771169953,
                -1.697156529096416
              ],
              [
                -78.6480267981018,
                -1.697140251734585
              ],
              [
                -78.64801493294132,
                -1.6971249304990736
              ],
              [
                -78.64799119973048,
                -1.6970966789925033
              ],
              [
                -78.64795939720103,
                -1.6970578937369978
              ],
              [
                -78.64791668139492,
                -1.6970033102204223
              ],
              [
                -78.64787515457326,
                -1.6969564669405206
              ],
              [
                -78.64784689292246,
                -1.6969305167940556
              ],
              [
                -78.64780416208787,
                -1.6968883699095245
              ],
              [
                -78.64777758165161,
                -1.6968553311815642
              ],
              [
                -78.647755273475,
                -1.6968275605230352
              ],
              [
                -78.64773155067752,
                -1.696790698843362
              ],
              [
                -78.64770676713498,
                -1.6967507380048197
              ],
              [
                -78.6476665411607,
                -1.6966963853465509
              ],
              [
                -78.64763711818408,
                -1.696656168436134
              ],
              [
                -78.64760818281025,
                -1.6966049500608693
              ],
              [
                -78.64758116738771,
                -1.6965393837170937
              ],
              [
                -78.64756171348797,
                -1.6964867884713148
              ],
              [
                -78.64754043507668,
                -1.6964163993094545
              ],
              [
                -78.64753239646159,
                -1.6963819487047034
              ],
              [
                -78.64752673732681,
                -1.6963446309483876
              ],
              [
                -78.64752535128736,
                -1.6963111448720907
              ],
              [
                -78.64752303045057,
                -1.6962647419124413
              ],
              [
                -78.64752451244941,
                -1.6962188227036972
              ],
              [
                -78.64752884970719,
                -1.6961695587314574
              ],
              [
                -78.6475327022547,
                -1.6961289043575258
              ],
              [
                -78.64753796679449,
                -1.6960987746761405
              ],
              [
                -78.64755088555886,
                -1.696029430755254
              ],
              [
                -78.64756091085202,
                -1.695993566769923
              ],
              [
                -78.64756807221339,
                -1.6959682240532794
              ],
              [
                -78.64757761883446,
                -1.6959352295453218
              ],
              [
                -78.64759097522632,
                -1.6958969786670568
              ],
              [
                -78.64760243337749,
                -1.6958558544976512
              ],
              [
                -78.64762865370079,
                -1.6957876830041445
              ],
              [
                -78.64763009251472,
                -1.6957827012482112
              ],
              [
                -78.64763752482841,
                -1.6957293750570401
              ],
              [
                -78.64763921188835,
                -1.6957100044137936
              ],
              [
                -78.64764307334461,
                -1.6956612180467823
              ],
              [
                -78.64764310801395,
                -1.6956325174476454
              ],
              [
                -78.64764171129842,
                -1.6956085979352737
              ],
              [
                -78.64763793677325,
                -1.6955846764184248
              ],
              [
                -78.64761865730964,
                -1.6954768866747787
              ],
              [
                -78.64760249555614,
                -1.6954109937388862
              ],
              [
                -78.64759588740529,
                -1.6953717611464743
              ],
              [
                -78.64759259475547,
                -1.6953430564788643
              ],
              [
                -78.6475921383295,
                -1.6953275096650013
              ],
              [
                -78.64759316917689,
                -1.6953025571876905
              ],
              [
                -78.64759743003219,
                -1.6952756163388987
              ],
              [
                -78.64760317007362,
                -1.6952459654273357
              ],
              [
                -78.64761416744017,
                -1.69519288314256
              ],
              [
                -78.64762803366882,
                -1.6951259313338112
              ],
              [
                -78.64764382784934,
                -1.6950365004650234
              ],
              [
                -78.6476491169415,
                -1.6949867585506029
              ],
              [
                -78.64765583048222,
                -1.694937975668151
              ],
              [
                -78.64765968241196,
                -1.6948977994790106
              ],
              [
                -78.64766303398278,
                -1.6948777131273691
              ],
              [
                -78.64766781552325,
                -1.694854758459721
              ],
              [
                -78.64767639842397,
                -1.6948327648262616
              ],
              [
                -78.64770453303319,
                -1.6947846291492956
              ],
              [
                -78.64771879324859,
                -1.6947596304697876
              ],
              [
                -78.64773547312734,
                -1.6947237746049244
              ],
              [
                -78.64774740040508,
                -1.6946883920265046
              ],
              [
                -78.64775838504141,
                -1.6946458326820473
              ],
              [
                -78.64778036033974,
                -1.6945549738692973
              ],
              [
                -78.64780236366565,
                -1.6944416327649505
              ],
              [
                -78.64781812603735,
                -1.6943785106106568
              ],
              [
                -78.64783913968357,
                -1.6942976962916627
              ],
              [
                -78.64784536586937,
                -1.6942589575767832
              ],
              [
                -78.64784968027635,
                -1.6942293058164228
              ],
              [
                -78.64784783052518,
                -1.6941862525866798
              ],
              [
                -78.64784452226313,
                -1.6941704627364682
              ],
              [
                -78.64784027308934,
                -1.69414606154271
              ],
              [
                -78.64782418619443,
                -1.694084335947729
              ],
              [
                -78.64780998304593,
                -1.6940360056877648
              ],
              [
                -78.6477962372693,
                -1.6940039399877644
              ],
              [
                -78.64778722966007,
                -1.6939833594320253
              ],
              [
                -78.64776871217352,
                -1.6939661164178987
              ],
              [
                -78.64775399431497,
                -1.6939512699179642
              ],
              [
                -78.64771648234498,
                -1.6939167833081477
              ],
              [
                -78.64765047153439,
                -1.6938645632971079
              ],
              [
                -78.64753175570962,
                -1.6937630087016555
              ],
              [
                -78.64743685862807,
                -1.6936888206907195
              ],
              [
                -78.64737077733616,
                -1.6936250489380282
              ],
              [
                -78.64728245951592,
                -1.6935441010502315
              ],
              [
                -78.64721884699988,
                -1.6934741845114316
              ],
              [
                -78.64714904897681,
                -1.6934085659658467
              ],
              [
                -78.64707688707118,
                -1.693332899767325
              ],
              [
                -78.6470503100891,
                -1.6932969910549376
              ],
              [
                -78.64703559339559,
                -1.6932811881792749
              ],
              [
                -78.64702374439477,
                -1.693252472168521
              ],
              [
                -78.64700953349235,
                -1.6932113175384453
              ],
              [
                -78.64697309153055,
                -1.6930829355553272
              ],
              [
                -78.6469619170351,
                -1.6930349588598876
              ],
              [
                -78.64695422917123,
                -1.6929524652189132
              ],
              [
                -78.64695473380259,
                -1.692928070753596
              ],
              [
                -78.64695667128498,
                -1.6928984152022022
              ],
              [
                -78.64695860241791,
                -1.6928740224793892
              ],
              [
                -78.64696290898165,
                -1.692850109947405
              ],
              [
                -78.64696960398929,
                -1.6928166346619995
              ],
              [
                -78.64698918989501,
                -1.692736775019342
              ],
              [
                -78.6470054386784,
                -1.6926650432938144
              ],
              [
                -78.64701452558803,
                -1.6926191324817372
              ],
              [
                -78.64702025864771,
                -1.6925952225940142
              ],
              [
                -78.64703410051709,
                -1.6925483621057609
              ],
              [
                -78.6470555638776,
                -1.6924885951886897
              ],
              [
                -78.64707055454868,
                -1.6924522644864166
              ],
              [
                -78.64707522687912,
                -1.6924416215804106
              ],
              [
                -78.6471249795903,
                -1.6923364029973347
              ],
              [
                -78.64605761428207,
                -1.6923363621683427
              ],
              [
                -78.64604586533036,
                -1.692287269321235
              ],
              [
                -78.64602047284905,
                -1.6922487017449273
              ],
              [
                -78.64593870340832,
                -1.6921613547189371
              ],
              [
                -78.64582979209125,
                -1.6920774827972576
              ],
              [
                -78.6455437726584,
                -1.6918356849564948
              ],
              [
                -78.64551784358538,
                -1.691813763991267
              ],
              [
                -78.64547311816385,
                -1.691773470666215
              ],
              [
                -78.64536447849338,
                -1.6916655168229424
              ],
              [
                -78.64523030495408,
                -1.6915446350647152
              ],
              [
                -78.64518571374605,
                -1.691500325638935
              ],
              [
                -78.64511925459087,
                -1.6914267356142325
              ],
              [
                -78.6451095599342,
                -1.699444711174613
              ]
            ]
          ]
        ]
      }
    },
    {
      "type": "Feature",
      "properties": {
        "CELL_ID": "R-1000-28-29",
        "AMBITO": "RURAL",
        "CATEGORIA": "VIOLENCIA",
        "PLATAFORMA": null,
        "PARROQUIA": "SAN LUIS",
        "DISTANCE_M": 2000,
        "CELL_SIZE_M": 1000,
        "COUNT": 20,
        "GI_ZSCORE": 14.07515387728134,
        "GI_PVALUE": 5.398725222459328e-45,
        "GI_CLASS": "HOTSPOT 99%",
        "NIVEL": 99,
        "COB_A_PCT": 0.0,
        "ESTADO_A": "SIN COBERTURA",
        "COB_B_PCT": 0.909980009843923,
        "ESTADO_B": "PARCIALMENTE CUBIERTO",
        "COB_C_PCT": 0.909980009843923,
        "ESTADO_C": "PARCIALMENTE CUBIERTO",
        "COB_B_ANTERIOR_PCT": 0.0,
        "ESTADO_B_ANTERIOR": "SIN COBERTURA",
        "COB_C_ANTERIOR_PCT": 0.0,
        "ESTADO_C_ANTERIOR": "SIN COBERTURA"
      },
      "geometry": {
        "type": "MultiPolygon",
        "coordinates": [
          [
            [
              [
                -78.63613752545592,
                -1.69039418198567
              ],
              [
                -78.63612655731878,
                -1.6994336655443114
              ],
              [
                -78.6451095599342,
                -1.699444711174613
              ],
              [
                -78.64511925459087,
                -1.6914267356142325
              ],
              [
                -78.64505517545301,
                -1.691355780975549
              ],
              [
                -78.64502721994553,
                -1.6913248252213418
              ],
              [
                -78.6450103284956,
                -1.6912829577755912
              ],
              [
                -78.64486211724677,
                -1.6910421826718038
              ],
              [
                -78.64474234665002,
                -1.6908554048596254
              ],
              [
                -78.6447194274043,
                -1.6908196624971525
              ],
              [
                -78.64462047364297,
                -1.6906562927465292
              ],
              [
                -78.64452838769813,
                -1.6905045860950678
              ],
              [
                -78.64443265393975,
                -1.69042052158554
              ],
              [
                -78.64441399254059,
                -1.6904043062490939
              ],
              [
                -78.64396770711147,
                -1.6904037612316543
              ],
              [
                -78.64396784947905,
                -1.6904321752364657
              ],
              [
                -78.6439678497026,
                -1.6904321799386524
              ],
              [
                -78.64397212581352,
                -1.6905221259581535
              ],
              [
                -78.64393604029549,
                -1.6905473826738449
              ],
              [
                -78.64388207969252,
                -1.690585149982342
              ],
              [
                -78.64366432742841,
                -1.6908649516958953
              ],
              [
                -78.6434384887711,
                -1.6911499276295294
              ],
              [
                -78.64343625309161,
                -1.6911527488510334
              ],
              [
                -78.64343457610741,
                -1.6911548647669126
              ],
              [
                -78.64343208557413,
                -1.691157467823886
              ],
              [
                -78.64342959593915,
                -1.6911600708819443
              ],
              [
                -78.64340593632114,
                -1.691184800375115
              ],
              [
                -78.64277076189326,
                -1.6918487122337817
              ],
              [
                -78.64268060612744,
                -1.6919429476499137
              ],
              [
                -78.64266317327777,
                -1.69196116902286
              ],
              [
                -78.64266068274232,
                -1.6919637720759306
              ],
              [
                -78.64265819220687,
                -1.6919663751289884
              ],
              [
                -78.64265549442767,
                -1.6919687600756295
              ],
              [
                -78.64265470937373,
                -1.6919694542560006
              ],
              [
                -78.64244305187522,
                -1.6921565793237237
              ],
              [
                -78.6424219991297,
                -1.6921758668180393
              ],
              [
                -78.64231498975902,
                -1.692272811491727
              ],
              [
                -78.64227876120437,
                -1.6923108425993725
              ],
              [
                -78.64224483400082,
                -1.692337797663582
              ],
              [
                -78.6422288379968,
                -1.6923459642949834
              ],
              [
                -78.64222883644204,
                -1.6923459650886508
              ],
              [
                -78.64222855458895,
                -1.692346214306271
              ],
              [
                -78.64222638941489,
                -1.692347214247855
              ],
              [
                -78.64220107060348,
                -1.692360139565246
              ],
              [
                -78.64217734645605,
                -1.6923698542510917
              ],
              [
                -78.64217734077461,
                -1.692369856577423
              ],
              [
                -78.64209240694828,
                -1.6924090650228543
              ],
              [
                -78.6419922841424,
                -1.6924552845760636
              ],
              [
                -78.64176663182495,
                -1.6926191582004102
              ],
              [
                -78.64160996834046,
                -1.6927604296920558
              ],
              [
                -78.64135561818352,
                -1.6930586616439798
              ],
              [
                -78.64128796530541,
                -1.6931665820573032
              ],
              [
                -78.64125065321515,
                -1.6932166225909315
              ],
              [
                -78.64100287384338,
                -1.6934889314054504
              ],
              [
                -78.64081152234412,
                -1.6932850219450006
              ],
              [
                -78.64068300811252,
                -1.693153602435719
              ],
              [
                -78.64058957432194,
                -1.6930473747818693
              ],
              [
                -78.64043447400728,
                -1.6928825976189006
              ],
              [
                -78.640304364923,
                -1.692753755179851
              ],
              [
                -78.64005899597242,
                -1.6924950806294736
              ],
              [
                -78.63990341173024,
                -1.6923034257447802
              ],
              [
                -78.63979579237396,
                -1.6921665160271704
              ],
              [
                -78.639729700881,
                -1.6920775078884704
              ],
              [
                -78.63962361250779,
                -1.691946318471087
              ],
              [
                -78.6394679033616,
                -1.691794113788571
              ],
              [
                -78.63938456456653,
                -1.691719230497691
              ],
              [
                -78.6393410642197,
                -1.6916734309332413
              ],
              [
                -78.63929601043004,
                -1.6916167287134953
              ],
              [
                -78.6392125071243,
                -1.6915048193701225
              ],
              [
                -78.63918809047588,
                -1.691472909803447
              ],
              [
                -78.6390568143273,
                -1.691304979228892
              ],
              [
                -78.63898112597272,
                -1.6912192741918282
              ],
              [
                -78.63889360796342,
                -1.6911090476454467
              ],
              [
                -78.63867283009355,
                -1.6908608758537975
              ],
              [
                -78.63864689828615,
                -1.6908317269241586
              ],
              [
                -78.63853556628062,
                -1.6907112566059856
              ],
              [
                -78.6384218539467,
                -1.6905876954888595
              ],
              [
                -78.63823837836202,
                -1.6903967552340018
              ],
              [
                -78.63613752545592,
                -1.69039418198567
              ]
            ]
          ]
        ]
      }
    },
    {
      "type": "Feature",
      "properties": {
        "CELL_ID": "R-1000-28-30",
        "AMBITO": "RURAL",
        "CATEGORIA": "VIOLENCIA",
        "PLATAFORMA": null,
        "PARROQUIA": "SAN LUIS",
        "DISTANCE_M": 2000,
        "CELL_SIZE_M": 1000,
        "COUNT": 13,
        "GI_ZSCORE": 9.747440573852014,
        "GI_PVALUE": 1.891775302162318e-22,
        "GI_CLASS": "HOTSPOT 99%",
        "NIVEL": 99,
        "COB_A_PCT": 6.525423676464791,
        "ESTADO_A": "PARCIALMENTE CUBIERTO",
        "COB_B_PCT": 8.90634062874792,
        "ESTADO_B": "PARCIALMENTE CUBIERTO",
        "COB_C_PCT": 8.90634062874792,
        "ESTADO_C": "PARCIALMENTE CUBIERTO",
        "COB_B_ANTERIOR_PCT": 10.581957186974353,
        "ESTADO_B_ANTERIOR": "PARCIALMENTE CUBIERTO",
        "COB_C_ANTERIOR_PCT": 10.581957186974353,
        "ESTADO_C_ANTERIOR": "PARCIALMENTE CUBIERTO"
      },
      "geometry": {
        "type": "MultiPolygon",
        "coordinates": [
          [
            [
              [
                -78.62714361328504,
                -1.6994225779551215
              ],
              [
                -78.63612655731878,
                -1.6994336655443114
              ],
              [
                -78.63613752545592,
                -1.69039418198567
              ],
              [
                -78.63127946107625,
                -1.690388222784664
              ],
              [
                -78.62967131551136,
                -1.6926876365894645
              ],
              [
                -78.62967129301457,
                -1.692687669103817
              ],
              [
                -78.62947646899553,
                -1.6929455636297872
              ],
              [
                -78.62872201492527,
                -1.6939442578664998
              ],
              [
                -78.62871778142646,
                -1.693938824042754
              ],
              [
                -78.62870797291231,
                -1.6939524384820217
              ],
              [
                -78.62869437947208,
                -1.6939713069524873
              ],
              [
                -78.6286639002718,
                -1.6939323157120896
              ],
              [
                -78.62864320003037,
                -1.6939050082542768
              ],
              [
                -78.62854127639008,
                -1.6937705528942006
              ],
              [
                -78.62837414108893,
                -1.693543242673723
              ],
              [
                -78.62830658001518,
                -1.693459559949249
              ],
              [
                -78.62820958049524,
                -1.6933394147195575
              ],
              [
                -78.62809899682212,
                -1.693206149192444
              ],
              [
                -78.62804602950236,
                -1.6931423179092637
              ],
              [
                -78.62776456975992,
                -1.69278280165767
              ],
              [
                -78.62762244812826,
                -1.6925903920629621
              ],
              [
                -78.6274823421806,
                -1.6924172670097295
              ],
              [
                -78.6274803814657,
                -1.692414843833211
              ],
              [
                -78.62729692235024,
                -1.6921685264159907
              ],
              [
                -78.62715268351889,
                -1.6919790606570644
              ],
              [
                -78.62714361328504,
                -1.6994225779551215
              ]
            ]
          ]
        ]
      }
    },
    {
      "type": "Feature",
      "properties": {
        "CELL_ID": "R-1000-28-31",
        "AMBITO": "RURAL",
        "CATEGORIA": "VIOLENCIA",
        "PLATAFORMA": null,
        "PARROQUIA": "SAN LUIS",
        "DISTANCE_M": 2000,
        "CELL_SIZE_M": 1000,
        "COUNT": 5,
        "GI_ZSCORE": 10.80347031253642,
        "GI_PVALUE": 3.3143505033370855e-27,
        "GI_CLASS": "HOTSPOT 99%",
        "NIVEL": 99,
        "COB_A_PCT": 0.0,
        "ESTADO_A": "SIN COBERTURA",
        "COB_B_PCT": 0.0,
        "ESTADO_B": "SIN COBERTURA",
        "COB_C_PCT": 0.0,
        "ESTADO_C": "SIN COBERTURA",
        "COB_B_ANTERIOR_PCT": 0.0,
        "ESTADO_B_ANTERIOR": "SIN COBERTURA",
        "COB_C_ANTERIOR_PCT": 0.0,
        "ESTADO_C_ANTERIOR": "SIN COBERTURA"
      },
      "geometry": {
        "type": "MultiPolygon",
        "coordinates": [
          [
            [
              [
                -78.6181717793605,
                -1.690372083091297
              ],
              [
                -78.6181607280551,
                -1.6994114484084069
              ],
              [
                -78.62714361328504,
                -1.6994225779551215
              ],
              [
                -78.62715268351889,
                -1.6919790606570644
              ],
              [
                -78.62706743457237,
                -1.6918670814084376
              ],
              [
                -78.62698007910144,
                -1.6917351879002767
              ],
              [
                -78.62695687591167,
                -1.6917015136451166
              ],
              [
                -78.62665248889512,
                -1.6913054701539396
              ],
              [
                -78.62654895105189,
                -1.6911770487157056
              ],
              [
                -78.62625059330203,
                -1.6907759552500978
              ],
              [
                -78.62619373807007,
                -1.6907049040339754
              ],
              [
                -78.62607827143253,
                -1.6905606082945854
              ],
              [
                -78.62602147092342,
                -1.6904896240501865
              ],
              [
                -78.6259380229174,
                -1.6903816565345124
              ],
              [
                -78.6181717793605,
                -1.690372083091297
              ]
            ]
          ]
        ]
      }
    },
    {
      "type": "Feature",
      "properties": {
        "CELL_ID": "R-1000-28-32",
        "AMBITO": "RURAL",
        "CATEGORIA": "VIOLENCIA",
        "PLATAFORMA": null,
        "PARROQUIA": "SAN LUIS",
        "DISTANCE_M": 2000,
        "CELL_SIZE_M": 1000,
        "COUNT": 1,
        "GI_ZSCORE": 4.115281967535173,
        "GI_PVALUE": 3.867063896773612e-05,
        "GI_CLASS": "HOTSPOT 99%",
        "NIVEL": 99,
        "COB_A_PCT": 0.0,
        "ESTADO_A": "SIN COBERTURA",
        "COB_B_PCT": 0.0,
        "ESTADO_B": "SIN COBERTURA",
        "COB_C_PCT": 0.0,
        "ESTADO_C": "SIN COBERTURA",
        "COB_B_ANTERIOR_PCT": 0.0,
        "ESTADO_B_ANTERIOR": "SIN COBERTURA",
        "COB_C_ANTERIOR_PCT": 0.0,
        "ESTADO_C_ANTERIOR": "SIN COBERTURA"
      },
      "geometry": {
        "type": "MultiPolygon",
        "coordinates": [
          [
            [
              [
                -78.6181607280551,
                -1.6994114484084069
              ],
              [
                -78.6181717793605,
                -1.690372083091297
              ],
              [
                -78.60918899473855,
                -1.6903609710441359
              ],
              [
                -78.60917790185107,
                -1.6994002769055356
              ],
              [
                -78.6181607280551,
                -1.6994114484084069
              ]
            ]
          ]
        ]
      }
    },
    {
      "type": "Feature",
      "properties": {
        "CELL_ID": "R-1000-29-29",
        "AMBITO": "RURAL",
        "CATEGORIA": "VIOLENCIA",
        "PLATAFORMA": null,
        "PARROQUIA": "SAN LUIS",
        "DISTANCE_M": 2000,
        "CELL_SIZE_M": 1000,
        "COUNT": 3,
        "GI_ZSCORE": 9.99574146154931,
        "GI_PVALUE": 1.5909213364853157e-23,
        "GI_CLASS": "HOTSPOT 99%",
        "NIVEL": 99,
        "COB_A_PCT": 0.0,
        "ESTADO_A": "SIN COBERTURA",
        "COB_B_PCT": 74.81677191210791,
        "ESTADO_B": "PARCIALMENTE CUBIERTO",
        "COB_C_PCT": 74.81677191210791,
        "ESTADO_C": "PARCIALMENTE CUBIERTO",
        "COB_B_ANTERIOR_PCT": 0.0,
        "ESTADO_B_ANTERIOR": "SIN COBERTURA",
        "COB_C_ANTERIOR_PCT": 0.0,
        "ESTADO_C_ANTERIOR": "SIN COBERTURA"
      },
      "geometry": {
        "type": "MultiPolygon",
        "coordinates": [
          [
            [
              [
                -78.63613752545592,
                -1.69039418198567
              ],
              [
                -78.63823837836202,
                -1.6903967552340018
              ],
              [
                -78.63822895673773,
                -1.6903869502926163
              ],
              [
                -78.63803605956552,
                -1.6901862060367054
              ],
              [
                -78.63787055772137,
                -1.6900174337473697
              ],
              [
                -78.63782499435568,
                -1.6899751010894584
              ],
              [
                -78.63777547844057,
                -1.6899290962660116
              ],
              [
                -78.63774497142643,
                -1.6899060669300376
              ],
              [
                -78.63772672034825,
                -1.6898922900715334
              ],
              [
                -78.63758717580905,
                -1.689718220815006
              ],
              [
                -78.63744176516457,
                -1.6895369326845875
              ],
              [
                -78.63742358502277,
                -1.6895142673717356
              ],
              [
                -78.63739705435069,
                -1.6894687421729493
              ],
              [
                -78.637397054047,
                -1.68946874182071
              ],
              [
                -78.63739702900445,
                -1.6894687579593397
              ],
              [
                -78.63704343735729,
                -1.6896984654543634
              ],
              [
                -78.63660746309336,
                -1.6899082753393815
              ],
              [
                -78.63643115000167,
                -1.6899649883409198
              ],
              [
                -78.63622740131619,
                -1.6900305255051244
              ],
              [
                -78.63613793065713,
                -1.6900593045317096
              ],
              [
                -78.63613752545592,
                -1.69039418198567
              ]
            ]
          ],
          [
            [
              [
                -78.64441399254059,
                -1.6904043062490939
              ],
              [
                -78.64438742611796,
                -1.690381222048412
              ],
              [
                -78.64438496927275,
                -1.6903790871305222
              ],
              [
                -78.644372147484,
                -1.6903729392230018
              ],
              [
                -78.64436548884578,
                -1.6903707030533677
              ],
              [
                -78.64434855915599,
                -1.6903650181974665
              ],
              [
                -78.6441067000679,
                -1.6903411540257811
              ],
              [
                -78.64399890526313,
                -1.6903305175209948
              ],
              [
                -78.64396732487029,
                -1.6903274018960681
              ],
              [
                -78.64396739124712,
                -1.6903407208048769
              ],
              [
                -78.64396770711147,
                -1.6904037612316543
              ],
              [
                -78.64441399254059,
                -1.6904043062490939
              ]
            ]
          ]
        ]
      }
    },
    {
      "type": "Feature",
      "properties": {
        "CELL_ID": "R-1000-29-30",
        "AMBITO": "RURAL",
        "CATEGORIA": "VIOLENCIA",
        "PLATAFORMA": null,
        "PARROQUIA": "SAN LUIS",
        "DISTANCE_M": 2000,
        "CELL_SIZE_M": 1000,
        "COUNT": 2,
        "GI_ZSCORE": 9.307367145058599,
        "GI_PVALUE": 1.3104027400024273e-20,
        "GI_CLASS": "HOTSPOT 99%",
        "NIVEL": 99,
        "COB_A_PCT": 13.210087193754585,
        "ESTADO_A": "PARCIALMENTE CUBIERTO",
        "COB_B_PCT": 89.44811912819446,
        "ESTADO_B": "PARCIALMENTE CUBIERTO",
        "COB_C_PCT": 89.44811912819446,
        "ESTADO_C": "PARCIALMENTE CUBIERTO",
        "COB_B_ANTERIOR_PCT": 86.00421822787065,
        "ESTADO_B_ANTERIOR": "PARCIALMENTE CUBIERTO",
        "COB_C_ANTERIOR_PCT": 86.00421822787065,
        "ESTADO_C_ANTERIOR": "PARCIALMENTE CUBIERTO"
      },
      "geometry": {
        "type": "MultiPolygon",
        "coordinates": [
          [
            [
              [
                -78.63613752545592,
                -1.69039418198567
              ],
              [
                -78.63613793065713,
                -1.6900593045317096
              ],
              [
                -78.6361303387679,
                -1.690061746529513
              ],
              [
                -78.6360662926155,
                -1.6900740069746547
              ],
              [
                -78.63603285212196,
                -1.6900804082757164
              ],
              [
                -78.63595306546412,
                -1.690099987905947
              ],
              [
                -78.63587520722766,
                -1.6901166345558354
              ],
              [
                -78.63578784290992,
                -1.6901320736267744
              ],
              [
                -78.63568492635983,
                -1.6901470094458262
              ],
              [
                -78.63567554383631,
                -1.6901488054802158
              ],
              [
                -78.6355767274605,
                -1.6901677215555426
              ],
              [
                -78.63556896270575,
                -1.690166897581188
              ],
              [
                -78.63552879721597,
                -1.6901683761415764
              ],
              [
                -78.63551052128513,
                -1.6901701579527135
              ],
              [
                -78.63538694636753,
                -1.6901822071025698
              ],
              [
                -78.63536887929112,
                -1.6901841781668436
              ],
              [
                -78.63522804670731,
                -1.6901929745337128
              ],
              [
                -78.63513912507558,
                -1.690192585313579
              ],
              [
                -78.63475391382413,
                -1.6901907562655232
              ],
              [
                -78.63471764763948,
                -1.6901887610822626
              ],
              [
                -78.63465134053645,
                -1.6901847287920022
              ],
              [
                -78.63451048509909,
                -1.6901841138640326
              ],
              [
                -78.63437453491844,
                -1.6901742848648897
              ],
              [
                -78.63422639418441,
                -1.6901635749270605
              ],
              [
                -78.63420525201194,
                -1.690162045735515
              ],
              [
                -78.63415396605463,
                -1.6901583378824547
              ],
              [
                -78.63409104328845,
                -1.690153789169447
              ],
              [
                -78.6340908493568,
                -1.6901537746931916
              ],
              [
                -78.63367786367746,
                -1.690123916750648
              ],
              [
                -78.63366104799428,
                -1.6901206412529846
              ],
              [
                -78.63366104546117,
                -1.6901206410431997
              ],
              [
                -78.6336446335027,
                -1.6901192812629096
              ],
              [
                -78.63360542565908,
                -1.690112656047919
              ],
              [
                -78.63355552348352,
                -1.6901054202058952
              ],
              [
                -78.6334264045434,
                -1.6900855214170765
              ],
              [
                -78.63325908260393,
                -1.6900578207929675
              ],
              [
                -78.63312958341854,
                -1.6900307550285865
              ],
              [
                -78.63299317402604,
                -1.689990545955501
              ],
              [
                -78.63291259034295,
                -1.689974849009044
              ],
              [
                -78.63280410489764,
                -1.6899233131289186
              ],
              [
                -78.63268710061823,
                -1.6898789374761434
              ],
              [
                -78.63258494955474,
                -1.6898381525975337
              ],
              [
                -78.63257215589623,
                -1.6898316320961069
              ],
              [
                -78.63250953356821,
                -1.6898009891907881
              ],
              [
                -78.63245490232029,
                -1.6897734177598
              ],
              [
                -78.6323705872721,
                -1.6897248817235593
              ],
              [
                -78.632272016044,
                -1.6896721438271731
              ],
              [
                -78.63226132123235,
                -1.689665463211203
              ],
              [
                -78.63221230862241,
                -1.6896421797137395
              ],
              [
                -78.6321931507317,
                -1.689628855530352
              ],
              [
                -78.6321088022028,
                -1.6895701937596335
              ],
              [
                -78.63210375324006,
                -1.6895670397427025
              ],
              [
                -78.63209816538351,
                -1.689563731672155
              ],
              [
                -78.63195756600574,
                -1.6894671016923903
              ],
              [
                -78.63193466965994,
                -1.6894513657143964
              ],
              [
                -78.63127946107625,
                -1.690388222784664
              ],
              [
                -78.63613752545592,
                -1.69039418198567
              ]
            ]
          ]
        ]
      }
    },
    {
      "type": "Feature",
      "properties": {
        "CELL_ID": "R-1000-29-31",
        "AMBITO": "RURAL",
        "CATEGORIA": "VIOLENCIA",
        "PLATAFORMA": null,
        "PARROQUIA": "SAN LUIS",
        "DISTANCE_M": 2000,
        "CELL_SIZE_M": 1000,
        "COUNT": 1,
        "GI_ZSCORE": 5.2551937675379525,
        "GI_PVALUE": 1.478687050567551e-07,
        "GI_CLASS": "HOTSPOT 99%",
        "NIVEL": 99,
        "COB_A_PCT": 0.0,
        "ESTADO_A": "SIN COBERTURA",
        "COB_B_PCT": 0.0,
        "ESTADO_B": "SIN COBERTURA",
        "COB_C_PCT": 0.0,
        "ESTADO_C": "SIN COBERTURA",
        "COB_B_ANTERIOR_PCT": 0.0,
        "ESTADO_B_ANTERIOR": "SIN COBERTURA",
        "COB_C_ANTERIOR_PCT": 0.0,
        "ESTADO_C_ANTERIOR": "SIN COBERTURA"
      },
      "geometry": {
        "type": "MultiPolygon",
        "coordinates": [
          [
            [
              [
                -78.6181717793605,
                -1.690372083091297
              ],
              [
                -78.6259380229174,
                -1.6903816565345124
              ],
              [
                -78.62581223656511,
                -1.6902189104086742
              ],
              [
                -78.62575160663536,
                -1.6901316920801261
              ],
              [
                -78.62561728933403,
                -1.6899512950442972
              ],
              [
                -78.62550544963703,
                -1.6897932838126901
              ],
              [
                -78.62534094449174,
                -1.6895389849095006
              ],
              [
                -78.62534093990296,
                -1.6895389778159133
              ],
              [
                -78.62514574447695,
                -1.6892804765569993
              ],
              [
                -78.62439427746243,
                -1.6895132706180003
              ],
              [
                -78.62438911487001,
                -1.689505060262765
              ],
              [
                -78.6243662879023,
                -1.6895132723614197
              ],
              [
                -78.62433678836223,
                -1.6895242044833436
              ],
              [
                -78.62388551148881,
                -1.6896914340965157
              ],
              [
                -78.62359445837276,
                -1.689800294448952
              ],
              [
                -78.62292503360784,
                -1.690051100929884
              ],
              [
                -78.62273565919934,
                -1.6901253523434225
              ],
              [
                -78.62249636247249,
                -1.6902041206572147
              ],
              [
                -78.6223987605515,
                -1.690233323308734
              ],
              [
                -78.62230721240047,
                -1.6902549638132218
              ],
              [
                -78.62230100111938,
                -1.6902185011350412
              ],
              [
                -78.62226407162471,
                -1.6898635296569278
              ],
              [
                -78.62225120731077,
                -1.6898007577269625
              ],
              [
                -78.62222407167603,
                -1.6896880001845085
              ],
              [
                -78.62211794878398,
                -1.68938266384477
              ],
              [
                -78.62209919886715,
                -1.6893117925985934
              ],
              [
                -78.62209445818847,
                -1.6892840864048853
              ],
              [
                -78.62209069315338,
                -1.6892540772688105
              ],
              [
                -78.62208717758281,
                -1.6891947428015854
              ],
              [
                -78.62208743274782,
                -1.6891319310004314
              ],
              [
                -78.62208852333457,
                -1.6890919962511954
              ],
              [
                -78.62208963180994,
                -1.6890513853764197
              ],
              [
                -78.62210270290659,
                -1.6888444614645413
              ],
              [
                -78.62210346627715,
                -1.6887493199508488
              ],
              [
                -78.62210280987705,
                -1.6886686035797158
              ],
              [
                -78.62209659840582,
                -1.6885487966911528
              ],
              [
                -78.62209046124546,
                -1.6885008450321402
              ],
              [
                -78.62205213166057,
                -1.6883204083716192
              ],
              [
                -78.6220372874993,
                -1.6882605736405614
              ],
              [
                -78.62201504502612,
                -1.6881882120344693
              ],
              [
                -78.62197288085981,
                -1.688079269648853
              ],
              [
                -78.6219273933809,
                -1.6879781748044562
              ],
              [
                -78.62189170837662,
                -1.687874533880751
              ],
              [
                -78.62183419821345,
                -1.6876463681972398
              ],
              [
                -78.62177322513311,
                -1.6873531678972769
              ],
              [
                -78.62175693910163,
                -1.687274198610903
              ],
              [
                -78.62165931069474,
                -1.6868899969619382
              ],
              [
                -78.6216206020446,
                -1.6866754361816083
              ],
              [
                -78.621613416027,
                -1.6866264301646443
              ],
              [
                -78.62159766223019,
                -1.6865455885848084
              ],
              [
                -78.62155738954814,
                -1.6863872997914469
              ],
              [
                -78.62153561147271,
                -1.686300117802227
              ],
              [
                -78.62153401845443,
                -1.6862937602393735
              ],
              [
                -78.62149196437164,
                -1.6861259299876132
              ],
              [
                -78.62145843454239,
                -1.6860057993979287
              ],
              [
                -78.62142898855784,
                -1.6858395963918678
              ],
              [
                -78.6213729241227,
                -1.6855976267534887
              ],
              [
                -78.62134716676292,
                -1.6855147706700901
              ],
              [
                -78.62117089893505,
                -1.6850653726141098
              ],
              [
                -78.62113115876502,
                -1.6849552491883895
              ],
              [
                -78.62109053776734,
                -1.6848248230991183
              ],
              [
                -78.6210491454808,
                -1.6847170587453002
              ],
              [
                -78.62087170368717,
                -1.684159446075284
              ],
              [
                -78.62085049464626,
                -1.684097025572473
              ],
              [
                -78.62081288820897,
                -1.683951822913831
              ],
              [
                -78.62074576917573,
                -1.6837203626205535
              ],
              [
                -78.62070483843031,
                -1.6836112348407577
              ],
              [
                -78.62057107502008,
                -1.6831494348990903
              ],
              [
                -78.62050575889755,
                -1.6829112036710436
              ],
              [
                -78.6204650000578,
                -1.6825462034064205
              ],
              [
                -78.6204571772554,
                -1.682370345025695
              ],
              [
                -78.62044876818486,
                -1.6823438908557526
              ],
              [
                -78.62044039312048,
                -1.6823175424887673
              ],
              [
                -78.62030160002635,
                -1.682335137213782
              ],
              [
                -78.62007492061602,
                -1.6823493363865936
              ],
              [
                -78.61983893574806,
                -1.682375558242203
              ],
              [
                -78.61960269618088,
                -1.6823888769226762
              ],
              [
                -78.61924976259535,
                -1.6824217110923918
              ],
              [
                -78.61901782616229,
                -1.682439239191744
              ],
              [
                -78.6188704662694,
                -1.6824598180071861
              ],
              [
                -78.61859863945944,
                -1.6824977775652137
              ],
              [
                -78.61841905286471,
                -1.682530996275065
              ],
              [
                -78.61818125154264,
                -1.682585648875811
              ],
              [
                -78.6181717793605,
                -1.690372083091297
              ]
            ]
          ]
        ]
      }
    },
    {
      "type": "Feature",
      "properties": {
        "CELL_ID": "R-1000-31-22",
        "AMBITO": "RURAL",
        "CATEGORIA": "VIOLENCIA",
        "PLATAFORMA": null,
        "PARROQUIA": "LICAN",
        "DISTANCE_M": 2000,
        "CELL_SIZE_M": 1000,
        "COUNT": 0,
        "GI_ZSCORE": 7.4601837949737995,
        "GI_PVALUE": 8.640186975800737e-14,
        "GI_CLASS": "HOTSPOT 99%",
        "NIVEL": 99,
        "COB_A_PCT": 0.0,
        "ESTADO_A": "SIN COBERTURA",
        "COB_B_PCT": 0.0,
        "ESTADO_B": "SIN COBERTURA",
        "COB_C_PCT": 0.0,
        "ESTADO_C": "SIN COBERTURA",
        "COB_B_ANTERIOR_PCT": 0.0,
        "ESTADO_B_ANTERIOR": "SIN COBERTURA",
        "COB_C_ANTERIOR_PCT": 0.0,
        "ESTADO_C_ANTERIOR": "SIN COBERTURA"
      },
      "geometry": {
        "type": "MultiPolygon",
        "coordinates": [
          [
            [
              [
                -78.7080344006994,
                -1.6633610598093305
              ],
              [
                -78.69905115928053,
                -1.6633505368157644
              ],
              [
                -78.69904457463554,
                -1.669022068857592
              ],
              [
                -78.69908307199206,
                -1.6690409219799518
              ],
              [
                -78.69911509453492,
                -1.6690587339550271
              ],
              [
                -78.69913833098292,
                -1.6690738651949113
              ],
              [
                -78.69915859005735,
                -1.66909004788568
              ],
              [
                -78.69917926188491,
                -1.6691097304104667
              ],
              [
                -78.69922776043353,
                -1.6691655474772953
              ],
              [
                -78.69924835182557,
                -1.6691933721525876
              ],
              [
                -78.69929603378846,
                -1.6692654194144403
              ],
              [
                -78.69935496396573,
                -1.6693449496030153
              ],
              [
                -78.69940188155266,
                -1.6694014672191284
              ],
              [
                -78.69946186581892,
                -1.669463706217518
              ],
              [
                -78.69952826126891,
                -1.6695237741525013
              ],
              [
                -78.69956748843389,
                -1.6695554591300903
              ],
              [
                -78.69961064551352,
                -1.6695873693111032
              ],
              [
                -78.69965840566299,
                -1.669620011723271
              ],
              [
                -78.69971276337357,
                -1.6696547528381431
              ],
              [
                -78.6997789305234,
                -1.6696964071224754
              ],
              [
                -78.69981587420682,
                -1.6697180063000305
              ],
              [
                -78.69985184453184,
                -1.6697361501818078
              ],
              [
                -78.6998853391578,
                -1.6697495858745128
              ],
              [
                -78.6999386834161,
                -1.6697651494367167
              ],
              [
                -78.69999302367002,
                -1.669775521646577
              ],
              [
                -78.70002811052922,
                -1.6697793488843626
              ],
              [
                -78.70006347031992,
                -1.6697809969204047
              ],
              [
                -78.70009910304103,
                -1.6697804666585145
              ],
              [
                -78.70013500779625,
                -1.6697777562894953
              ],
              [
                -78.70032559470026,
                -1.669771733243917
              ],
              [
                -78.70051621793189,
                -1.6697692547714116
              ],
              [
                -78.7005830920126,
                -1.6697661903337224
              ],
              [
                -78.70061644137544,
                -1.6697693727785041
              ],
              [
                -78.70065142262418,
                -1.6697798306602862
              ],
              [
                -78.70069009245623,
                -1.6697956508429361
              ],
              [
                -78.70074355436779,
                -1.669822859752112
              ],
              [
                -78.70078586345497,
                -1.6698462940215182
              ],
              [
                -78.70082688505082,
                -1.6698714380317614
              ],
              [
                -78.700866383961,
                -1.669898147771402
              ],
              [
                -78.7009041519389,
                -1.6699262810686806
              ],
              [
                -78.70094961040108,
                -1.6699668560197434
              ],
              [
                -78.70096905841733,
                -1.6699814151048158
              ],
              [
                -78.70098747822807,
                -1.6699917856896316
              ],
              [
                -78.70100895949194,
                -1.670001422221744
              ],
              [
                -78.70107159559244,
                -1.6700228292699486
              ],
              [
                -78.70110599015652,
                -1.6700325949086336
              ],
              [
                -78.70114452303633,
                -1.6700410537271855
              ],
              [
                -78.70125108058029,
                -1.670057451032985
              ],
              [
                -78.70136097283672,
                -1.6700706602654511
              ],
              [
                -78.70140278083035,
                -1.6700731050621318
              ],
              [
                -78.70144084647809,
                -1.6700731598175105
              ],
              [
                -78.70150107333279,
                -1.6700674831342532
              ],
              [
                -78.70162895199155,
                -1.67004585197366
              ],
              [
                -78.70178250559435,
                -1.6700282195463296
              ],
              [
                -78.7018478332763,
                -1.670018581230458
              ],
              [
                -78.70193638425633,
                -1.67000375872728
              ],
              [
                -78.70196306318385,
                -1.6699972298528494
              ],
              [
                -78.70198635771762,
                -1.669989494684937
              ],
              [
                -78.70202898236158,
                -1.6699717958606803
              ],
              [
                -78.70205649859041,
                -1.6699551667577088
              ],
              [
                -78.7020776127453,
                -1.6699367284628748
              ],
              [
                -78.70209415729188,
                -1.6699173591016432
              ],
              [
                -78.70210815814278,
                -1.6698930346757397
              ],
              [
                -78.70211986758513,
                -1.6698623316939114
              ],
              [
                -78.70212394657172,
                -1.6698440514376058
              ],
              [
                -78.70213020444072,
                -1.669795242302512
              ],
              [
                -78.702141562339,
                -1.669741599191882
              ],
              [
                -78.70214727345996,
                -1.6697249724495489
              ],
              [
                -78.70215423829818,
                -1.6697109642404824
              ],
              [
                -78.7021642314466,
                -1.669695367663445
              ],
              [
                -78.70217307563993,
                -1.6696851783215965
              ],
              [
                -78.70218902207883,
                -1.6696733828050159
              ],
              [
                -78.70220649854167,
                -1.6696668512287494
              ],
              [
                -78.7022242217029,
                -1.6696652530297877
              ],
              [
                -78.70224310867006,
                -1.6696694345203247
              ],
              [
                -78.70227352044434,
                -1.6696835264805756
              ],
              [
                -78.70229844857577,
                -1.6697001558246352
              ],
              [
                -78.70234228188828,
                -1.669736993566272
              ],
              [
                -78.70239799881548,
                -1.6697841951023782
              ],
              [
                -78.70252163367341,
                -1.669896461872228
              ],
              [
                -78.7025814071677,
                -1.6699454608056947
              ],
              [
                -78.70265983771037,
                -1.670007111375846
              ],
              [
                -78.70269728058582,
                -1.6700344551084878
              ],
              [
                -78.70273607822104,
                -1.6700586373646877
              ],
              [
                -78.7027727488339,
                -1.6700764475849397
              ],
              [
                -78.70282406534645,
                -1.6700954104516712
              ],
              [
                -78.70286675169427,
                -1.6701058077756399
              ],
              [
                -78.70290731392225,
                -1.6701119737211079
              ],
              [
                -78.7029354564218,
                -1.6701137967361788
              ],
              [
                -78.7029600782406,
                -1.6701118685579073
              ],
              [
                -78.7029811760717,
                -1.6701059423922877
              ],
              [
                -78.70300272880883,
                -1.6700950737274387
              ],
              [
                -78.70302067256176,
                -1.6700698571585415
              ],
              [
                -78.7030337180985,
                -1.670043550939035
              ],
              [
                -78.70304326546977,
                -1.6700118961968755
              ],
              [
                -78.70304939518597,
                -1.6699775046629022
              ],
              [
                -78.7030575597866,
                -1.6699089364477404
              ],
              [
                -78.70306023632644,
                -1.6698760921032982
              ],
              [
                -78.70306165704676,
                -1.6697991250910271
              ],
              [
                -78.70306598896495,
                -1.669762617905241
              ],
              [
                -78.70307317568428,
                -1.6697308238808526
              ],
              [
                -78.70308581226382,
                -1.6697023774241984
              ],
              [
                -78.70310148314331,
                -1.6696811086248446
              ],
              [
                -78.70311196041602,
                -1.6696725366282452
              ],
              [
                -78.70312557524858,
                -1.6696649961615968
              ],
              [
                -78.70317162113737,
                -1.6696485009107886
              ],
              [
                -78.70319254417045,
                -1.669642247284003
              ],
              [
                -78.70321646266441,
                -1.6696371660426101
              ],
              [
                -78.7032964597388,
                -1.6696262802147641
              ],
              [
                -78.70335834510475,
                -1.6696166151716638
              ],
              [
                -78.70339393051003,
                -1.6696143509293693
              ],
              [
                -78.70342642735613,
                -1.6696152741509958
              ],
              [
                -78.70345141246214,
                -1.669617676512462
              ],
              [
                -78.70347296557517,
                -1.6696219533363919
              ],
              [
                -78.70349136952323,
                -1.6696282297065888
              ],
              [
                -78.70350249723523,
                -1.6696343149144444
              ],
              [
                -78.70351371348124,
                -1.669643066102882
              ],
              [
                -78.70355784630601,
                -1.669690469170014
              ],
              [
                -78.70356915025263,
                -1.6697002835582986
              ],
              [
                -78.7035801859445,
                -1.66970747966631
              ],
              [
                -78.70360480661557,
                -1.6697196962558638
              ],
              [
                -78.70362461858153,
                -1.669726457918761
              ],
              [
                -78.70365044595172,
                -1.6697291812840291
              ],
              [
                -78.70369300912222,
                -1.6697265383340434
              ],
              [
                -78.70374849681598,
                -1.6697197928888718
              ],
              [
                -78.70380235855907,
                -1.669706838710124
              ],
              [
                -78.70385459255614,
                -1.6696876739871611
              ],
              [
                -78.70390519970461,
                -1.669662298720563
              ],
              [
                -78.70395417910315,
                -1.6696307147168026
              ],
              [
                -78.70400153075187,
                -1.669592921071471
              ],
              [
                -78.70404725554909,
                -1.669548916881238
              ],
              [
                -78.70409135349274,
                -1.6694987030497708
              ],
              [
                -78.7041222233496,
                -1.6694827124298357
              ],
              [
                -78.70415120177672,
                -1.6694640121241744
              ],
              [
                -78.70417917170892,
                -1.6694427071298221
              ],
              [
                -78.70419764542879,
                -1.6694244817278752
              ],
              [
                -78.70420982035382,
                -1.6694083326279587
              ],
              [
                -78.70422088388649,
                -1.6693899990763943
              ],
              [
                -78.70423139196954,
                -1.669362620413334
              ],
              [
                -78.70424620830786,
                -1.6692966489879442
              ],
              [
                -78.70428162620813,
                -1.6691972196463465
              ],
              [
                -78.70429765233266,
                -1.669139981314874
              ],
              [
                -78.70430675149088,
                -1.6690966373644542
              ],
              [
                -78.70432536520148,
                -1.66898330563376
              ],
              [
                -78.70434173744307,
                -1.6689033792652117
              ],
              [
                -78.70435463994353,
                -1.6688539884447657
              ],
              [
                -78.70435869654015,
                -1.6688410444017812
              ],
              [
                -78.70436555574203,
                -1.6688267060766797
              ],
              [
                -78.70437481464666,
                -1.6688129111589984
              ],
              [
                -78.70438510472549,
                -1.6688015311163347
              ],
              [
                -78.7043982109308,
                -1.6687902655730538
              ],
              [
                -78.70442231714881,
                -1.6687751438578156
              ],
              [
                -78.70444851541097,
                -1.6687648085354885
              ],
              [
                -78.70449442738085,
                -1.6687537930631349
              ],
              [
                -78.7045320115948,
                -1.6687460926965654
              ],
              [
                -78.7045976993744,
                -1.6687358471497715
              ],
              [
                -78.70474548976456,
                -1.6687148690902047
              ],
              [
                -78.70483289043126,
                -1.6687090315992354
              ],
              [
                -78.70487023755142,
                -1.6687036044901777
              ],
              [
                -78.70491525265342,
                -1.6686905630021436
              ],
              [
                -78.7049913231385,
                -1.6686611170393288
              ],
              [
                -78.7050587300334,
                -1.668635638471617
              ],
              [
                -78.7050992979193,
                -1.6686175980879137
              ],
              [
                -78.70513567332972,
                -1.6685987617841185
              ],
              [
                -78.70516086618592,
                -1.6685831603995889
              ],
              [
                -78.70518823315923,
                -1.6685619965772507
              ],
              [
                -78.7052143768238,
                -1.6685375480094327
              ],
              [
                -78.70523127815251,
                -1.6685180316301327
              ],
              [
                -78.70524790952834,
                -1.6684942580232063
              ],
              [
                -78.70529925675238,
                -1.66840468273496
              ],
              [
                -78.70532934272849,
                -1.668351951896024
              ],
              [
                -78.70539970911094,
                -1.668218415969435
              ],
              [
                -78.70542102993075,
                -1.6681820913744079
              ],
              [
                -78.70544176419043,
                -1.6681503737500867
              ],
              [
                -78.70548212128492,
                -1.668094076943099
              ],
              [
                -78.70551551427226,
                -1.6680527303580535
              ],
              [
                -78.70554766954746,
                -1.6680197487886113
              ],
              [
                -78.70561369827897,
                -1.667961036793736
              ],
              [
                -78.70563971217751,
                -1.6679361505159762
              ],
              [
                -78.70570175829621,
                -1.6678699596079192
              ],
              [
                -78.70576093753672,
                -1.667800932208334
              ],
              [
                -78.70580399201819,
                -1.6678115468114938
              ],
              [
                -78.7058472022096,
                -1.6678195788836907
              ],
              [
                -78.70589056631422,
                -1.6678250284225893
              ],
              [
                -78.7059340861286,
                -1.6678278954300374
              ],
              [
                -78.70603668282526,
                -1.6678244956500305
              ],
              [
                -78.70607292488333,
                -1.6678230538115666
              ],
              [
                -78.70609101929132,
                -1.6678259262410648
              ],
              [
                -78.70611201547685,
                -1.6678356263334901
              ],
              [
                -78.7061263144019,
                -1.667847840714688
              ],
              [
                -78.7061329111624,
                -1.6678584107324779
              ],
              [
                -78.70613814199241,
                -1.6678717128288072
              ],
              [
                -78.70614061682434,
                -1.6678888265508727
              ],
              [
                -78.70613919591611,
                -1.6679157494725867
              ],
              [
                -78.70613364448364,
                -1.6679465547266017
              ],
              [
                -78.70611621213975,
                -1.6680010578300655
              ],
              [
                -78.70609481464555,
                -1.6680678985234207
              ],
              [
                -78.70608070299434,
                -1.6681250930973697
              ],
              [
                -78.70607781032118,
                -1.6681452948955704
              ],
              [
                -78.70607704442665,
                -1.6681635718720482
              ],
              [
                -78.70607886426055,
                -1.6681939608960992
              ],
              [
                -78.70608377490082,
                -1.6682168946844773
              ],
              [
                -78.70609427218699,
                -1.6682414332922963
              ],
              [
                -78.70610817510834,
                -1.668262036286721
              ],
              [
                -78.7061266168329,
                -1.6682799308148075
              ],
              [
                -78.70614617815795,
                -1.668292155896079
              ],
              [
                -78.70615889887887,
                -1.6682964801688247
              ],
              [
                -78.7061738981642,
                -1.6682989078218748
              ],
              [
                -78.70621182286567,
                -1.6682981893555058
              ],
              [
                -78.70623145583615,
                -1.668295102651747
              ],
              [
                -78.70625081481927,
                -1.6682896878387508
              ],
              [
                -78.70626989801931,
                -1.6682819440102972
              ],
              [
                -78.70628870543513,
                -1.668271872070332
              ],
              [
                -78.7063190429155,
                -1.66823931141193
              ],
              [
                -78.70635169941467,
                -1.6682118049978725
              ],
              [
                -78.70638667583053,
                -1.6681893537333063
              ],
              [
                -78.7064239721647,
                -1.6681719567143816
              ],
              [
                -78.70646404746455,
                -1.668159613575863
              ],
              [
                -78.70650734034002,
                -1.6681521304735605
              ],
              [
                -78.70653989114417,
                -1.6681491692073498
              ],
              [
                -78.70656183857939,
                -1.6681504189665064
              ],
              [
                -78.70658376756418,
                -1.6681559635856378
              ],
              [
                -78.70660611651718,
                -1.66816344776746
              ],
              [
                -78.70663022468852,
                -1.668173784310576
              ],
              [
                -78.70670053360234,
                -1.6682107832571182
              ],
              [
                -78.70676437759403,
                -1.66824205142497
              ],
              [
                -78.70678115427734,
                -1.6682533565864828
              ],
              [
                -78.70679420542824,
                -1.6682655749327877
              ],
              [
                -78.70680587851314,
                -1.6682809194868184
              ],
              [
                -78.70682060031459,
                -1.6683049785183202
              ],
              [
                -78.7068422283994,
                -1.6683469366276864
              ],
              [
                -78.70685895603525,
                -1.6683912728248238
              ],
              [
                -78.7068707841198,
                -1.6684379871105193
              ],
              [
                -78.70687771265243,
                -1.6684870794844504
              ],
              [
                -78.70688502523632,
                -1.6685016559522408
              ],
              [
                -78.70689494122192,
                -1.6685107690137693
              ],
              [
                -78.70690159785778,
                -1.6685130847246772
              ],
              [
                -78.70691018891955,
                -1.6685135721142814
              ],
              [
                -78.7069324888824,
                -1.6685090728770866
              ],
              [
                -78.70693993339202,
                -1.6685051528469304
              ],
              [
                -78.70695554630163,
                -1.6684928017938512
              ],
              [
                -78.70696301517366,
                -1.668489564308721
              ],
              [
                -78.70697563055664,
                -1.6684894462224698
              ],
              [
                -78.70699635501346,
                -1.6684941098428496
              ],
              [
                -78.70703166034725,
                -1.6685064546448503
              ],
              [
                -78.70705010972429,
                -1.6685154348869997
              ],
              [
                -78.70706784729562,
                -1.6685270250335025
              ],
              [
                -78.70708506157196,
                -1.6685413446330508
              ],
              [
                -78.70710208371923,
                -1.6685586679849864
              ],
              [
                -78.70713122525676,
                -1.6685953582956978
              ],
              [
                -78.70720076341482,
                -1.668695959684888
              ],
              [
                -78.70722277818633,
                -1.6687220675994454
              ],
              [
                -78.70724456271827,
                -1.66874297907683
              ],
              [
                -78.70728208385584,
                -1.668773490469538
              ],
              [
                -78.70730079439707,
                -1.6687927702447767
              ],
              [
                -78.70735034379696,
                -1.6688515230211354
              ],
              [
                -78.7073848203213,
                -1.6688845123131748
              ],
              [
                -78.70742469243704,
                -1.6689188639307915
              ],
              [
                -78.70745959478302,
                -1.668946417093217
              ],
              [
                -78.70747401304774,
                -1.668961869740466
              ],
              [
                -78.7074853809356,
                -1.668977017778172
              ],
              [
                -78.70750507929276,
                -1.6690183092084632
              ],
              [
                -78.70752335704884,
                -1.6690536922634078
              ],
              [
                -78.70753690984128,
                -1.669074900542552
              ],
              [
                -78.7075564557505,
                -1.6691004550347945
              ],
              [
                -78.7075718006917,
                -1.6691131533915897
              ],
              [
                -78.70759761164271,
                -1.6691223547168401
              ],
              [
                -78.70762282093224,
                -1.6691259397130238
              ],
              [
                -78.70765988298501,
                -1.6691254850984107
              ],
              [
                -78.70772824390042,
                -1.6691163942685947
              ],
              [
                -78.7077513592815,
                -1.669113692225836
              ],
              [
                -78.70776318080401,
                -1.669114906602743
              ],
              [
                -78.70777235338329,
                -1.6691190206030613
              ],
              [
                -78.70778443099185,
                -1.6691271598904431
              ],
              [
                -78.70779305625764,
                -1.6691353493670495
              ],
              [
                -78.70780955820035,
                -1.669156621677064
              ],
              [
                -78.70781780454867,
                -1.669163882305298
              ],
              [
                -78.70783905650892,
                -1.6691746069382143
              ],
              [
                -78.7078683769738,
                -1.6691840419954433
              ],
              [
                -78.70789846420881,
                -1.669188399301805
              ],
              [
                -78.70792663802368,
                -1.6691873086899458
              ],
              [
                -78.70795144841668,
                -1.6691808525300666
              ],
              [
                -78.70797728504105,
                -1.6691671267320798
              ],
              [
                -78.70799790227038,
                -1.6691643367802216
              ],
              [
                -78.70802285280973,
                -1.6691671801924874
              ],
              [
                -78.70802768408926,
                -1.6691686823730505
              ],
              [
                -78.7080344006994,
                -1.6633610598093305
              ]
            ]
          ]
        ]
      }
    },
    {
      "type": "Feature",
      "properties": {
        "CELL_ID": "R-1000-31-23",
        "AMBITO": "RURAL",
        "CATEGORIA": "VIOLENCIA",
        "PLATAFORMA": null,
        "PARROQUIA": "LICAN",
        "DISTANCE_M": 2000,
        "CELL_SIZE_M": 1000,
        "COUNT": 0,
        "GI_ZSCORE": 4.06657860411572,
        "GI_PVALUE": 4.7708398162979805e-05,
        "GI_CLASS": "HOTSPOT 99%",
        "NIVEL": 99,
        "COB_A_PCT": 0.0,
        "ESTADO_A": "SIN COBERTURA",
        "COB_B_PCT": 0.0,
        "ESTADO_B": "SIN COBERTURA",
        "COB_C_PCT": 0.0,
        "ESTADO_C": "SIN COBERTURA",
        "COB_B_ANTERIOR_PCT": 0.0,
        "ESTADO_B_ANTERIOR": "SIN COBERTURA",
        "COB_C_ANTERIOR_PCT": 0.0,
        "ESTADO_C_ANTERIOR": "SIN COBERTURA"
      },
      "geometry": {
        "type": "MultiPolygon",
        "coordinates": [
          [
            [
              [
                -78.69905115928053,
                -1.6633505368157644
              ],
              [
                -78.69006797488322,
                -1.6633399727473313
              ],
              [
                -78.69005861666342,
                -1.6713634581821477
              ],
              [
                -78.69007321625429,
                -1.6713449435052299
              ],
              [
                -78.69008627796201,
                -1.6713317716391454
              ],
              [
                -78.6900993384721,
                -1.6713211607602634
              ],
              [
                -78.6901250262612,
                -1.671303986532789
              ],
              [
                -78.69014728898945,
                -1.671291989890674
              ],
              [
                -78.69017856450078,
                -1.6712800500208178
              ],
              [
                -78.69021169553655,
                -1.67127229960447
              ],
              [
                -78.69028236999465,
                -1.671259245655498
              ],
              [
                -78.69035349197556,
                -1.6712514371532075
              ],
              [
                -78.69040339139113,
                -1.6712487887846208
              ],
              [
                -78.69044402749351,
                -1.6712490710171355
              ],
              [
                -78.69051222566326,
                -1.671254911933342
              ],
              [
                -78.69054017380228,
                -1.6712598780604382
              ],
              [
                -78.69056539998572,
                -1.6712664193235647
              ],
              [
                -78.69059242627925,
                -1.6712761420329205
              ],
              [
                -78.6906208159529,
                -1.671289171325653
              ],
              [
                -78.6906510412947,
                -1.671305703021743
              ],
              [
                -78.6906850118145,
                -1.6713267798684621
              ],
              [
                -78.69071154973128,
                -1.6713454632053424
              ],
              [
                -78.690751633965,
                -1.6713767541862168
              ],
              [
                -78.69085582542435,
                -1.6714646246454983
              ],
              [
                -78.6909061668349,
                -1.6715027121803312
              ],
              [
                -78.69092888011424,
                -1.6715233526416784
              ],
              [
                -78.6909504275571,
                -1.6715453730131162
              ],
              [
                -78.6910597826498,
                -1.6715663257496787
              ],
              [
                -78.69116323286204,
                -1.6715813223661484
              ],
              [
                -78.69126383820256,
                -1.6715954622500635
              ],
              [
                -78.69129413950516,
                -1.6715977463235372
              ],
              [
                -78.69132137017397,
                -1.6715978716609763
              ],
              [
                -78.69133482688345,
                -1.6715972267730967
              ],
              [
                -78.69135863338695,
                -1.671597150988777
              ],
              [
                -78.69138197612418,
                -1.6715949683688072
              ],
              [
                -78.6913991374851,
                -1.6715912714892214
              ],
              [
                -78.69141767300943,
                -1.6715847295847974
              ],
              [
                -78.69147823468984,
                -1.671555139674997
              ],
              [
                -78.6915016389953,
                -1.6715456267055195
              ],
              [
                -78.69154990783167,
                -1.6715308259139927
              ],
              [
                -78.69160081600006,
                -1.6715121275447151
              ],
              [
                -78.69165250619638,
                -1.6714891678050474
              ],
              [
                -78.69170546106423,
                -1.6714617366367468
              ],
              [
                -78.69176058665603,
                -1.67142936775043
              ],
              [
                -78.69181210116695,
                -1.6713960824660565
              ],
              [
                -78.69186862085854,
                -1.6713568738553632
              ],
              [
                -78.69206833786109,
                -1.671209699818667
              ],
              [
                -78.69212972372169,
                -1.6711666748881624
              ],
              [
                -78.69216146746413,
                -1.6711407391034858
              ],
              [
                -78.69218739262695,
                -1.6711157004217327
              ],
              [
                -78.69220586421146,
                -1.6710946810859824
              ],
              [
                -78.6922160556456,
                -1.6710800883385508
              ],
              [
                -78.6922258389373,
                -1.6710626791912404
              ],
              [
                -78.692261737315,
                -1.6709852898041422
              ],
              [
                -78.69231707598617,
                -1.6708858299766913
              ],
              [
                -78.6923599856486,
                -1.6708154520498593
              ],
              [
                -78.69240234420958,
                -1.6707546710885508
              ],
              [
                -78.69244507529723,
                -1.6707025878154036
              ],
              [
                -78.69247790871817,
                -1.6706658560847776
              ],
              [
                -78.69249985378875,
                -1.6706458750027284
              ],
              [
                -78.69252049507688,
                -1.6706315522371027
              ],
              [
                -78.69254508776525,
                -1.6706175008179946
              ],
              [
                -78.69256810178557,
                -1.6706060293170215
              ],
              [
                -78.6925853957865,
                -1.6705995220749092
              ],
              [
                -78.69260551505062,
                -1.6705952880821437
              ],
              [
                -78.69263327711658,
                -1.670592695723011
              ],
              [
                -78.69266113187669,
                -1.6705922694244786
              ],
              [
                -78.69269482533457,
                -1.6705944896677203
              ],
              [
                -78.69272490326128,
                -1.6705972968439409
              ],
              [
                -78.69274269060045,
                -1.6706014282959263
              ],
              [
                -78.69278028098068,
                -1.6706221188771304
              ],
              [
                -78.69280362894555,
                -1.6706308572893795
              ],
              [
                -78.69282471920887,
                -1.6706359355033966
              ],
              [
                -78.6928439472872,
                -1.670637904514384
              ],
              [
                -78.6928640411865,
                -1.6706377031728579
              ],
              [
                -78.69288418041775,
                -1.670634836932222
              ],
              [
                -78.692913635148,
                -1.6706274382652788
              ],
              [
                -78.69294519323799,
                -1.6706181681193573
              ],
              [
                -78.69297007986327,
                -1.6706085791159342
              ],
              [
                -78.69299099117649,
                -1.6705968845483978
              ],
              [
                -78.69301212107742,
                -1.670580318654436
              ],
              [
                -78.6930313094386,
                -1.6705616712957279
              ],
              [
                -78.69307875689866,
                -1.6705109639973883
              ],
              [
                -78.69310700164608,
                -1.6704865825031234
              ],
              [
                -78.69314568587492,
                -1.6704598213952193
              ],
              [
                -78.69318057823224,
                -1.6704384950927103
              ],
              [
                -78.69322649040612,
                -1.67041400339259
              ],
              [
                -78.69326269230281,
                -1.670399019197338
              ],
              [
                -78.69329772662437,
                -1.670389985470525
              ],
              [
                -78.69335846011617,
                -1.6703802064873259
              ],
              [
                -78.69342515354437,
                -1.6703700286530805
              ],
              [
                -78.69347645107332,
                -1.6703648615050681
              ],
              [
                -78.6935171822729,
                -1.6703637715087252
              ],
              [
                -78.69356275376315,
                -1.6703656504995112
              ],
              [
                -78.69372909012199,
                -1.6703823248882674
              ],
              [
                -78.69399019649445,
                -1.6704092982495518
              ],
              [
                -78.69405277662604,
                -1.6704136715359326
              ],
              [
                -78.69410892438879,
                -1.6704152918130832
              ],
              [
                -78.69422244566488,
                -1.670422013258401
              ],
              [
                -78.6942639676869,
                -1.670422226827531
              ],
              [
                -78.69428667856523,
                -1.6704203588941642
              ],
              [
                -78.69430734046959,
                -1.6704168649788567
              ],
              [
                -78.69432634874033,
                -1.6704116777495013
              ],
              [
                -78.69434389478626,
                -1.6704047404809295
              ],
              [
                -78.69437794405752,
                -1.670386901629754
              ],
              [
                -78.69440312459673,
                -1.6703687124036466
              ],
              [
                -78.69442398606253,
                -1.6703489288655888
              ],
              [
                -78.6944354505749,
                -1.6703326525488158
              ],
              [
                -78.69444145892194,
                -1.6703130828893038
              ],
              [
                -78.69444447955875,
                -1.6702803223302896
              ],
              [
                -78.6944450967817,
                -1.6702517561472798
              ],
              [
                -78.69444275596796,
                -1.6702207583604247
              ],
              [
                -78.6944341880746,
                -1.6701804358201835
              ],
              [
                -78.69441238721322,
                -1.670116039832915
              ],
              [
                -78.69439191860018,
                -1.6700654791420992
              ],
              [
                -78.69438539644621,
                -1.6700434222801626
              ],
              [
                -78.69438067649077,
                -1.6700035056563363
              ],
              [
                -78.69438225505496,
                -1.6699624917969371
              ],
              [
                -78.69438999924488,
                -1.6699234125187654
              ],
              [
                -78.69440346180491,
                -1.669888485678686
              ],
              [
                -78.69441568695642,
                -1.6698670150399357
              ],
              [
                -78.69443374997925,
                -1.6698412013048913
              ],
              [
                -78.69445335763183,
                -1.6698188851126576
              ],
              [
                -78.69447110248443,
                -1.6698016869062604
              ],
              [
                -78.69448441415469,
                -1.66979216012847
              ],
              [
                -78.69450539123888,
                -1.6697849213527058
              ],
              [
                -78.69454472722393,
                -1.6697800952972441
              ],
              [
                -78.69458334144875,
                -1.6697771604348826
              ],
              [
                -78.69462665694522,
                -1.6697785503746911
              ],
              [
                -78.69467007101478,
                -1.6697832318493426
              ],
              [
                -78.69476455864687,
                -1.6697968851243417
              ],
              [
                -78.69485307574682,
                -1.6698100133639455
              ],
              [
                -78.69494917613706,
                -1.6698280727663928
              ],
              [
                -78.69500444164163,
                -1.669840590432903
              ],
              [
                -78.695140613634,
                -1.6698747528597395
              ],
              [
                -78.69533729628832,
                -1.6699208208094738
              ],
              [
                -78.69540007284546,
                -1.669933207218429
              ],
              [
                -78.69545683995355,
                -1.6699422273139073
              ],
              [
                -78.69561240949096,
                -1.6699578953242467
              ],
              [
                -78.69571227425205,
                -1.6699725863704087
              ],
              [
                -78.69575429628408,
                -1.6699769895672647
              ],
              [
                -78.69581617570371,
                -1.6699798974951419
              ],
              [
                -78.69586542931714,
                -1.669978840997119
              ],
              [
                -78.69589985175062,
                -1.669975351540026
              ],
              [
                -78.69593706296016,
                -1.6699692239182466
              ],
              [
                -78.69602879015112,
                -1.6699474059063437
              ],
              [
                -78.69607651080607,
                -1.6699336067771535
              ],
              [
                -78.69610804108424,
                -1.669922026819894
              ],
              [
                -78.69613890240957,
                -1.6699086489429047
              ],
              [
                -78.69616909747688,
                -1.6698934731492805
              ],
              [
                -78.69619862448934,
                -1.6698764994368218
              ],
              [
                -78.69628662661634,
                -1.6698374795257394
              ],
              [
                -78.69637259952908,
                -1.6697945194368005
              ],
              [
                -78.69644545835837,
                -1.6697549473884155
              ],
              [
                -78.69649656118162,
                -1.669723431333221
              ],
              [
                -78.69654323884022,
                -1.6696927046614152
              ],
              [
                -78.69656731808857,
                -1.6696713844584161
              ],
              [
                -78.69657648487187,
                -1.669659568382365
              ],
              [
                -78.69658517060712,
                -1.669645048811766
              ],
              [
                -78.69661554913559,
                -1.669581103011549
              ],
              [
                -78.69665172037574,
                -1.6695153361734572
              ],
              [
                -78.6966759222571,
                -1.6694805023771677
              ],
              [
                -78.6966986107289,
                -1.6694554678439157
              ],
              [
                -78.69672358314466,
                -1.6694323994669749
              ],
              [
                -78.69675084130019,
                -1.6694112981523568
              ],
              [
                -78.69678038339906,
                -1.6693921638978595
              ],
              [
                -78.69684415621683,
                -1.6693382338776381
              ],
              [
                -78.69687406989271,
                -1.6693101225407916
              ],
              [
                -78.69690577936392,
                -1.6692773415034428
              ],
              [
                -78.69701437987914,
                -1.669154351626548
              ],
              [
                -78.69705985606615,
                -1.6691062153745804
              ],
              [
                -78.69715171231502,
                -1.6690167446352304
              ],
              [
                -78.69722930785616,
                -1.6689464053759058
              ],
              [
                -78.6972789412256,
                -1.6689031157714513
              ],
              [
                -78.69730974450596,
                -1.668879398847032
              ],
              [
                -78.69734291893674,
                -1.6688583623321247
              ],
              [
                -78.69739186863629,
                -1.668831320219538
              ],
              [
                -78.6974829647338,
                -1.668784436381201
              ],
              [
                -78.69751780091399,
                -1.668769704431794
              ],
              [
                -78.69755022171186,
                -1.668758651584656
              ],
              [
                -78.69760166208238,
                -1.6687458348626887
              ],
              [
                -78.6976545211767,
                -1.6687374195276141
              ],
              [
                -78.69770555339652,
                -1.6687248726132182
              ],
              [
                -78.6977569417746,
                -1.6687150525491712
              ],
              [
                -78.69782308090389,
                -1.6687057750789787
              ],
              [
                -78.69788185845992,
                -1.6687009663947543
              ],
              [
                -78.69793589779049,
                -1.6687004189586148
              ],
              [
                -78.69798595347523,
                -1.6687041436042067
              ],
              [
                -78.69805001060719,
                -1.6687131342116353
              ],
              [
                -78.69807209675345,
                -1.6687185877841408
              ],
              [
                -78.6980912823447,
                -1.668725470763826
              ],
              [
                -78.69812389987352,
                -1.668741456472845
              ],
              [
                -78.69814766619814,
                -1.6687582272668162
              ],
              [
                -78.69816624218527,
                -1.668777159714961
              ],
              [
                -78.69818075423798,
                -1.6687975635918728
              ],
              [
                -78.69819057322948,
                -1.6688181517786262
              ],
              [
                -78.69819828016338,
                -1.6688426842979414
              ],
              [
                -78.69820183875949,
                -1.668861703919625
              ],
              [
                -78.69820339947023,
                -1.6688822778586014
              ],
              [
                -78.69820294102074,
                -1.668904161108467
              ],
              [
                -78.69820047291886,
                -1.6689269025892937
              ],
              [
                -78.69819487074977,
                -1.6689541160323322
              ],
              [
                -78.69818673499948,
                -1.6689785033295903
              ],
              [
                -78.69816274823579,
                -1.6690214878175234
              ],
              [
                -78.69814559950615,
                -1.6690644812641702
              ],
              [
                -78.69811959469385,
                -1.6691132208831105
              ],
              [
                -78.69811132565398,
                -1.669133262541113
              ],
              [
                -78.69810445468727,
                -1.6691607836508875
              ],
              [
                -78.69810511349692,
                -1.6691759343944896
              ],
              [
                -78.69810954117393,
                -1.669196921218003
              ],
              [
                -78.69811711449422,
                -1.6692220167665144
              ],
              [
                -78.69812658472605,
                -1.6692435528300407
              ],
              [
                -78.69813774400143,
                -1.669261062704801
              ],
              [
                -78.69815048559775,
                -1.6692743934906844
              ],
              [
                -78.69816906169652,
                -1.669287052255233
              ],
              [
                -78.69818807617214,
                -1.669295084011738
              ],
              [
                -78.69820645187797,
                -1.669297764298785
              ],
              [
                -78.69823423721616,
                -1.6692968586969041
              ],
              [
                -78.6982697222588,
                -1.6692919529712071
              ],
              [
                -78.69830606541628,
                -1.6692814588851372
              ],
              [
                -78.69833339823332,
                -1.6692687719495198
              ],
              [
                -78.69837792164422,
                -1.6692419713817217
              ],
              [
                -78.69840665986642,
                -1.6692235141225473
              ],
              [
                -78.69843676703492,
                -1.6692012825081395
              ],
              [
                -78.6985741823546,
                -1.6690835893816658
              ],
              [
                -78.6986088668573,
                -1.6690571767720357
              ],
              [
                -78.69864146406357,
                -1.6690358168154749
              ],
              [
                -78.69868648322267,
                -1.6690083496665182
              ],
              [
                -78.69871402117062,
                -1.6689953926653958
              ],
              [
                -78.69874026414138,
                -1.668987491964087
              ],
              [
                -78.6987731792291,
                -1.668980914426547
              ],
              [
                -78.69881546701436,
                -1.6689762472109326
              ],
              [
                -78.69886038281871,
                -1.6689758553480145
              ],
              [
                -78.69889189412955,
                -1.6689782862270455
              ],
              [
                -78.6989242937176,
                -1.6689831779098756
              ],
              [
                -78.69895724476842,
                -1.6689904811844634
              ],
              [
                -78.69899029643916,
                -1.6690000960810414
              ],
              [
                -78.69903435931074,
                -1.6690170661563999
              ],
              [
                -78.69904457463554,
                -1.669022068857592
              ],
              [
                -78.69905115928053,
                -1.6633505368157644
              ]
            ]
          ]
        ]
      }
    },
    {
      "type": "Feature",
      "properties": {
        "CELL_ID": "R-1000-32-18",
        "AMBITO": "RURAL",
        "CATEGORIA": "VIOLENCIA",
        "PLATAFORMA": null,
        "PARROQUIA": "CALPI",
        "DISTANCE_M": 2000,
        "CELL_SIZE_M": 1000,
        "COUNT": 0,
        "GI_ZSCORE": 2.645848968781609,
        "GI_PVALUE": 0.008148618929883973,
        "GI_CLASS": "HOTSPOT 99%",
        "NIVEL": 99,
        "COB_A_PCT": 0.0,
        "ESTADO_A": "SIN COBERTURA",
        "COB_B_PCT": 0.0,
        "ESTADO_B": "SIN COBERTURA",
        "COB_C_PCT": 0.0,
        "ESTADO_C": "SIN COBERTURA",
        "COB_B_ANTERIOR_PCT": 0.0,
        "ESTADO_B_ANTERIOR": "SIN COBERTURA",
        "COB_C_ANTERIOR_PCT": 0.0,
        "ESTADO_C_ANTERIOR": "SIN COBERTURA"
      },
      "geometry": {
        "type": "MultiPolygon",
        "coordinates": [
          [
            [
              [
                -78.73499475094083,
                -1.6543522607993788
              ],
              [
                -78.734993386592,
                -1.6555541891933603
              ],
              [
                -78.7350155137104,
                -1.6555960588164305
              ],
              [
                -78.73503931363764,
                -1.655629932446458
              ],
              [
                -78.73507355287799,
                -1.6556609198151624
              ],
              [
                -78.73510588317521,
                -1.655687132702591
              ],
              [
                -78.73514200111079,
                -1.6557076067488041
              ],
              [
                -78.7351876104224,
                -1.6557261516970778
              ],
              [
                -78.73522181423021,
                -1.6557385073095139
              ],
              [
                -78.73524793962358,
                -1.6557465794563309
              ],
              [
                -78.73528687363813,
                -1.655749849747852
              ],
              [
                -78.73531535455977,
                -1.655748362851516
              ],
              [
                -78.73533860446166,
                -1.6557421075961054
              ],
              [
                -78.73536041419966,
                -1.655727257130967
              ],
              [
                -78.73537747100502,
                -1.6557090708138824
              ],
              [
                -78.73540257239526,
                -1.6556774926481215
              ],
              [
                -78.73542101315775,
                -1.6556382841797355
              ],
              [
                -78.73542384104266,
                -1.6556272910092984
              ],
              [
                -78.73542428243451,
                -1.6556096144341483
              ],
              [
                -78.73542377553171,
                -1.6555924167999445
              ],
              [
                -78.73542374868244,
                -1.6555780854409214
              ],
              [
                -78.73542561645729,
                -1.6555613615280307
              ],
              [
                -78.73543033288041,
                -1.6555446318500684
              ],
              [
                -78.73543552237442,
                -1.6555274235886241
              ],
              [
                -78.7354444966402,
                -1.6555030427139392
              ],
              [
                -78.73547333804498,
                -1.6554404051241685
              ],
              [
                -78.73550552515101,
                -1.6553901825814261
              ],
              [
                -78.73553726764513,
                -1.6553557264278922
              ],
              [
                -78.73556901461471,
                -1.6553236577777226
              ],
              [
                -78.73559841053566,
                -1.6553035374849772
              ],
              [
                -78.73564204091566,
                -1.6552800462126502
              ],
              [
                -78.73567620248554,
                -1.6552694714520426
              ],
              [
                -78.73570610441799,
                -1.6552665478874695
              ],
              [
                -78.73573221925616,
                -1.6552688876582047
              ],
              [
                -78.73575976817696,
                -1.65527647868536
              ],
              [
                -78.73578590414121,
                -1.655290283183757
              ],
              [
                -78.73580397385977,
                -1.6553064921284837
              ],
              [
                -78.73581445059138,
                -1.655323669585461
              ],
              [
                -78.73583303617164,
                -1.6553618529892975
              ],
              [
                -78.73585926863514,
                -1.6554267741624156
              ],
              [
                -78.73587074289205,
                -1.6554697479002782
              ],
              [
                -78.73588033630674,
                -1.65552275764741
              ],
              [
                -78.7358851914647,
                -1.6555800759030417
              ],
              [
                -78.73589332072386,
                -1.6556115901330246
              ],
              [
                -78.73590192073051,
                -1.6556407155956459
              ],
              [
                -78.73593147526525,
                -1.6557056306506286
              ],
              [
                -78.73596914330983,
                -1.6557929827177147
              ],
              [
                -78.73599586387319,
                -1.6558655469981745
              ],
              [
                -78.73599922068287,
                -1.6558832161947605
              ],
              [
                -78.7360070146899,
                -1.6559892578610127
              ],
              [
                -78.73601232590657,
                -1.6560365420916565
              ],
              [
                -78.73601997385079,
                -1.656064713633166
              ],
              [
                -78.73603380487822,
                -1.6560986065566947
              ],
              [
                -78.73606524955737,
                -1.656158740659824
              ],
              [
                -78.73607572503286,
                -1.6561754408037157
              ],
              [
                -78.73609569797493,
                -1.6561935567059771
              ],
              [
                -78.73611186215791,
                -1.6562059467241455
              ],
              [
                -78.73612944413247,
                -1.6562149899045229
              ],
              [
                -78.73616459787809,
                -1.6562278221238116
              ],
              [
                -78.73625723438911,
                -1.6562615651939003
              ],
              [
                -78.73641873091233,
                -1.6563085534984292
              ],
              [
                -78.73649188260185,
                -1.6563318228564154
              ],
              [
                -78.73655648888368,
                -1.6563546312863262
              ],
              [
                -78.73663346241393,
                -1.6563903144430863
              ],
              [
                -78.73668761881754,
                -1.6564102758701167
              ],
              [
                -78.73672940636784,
                -1.65641640702448
              ],
              [
                -78.73677688674812,
                -1.6564201391404096
              ],
              [
                -78.73681059300993,
                -1.656420552151655
              ],
              [
                -78.73684999335508,
                -1.6564190443492228
              ],
              [
                -78.73689698795442,
                -1.656417044451937
              ],
              [
                -78.7369620091545,
                -1.6564083213266523
              ],
              [
                -78.73707637404475,
                -1.656384217963097
              ],
              [
                -78.73726901268373,
                -1.6563298685289638
              ],
              [
                -78.73730223281126,
                -1.6563240731014033
              ],
              [
                -78.73733641269735,
                -1.656323530198163
              ],
              [
                -78.7373758150217,
                -1.6563234552478037
              ],
              [
                -78.73743897545195,
                -1.656334800899782
              ],
              [
                -78.73759148665934,
                -1.6563685494726992
              ],
              [
                -78.7377019163778,
                -1.6563978986592989
              ],
              [
                -78.73775267719978,
                -1.6564106412255664
              ],
              [
                -78.73786667435212,
                -1.6564438655017806
              ],
              [
                -78.73789844035454,
                -1.656453658135221
              ],
              [
                -78.73792158969223,
                -1.6564568985094845
              ],
              [
                -78.73794384541272,
                -1.6564583488106372
              ],
              [
                -78.73795927226267,
                -1.656457125324017
              ],
              [
                -78.7379738034771,
                -1.656453515111938
              ],
              [
                -78.73800553646889,
                -1.6564456911615368
              ],
              [
                -78.73805567216112,
                -1.6564417150514832
              ],
              [
                -78.73808166617182,
                -1.656442919234013
              ],
              [
                -78.73809982779407,
                -1.6564446758105886
              ],
              [
                -78.73812547306323,
                -1.6564500019017903
              ],
              [
                -78.73814685054809,
                -1.6564574854940695
              ],
              [
                -78.73817001199812,
                -1.6564674734504998
              ],
              [
                -78.73819496019247,
                -1.6564806835625627
              ],
              [
                -78.73826305415895,
                -1.6565278483441543
              ],
              [
                -78.73832541871847,
                -1.6565581855296232
              ],
              [
                -78.73834536709006,
                -1.6565631633575828
              ],
              [
                -78.7383645963575,
                -1.6565645604580206
              ],
              [
                -78.73839806473268,
                -1.6565648547464817
              ],
              [
                -78.73844042712116,
                -1.6565608326343
              ],
              [
                -78.73849702042662,
                -1.6565510511147241
              ],
              [
                -78.73854790970665,
                -1.6565376976024715
              ],
              [
                -78.73875251948579,
                -1.6564749652419923
              ],
              [
                -78.73881124185843,
                -1.6564612383166417
              ],
              [
                -78.73883082016089,
                -1.6564590513900062
              ],
              [
                -78.73885823786131,
                -1.65646043257754
              ],
              [
                -78.73888886135349,
                -1.6564621663969294
              ],
              [
                -78.73893800460034,
                -1.656466730264164
              ],
              [
                -78.73896079402198,
                -1.6564681205988894
              ],
              [
                -78.73902951221767,
                -1.656468706676659
              ],
              [
                -78.73909395214895,
                -1.6564664338603121
              ],
              [
                -78.73916800332012,
                -1.6564627102857492
              ],
              [
                -78.73920608844165,
                -1.6564565470499042
              ],
              [
                -78.73924202811884,
                -1.6564450133020763
              ],
              [
                -78.73928222649245,
                -1.6564266636424452
              ],
              [
                -78.73937432798155,
                -1.6563652203729862
              ],
              [
                -78.7394696037274,
                -1.6562883636442483
              ],
              [
                -78.73951474049117,
                -1.6562452830474916
              ],
              [
                -78.73954103148834,
                -1.6562151362671627
              ],
              [
                -78.73961135604196,
                -1.6561229205603214
              ],
              [
                -78.73965217323118,
                -1.6560547675248356
              ],
              [
                -78.7396677785378,
                -1.6560221323698099
              ],
              [
                -78.73967984156214,
                -1.6559998956634872
              ],
              [
                -78.73970363332649,
                -1.655965812629325
              ],
              [
                -78.73972921864582,
                -1.655939249452154
              ],
              [
                -78.73974344235249,
                -1.6559295485063021
              ],
              [
                -78.73975838901902,
                -1.6559255789495735
              ],
              [
                -78.73978152796657,
                -1.6559237441378274
              ],
              [
                -78.73981001421917,
                -1.6559247649226978
              ],
              [
                -78.73986450299525,
                -1.655932185250419
              ],
              [
                -78.7399115143414,
                -1.6559392616052722
              ],
              [
                -78.73994712326845,
                -1.6559413437423967
              ],
              [
                -78.74000516449473,
                -1.6559444577939644
              ],
              [
                -78.74013263249074,
                -1.6559460071126115
              ],
              [
                -78.74022378401095,
                -1.6559483419240715
              ],
              [
                -78.74027327582733,
                -1.6559489646319543
              ],
              [
                -78.74029748668434,
                -1.655948560294281
              ],
              [
                -78.74030780318888,
                -1.6559438829979358
              ],
              [
                -78.7403138399434,
                -1.6559352719339202
              ],
              [
                -78.74031560563601,
                -1.6559277444049711
              ],
              [
                -78.74031522636932,
                -1.6559152052581767
              ],
              [
                -78.74031377036525,
                -1.6558983680844992
              ],
              [
                -78.74030261714545,
                -1.6558367628214468
              ],
              [
                -78.74027896460063,
                -1.655755116536175
              ],
              [
                -78.74027250924287,
                -1.6557304059698064
              ],
              [
                -78.74027034609136,
                -1.65571607843971
              ],
              [
                -78.7402713806221,
                -1.65569816201627
              ],
              [
                -78.74027668769084,
                -1.6556802369345656
              ],
              [
                -78.74028236148396,
                -1.6556676857485977
              ],
              [
                -78.74029194879503,
                -1.655654052424463
              ],
              [
                -78.7403107806202,
                -1.6556335944360001
              ],
              [
                -78.74035841600802,
                -1.6555933742374858
              ],
              [
                -78.74037868703789,
                -1.6555807954995823
              ],
              [
                -78.74040500736166,
                -1.655566772753906
              ],
              [
                -78.74042172496436,
                -1.6555577834049928
              ],
              [
                -78.74043238901334,
                -1.655548447201028
              ],
              [
                -78.74046331450134,
                -1.655521516760416
              ],
              [
                -78.74047930627137,
                -1.6555053631483505
              ],
              [
                -78.74048926752076,
                -1.6555010443344536
              ],
              [
                -78.74050385803844,
                -1.6554974332516907
              ],
              [
                -78.74053482287084,
                -1.6554912834876985
              ],
              [
                -78.74056329093693,
                -1.655482989243105
              ],
              [
                -78.7405892693662,
                -1.6554757733462604
              ],
              [
                -78.7406138263768,
                -1.6554703530039927
              ],
              [
                -78.74063731673232,
                -1.6554660081219181
              ],
              [
                -78.74066686351034,
                -1.655463443867241
              ],
              [
                -78.74068180919407,
                -1.6554587583135618
              ],
              [
                -78.74069497484801,
                -1.6554544332288603
              ],
              [
                -78.74070600087127,
                -1.6554483211604665
              ],
              [
                -78.74071239287363,
                -1.6554393516034709
              ],
              [
                -78.74071700484402,
                -1.6554307443236296
              ],
              [
                -78.74072018908146,
                -1.6554199892699735
              ],
              [
                -78.74072688444124,
                -1.6553827143856508
              ],
              [
                -78.74072716386502,
                -1.655342226498557
              ],
              [
                -78.74072535161275,
                -1.6553250318256316
              ],
              [
                -78.74072175596869,
                -1.65530640676066
              ],
              [
                -78.74070489473222,
                -1.65523836286019
              ],
              [
                -78.74068266117814,
                -1.6551538479398857
              ],
              [
                -78.74067009174506,
                -1.6550965450691262
              ],
              [
                -78.7406628692137,
                -1.6550424557825425
              ],
              [
                -78.74066096619688,
                -1.6549768915812284
              ],
              [
                -78.7406634241018,
                -1.6549586142733799
              ],
              [
                -78.74067051315866,
                -1.6549417606782133
              ],
              [
                -78.74068329231348,
                -1.6549209558210063
              ],
              [
                -78.7406982111863,
                -1.6549026539275642
              ],
              [
                -78.74072060641792,
                -1.6548832640331266
              ],
              [
                -78.74073518823651,
                -1.654874637445698
              ],
              [
                -78.74077930387138,
                -1.6548566384222776
              ],
              [
                -78.74080385751324,
                -1.6548494263008053
              ],
              [
                -78.74082023240513,
                -1.6548479615824376
              ],
              [
                -78.74086010813664,
                -1.6548471692749696
              ],
              [
                -78.7409024715363,
                -1.6548438639390703
              ],
              [
                -78.74091208326747,
                -1.6548427711534277
              ],
              [
                -78.74092204500569,
                -1.6548388112267736
              ],
              [
                -78.74093342390057,
                -1.654831264880839
              ],
              [
                -78.74095013091713,
                -1.6548165431309947
              ],
              [
                -78.74097996570133,
                -1.6547777904785206
              ],
              [
                -78.74100586154616,
                -1.6547268643340292
              ],
              [
                -78.74102180188368,
                -1.654683121848297
              ],
              [
                -78.74103311689275,
                -1.6546415382768305
              ],
              [
                -78.74104085157741,
                -1.6545892126850419
              ],
              [
                -78.74104926453181,
                -1.6545186122589952
              ],
              [
                -78.7410527199489,
                -1.6544627117975894
              ],
              [
                -78.74105647147931,
                -1.654374564478677
              ],
              [
                -78.74105628153322,
                -1.654359216761453
              ],
              [
                -78.73499475094083,
                -1.6543522607993788
              ]
            ]
          ]
        ]
      }
    },
    {
      "type": "Feature",
      "properties": {
        "CELL_ID": "R-1000-32-21",
        "AMBITO": "RURAL",
        "CATEGORIA": "VIOLENCIA",
        "PLATAFORMA": null,
        "PARROQUIA": "LICAN",
        "DISTANCE_M": 2000,
        "CELL_SIZE_M": 1000,
        "COUNT": 0,
        "GI_ZSCORE": 7.302200228619054,
        "GI_PVALUE": 2.8309954355675323e-13,
        "GI_CLASS": "HOTSPOT 99%",
        "NIVEL": 99,
        "COB_A_PCT": 0.0,
        "ESTADO_A": "SIN COBERTURA",
        "COB_B_PCT": 0.0,
        "ESTADO_B": "SIN COBERTURA",
        "COB_C_PCT": 0.0,
        "ESTADO_C": "SIN COBERTURA",
        "COB_B_ANTERIOR_PCT": 0.0,
        "ESTADO_B_ANTERIOR": "SIN COBERTURA",
        "COB_C_ANTERIOR_PCT": 0.0,
        "ESTADO_C_ANTERIOR": "SIN COBERTURA"
      },
      "geometry": {
        "type": "MultiPolygon",
        "coordinates": [
          [
            [
              [
                -78.71701769891763,
                -1.6633715417267347
              ],
              [
                -78.71702806641484,
                -1.6543315335222755
              ],
              [
                -78.70804480890473,
                -1.6543211086019562
              ],
              [
                -78.7080344006994,
                -1.6633610598093305
              ],
              [
                -78.71701769891763,
                -1.6633715417267347
              ]
            ]
          ]
        ]
      }
    },
    {
      "type": "Feature",
      "properties": {
        "CELL_ID": "R-1000-32-22",
        "AMBITO": "RURAL",
        "CATEGORIA": "VIOLENCIA",
        "PLATAFORMA": null,
        "PARROQUIA": "LICAN",
        "DISTANCE_M": 2000,
        "CELL_SIZE_M": 1000,
        "COUNT": 3,
        "GI_ZSCORE": 10.451460399641618,
        "GI_PVALUE": 1.4428609333014031e-25,
        "GI_CLASS": "HOTSPOT 99%",
        "NIVEL": 99,
        "COB_A_PCT": 0.0,
        "ESTADO_A": "SIN COBERTURA",
        "COB_B_PCT": 2.2421690332081896,
        "ESTADO_B": "PARCIALMENTE CUBIERTO",
        "COB_C_PCT": 2.2421690332081896,
        "ESTADO_C": "PARCIALMENTE CUBIERTO",
        "COB_B_ANTERIOR_PCT": 2.2421690332081896,
        "ESTADO_B_ANTERIOR": "PARCIALMENTE CUBIERTO",
        "COB_C_ANTERIOR_PCT": 2.2421690332081896,
        "ESTADO_C_ANTERIOR": "PARCIALMENTE CUBIERTO"
      },
      "geometry": {
        "type": "MultiPolygon",
        "coordinates": [
          [
            [
              [
                -78.7080344006994,
                -1.6633610598093305
              ],
              [
                -78.70804480890473,
                -1.6543211086019562
              ],
              [
                -78.69906160819271,
                -1.6543106428288321
              ],
              [
                -78.69905115928053,
                -1.6633505368157644
              ],
              [
                -78.7080344006994,
                -1.6633610598093305
              ]
            ]
          ]
        ]
      }
    },
    {
      "type": "Feature",
      "properties": {
        "CELL_ID": "R-1000-32-23",
        "AMBITO": "RURAL",
        "CATEGORIA": "VIOLENCIA",
        "PLATAFORMA": null,
        "PARROQUIA": "LICAN",
        "DISTANCE_M": 2000,
        "CELL_SIZE_M": 1000,
        "COUNT": 3,
        "GI_ZSCORE": 10.944960750170385,
        "GI_PVALUE": 7.0248147262819675e-28,
        "GI_CLASS": "HOTSPOT 99%",
        "NIVEL": 99,
        "COB_A_PCT": 0.0,
        "ESTADO_A": "SIN COBERTURA",
        "COB_B_PCT": 3.5319514413424735,
        "ESTADO_B": "PARCIALMENTE CUBIERTO",
        "COB_C_PCT": 9.968304670072547,
        "ESTADO_C": "PARCIALMENTE CUBIERTO",
        "COB_B_ANTERIOR_PCT": 3.5319514413424735,
        "ESTADO_B_ANTERIOR": "PARCIALMENTE CUBIERTO",
        "COB_C_ANTERIOR_PCT": 9.968304670072547,
        "ESTADO_C_ANTERIOR": "PARCIALMENTE CUBIERTO"
      },
      "geometry": {
        "type": "MultiPolygon",
        "coordinates": [
          [
            [
              [
                -78.69006797488322,
                -1.6633399727473313
              ],
              [
                -78.69905115928053,
                -1.6633505368157644
              ],
              [
                -78.69906160819271,
                -1.6543106428288321
              ],
              [
                -78.69387019245774,
                -1.654304575974328
              ],
              [
                -78.6941347131492,
                -1.6546683596867342
              ],
              [
                -78.69415841499463,
                -1.6546963171598523
              ],
              [
                -78.69471383402939,
                -1.6553514596155756
              ],
              [
                -78.69510569035853,
                -1.6557782470867703
              ],
              [
                -78.69510569049952,
                -1.6557782472403306
              ],
              [
                -78.69513127139794,
                -1.6557683168480708
              ],
              [
                -78.69513214045965,
                -1.6557679797735882
              ],
              [
                -78.69523039401425,
                -1.655871988317671
              ],
              [
                -78.6952306595907,
                -1.6558722697688177
              ],
              [
                -78.69537043001367,
                -1.6558298690975453
              ],
              [
                -78.69627056403786,
                -1.6555075699826858
              ],
              [
                -78.69646396254926,
                -1.6559051951530974
              ],
              [
                -78.69652231709308,
                -1.6560460931517955
              ],
              [
                -78.69661946726261,
                -1.656160568650284
              ],
              [
                -78.69670267143498,
                -1.6562902681970944
              ],
              [
                -78.69699696924935,
                -1.6566589510644596
              ],
              [
                -78.69725802573232,
                -1.6569988934763535
              ],
              [
                -78.69750484822099,
                -1.6573149015625406
              ],
              [
                -78.69771247351191,
                -1.6575736140853616
              ],
              [
                -78.6977811947989,
                -1.657646454900365
              ],
              [
                -78.6977769559767,
                -1.6576539620303483
              ],
              [
                -78.69777695605778,
                -1.6576539621313542
              ],
              [
                -78.69782762913454,
                -1.6577171036542544
              ],
              [
                -78.6977274994506,
                -1.6579800854596858
              ],
              [
                -78.69768437328568,
                -1.6582766195505547
              ],
              [
                -78.69753724799416,
                -1.6588028214817105
              ],
              [
                -78.69722419791199,
                -1.6588503174199185
              ],
              [
                -78.69698165270627,
                -1.6589472943877126
              ],
              [
                -78.6969816525539,
                -1.6589472944486396
              ],
              [
                -78.69687522449875,
                -1.6590254686797778
              ],
              [
                -78.6967230423066,
                -1.6590826936639358
              ],
              [
                -78.69663416543337,
                -1.6590220403214553
              ],
              [
                -78.69658453288203,
                -1.6589881684847922
              ],
              [
                -78.69651780950198,
                -1.6589883596794355
              ],
              [
                -78.6962857217557,
                -1.6590726142182606
              ],
              [
                -78.69590049123721,
                -1.659234805575442
              ],
              [
                -78.69567701623565,
                -1.659282379918913
              ],
              [
                -78.69550581478646,
                -1.65934436543305
              ],
              [
                -78.6954487273252,
                -1.6593825679285985
              ],
              [
                -78.69546387562134,
                -1.6593996746887458
              ],
              [
                -78.69448268750386,
                -1.6601121976493003
              ],
              [
                -78.69445437019245,
                -1.6601180773953765
              ],
              [
                -78.69432138806779,
                -1.6602293305408964
              ],
              [
                -78.69428307447365,
                -1.6602613843545602
              ],
              [
                -78.69424440264042,
                -1.660338990581354
              ],
              [
                -78.6942258982534,
                -1.6603761245521507
              ],
              [
                -78.6942267734365,
                -1.660377483368934
              ],
              [
                -78.69397620801873,
                -1.6609245905894074
              ],
              [
                -78.69346256219681,
                -1.662046126295321
              ],
              [
                -78.6933013253705,
                -1.6624312430229402
              ],
              [
                -78.69325001675207,
                -1.6624043948408969
              ],
              [
                -78.69312078149098,
                -1.6623506662715908
              ],
              [
                -78.69303150442582,
                -1.6622721096922208
              ],
              [
                -78.69282751664213,
                -1.6621239350923707
              ],
              [
                -78.69267071384915,
                -1.662066347541244
              ],
              [
                -78.69256214961693,
                -1.6620235664778489
              ],
              [
                -78.69250939567416,
                -1.6620083813333562
              ],
              [
                -78.69237843834061,
                -1.662005012736749
              ],
              [
                -78.692214464008,
                -1.6619832932475143
              ],
              [
                -78.6921552928634,
                -1.6619762177555082
              ],
              [
                -78.69210373492488,
                -1.6619575738666765
              ],
              [
                -78.69208870329595,
                -1.6619305767188843
              ],
              [
                -78.6920455912372,
                -1.661823200598822
              ],
              [
                -78.69140571180462,
                -1.6610867396215636
              ],
              [
                -78.69007021866541,
                -1.6614104472128923
              ],
              [
                -78.69006797488322,
                -1.6633399727473313
              ]
            ]
          ]
        ]
      }
    },
    {
      "type": "Feature",
      "properties": {
        "CELL_ID": "R-1000-32-24",
        "AMBITO": "RURAL",
        "CATEGORIA": "VIOLENCIA",
        "PLATAFORMA": null,
        "PARROQUIA": "LICAN",
        "DISTANCE_M": 2000,
        "CELL_SIZE_M": 1000,
        "COUNT": 4,
        "GI_ZSCORE": 4.707307479453887,
        "GI_PVALUE": 2.51010151233025e-06,
        "GI_CLASS": "HOTSPOT 99%",
        "NIVEL": 99,
        "COB_A_PCT": 0.0,
        "ESTADO_A": "SIN COBERTURA",
        "COB_B_PCT": 0.0,
        "ESTADO_B": "SIN COBERTURA",
        "COB_C_PCT": 0.0,
        "ESTADO_C": "SIN COBERTURA",
        "COB_B_ANTERIOR_PCT": 0.0,
        "ESTADO_B_ANTERIOR": "SIN COBERTURA",
        "COB_C_ANTERIOR_PCT": 0.0,
        "ESTADO_C_ANTERIOR": "SIN COBERTURA"
      },
      "geometry": {
        "type": "MultiPolygon",
        "coordinates": [
          [
            [
              [
                -78.69006797488322,
                -1.6633399727473313
              ],
              [
                -78.69007021866541,
                -1.6614104472128923
              ],
              [
                -78.68969843022916,
                -1.6615005640522718
              ],
              [
                -78.68853277790076,
                -1.6613376640917583
              ],
              [
                -78.68843803059669,
                -1.6613772600007226
              ],
              [
                -78.68834676232628,
                -1.661417951046342
              ],
              [
                -78.6883467622151,
                -1.6614179511420026
              ],
              [
                -78.68833318946643,
                -1.6614296308979057
              ],
              [
                -78.68825946715867,
                -1.6614654204673265
              ],
              [
                -78.68811202810687,
                -1.6615322175198195
              ],
              [
                -78.68793843341282,
                -1.661608550590114
              ],
              [
                -78.68776430595913,
                -1.6616316654964123
              ],
              [
                -78.68758877417912,
                -1.6616712312223578
              ],
              [
                -78.68622263365891,
                -1.6620390369696443
              ],
              [
                -78.6859095712824,
                -1.6622766211711948
              ],
              [
                -78.6859095700608,
                -1.6622766220982679
              ],
              [
                -78.68577450626933,
                -1.6624364470027237
              ],
              [
                -78.68577450508376,
                -1.6624364485901566
              ],
              [
                -78.6855578333353,
                -1.6627265664150694
              ],
              [
                -78.68545235223195,
                -1.6628678030029158
              ],
              [
                -78.68527798887142,
                -1.6630239898331451
              ],
              [
                -78.6852345745306,
                -1.663075363182586
              ],
              [
                -78.68504473223348,
                -1.6631423369245755
              ],
              [
                -78.68504472872702,
                -1.663142338369511
              ],
              [
                -78.68458083175396,
                -1.6633334997224778
              ],
              [
                -78.69006797488322,
                -1.6633399727473313
              ]
            ]
          ]
        ]
      }
    },
    {
      "type": "Feature",
      "properties": {
        "CELL_ID": "R-1000-33-17",
        "AMBITO": "RURAL",
        "CATEGORIA": "VIOLENCIA",
        "PLATAFORMA": null,
        "PARROQUIA": "CALPI",
        "DISTANCE_M": 2000,
        "CELL_SIZE_M": 1000,
        "COUNT": 1,
        "GI_ZSCORE": 1.827217533718957,
        "GI_PVALUE": 0.0676670686028948,
        "GI_CLASS": "HOTSPOT 90%",
        "NIVEL": 90,
        "COB_A_PCT": 16.410897447207574,
        "ESTADO_A": "PARCIALMENTE CUBIERTO",
        "COB_B_PCT": 24.26699495066293,
        "ESTADO_B": "PARCIALMENTE CUBIERTO",
        "COB_C_PCT": 24.26699495066293,
        "ESTADO_C": "PARCIALMENTE CUBIERTO",
        "COB_B_ANTERIOR_PCT": 24.26699495066293,
        "ESTADO_B_ANTERIOR": "PARCIALMENTE CUBIERTO",
        "COB_C_ANTERIOR_PCT": 24.26699495066293,
        "ESTADO_C_ANTERIOR": "PARCIALMENTE CUBIERTO"
      },
      "geometry": {
        "type": "MultiPolygon",
        "coordinates": [
          [
            [
              [
                -78.75296165999343,
                -1.6543728246499436
              ],
              [
                -78.75297180895814,
                -1.6453325898016025
              ],
              [
                -78.74398836696811,
                -1.6453223844083702
              ],
              [
                -78.7439824688126,
                -1.6505613258231968
              ],
              [
                -78.7439955939497,
                -1.6505610438679263
              ],
              [
                -78.74409457668398,
                -1.6505622887261777
              ],
              [
                -78.74419428677724,
                -1.6505717736408019
              ],
              [
                -78.74422847818204,
                -1.6505777999996951
              ],
              [
                -78.7443684977817,
                -1.6506280533847384
              ],
              [
                -78.74450387761098,
                -1.6506725835497693
              ],
              [
                -78.74459614935257,
                -1.6507028632564642
              ],
              [
                -78.74466813080612,
                -1.6507349730376182
              ],
              [
                -78.7448741381434,
                -1.650849235828657
              ],
              [
                -78.74496681235712,
                -1.650904236413609
              ],
              [
                -78.74507056025881,
                -1.650978564928444
              ],
              [
                -78.74517288042658,
                -1.6510507456755072
              ],
              [
                -78.74520567117247,
                -1.6510696726041985
              ],
              [
                -78.74521921565953,
                -1.6510775295348756
              ],
              [
                -78.74524165324752,
                -1.651081069979448
              ],
              [
                -78.7452640884543,
                -1.6510835355415876
              ],
              [
                -78.74530895114017,
                -1.6510841662340663
              ],
              [
                -78.74536164265659,
                -1.65108263350296
              ],
              [
                -78.74541896147537,
                -1.6510803747004938
              ],
              [
                -78.74547342579103,
                -1.6510745390468264
              ],
              [
                -78.74551222431292,
                -1.6510690905099223
              ],
              [
                -78.7455617119233,
                -1.6510679220516453
              ],
              [
                -78.74563861779492,
                -1.6510684925819097
              ],
              [
                -78.74570200317648,
                -1.65107338878163
              ],
              [
                -78.74583270243579,
                -1.6510903382676807
              ],
              [
                -78.74590072960143,
                -1.6511023914644891
              ],
              [
                -78.74593457542706,
                -1.6511137918193273
              ],
              [
                -78.7459734101438,
                -1.6511280500518597
              ],
              [
                -78.7460236617173,
                -1.651154468635034
              ],
              [
                -78.74610494318435,
                -1.6512094905794101
              ],
              [
                -78.74618657990827,
                -1.6512641549399523
              ],
              [
                -78.74621580091376,
                -1.6512780722347002
              ],
              [
                -78.74627423123783,
                -1.651298742449113
              ],
              [
                -78.74631056433071,
                -1.6513079886507631
              ],
              [
                -78.74635259137983,
                -1.6513154333093358
              ],
              [
                -78.74637431223874,
                -1.6513164669846343
              ],
              [
                -78.74638748800524,
                -1.6513175171245598
              ],
              [
                -78.74647543342479,
                -1.6513191416658901
              ],
              [
                -78.74654094263016,
                -1.6513175837607867
              ],
              [
                -78.74657297859457,
                -1.6513135820577238
              ],
              [
                -78.74660394493961,
                -1.6513085069649354
              ],
              [
                -78.74674310312727,
                -1.6512792208933997
              ],
              [
                -78.74693173023805,
                -1.6512390923701867
              ],
              [
                -78.74703814633143,
                -1.6512170345262152
              ],
              [
                -78.74712782609527,
                -1.65119429222181
              ],
              [
                -78.74714561618023,
                -1.6511878089887628
              ],
              [
                -78.7472199525614,
                -1.6511471802939943
              ],
              [
                -78.74725445011558,
                -1.6511263340454185
              ],
              [
                -78.74728644850137,
                -1.651102267533595
              ],
              [
                -78.7473124149419,
                -1.6510889619356832
              ],
              [
                -78.74733875160888,
                -1.651083537111346
              ],
              [
                -78.74738289859515,
                -1.6510823787873432
              ],
              [
                -78.74743595942194,
                -1.651088010787591
              ],
              [
                -78.74750898420504,
                -1.651107219545925
              ],
              [
                -78.74755388693657,
                -1.6511289898677162
              ],
              [
                -78.74761555020349,
                -1.6511650601293049
              ],
              [
                -78.74764015742981,
                -1.6511868696828091
              ],
              [
                -78.7476640690379,
                -1.651216920405821
              ],
              [
                -78.74768800385014,
                -1.6512598697324563
              ],
              [
                -78.74770029477929,
                -1.651295198440311
              ],
              [
                -78.74771130199203,
                -1.6513424714226907
              ],
              [
                -78.74773112030942,
                -1.6515316116799996
              ],
              [
                -78.747743589887,
                -1.6515989465672796
              ],
              [
                -78.74775217293694,
                -1.651619472219254
              ],
              [
                -78.74777501191039,
                -1.6516471369182215
              ],
              [
                -78.74782541012267,
                -1.6516886031099864
              ],
              [
                -78.74784917653352,
                -1.6517048004526242
              ],
              [
                -78.74787008006926,
                -1.651712881841194
              ],
              [
                -78.74789476744115,
                -1.6517137905197181
              ],
              [
                -78.74792229359007,
                -1.6517099165464606
              ],
              [
                -78.74801246326894,
                -1.651694935802259
              ],
              [
                -78.74813156787978,
                -1.6516679573352506
              ],
              [
                -78.74819088877929,
                -1.6516573340341099
              ],
              [
                -78.74827442021085,
                -1.651646666020464
              ],
              [
                -78.74832566782003,
                -1.6516351032675343
              ],
              [
                -78.74836933103195,
                -1.651628809542112
              ],
              [
                -78.7484182273262,
                -1.6516287170444899
              ],
              [
                -78.74849323363041,
                -1.6516290520902661
              ],
              [
                -78.7485468629604,
                -1.6516213061134968
              ],
              [
                -78.74864270050439,
                -1.6515910276043408
              ],
              [
                -78.74867734500774,
                -1.651585707161611
              ],
              [
                -78.74872529913124,
                -1.6515894375935685
              ],
              [
                -78.74878370971008,
                -1.6515998362611022
              ],
              [
                -78.74881315747146,
                -1.651607902072865
              ],
              [
                -78.7488620910196,
                -1.6516273952440668
              ],
              [
                -78.74890105467719,
                -1.6516469077847933
              ],
              [
                -78.74894098912048,
                -1.6516778844331037
              ],
              [
                -78.74896667230175,
                -1.65170315401405
              ],
              [
                -78.7489966528642,
                -1.6517422708825176
              ],
              [
                -78.7490280762018,
                -1.6517909385833627
              ],
              [
                -78.74903902821524,
                -1.6518090712913707
              ],
              [
                -78.74905710846859,
                -1.6518305344088509
              ],
              [
                -78.74910132285041,
                -1.6518653236839427
              ],
              [
                -78.74912460596907,
                -1.651876744527803
              ],
              [
                -78.74915928358986,
                -1.6518890995624906
              ],
              [
                -78.74918730423974,
                -1.651895256262414
              ],
              [
                -78.74924286167825,
                -1.6519032722920726
              ],
              [
                -78.749282270716,
                -1.6519070191961653
              ],
              [
                -78.74930695523739,
                -1.6519064940784796
              ],
              [
                -78.74932688549755,
                -1.6519021567018546
              ],
              [
                -78.7493543962014,
                -1.6518896836299173
              ],
              [
                -78.74937715624289,
                -1.651875786729826
              ],
              [
                -78.74940654806932,
                -1.6518537557638915
              ],
              [
                -78.7494160157521,
                -1.6518394061615334
              ],
              [
                -78.74942073115285,
                -1.6518226771783289
              ],
              [
                -78.74942307598927,
                -1.6518073856002524
              ],
              [
                -78.74942256855616,
                -1.6517897104795067
              ],
              [
                -78.74942349724282,
                -1.6517787213376964
              ],
              [
                -78.74942821840013,
                -1.6517648581118323
              ],
              [
                -78.74943437243864,
                -1.651755769757696
              ],
              [
                -78.74945095433054,
                -1.651738062588628
              ],
              [
                -78.74949360828435,
                -1.6517002417106903
              ],
              [
                -78.74952822096073,
                -1.6516777230924993
              ],
              [
                -78.7495732766034,
                -1.6516547074111951
              ],
              [
                -78.74970655989613,
                -1.651594260884684
              ],
              [
                -78.74985975545607,
                -1.6515199232169773
              ],
              [
                -78.74988679794834,
                -1.6515107944761758
              ],
              [
                -78.749911953563,
                -1.6515083587767643
              ],
              [
                -78.74997508858586,
                -1.6515068052889428
              ],
              [
                -78.75004392905247,
                -1.6515100188843614
              ],
              [
                -78.75014221695626,
                -1.651520819142723
              ],
              [
                -78.75021627954706,
                -1.6515240224111118
              ],
              [
                -78.75025709863463,
                -1.6515201228604866
              ],
              [
                -78.75032496382178,
                -1.6515094838959996
              ],
              [
                -78.75038285838728,
                -1.6514979087529746
              ],
              [
                -78.75040184683728,
                -1.6514978725292224
              ],
              [
                -78.75041372071388,
                -1.6515007165532587
              ],
              [
                -78.75043177436503,
                -1.6515083254911684
              ],
              [
                -78.75044888583781,
                -1.6515197582772294
              ],
              [
                -78.75047695798811,
                -1.6515536233230943
              ],
              [
                -78.75049171725624,
                -1.6515765254827253
              ],
              [
                -78.75050603081138,
                -1.6516147159734405
              ],
              [
                -78.75052131552194,
                -1.6516648479084213
              ],
              [
                -78.75053992575269,
                -1.651715928337512
              ],
              [
                -78.75055470715591,
                -1.6517502962497537
              ],
              [
                -78.75057898881799,
                -1.6517884673643712
              ],
              [
                -78.75059706910723,
                -1.6518099304902816
              ],
              [
                -78.75062178388484,
                -1.6518256479726456
              ],
              [
                -78.75063603858757,
                -1.6518323096889962
              ],
              [
                -78.75065550713215,
                -1.6518351388636656
              ],
              [
                -78.75072054869145,
                -1.6518374034197232
              ],
              [
                -78.75078463817702,
                -1.6518387149525966
              ],
              [
                -78.75098591152187,
                -1.65183403270297
              ],
              [
                -78.75111787201199,
                -1.651827571005474
              ],
              [
                -78.75117767995384,
                -1.6518241134441705
              ],
              [
                -78.75122086765764,
                -1.6518173435907988
              ],
              [
                -78.75125740557806,
                -1.651809152268579
              ],
              [
                -78.75134755492488,
                -1.6517836620456894
              ],
              [
                -78.7514467086073,
                -1.6517500332016106
              ],
              [
                -78.75148940956875,
                -1.6517375312742313
              ],
              [
                -78.75150981832137,
                -1.6517351037097203
              ],
              [
                -78.75153403340882,
                -1.6517374464930394
              ],
              [
                -78.75155588279306,
                -1.6517440924469877
              ],
              [
                -78.75157346537422,
                -1.6517536137612
              ],
              [
                -78.75159390887276,
                -1.65176981726133
              ],
              [
                -78.75161341145356,
                -1.651790321939277
              ],
              [
                -78.75164005687611,
                -1.6518227561143413
              ],
              [
                -78.75170766616827,
                -1.6519286816486545
              ],
              [
                -78.75175347917876,
                -1.6520566233707241
              ],
              [
                -78.7517745140166,
                -1.6521349285651175
              ],
              [
                -78.75179179687652,
                -1.6522376055878176
              ],
              [
                -78.75180067247518,
                -1.6524133895838529
              ],
              [
                -78.7518052366143,
                -1.6525686400949176
              ],
              [
                -78.7518081486436,
                -1.6526025524450125
              ],
              [
                -78.75181294341205,
                -1.6526278624408832
              ],
              [
                -78.75182533825166,
                -1.652655546022836
              ],
              [
                -78.75184390765173,
                -1.6526846523418544
              ],
              [
                -78.75185914252944,
                -1.6527080314865987
              ],
              [
                -78.75188576419754,
                -1.6527280443643613
              ],
              [
                -78.75191854693,
                -1.652742313765946
              ],
              [
                -78.7519408686762,
                -1.6527475264886342
              ],
              [
                -78.7519774307507,
                -1.652752233814401
              ],
              [
                -78.75199975087808,
                -1.652756490981547
              ],
              [
                -78.75202160603568,
                -1.6527660036145002
              ],
              [
                -78.75205678345888,
                -1.6527917333452216
              ],
              [
                -78.75207676325572,
                -1.652813670556509
              ],
              [
                -78.75210010529524,
                -1.652856621118537
              ],
              [
                -78.75211538355008,
                -1.6529029308875347
              ],
              [
                -78.75211830133605,
                -1.652939709911922
              ],
              [
                -78.75211504617756,
                -1.6529760226584382
              ],
              [
                -78.75210891498539,
                -1.652997531445314
              ],
              [
                -78.75210419346317,
                -1.6530109164699254
              ],
              [
                -78.75209000586236,
                -1.6530396066836217
              ],
              [
                -78.75207533079472,
                -1.6530616092752062
              ],
              [
                -78.75205733595764,
                -1.6530855300382805
              ],
              [
                -78.75201517225648,
                -1.653131471499855
              ],
              [
                -78.75193554999957,
                -1.6532013693916974
              ],
              [
                -78.75187820216051,
                -1.6532506845309791
              ],
              [
                -78.75186020444075,
                -1.6532731715013873
              ],
              [
                -78.75184458718529,
                -1.653298997936621
              ],
              [
                -78.75180439294392,
                -1.6533821973540046
              ],
              [
                -78.75176518082134,
                -1.6534835488766022
              ],
              [
                -78.75175620309788,
                -1.653505540774795
              ],
              [
                -78.75174153413586,
                -1.653530888249225
              ],
              [
                -78.75172781185441,
                -1.6535548003084088
              ],
              [
                -78.75171172763721,
                -1.653584449321552
              ],
              [
                -78.75167816337652,
                -1.6536595155452989
              ],
              [
                -78.75163609733124,
                -1.6537575279469539
              ],
              [
                -78.75160209920176,
                -1.653854092255649
              ],
              [
                -78.75158701184544,
                -1.6539095360041827
              ],
              [
                -78.75158419554509,
                -1.6539262617519954
              ],
              [
                -78.75158095384334,
                -1.6539697397892996
              ],
              [
                -78.75158055146244,
                -1.654007958742231
              ],
              [
                -78.75158203381136,
                -1.654039007320211
              ],
              [
                -78.75158457202002,
                -1.6541264256950419
              ],
              [
                -78.75158990404607,
                -1.6541851743354368
              ],
              [
                -78.75159375947993,
                -1.654215741063687
              ],
              [
                -78.75159954550713,
                -1.6542630244892949
              ],
              [
                -78.7516005628731,
                -1.6542993294356134
              ],
              [
                -78.75159731630285,
                -1.6543399417116198
              ],
              [
                -78.75159097023555,
                -1.6543712616078527
              ],
              [
                -78.75296165999343,
                -1.6543728246499436
              ]
            ]
          ]
        ]
      }
    },
    {
      "type": "Feature",
      "properties": {
        "CELL_ID": "R-1000-33-18",
        "AMBITO": "RURAL",
        "CATEGORIA": "VIOLENCIA",
        "PLATAFORMA": null,
        "PARROQUIA": "CALPI",
        "DISTANCE_M": 2000,
        "CELL_SIZE_M": 1000,
        "COUNT": 5,
        "GI_ZSCORE": 1.827217533718957,
        "GI_PVALUE": 0.0676670686028948,
        "GI_CLASS": "HOTSPOT 90%",
        "NIVEL": 90,
        "COB_A_PCT": 0.0,
        "ESTADO_A": "SIN COBERTURA",
        "COB_B_PCT": 7.710210653365039,
        "ESTADO_B": "PARCIALMENTE CUBIERTO",
        "COB_C_PCT": 7.710210653365039,
        "ESTADO_C": "PARCIALMENTE CUBIERTO",
        "COB_B_ANTERIOR_PCT": 7.710210653365039,
        "ESTADO_B_ANTERIOR": "PARCIALMENTE CUBIERTO",
        "COB_C_ANTERIOR_PCT": 7.710210653365039,
        "ESTADO_C_ANTERIOR": "PARCIALMENTE CUBIERTO"
      },
      "geometry": {
        "type": "MultiPolygon",
        "coordinates": [
          [
            [
              [
                -78.74398836696811,
                -1.6453223844083702
              ],
              [
                -78.73500498088633,
                -1.6453121383806186
              ],
              [
                -78.73499475094083,
                -1.6543522607993788
              ],
              [
                -78.74105628153322,
                -1.654359216761453
              ],
              [
                -78.74105521216181,
                -1.654272811382598
              ],
              [
                -78.74105330860455,
                -1.6542068891730277
              ],
              [
                -78.74104754739456,
                -1.6541728625970489
              ],
              [
                -78.74104075356438,
                -1.6541574684398646
              ],
              [
                -78.74103288962762,
                -1.654140643805439
              ],
              [
                -78.74101825163328,
                -1.6541195317917483
              ],
              [
                -78.74100682328803,
                -1.6541009221595888
              ],
              [
                -78.74100146046774,
                -1.654088750655838
              ],
              [
                -78.74099786431363,
                -1.6540697675993228
              ],
              [
                -78.74099711730892,
                -1.6540511376622042
              ],
              [
                -78.74099779131306,
                -1.6540310719660798
              ],
              [
                -78.74100061790715,
                -1.6540196014192998
              ],
              [
                -78.741004511649,
                -1.6540074124975779
              ],
              [
                -78.74102611326423,
                -1.653944669529447
              ],
              [
                -78.74106617369452,
                -1.653852869994574
              ],
              [
                -78.74110161296717,
                -1.6537643042534524
              ],
              [
                -78.74111081957032,
                -1.6537377728550708
              ],
              [
                -78.74111257654778,
                -1.653725229820928
              ],
              [
                -78.74111149348055,
                -1.6537169911753757
              ],
              [
                -78.74111040180175,
                -1.6537044530141056
              ],
              [
                -78.7410960411992,
                -1.653641420236215
              ],
              [
                -78.74107059395452,
                -1.6535515362977191
              ],
              [
                -78.74103434960733,
                -1.6534004054881137
              ],
              [
                -78.74100276519869,
                -1.653265746694519
              ],
              [
                -78.74099304286827,
                -1.6532073631727162
              ],
              [
                -78.74099150609035,
                -1.6531475308462273
              ],
              [
                -78.7409925266326,
                -1.6531220902605208
              ],
              [
                -78.7410072714268,
                -1.6530106327911263
              ],
              [
                -78.7410150007101,
                -1.6529550825555357
              ],
              [
                -78.74102811686136,
                -1.652924603267372
              ],
              [
                -78.74103877316574,
                -1.6529109675220095
              ],
              [
                -78.74105156820247,
                -1.6528991196592113
              ],
              [
                -78.74106614761872,
                -1.6528894181679852
              ],
              [
                -78.74108855962623,
                -1.6528789852545651
              ],
              [
                -78.7411102622052,
                -1.6528707030892744
              ],
              [
                -78.74114762808277,
                -1.6528602411911724
              ],
              [
                -78.74117503470158,
                -1.6528555319033686
              ],
              [
                -78.74120564958065,
                -1.6528529651930355
              ],
              [
                -78.74122878653816,
                -1.6528496965394504
              ],
              [
                -78.7412451493475,
                -1.652841425434335
              ],
              [
                -78.74125510147135,
                -1.6528324490881643
              ],
              [
                -78.74127712655347,
                -1.652805893482438
              ],
              [
                -78.74128918703879,
                -1.6527818649487465
              ],
              [
                -78.74130053562907,
                -1.652758195398518
              ],
              [
                -78.74130548066607,
                -1.6527370470537575
              ],
              [
                -78.74130616802016,
                -1.6527234306273966
              ],
              [
                -78.74130502872974,
                -1.6526854533627058
              ],
              [
                -78.74128743003071,
                -1.6526045128174147
              ],
              [
                -78.74127162235177,
                -1.6525285843879673
              ],
              [
                -78.74124974914126,
                -1.652446217838258
              ],
              [
                -78.74124686297527,
                -1.652426158910782
              ],
              [
                -78.74124682497083,
                -1.652405736212302
              ],
              [
                -78.74124891026449,
                -1.6523785023655921
              ],
              [
                -78.74125065237644,
                -1.6523584342712472
              ],
              [
                -78.74126797414023,
                -1.6522917593147115
              ],
              [
                -78.74129030159772,
                -1.6522368974554793
              ],
              [
                -78.7413136831409,
                -1.6521737930663247
              ],
              [
                -78.7413268036218,
                -1.6521458215116875
              ],
              [
                -78.74136264512768,
                -1.6520819774263538
              ],
              [
                -78.74140630732413,
                -1.652012027512044
              ],
              [
                -78.7414421676259,
                -1.6519585733122193
              ],
              [
                -78.74146703361795,
                -1.651927713294683
              ],
              [
                -78.74152673176144,
                -1.6518652561308613
              ],
              [
                -78.74159852016463,
                -1.6517945365105773
              ],
              [
                -78.74167174245223,
                -1.651728471499261
              ],
              [
                -78.74171723761776,
                -1.6516868230160249
              ],
              [
                -78.74181784540833,
                -1.6516052998727058
              ],
              [
                -78.74189000152572,
                -1.6515406700983488
              ],
              [
                -78.74196821356774,
                -1.6514774620280357
              ],
              [
                -78.74204144939418,
                -1.6514192791166198
              ],
              [
                -78.742113980461,
                -1.6513646816295893
              ],
              [
                -78.74216802930123,
                -1.6513273161842996
              ],
              [
                -78.74228111912916,
                -1.6512565180421857
              ],
              [
                -78.74231703327048,
                -1.6512317275348245
              ],
              [
                -78.74239275674148,
                -1.6511710324494047
              ],
              [
                -78.74245673837427,
                -1.6511139427173969
              ],
              [
                -78.74253706892281,
                -1.6510417727541724
              ],
              [
                -78.7425708237094,
                -1.6510048044479795
              ],
              [
                -78.74262837295348,
                -1.65093518669256
              ],
              [
                -78.74268734032293,
                -1.6508626993886244
              ],
              [
                -78.74276229115382,
                -1.6507694008562288
              ],
              [
                -78.74284685616558,
                -1.650676801254033
              ],
              [
                -78.74289873453203,
                -1.6506211675731473
              ],
              [
                -78.74293642918101,
                -1.6505963736380789
              ],
              [
                -78.74296310080818,
                -1.650579841588307
              ],
              [
                -78.74300508721743,
                -1.6505650717889004
              ],
              [
                -78.74302501738713,
                -1.6505607344763173
              ],
              [
                -78.7430538556038,
                -1.6505603217396716
              ],
              [
                -78.74314109167643,
                -1.6505630222558176
              ],
              [
                -78.74325504219567,
                -1.6505717641035909
              ],
              [
                -78.74337362289366,
                -1.65058121275336
              ],
              [
                -78.74343237511395,
                -1.6505839675087957
              ],
              [
                -78.74347972776704,
                -1.6505831609688892
              ],
              [
                -78.74355412940885,
                -1.6505769295685184
              ],
              [
                -78.7436815772553,
                -1.6505684462677188
              ],
              [
                -78.74384926619571,
                -1.6505641872875967
              ],
              [
                -78.7439824688126,
                -1.6505613258231968
              ],
              [
                -78.74398836696811,
                -1.6453223844083702
              ]
            ]
          ]
        ]
      }
    },
    {
      "type": "Feature",
      "properties": {
        "CELL_ID": "R-1000-33-19",
        "AMBITO": "RURAL",
        "CATEGORIA": "VIOLENCIA",
        "PLATAFORMA": null,
        "PARROQUIA": "CALPI",
        "DISTANCE_M": 2000,
        "CELL_SIZE_M": 1000,
        "COUNT": 3,
        "GI_ZSCORE": 2.1792274466137593,
        "GI_PVALUE": 0.02931477594985521,
        "GI_CLASS": "HOTSPOT 95%",
        "NIVEL": 95,
        "COB_A_PCT": 0.0,
        "ESTADO_A": "SIN COBERTURA",
        "COB_B_PCT": 0.0,
        "ESTADO_B": "SIN COBERTURA",
        "COB_C_PCT": 0.0,
        "ESTADO_C": "SIN COBERTURA",
        "COB_B_ANTERIOR_PCT": 0.0,
        "ESTADO_B_ANTERIOR": "SIN COBERTURA",
        "COB_C_ANTERIOR_PCT": 0.0,
        "ESTADO_C_ANTERIOR": "SIN COBERTURA"
      },
      "geometry": {
        "type": "MultiPolygon",
        "coordinates": [
          [
            [
              [
                -78.73499475094083,
                -1.6543522607993788
              ],
              [
                -78.73500498088633,
                -1.6453121383806186
              ],
              [
                -78.72602165093494,
                -1.6453018517196079
              ],
              [
                -78.72601138050094,
                -1.654341917588509
              ],
              [
                -78.73499475094083,
                -1.6543522607993788
              ]
            ]
          ]
        ]
      }
    },
    {
      "type": "Feature",
      "properties": {
        "CELL_ID": "R-1000-33-20",
        "AMBITO": "RURAL",
        "CATEGORIA": "VIOLENCIA",
        "PLATAFORMA": null,
        "PARROQUIA": "CALPI",
        "DISTANCE_M": 2000,
        "CELL_SIZE_M": 1000,
        "COUNT": 0,
        "GI_ZSCORE": 8.148078399225138,
        "GI_PVALUE": 3.697526215468081e-16,
        "GI_CLASS": "HOTSPOT 99%",
        "NIVEL": 99,
        "COB_A_PCT": 0.0,
        "ESTADO_A": "SIN COBERTURA",
        "COB_B_PCT": 0.0,
        "ESTADO_B": "SIN COBERTURA",
        "COB_C_PCT": 0.0,
        "ESTADO_C": "SIN COBERTURA",
        "COB_B_ANTERIOR_PCT": 0.0,
        "ESTADO_B_ANTERIOR": "SIN COBERTURA",
        "COB_C_ANTERIOR_PCT": 0.0,
        "ESTADO_C_ANTERIOR": "SIN COBERTURA"
      },
      "geometry": {
        "type": "MultiPolygon",
        "coordinates": [
          [
            [
              [
                -78.72601138050094,
                -1.654341917588509
              ],
              [
                -78.72602165093494,
                -1.6453018517196079
              ],
              [
                -78.7170383773361,
                -1.645291524426603
              ],
              [
                -78.71702806641484,
                -1.6543315335222755
              ],
              [
                -78.72601138050094,
                -1.654341917588509
              ]
            ]
          ]
        ]
      }
    },
    {
      "type": "Feature",
      "properties": {
        "CELL_ID": "R-1000-33-21",
        "AMBITO": "RURAL",
        "CATEGORIA": "VIOLENCIA",
        "PLATAFORMA": null,
        "PARROQUIA": "LICAN",
        "DISTANCE_M": 2000,
        "CELL_SIZE_M": 1000,
        "COUNT": 0,
        "GI_ZSCORE": 9.501483472194872,
        "GI_PVALUE": 2.0692120606369783e-21,
        "GI_CLASS": "HOTSPOT 99%",
        "NIVEL": 99,
        "COB_A_PCT": 0.0,
        "ESTADO_A": "SIN COBERTURA",
        "COB_B_PCT": 0.0,
        "ESTADO_B": "SIN COBERTURA",
        "COB_C_PCT": 0.0,
        "ESTADO_C": "SIN COBERTURA",
        "COB_B_ANTERIOR_PCT": 0.0,
        "ESTADO_B_ANTERIOR": "SIN COBERTURA",
        "COB_C_ANTERIOR_PCT": 0.0,
        "ESTADO_C_ANTERIOR": "SIN COBERTURA"
      },
      "geometry": {
        "type": "MultiPolygon",
        "coordinates": [
          [
            [
              [
                -78.71702806641484,
                -1.6543315335222755
              ],
              [
                -78.7170383773361,
                -1.645291524426603
              ],
              [
                -78.70805516031194,
                -1.6452811565028744
              ],
              [
                -78.70804480890473,
                -1.6543211086019562
              ],
              [
                -78.71702806641484,
                -1.6543315335222755
              ]
            ]
          ]
        ]
      }
    },
    {
      "type": "Feature",
      "properties": {
        "CELL_ID": "R-1000-33-22",
        "AMBITO": "RURAL",
        "CATEGORIA": "VIOLENCIA",
        "PLATAFORMA": null,
        "PARROQUIA": "LICAN",
        "DISTANCE_M": 2000,
        "CELL_SIZE_M": 1000,
        "COUNT": 37,
        "GI_ZSCORE": 9.21942570450981,
        "GI_PVALUE": 2.986956787854707e-20,
        "GI_CLASS": "HOTSPOT 99%",
        "NIVEL": 99,
        "COB_A_PCT": 0.0,
        "ESTADO_A": "SIN COBERTURA",
        "COB_B_PCT": 17.351263062871766,
        "ESTADO_B": "PARCIALMENTE CUBIERTO",
        "COB_C_PCT": 17.351263062871773,
        "ESTADO_C": "PARCIALMENTE CUBIERTO",
        "COB_B_ANTERIOR_PCT": 17.351263062871766,
        "ESTADO_B_ANTERIOR": "PARCIALMENTE CUBIERTO",
        "COB_C_ANTERIOR_PCT": 17.351263062871773,
        "ESTADO_C_ANTERIOR": "PARCIALMENTE CUBIERTO"
      },
      "geometry": {
        "type": "MultiPolygon",
        "coordinates": [
          [
            [
              [
                -78.70804480890473,
                -1.6543211086019562
              ],
              [
                -78.70805516031194,
                -1.6452811565028744
              ],
              [
                -78.69907200008464,
                -1.645270747949697
              ],
              [
                -78.69906160819271,
                -1.6543106428288321
              ],
              [
                -78.70804480890473,
                -1.6543211086019562
              ]
            ]
          ]
        ]
      }
    },
    {
      "type": "Feature",
      "properties": {
        "CELL_ID": "R-1000-33-23",
        "AMBITO": "RURAL",
        "CATEGORIA": "VIOLENCIA",
        "PLATAFORMA": null,
        "PARROQUIA": "LICAN",
        "DISTANCE_M": 2000,
        "CELL_SIZE_M": 1000,
        "COUNT": 12,
        "GI_ZSCORE": 10.944960750170385,
        "GI_PVALUE": 7.0248147262819675e-28,
        "GI_CLASS": "HOTSPOT 99%",
        "NIVEL": 99,
        "COB_A_PCT": 4.440069589473894,
        "ESTADO_A": "PARCIALMENTE CUBIERTO",
        "COB_B_PCT": 9.646186043501222,
        "ESTADO_B": "PARCIALMENTE CUBIERTO",
        "COB_C_PCT": 11.879345086567355,
        "ESTADO_C": "PARCIALMENTE CUBIERTO",
        "COB_B_ANTERIOR_PCT": 9.646186043501222,
        "ESTADO_B_ANTERIOR": "PARCIALMENTE CUBIERTO",
        "COB_C_ANTERIOR_PCT": 11.879345086567355,
        "ESTADO_C_ANTERIOR": "PARCIALMENTE CUBIERTO"
      },
      "geometry": {
        "type": "MultiPolygon",
        "coordinates": [
          [
            [
              [
                -78.69906160819271,
                -1.6543106428288321
              ],
              [
                -78.69907200008464,
                -1.645270747949697
              ],
              [
                -78.69183501495236,
                -1.6452623330460752
              ],
              [
                -78.69064731205118,
                -1.6490230515173587
              ],
              [
                -78.6906476108033,
                -1.649023058425952
              ],
              [
                -78.69224734007624,
                -1.6490600567384759
              ],
              [
                -78.69223370544609,
                -1.6493757589597553
              ],
              [
                -78.69223211900463,
                -1.6493859097784833
              ],
              [
                -78.69223209039177,
                -1.6493860928778705
              ],
              [
                -78.69222951197774,
                -1.6494848832592792
              ],
              [
                -78.6921841826736,
                -1.6497393205676543
              ],
              [
                -78.6921587822046,
                -1.6498552060389091
              ],
              [
                -78.69215826379752,
                -1.6498585234209049
              ],
              [
                -78.69213673046677,
                -1.6499963182162778
              ],
              [
                -78.69259464585026,
                -1.6500994143690793
              ],
              [
                -78.69289387929108,
                -1.6501567459393012
              ],
              [
                -78.69288781705242,
                -1.6501654190174695
              ],
              [
                -78.69288839404788,
                -1.6501655489222486
              ],
              [
                -78.69293616289987,
                -1.6501763033764318
              ],
              [
                -78.69240898608227,
                -1.6507262813476418
              ],
              [
                -78.69294729200192,
                -1.6513164537841496
              ],
              [
                -78.6948449518406,
                -1.653330931454818
              ],
              [
                -78.6948408032051,
                -1.653335015486726
              ],
              [
                -78.6948425024201,
                -1.6533368062856397
              ],
              [
                -78.69474745680735,
                -1.6534269055701505
              ],
              [
                -78.6947212246338,
                -1.6534527284824474
              ],
              [
                -78.69386421886551,
                -1.6542963607550472
              ],
              [
                -78.69387019245774,
                -1.654304575974328
              ],
              [
                -78.69906160819271,
                -1.6543106428288321
              ]
            ]
          ]
        ]
      }
    },
    {
      "type": "Feature",
      "properties": {
        "CELL_ID": "R-1000-34-18",
        "AMBITO": "RURAL",
        "CATEGORIA": "VIOLENCIA",
        "PLATAFORMA": null,
        "PARROQUIA": "CALPI",
        "DISTANCE_M": 2000,
        "CELL_SIZE_M": 1000,
        "COUNT": 3,
        "GI_ZSCORE": 1.7194043026189028,
        "GI_PVALUE": 0.08554077933893124,
        "GI_CLASS": "HOTSPOT 90%",
        "NIVEL": 90,
        "COB_A_PCT": 0.0,
        "ESTADO_A": "SIN COBERTURA",
        "COB_B_PCT": 8.656255450864823,
        "ESTADO_B": "PARCIALMENTE CUBIERTO",
        "COB_C_PCT": 8.656255450864823,
        "ESTADO_C": "PARCIALMENTE CUBIERTO",
        "COB_B_ANTERIOR_PCT": 8.656255450864823,
        "ESTADO_B_ANTERIOR": "PARCIALMENTE CUBIERTO",
        "COB_C_ANTERIOR_PCT": 8.656255450864823,
        "ESTADO_C_ANTERIOR": "PARCIALMENTE CUBIERTO"
      },
      "geometry": {
        "type": "MultiPolygon",
        "coordinates": [
          [
            [
              [
                -78.74398836696811,
                -1.6453223844083702
              ],
              [
                -78.74399850051559,
                -1.6362822047782388
              ],
              [
                -78.73501515470141,
                -1.636272015076485
              ],
              [
                -78.73500498088633,
                -1.6453121383806186
              ],
              [
                -78.74398836696811,
                -1.6453223844083702
              ]
            ]
          ]
        ]
      }
    },
    {
      "type": "Feature",
      "properties": {
        "CELL_ID": "R-1000-34-19",
        "AMBITO": "RURAL",
        "CATEGORIA": "VIOLENCIA",
        "PLATAFORMA": null,
        "PARROQUIA": "CALPI",
        "DISTANCE_M": 2000,
        "CELL_SIZE_M": 1000,
        "COUNT": 0,
        "GI_ZSCORE": 2.057755570861336,
        "GI_PVALUE": 0.039613602945102994,
        "GI_CLASS": "HOTSPOT 95%",
        "NIVEL": 95,
        "COB_A_PCT": 0.0,
        "ESTADO_A": "SIN COBERTURA",
        "COB_B_PCT": 0.0,
        "ESTADO_B": "SIN COBERTURA",
        "COB_C_PCT": 0.0,
        "ESTADO_C": "SIN COBERTURA",
        "COB_B_ANTERIOR_PCT": 0.0,
        "ESTADO_B_ANTERIOR": "SIN COBERTURA",
        "COB_C_ANTERIOR_PCT": 0.0,
        "ESTADO_C_ANTERIOR": "SIN COBERTURA"
      },
      "geometry": {
        "type": "MultiPolygon",
        "coordinates": [
          [
            [
              [
                -78.73500498088633,
                -1.6453121383806186
              ],
              [
                -78.73501515470141,
                -1.636272015076485
              ],
              [
                -78.72603186501638,
                -1.6362617849648466
              ],
              [
                -78.72602165093494,
                -1.6453018517196079
              ],
              [
                -78.73500498088633,
                -1.6453121383806186
              ]
            ]
          ]
        ]
      }
    },
    {
      "type": "Feature",
      "properties": {
        "CELL_ID": "R-1000-34-20",
        "AMBITO": "RURAL",
        "CATEGORIA": "VIOLENCIA",
        "PLATAFORMA": null,
        "PARROQUIA": "LICAN",
        "DISTANCE_M": 2000,
        "CELL_SIZE_M": 1000,
        "COUNT": 0,
        "GI_ZSCORE": 1.7194043026189028,
        "GI_PVALUE": 0.08554077933893124,
        "GI_CLASS": "HOTSPOT 90%",
        "NIVEL": 90,
        "COB_A_PCT": 0.0,
        "ESTADO_A": "SIN COBERTURA",
        "COB_B_PCT": 0.0,
        "ESTADO_B": "SIN COBERTURA",
        "COB_C_PCT": 0.0,
        "ESTADO_C": "SIN COBERTURA",
        "COB_B_ANTERIOR_PCT": 0.0,
        "ESTADO_B_ANTERIOR": "SIN COBERTURA",
        "COB_C_ANTERIOR_PCT": 0.0,
        "ESTADO_C_ANTERIOR": "SIN COBERTURA"
      },
      "geometry": {
        "type": "MultiPolygon",
        "coordinates": [
          [
            [
              [
                -78.72602165093494,
                -1.6453018517196079
              ],
              [
                -78.72603186501638,
                -1.6362617849648466
              ],
              [
                -78.71704863168263,
                -1.6362515144445824
              ],
              [
                -78.7170383773361,
                -1.645291524426603
              ],
              [
                -78.72602165093494,
                -1.6453018517196079
              ]
            ]
          ]
        ]
      }
    },
    {
      "type": "Feature",
      "properties": {
        "CELL_ID": "R-1000-34-21",
        "AMBITO": "RURAL",
        "CATEGORIA": "VIOLENCIA",
        "PLATAFORMA": null,
        "PARROQUIA": "LICAN",
        "DISTANCE_M": 2000,
        "CELL_SIZE_M": 1000,
        "COUNT": 0,
        "GI_ZSCORE": 6.4563220580129705,
        "GI_PVALUE": 1.0727818544472866e-10,
        "GI_CLASS": "HOTSPOT 99%",
        "NIVEL": 99,
        "COB_A_PCT": 0.0,
        "ESTADO_A": "SIN COBERTURA",
        "COB_B_PCT": 0.0,
        "ESTADO_B": "SIN COBERTURA",
        "COB_C_PCT": 0.0,
        "ESTADO_C": "SIN COBERTURA",
        "COB_B_ANTERIOR_PCT": 0.0,
        "ESTADO_B_ANTERIOR": "SIN COBERTURA",
        "COB_C_ANTERIOR_PCT": 0.0,
        "ESTADO_C_ANTERIOR": "SIN COBERTURA"
      },
      "geometry": {
        "type": "MultiPolygon",
        "coordinates": [
          [
            [
              [
                -78.7170383773361,
                -1.645291524426603
              ],
              [
                -78.71704863168263,
                -1.6362515144445824
              ],
              [
                -78.70806545492235,
                -1.6362412035169542
              ],
              [
                -78.70805516031194,
                -1.6452811565028744
              ],
              [
                -78.7170383773361,
                -1.645291524426603
              ]
            ]
          ]
        ]
      }
    },
    {
      "type": "Feature",
      "properties": {
        "CELL_ID": "R-1000-34-22",
        "AMBITO": "RURAL",
        "CATEGORIA": "VIOLENCIA",
        "PLATAFORMA": null,
        "PARROQUIA": "LICAN",
        "DISTANCE_M": 2000,
        "CELL_SIZE_M": 1000,
        "COUNT": 0,
        "GI_ZSCORE": 8.867415791615008,
        "GI_PVALUE": 7.486295020425331e-19,
        "GI_CLASS": "HOTSPOT 99%",
        "NIVEL": 99,
        "COB_A_PCT": 0.0,
        "ESTADO_A": "SIN COBERTURA",
        "COB_B_PCT": 0.0,
        "ESTADO_B": "SIN COBERTURA",
        "COB_C_PCT": 0.0,
        "ESTADO_C": "SIN COBERTURA",
        "COB_B_ANTERIOR_PCT": 0.0,
        "ESTADO_B_ANTERIOR": "SIN COBERTURA",
        "COB_C_ANTERIOR_PCT": 0.0,
        "ESTADO_C_ANTERIOR": "SIN COBERTURA"
      },
      "geometry": {
        "type": "MultiPolygon",
        "coordinates": [
          [
            [
              [
                -78.70805516031194,
                -1.6452811565028744
              ],
              [
                -78.70806545492235,
                -1.6362412035169542
              ],
              [
                -78.6990823349576,
                -1.6362308521832316
              ],
              [
                -78.69907200008464,
                -1.645270747949697
              ],
              [
                -78.70805516031194,
                -1.6452811565028744
              ]
            ]
          ]
        ]
      }
    },
    {
      "type": "Feature",
      "properties": {
        "CELL_ID": "R-1000-34-23",
        "AMBITO": "RURAL",
        "CATEGORIA": "VIOLENCIA",
        "PLATAFORMA": null,
        "PARROQUIA": "LICAN",
        "DISTANCE_M": 2000,
        "CELL_SIZE_M": 1000,
        "COUNT": 0,
        "GI_ZSCORE": 10.155419898404766,
        "GI_PVALUE": 3.1345791961751313e-24,
        "GI_CLASS": "HOTSPOT 99%",
        "NIVEL": 99,
        "COB_A_PCT": 0.0,
        "ESTADO_A": "SIN COBERTURA",
        "COB_B_PCT": 0.0,
        "ESTADO_B": "SIN COBERTURA",
        "COB_C_PCT": 0.0,
        "ESTADO_C": "SIN COBERTURA",
        "COB_B_ANTERIOR_PCT": 0.0,
        "ESTADO_B_ANTERIOR": "SIN COBERTURA",
        "COB_C_ANTERIOR_PCT": 0.0,
        "ESTADO_C_ANTERIOR": "SIN COBERTURA"
      },
      "geometry": {
        "type": "MultiPolygon",
        "coordinates": [
          [
            [
              [
                -78.69907200008464,
                -1.645270747949697
              ],
              [
                -78.6990823349576,
                -1.6362308521832316
              ],
              [
                -78.69468915957356,
                -1.6362257751500797
              ],
              [
                -78.69457125988303,
                -1.6365991041669035
              ],
              [
                -78.69434548679888,
                -1.6373140120582805
              ],
              [
                -78.69434500374483,
                -1.6373145900575339
              ],
              [
                -78.69310009485025,
                -1.641256553834185
              ],
              [
                -78.69306258993063,
                -1.6413753122486996
              ],
              [
                -78.69306286291663,
                -1.6413753993484463
              ],
              [
                -78.69240093259629,
                -1.6434713567671069
              ],
              [
                -78.69240073442555,
                -1.6434710329611835
              ],
              [
                -78.69183501495236,
                -1.6452623330460752
              ],
              [
                -78.69907200008464,
                -1.645270747949697
              ]
            ]
          ]
        ]
      }
    },
    {
      "type": "Feature",
      "properties": {
        "CELL_ID": "R-1000-35-18",
        "AMBITO": "RURAL",
        "CATEGORIA": "VIOLENCIA",
        "PLATAFORMA": null,
        "PARROQUIA": "CALPI",
        "DISTANCE_M": 2000,
        "CELL_SIZE_M": 1000,
        "COUNT": 0,
        "GI_ZSCORE": 1.7194043026189028,
        "GI_PVALUE": 0.08554077933893124,
        "GI_CLASS": "HOTSPOT 90%",
        "NIVEL": 90,
        "COB_A_PCT": 0.0,
        "ESTADO_A": "SIN COBERTURA",
        "COB_B_PCT": 0.0,
        "ESTADO_B": "SIN COBERTURA",
        "COB_C_PCT": 0.0,
        "ESTADO_C": "SIN COBERTURA",
        "COB_B_ANTERIOR_PCT": 0.0,
        "ESTADO_B_ANTERIOR": "SIN COBERTURA",
        "COB_C_ANTERIOR_PCT": 0.0,
        "ESTADO_C_ANTERIOR": "SIN COBERTURA"
      },
      "geometry": {
        "type": "MultiPolygon",
        "coordinates": [
          [
            [
              [
                -78.74399850051559,
                -1.6362822047782388
              ],
              [
                -78.74400857815608,
                -1.6272420242680758
              ],
              [
                -78.73502527238736,
                -1.6272318908918382
              ],
              [
                -78.73501515470141,
                -1.636272015076485
              ],
              [
                -78.74399850051559,
                -1.6362822047782388
              ]
            ]
          ]
        ]
      }
    },
    {
      "type": "Feature",
      "properties": {
        "CELL_ID": "R-1000-35-22",
        "AMBITO": "RURAL",
        "CATEGORIA": "VIOLENCIA",
        "PLATAFORMA": null,
        "PARROQUIA": "LICAN",
        "DISTANCE_M": 2000,
        "CELL_SIZE_M": 1000,
        "COUNT": 0,
        "GI_ZSCORE": 7.092685457067826,
        "GI_PVALUE": 1.3153419195112857e-12,
        "GI_CLASS": "HOTSPOT 99%",
        "NIVEL": 99,
        "COB_A_PCT": 12.565109003698987,
        "ESTADO_A": "PARCIALMENTE CUBIERTO",
        "COB_B_PCT": 12.565109003698993,
        "ESTADO_B": "PARCIALMENTE CUBIERTO",
        "COB_C_PCT": 12.565109003698996,
        "ESTADO_C": "PARCIALMENTE CUBIERTO",
        "COB_B_ANTERIOR_PCT": 12.565109003698993,
        "ESTADO_B_ANTERIOR": "PARCIALMENTE CUBIERTO",
        "COB_C_ANTERIOR_PCT": 12.565109003698996,
        "ESTADO_C_ANTERIOR": "PARCIALMENTE CUBIERTO"
      },
      "geometry": {
        "type": "MultiPolygon",
        "coordinates": [
          [
            [
              [
                -78.70806545492235,
                -1.6362412035169542
              ],
              [
                -78.70807569273717,
                -1.6272012496490638
              ],
              [
                -78.69909261281286,
                -1.6271909555343067
              ],
              [
                -78.6990823349576,
                -1.6362308521832316
              ],
              [
                -78.70806545492235,
                -1.6362412035169542
              ]
            ]
          ]
        ]
      }
    },
    {
      "type": "Feature",
      "properties": {
        "CELL_ID": "R-1000-35-23",
        "AMBITO": "RURAL",
        "CATEGORIA": "VIOLENCIA",
        "PLATAFORMA": null,
        "PARROQUIA": "LICAN",
        "DISTANCE_M": 2000,
        "CELL_SIZE_M": 1000,
        "COUNT": 0,
        "GI_ZSCORE": 2.4216946619566735,
        "GI_PVALUE": 0.015448324654587,
        "GI_CLASS": "HOTSPOT 95%",
        "NIVEL": 95,
        "COB_A_PCT": 0.0,
        "ESTADO_A": "SIN COBERTURA",
        "COB_B_PCT": 0.0,
        "ESTADO_B": "SIN COBERTURA",
        "COB_C_PCT": 0.0,
        "ESTADO_C": "SIN COBERTURA",
        "COB_B_ANTERIOR_PCT": 0.0,
        "ESTADO_B_ANTERIOR": "SIN COBERTURA",
        "COB_C_ANTERIOR_PCT": 0.0,
        "ESTADO_C_ANTERIOR": "SIN COBERTURA"
      },
      "geometry": {
        "type": "MultiPolygon",
        "coordinates": [
          [
            [
              [
                -78.6990823349576,
                -1.6362308521832316
              ],
              [
                -78.69909261281286,
                -1.6271909555343067
              ],
              [
                -78.6970428876072,
                -1.627188601022672
              ],
              [
                -78.69742163724551,
                -1.6274277926160097
              ],
              [
                -78.69644416780204,
                -1.6305122178260714
              ],
              [
                -78.6964850531295,
                -1.6305380670172447
              ],
              [
                -78.69648480159452,
                -1.6305388649499841
              ],
              [
                -78.69593440280077,
                -1.632281731573338
              ],
              [
                -78.69586290562734,
                -1.6325081290371342
              ],
              [
                -78.69527356959364,
                -1.634374279187643
              ],
              [
                -78.69495449115277,
                -1.6353856017232367
              ],
              [
                -78.69468915957356,
                -1.6362257751500797
              ],
              [
                -78.6990823349576,
                -1.6362308521832316
              ]
            ]
          ]
        ]
      }
    }
  ]
}