{
  "type": "FeatureCollection",
  "features": [
    {
      "type": "Feature",
      "properties": {
        "CLASE": "COINCIDENTE_EXACTO",
        "LONGITUD_M": 30.517478576123203,
        "AMBITO": "Eje anterior frente a MAATE cantonal"
      },
      "geometry": {
        "type": "GeometryCollection",
        "geometries": [
          {
            "type": "LineString",
            "coordinates": [
              [
                -78.67476625200464,
                -1.637628505999888
              ],
              [
                -78.67484886996166,
                -1.637552487879932
              ]
            ]
          },
          {
            "type": "LineString",
            "coordinates": [
              [
                -78.67723174800459,
                -1.6330002189999167
              ],
              [
                -78.67723614030349,
                -1.6328371261651102
              ]
            ]
          },
          {
            "type": "LineString",
            "coordinates": [
              [
                -78.67723614030349,
                -1.6328371261651102
              ],
              [
                -78.6772361420046,
                -1.6328370629999298
              ]
            ]
          },
          {
            "type": "Point",
            "coordinates": [
              -78.6751912234131,
              -1.6358772586226953
            ]
          },
          {
            "type": "Point",
            "coordinates": [
              -78.68042930700453,
              -1.6273291649999164
            ]
          },
          {
            "type": "Point",
            "coordinates": [
              -78.66707721525314,
              -1.638561733303864
            ]
          },
          {
            "type": "Point",
            "coordinates": [
              -78.66231419100481,
              -1.643195190999946
            ]
          },
          {
            "type": "Point",
            "coordinates": [
              -78.66358199600478,
              -1.6432927579999623
            ]
          },
          {
            "type": "Point",
            "coordinates": [
              -78.67731558159015,
              -1.6327000384946586
            ]
          },
          {
            "type": "Point",
            "coordinates": [
              -78.67531167289945,
              -1.6354824097338787
            ]
          },
          {
            "type": "Point",
            "coordinates": [
              -78.67535579100459,
              -1.6352750339999376
            ]
          },
          {
            "type": "Point",
            "coordinates": [
              -78.6756325430046,
              -1.6346538339999335
            ]
          },
          {
            "type": "Point",
            "coordinates": [
              -78.67749877105916,
              -1.6322020859400543
            ]
          },
          {
            "type": "Point",
            "coordinates": [
              -78.66911319694965,
              -1.6387343483524643
            ]
          },
          {
            "type": "Point",
            "coordinates": [
              -78.66713464100475,
              -1.638484002999962
            ]
          },
          {
            "type": "Point",
            "coordinates": [
              -78.66718713445748,
              -1.6384862096607449
            ]
          },
          {
            "type": "Point",
            "coordinates": [
              -78.66847481699456,
              -1.638547588596825
            ]
          },
          {
            "type": "Point",
            "coordinates": [
              -78.6806025916987,
              -1.6270368732210911
            ]
          },
          {
            "type": "Point",
            "coordinates": [
              -78.66839608652509,
              -1.6385370298673396
            ]
          },
          {
            "type": "Point",
            "coordinates": [
              -78.6684458800047,
              -1.6385391229998971
            ]
          },
          {
            "type": "Point",
            "coordinates": [
              -78.67735602614978,
              -1.6326302760791234
            ]
          },
          {
            "type": "Point",
            "coordinates": [
              -78.67724026282855,
              -1.632827135994867
            ]
          },
          {
            "type": "Point",
            "coordinates": [
              -78.68312483927845,
              -1.6241737793482793
            ]
          },
          {
            "type": "Point",
            "coordinates": [
              -78.683268396518,
              -1.6240690644199338
            ]
          },
          {
            "type": "Point",
            "coordinates": [
              -78.68845962038095,
              -1.620183172767802
            ]
          },
          {
            "type": "Point",
            "coordinates": [
              -78.6398950206585,
              -1.6393997752886569
            ]
          },
          {
            "type": "Point",
            "coordinates": [
              -78.64219953900515,
              -1.6400314709999058
            ]
          },
          {
            "type": "Point",
            "coordinates": [
              -78.64436709713493,
              -1.6417083312555376
            ]
          },
          {
            "type": "Point",
            "coordinates": [
              -78.64481429100509,
              -1.6420542879999165
            ]
          },
          {
            "type": "Point",
            "coordinates": [
              -78.64496603012894,
              -1.6423107058709452
            ]
          },
          {
            "type": "Point",
            "coordinates": [
              -78.64802144118373,
              -1.6462873938890443
            ]
          },
          {
            "type": "Point",
            "coordinates": [
              -78.64832983000503,
              -1.646351822999932
            ]
          },
          {
            "type": "Point",
            "coordinates": [
              -78.64840205641507,
              -1.6463996324930419
            ]
          },
          {
            "type": "Point",
            "coordinates": [
              -78.64915612163745,
              -1.6468987777517976
            ]
          },
          {
            "type": "Point",
            "coordinates": [
              -78.64975798214272,
              -1.6472971726486856
            ]
          },
          {
            "type": "Point",
            "coordinates": [
              -78.64976602095393,
              -1.6473024938501097
            ]
          },
          {
            "type": "Point",
            "coordinates": [
              -78.64981818873571,
              -1.6473370257309807
            ]
          },
          {
            "type": "Point",
            "coordinates": [
              -78.6545352962389,
              -1.6465834185583814
            ]
          },
          {
            "type": "Point",
            "coordinates": [
              -78.66491594263587,
              -1.6414871748639095
            ]
          },
          {
            "type": "Point",
            "coordinates": [
              -78.67157357800465,
              -1.6394541379999428
            ]
          },
          {
            "type": "Point",
            "coordinates": [
              -78.67168257040517,
              -1.639391814293015
            ]
          },
          {
            "type": "Point",
            "coordinates": [
              -78.67177672287441,
              -1.6393379762978835
            ]
          },
          {
            "type": "Point",
            "coordinates": [
              -78.6717966459789,
              -1.6393265839238167
            ]
          },
          {
            "type": "Point",
            "coordinates": [
              -78.67315973525763,
              -1.6385471447199895
            ]
          },
          {
            "type": "Point",
            "coordinates": [
              -78.6737297385906,
              -1.6382212057075494
            ]
          },
          {
            "type": "Point",
            "coordinates": [
              -78.68104133642609,
              -1.6264756014028052
            ]
          },
          {
            "type": "Point",
            "coordinates": [
              -78.6858118040045,
              -1.6222138209999282
            ]
          },
          {
            "type": "Point",
            "coordinates": [
              -78.6864133291796,
              -1.6216531191837205
            ]
          },
          {
            "type": "Point",
            "coordinates": [
              -78.68716702959588,
              -1.6209505683928458
            ]
          },
          {
            "type": "Point",
            "coordinates": [
              -78.68800762715826,
              -1.6201670159676145
            ]
          },
          {
            "type": "Point",
            "coordinates": [
              -78.68914872371687,
              -1.6191033542653874
            ]
          },
          {
            "type": "Point",
            "coordinates": [
              -78.6892504800044,
              -1.6190085029999655
            ]
          }
        ]
      }
    },
    {
      "type": "Feature",
      "properties": {
        "CLASE": "SOLO_ACTUAL",
        "LONGITUD_M": 6711.476824539121,
        "AMBITO": "Eje anterior frente a MAATE cantonal"
      },
      "geometry": {
        "type": "MultiLineString",
        "coordinates": [
          [
            [
              -78.67517339348385,
              -1.635898753573966
            ],
            [
              -78.6751912234131,
              -1.6358772586226953
            ]
          ],
          [
            [
              -78.6751912234131,
              -1.6358772586226953
            ],
            [
              -78.67524024312496,
              -1.6358181626822632
            ]
          ],
          [
            [
              -78.67524024312496,
              -1.6358181626822632
            ],
            [
              -78.67660190077883,
              -1.6341766061095668
            ]
          ],
          [
            [
              -78.66128379814094,
              -1.6436439995336272
            ],
            [
              -78.66231419100481,
              -1.643195190999946
            ]
          ],
          [
            [
              -78.66231419100481,
              -1.643195190999946
            ],
            [
              -78.66315747640168,
              -1.643260088148624
            ]
          ],
          [
            [
              -78.66356192470388,
              -1.643291213370164
            ],
            [
              -78.66358199600478,
              -1.6432927579999623
            ]
          ],
          [
            [
              -78.66358199600478,
              -1.6432927579999623
            ],
            [
              -78.66359416928415,
              -1.6432762807189234
            ]
          ],
          [
            [
              -78.67517636573486,
              -1.6361184155059088
            ],
            [
              -78.67524024312496,
              -1.6358181626822632
            ]
          ],
          [
            [
              -78.67524024312496,
              -1.6358181626822632
            ],
            [
              -78.67531167289945,
              -1.6354824097338787
            ]
          ],
          [
            [
              -78.67531167289945,
              -1.6354824097338787
            ],
            [
              -78.67535579100459,
              -1.6352750339999376
            ]
          ],
          [
            [
              -78.67535579100459,
              -1.6352750339999376
            ],
            [
              -78.6756325430046,
              -1.6346538339999335
            ]
          ],
          [
            [
              -78.6756325430046,
              -1.6346538339999335
            ],
            [
              -78.67589203145575,
              -1.6343855174692064
            ]
          ],
          [
            [
              -78.66699964948414,
              -1.6389919704516533
            ],
            [
              -78.66965931604165,
              -1.638894116829793
            ]
          ],
          [
            [
              -78.66965931604165,
              -1.638894116829793
            ],
            [
              -78.67059014795805,
              -1.6388598690653378
            ]
          ],
          [
            [
              -78.67724548077335,
              -1.632814519096096
            ],
            [
              -78.6774987567641,
              -1.6322021016147616
            ],
            [
              -78.67749877105916,
              -1.6322020859400543
            ]
          ],
          [
            [
              -78.67749877105916,
              -1.6322020859400543
            ],
            [
              -78.67778835843018,
              -1.6318845496127288
            ]
          ],
          [
            [
              -78.67778835843018,
              -1.6318845496127288
            ],
            [
              -78.67949970439439,
              -1.6300080306185971
            ]
          ],
          [
            [
              -78.6797654814739,
              -1.6297166007848731
            ],
            [
              -78.68219490884105,
              -1.6270526743955045
            ]
          ],
          [
            [
              -78.6824083409731,
              -1.626818639895105
            ],
            [
              -78.6848377605406,
              -1.6241547002226018
            ]
          ],
          [
            [
              -78.66702152276689,
              -1.6386371174798684
            ],
            [
              -78.66707721525314,
              -1.638561733303864
            ]
          ],
          [
            [
              -78.66707721525314,
              -1.638561733303864
            ],
            [
              -78.66713464100475,
              -1.638484002999962
            ]
          ],
          [
            [
              -78.66713464100475,
              -1.638484002999962
            ],
            [
              -78.66718713445748,
              -1.6384862096607449
            ]
          ],
          [
            [
              -78.66718713445748,
              -1.6384862096607449
            ],
            [
              -78.66719943406584,
              -1.638486726697678
            ]
          ],
          [
            [
              -78.66759140973936,
              -1.6385032040869498
            ],
            [
              -78.66772492269729,
              -1.6385088165231307
            ]
          ],
          [
            [
              -78.66809009017095,
              -1.6385241668936328
            ],
            [
              -78.66839608652509,
              -1.6385370298673396
            ]
          ],
          [
            [
              -78.66839608652509,
              -1.6385370298673396
            ],
            [
              -78.6684458800047,
              -1.6385391229998971
            ]
          ],
          [
            [
              -78.6684458800047,
              -1.6385391229998971
            ],
            [
              -78.66847481699456,
              -1.638547588596825
            ]
          ],
          [
            [
              -78.66847481699456,
              -1.638547588596825
            ],
            [
              -78.66851440912276,
              -1.6385591713836445
            ]
          ],
          [
            [
              -78.66902869485209,
              -1.6387096270473005
            ],
            [
              -78.66911319694965,
              -1.6387343483524643
            ]
          ],
          [
            [
              -78.66911319694965,
              -1.6387343483524643
            ],
            [
              -78.66965931604165,
              -1.638894116829793
            ]
          ],
          [
            [
              -78.66965931604165,
              -1.638894116829793
            ],
            [
              -78.67057594947664,
              -1.6391622799423058
            ]
          ],
          [
            [
              -78.67724810321717,
              -1.6328164312336046
            ],
            [
              -78.67731558159015,
              -1.6327000384946586
            ]
          ],
          [
            [
              -78.67731558159015,
              -1.6327000384946586
            ],
            [
              -78.67735602614978,
              -1.6326302760791234
            ]
          ],
          [
            [
              -78.67735602614978,
              -1.6326302760791234
            ],
            [
              -78.67778835843018,
              -1.6318845496127288
            ]
          ],
          [
            [
              -78.67778835843018,
              -1.6318845496127288
            ],
            [
              -78.67905189627797,
              -1.6297050744617945
            ]
          ],
          [
            [
              -78.67936210226799,
              -1.6291699984378767
            ],
            [
              -78.68042930700453,
              -1.6273291649999164
            ]
          ],
          [
            [
              -78.68042930700453,
              -1.6273291649999164
            ],
            [
              -78.68060259169869,
              -1.6270368732210911
            ],
            [
              -78.6806025916987,
              -1.6270368732210911
            ]
          ],
          [
            [
              -78.6806025916987,
              -1.6270368732210911
            ],
            [
              -78.68096214530257,
              -1.6265769080881631
            ]
          ],
          [
            [
              -78.68265304806954,
              -1.6245179176509519
            ],
            [
              -78.68312483927845,
              -1.6241737793482793
            ]
          ],
          [
            [
              -78.68312483927845,
              -1.6241737793482793
            ],
            [
              -78.683268396518,
              -1.6240690644199338
            ]
          ],
          [
            [
              -78.683268396518,
              -1.6240690644199338
            ],
            [
              -78.68332635854806,
              -1.6240267851774082
            ]
          ],
          [
            [
              -78.66128379814094,
              -1.6436439995336272
            ],
            [
              -78.66128379814094,
              -1.6436439995336272
            ]
          ],
          [
            [
              -78.65969415796644,
              -1.6437650400898984
            ],
            [
              -78.66069301573256,
              -1.6431606448581246
            ]
          ],
          [
            [
              -78.6662130421043,
              -1.6398205257560756
            ],
            [
              -78.66624210499205,
              -1.6398029399420757
            ],
            [
              -78.66667380239996,
              -1.6392305400349663
            ]
          ],
          [
            [
              -78.6668909902296,
              -1.6389959681291772
            ],
            [
              -78.66699964948414,
              -1.6389919704516533
            ]
          ],
          [
            [
              -78.67059014795805,
              -1.6388598690653378
            ],
            [
              -78.67099356123506,
              -1.6388450262826293
            ]
          ],
          [
            [
              -78.67251104644936,
              -1.6387656060566516
            ],
            [
              -78.67290312913174,
              -1.6386356704371687
            ],
            [
              -78.67294172935014,
              -1.6385891361240068
            ]
          ],
          [
            [
              -78.6771903571323,
              -1.6329770303493003
            ],
            [
              -78.67723614030349,
              -1.6328371261651102
            ]
          ],
          [
            [
              -78.67723614030349,
              -1.6328371261651102
            ],
            [
              -78.67723617476085,
              -1.6328370208703344
            ],
            [
              -78.67723619549584,
              -1.6328369707334955
            ]
          ],
          [
            [
              -78.67723619549584,
              -1.6328369707334955
            ],
            [
              -78.67724026282855,
              -1.632827135994867
            ]
          ],
          [
            [
              -78.67724026282855,
              -1.632827135994867
            ],
            [
              -78.67724548077335,
              -1.632814519096096
            ]
          ],
          [
            [
              -78.67949970439439,
              -1.6300080306185971
            ],
            [
              -78.6797654814739,
              -1.6297166007848731
            ]
          ],
          [
            [
              -78.68219490884105,
              -1.6270526743955045
            ],
            [
              -78.6824083409731,
              -1.626818639895105
            ]
          ],
          [
            [
              -78.6848377605406,
              -1.6241547002226018
            ],
            [
              -78.68845962038095,
              -1.620183172767802
            ]
          ],
          [
            [
              -78.68845962038095,
              -1.620183172767802
            ],
            [
              -78.68851580792409,
              -1.6201215603229826
            ]
          ],
          [
            [
              -78.6889573782311,
              -1.6196373560746093
            ],
            [
              -78.68897647474559,
              -1.6196164157625506
            ]
          ],
          [
            [
              -78.68919990407416,
              -1.6193714139000026
            ],
            [
              -78.68939571904008,
              -1.6191566924812153
            ]
          ],
          [
            [
              -78.71522456835737,
              -1.6051034760298426
            ],
            [
              -78.7155990732567,
              -1.6049707969182037
            ]
          ],
          [
            [
              -78.63988993062542,
              -1.6393983800482863
            ],
            [
              -78.6398950206585,
              -1.6393997752886569
            ]
          ],
          [
            [
              -78.6398950206585,
              -1.6393997752886569
            ],
            [
              -78.64219953900515,
              -1.6400314709999058
            ]
          ],
          [
            [
              -78.64219953900515,
              -1.6400314709999058
            ],
            [
              -78.64338555092809,
              -1.6409489903507526
            ]
          ],
          [
            [
              -78.64389492139185,
              -1.6413430480645852
            ],
            [
              -78.64436709713493,
              -1.6417083312555376
            ]
          ],
          [
            [
              -78.64436709713493,
              -1.6417083312555376
            ],
            [
              -78.64481429100509,
              -1.6420542879999165
            ]
          ],
          [
            [
              -78.64481429100509,
              -1.6420542879999165
            ],
            [
              -78.64496603012894,
              -1.6423107058709452
            ]
          ],
          [
            [
              -78.64496603012894,
              -1.6423107058709452
            ],
            [
              -78.64511654129514,
              -1.6425650486947918
            ]
          ],
          [
            [
              -78.64723102938713,
              -1.6461222595576148
            ],
            [
              -78.64802144118373,
              -1.6462873938890443
            ]
          ],
          [
            [
              -78.64802144118373,
              -1.6462873938890443
            ],
            [
              -78.64832983000503,
              -1.646351822999932
            ]
          ],
          [
            [
              -78.64832983000503,
              -1.646351822999932
            ],
            [
              -78.64840205641507,
              -1.6463996324930419
            ]
          ],
          [
            [
              -78.64840205641507,
              -1.6463996324930419
            ],
            [
              -78.64853468893408,
              -1.6464874271548922
            ]
          ],
          [
            [
              -78.64901484400028,
              -1.6468052605704409
            ],
            [
              -78.64915612163745,
              -1.6468987777517976
            ]
          ],
          [
            [
              -78.64915612163745,
              -1.6468987777517976
            ],
            [
              -78.64975798214272,
              -1.6472971726486856
            ]
          ],
          [
            [
              -78.64975798214272,
              -1.6472971726486856
            ],
            [
              -78.64976602095393,
              -1.6473024938501097
            ]
          ],
          [
            [
              -78.64976602095393,
              -1.6473024938501097
            ],
            [
              -78.64981818873571,
              -1.6473370257309807
            ]
          ],
          [
            [
              -78.64981818873571,
              -1.6473370257309807
            ],
            [
              -78.64991136991372,
              -1.647398705969902
            ]
          ],
          [
            [
              -78.65437808271322,
              -1.646651894869595
            ],
            [
              -78.6545352962389,
              -1.6465834185583814
            ]
          ],
          [
            [
              -78.6545352962389,
              -1.6465834185583814
            ],
            [
              -78.65572877413754,
              -1.646063583518407
            ]
          ],
          [
            [
              -78.6568447621221,
              -1.6455774988559897
            ],
            [
              -78.65688353942419,
              -1.64556060881888
            ]
          ],
          [
            [
              -78.65947196480282,
              -1.6444331775870429
            ],
            [
              -78.66128379814094,
              -1.6436439995336272
            ]
          ],
          [
            [
              -78.6649105382374,
              -1.641494490085377
            ],
            [
              -78.66491594263587,
              -1.6414871748639095
            ]
          ],
          [
            [
              -78.66491594263587,
              -1.6414871748639095
            ],
            [
              -78.66597512441737,
              -1.6400534973206715
            ]
          ],
          [
            [
              -78.66636571872931,
              -1.6395247988271995
            ],
            [
              -78.66650634503334,
              -1.6393344504614624
            ]
          ],
          [
            [
              -78.66689565146194,
              -1.638807494168425
            ],
            [
              -78.66702152276689,
              -1.6386371174798684
            ]
          ],
          [
            [
              -78.67057594947664,
              -1.6391622799423058
            ],
            [
              -78.67130407114591,
              -1.6393752933091457
            ]
          ],
          [
            [
              -78.67149172891233,
              -1.6394301929112989
            ],
            [
              -78.67157357800465,
              -1.6394541379999428
            ]
          ],
          [
            [
              -78.67157357800465,
              -1.6394541379999428
            ],
            [
              -78.67168257040517,
              -1.639391814293015
            ]
          ],
          [
            [
              -78.67168257040517,
              -1.639391814293015
            ],
            [
              -78.67177672287441,
              -1.6393379762978835
            ]
          ],
          [
            [
              -78.67177672287441,
              -1.6393379762978835
            ],
            [
              -78.6717966459789,
              -1.6393265839238167
            ]
          ],
          [
            [
              -78.6717966459789,
              -1.6393265839238167
            ],
            [
              -78.67315973525763,
              -1.6385471447199895
            ]
          ],
          [
            [
              -78.67315973525763,
              -1.6385471447199895
            ],
            [
              -78.67317050000955,
              -1.6385409892292204
            ]
          ],
          [
            [
              -78.67351574018016,
              -1.6383435742206516
            ],
            [
              -78.6737297385906,
              -1.6382212057075494
            ]
          ],
          [
            [
              -78.6737297385906,
              -1.6382212057075494
            ],
            [
              -78.67375378637745,
              -1.6382074547046632
            ]
          ],
          [
            [
              -78.67465390177411,
              -1.6376927502456582
            ],
            [
              -78.67476625200464,
              -1.637628505999888
            ]
          ],
          [
            [
              -78.67720359190486,
              -1.6330293331272219
            ],
            [
              -78.67723174800459,
              -1.6330002189999167
            ]
          ],
          [
            [
              -78.6772361420046,
              -1.6328370629999298
            ],
            [
              -78.67723619549584,
              -1.6328369707334955
            ]
          ],
          [
            [
              -78.67723619549584,
              -1.6328369707334955
            ],
            [
              -78.67724810321717,
              -1.6328164312336046
            ]
          ],
          [
            [
              -78.67905189627797,
              -1.6297050744617945
            ],
            [
              -78.67936210226799,
              -1.6291699984378767
            ]
          ],
          [
            [
              -78.68096214530257,
              -1.6265769080881631
            ],
            [
              -78.68104133642609,
              -1.6264756014028052
            ]
          ],
          [
            [
              -78.68104133642609,
              -1.6264756014028052
            ],
            [
              -78.68120087051587,
              -1.6262715144305064
            ]
          ],
          [
            [
              -78.68574146031715,
              -1.6222651321113566
            ],
            [
              -78.6858118040045,
              -1.6222138209999282
            ]
          ],
          [
            [
              -78.6858118040045,
              -1.6222138209999282
            ],
            [
              -78.6864133291796,
              -1.6216531191837205
            ]
          ],
          [
            [
              -78.6864133291796,
              -1.6216531191837205
            ],
            [
              -78.68645574511211,
              -1.6216135818332496
            ]
          ],
          [
            [
              -78.68696539031708,
              -1.621138523633822
            ],
            [
              -78.68716702959588,
              -1.6209505683928458
            ]
          ],
          [
            [
              -78.68716702959588,
              -1.6209505683928458
            ],
            [
              -78.68725042680076,
              -1.6208728308209162
            ]
          ],
          [
            [
              -78.68769843920167,
              -1.6204552218377353
            ],
            [
              -78.68800762715826,
              -1.6201670159676145
            ]
          ],
          [
            [
              -78.68800762715826,
              -1.6201670159676145
            ],
            [
              -78.68805823855617,
              -1.6201198391324716
            ]
          ],
          [
            [
              -78.68914359168855,
              -1.6191081380416137
            ],
            [
              -78.68914872371687,
              -1.6191033542653874
            ]
          ],
          [
            [
              -78.68914872371687,
              -1.6191033542653874
            ],
            [
              -78.6892504800044,
              -1.6190085029999655
            ]
          ],
          [
            [
              -78.6892504800044,
              -1.6190085029999655
            ],
            [
              -78.68925103637439,
              -1.619008151486697
            ]
          ]
        ]
      }
    },
    {
      "type": "Feature",
      "properties": {
        "CLASE": "SOLO_MAATE",
        "LONGITUD_M": 5184.050412617605,
        "AMBITO": "Eje anterior frente a MAATE cantonal"
      },
      "geometry": {
        "type": "MultiLineString",
        "coordinates": [
          [
            [
              -78.67563665717196,
              -1.634485735653073
            ],
            [
              -78.67563747600462,
              -1.634496045999905
            ],
            [
              -78.67565285900463,
              -1.6345474659999317
            ],
            [
              -78.67565638300465,
              -1.6345821369999078
            ],
            [
              -78.6756325430046,
              -1.6346538339999335
            ]
          ],
          [
            [
              -78.6756325430046,
              -1.6346538339999335
            ],
            [
              -78.67557195300462,
              -1.6346597409998995
            ],
            [
              -78.6755090410046,
              -1.6346190229999589
            ],
            [
              -78.67546866400458,
              -1.6346094129999142
            ],
            [
              -78.67543525600463,
              -1.6346337609999597
            ],
            [
              -78.67537820600462,
              -1.6346604709999348
            ],
            [
              -78.67532781600461,
              -1.6346814519999227
            ],
            [
              -78.67528503700461,
              -1.6346938339999189
            ],
            [
              -78.67522798500461,
              -1.6347224569999426
            ],
            [
              -78.67521203678294,
              -1.634726449617807
            ]
          ],
          [
            [
              -78.67513998230653,
              -1.6348443707010005
            ],
            [
              -78.67514100100465,
              -1.6348514599999244
            ],
            [
              -78.67514097700463,
              -1.6348726189999392
            ],
            [
              -78.67514161853008,
              -1.634899685713388
            ]
          ],
          [
            [
              -78.67515171726949,
              -1.6349462410756652
            ],
            [
              -78.67516369500467,
              -1.6349504659999514
            ],
            [
              -78.67517828800466,
              -1.6349659039999078
            ],
            [
              -78.67517934400463,
              -1.6349780979999549
            ],
            [
              -78.6751889460046,
              -1.634995323999915
            ],
            [
              -78.67520246700464,
              -1.6350129119999603
            ],
            [
              -78.67520779800465,
              -1.6350254699999278
            ],
            [
              -78.6752049300046,
              -1.6350408869999198
            ],
            [
              -78.6752074168968,
              -1.635051141452436
            ]
          ],
          [
            [
              -78.67521529348848,
              -1.6350616592732738
            ],
            [
              -78.67523661500465,
              -1.6350681799999285
            ],
            [
              -78.67526404200464,
              -1.635080045999896
            ],
            [
              -78.67528647400464,
              -1.6350969269999105
            ],
            [
              -78.67530207400458,
              -1.6351106009999192
            ],
            [
              -78.67532734500465,
              -1.6351391059999054
            ],
            [
              -78.67535445600464,
              -1.6351696879999293
            ],
            [
              -78.67536652500462,
              -1.635211301999941
            ],
            [
              -78.6753679130046,
              -1.6352442969999101
            ],
            [
              -78.67535579100459,
              -1.6352750339999376
            ]
          ],
          [
            [
              -78.67535579100459,
              -1.6352750339999376
            ],
            [
              -78.67536423700459,
              -1.6353418379999023
            ],
            [
              -78.67535991900462,
              -1.6353776949999201
            ],
            [
              -78.67534990300464,
              -1.6354106769999104
            ],
            [
              -78.67534060500465,
              -1.6354386379998866
            ],
            [
              -78.67532866200463,
              -1.6354551459999542
            ],
            [
              -78.67531167289945,
              -1.6354824097338787
            ]
          ],
          [
            [
              -78.67531167289945,
              -1.6354824097338787
            ],
            [
              -78.67529312000461,
              -1.6355121829999284
            ],
            [
              -78.67528848200465,
              -1.6355196259999403
            ],
            [
              -78.67526888200462,
              -1.6355473539998908
            ],
            [
              -78.67525920600464,
              -1.6355662129999313
            ],
            [
              -78.67525704400464,
              -1.635587010999895
            ],
            [
              -78.67524776100466,
              -1.6356020619999523
            ],
            [
              -78.67524417700464,
              -1.6356192719999056
            ],
            [
              -78.67524201000465,
              -1.6356443729999117
            ],
            [
              -78.67524840300463,
              -1.6356630279999278
            ],
            [
              -78.67523481300464,
              -1.6356847729999633
            ],
            [
              -78.67523194800464,
              -1.6357168029999518
            ],
            [
              -78.67522693300464,
              -1.6357397489999017
            ],
            [
              -78.67521469700462,
              -1.6357609169999547
            ],
            [
              -78.67521610400463,
              -1.6357766979999602
            ],
            [
              -78.67521607700462,
              -1.6358006059999526
            ],
            [
              -78.67521415700465,
              -1.635817339999941
            ],
            [
              -78.67519655400463,
              -1.6358364459999155
            ],
            [
              -78.67518616900465,
              -1.635841899999911
            ],
            [
              -78.67517847900461,
              -1.6358526819999408
            ],
            [
              -78.6751784630046,
              -1.6358670269999234
            ],
            [
              -78.6751912234131,
              -1.6358772586226953
            ]
          ],
          [
            [
              -78.6751912234131,
              -1.6358772586226953
            ],
            [
              -78.67519697700462,
              -1.6358818719999237
            ],
            [
              -78.67520931500461,
              -1.63589527499991
            ],
            [
              -78.67520834600462,
              -1.6359120089999557
            ],
            [
              -78.67520214500465,
              -1.6359325629999109
            ],
            [
              -78.67520164000463,
              -1.6359583829999358
            ],
            [
              -78.67520066600461,
              -1.6359794209999148
            ],
            [
              -78.67519351900462,
              -1.6359961489998986
            ],
            [
              -78.67517780700463,
              -1.6360238639999694
            ],
            [
              -78.67517681800462,
              -1.636057333999887
            ],
            [
              -78.67517558523969,
              -1.6360607333708335
            ]
          ],
          [
            [
              -78.67500445309504,
              -1.637054585656282
            ],
            [
              -78.6750046030046,
              -1.6370617539999208
            ],
            [
              -78.67500884700463,
              -1.6370904489999478
            ],
            [
              -78.67500691600466,
              -1.6371167459999116
            ],
            [
              -78.67500100433314,
              -1.6371371487365263
            ]
          ],
          [
            [
              -78.67500302553415,
              -1.637163471928376
            ],
            [
              -78.67500306100466,
              -1.6371636009999038
            ],
            [
              -78.67502441600466,
              -1.6371870559999484
            ],
            [
              -78.67503866100465,
              -1.6371952009999153
            ],
            [
              -78.67506714500463,
              -1.6372177079999608
            ],
            [
              -78.67507996000458,
              -1.6372296769999255
            ],
            [
              -78.67509989500464,
              -1.6372483489999121
            ],
            [
              -78.67511650200464,
              -1.6372694079999175
            ],
            [
              -78.67512741000462,
              -1.6372866339999053
            ],
            [
              -78.67514306500466,
              -1.6373086479999202
            ],
            [
              -78.67514295200466,
              -1.637309424999921
            ],
            [
              -78.67513875500464,
              -1.6373382889999146
            ],
            [
              -78.67511973000461,
              -1.6373540459998999
            ],
            [
              -78.67507740900463,
              -1.6373817299999431
            ],
            [
              -78.67506266500466,
              -1.6373936669999396
            ],
            [
              -78.67503983500464,
              -1.6374137229998982
            ],
            [
              -78.67501889400461,
              -1.63744286699991
            ],
            [
              -78.67499017100461,
              -1.637481453999926
            ],
            [
              -78.67498653300464,
              -1.6374863419999204
            ],
            [
              -78.67495753600463,
              -1.6374973059999232
            ],
            [
              -78.6749357651072,
              -1.6374959113107501
            ]
          ],
          [
            [
              -78.67476625200464,
              -1.637628505999888
            ],
            [
              -78.67474626600463,
              -1.637653585999901
            ],
            [
              -78.67471309400466,
              -1.6376793679999355
            ],
            [
              -78.67470191400461,
              -1.6376899569999468
            ],
            [
              -78.67469418600463,
              -1.6376972769999567
            ],
            [
              -78.67466279800463,
              -1.637720909999918
            ],
            [
              -78.67464351600461,
              -1.6377538799999003
            ],
            [
              -78.67461568500461,
              -1.6377839719999372
            ],
            [
              -78.67456860300463,
              -1.6378197789999087
            ],
            [
              -78.67450387700464,
              -1.6378849459999048
            ],
            [
              -78.67448720700465,
              -1.6379444849998925
            ],
            [
              -78.67447151700466,
              -1.6379879039999243
            ],
            [
              -78.67446933100463,
              -1.637993953999957
            ],
            [
              -78.67441583000466,
              -1.6380340569999128
            ],
            [
              -78.67438301800465,
              -1.6380562529999347
            ],
            [
              -78.67437168730922,
              -1.6380616384605389
            ]
          ],
          [
            [
              -78.67416015167264,
              -1.6383932607811487
            ],
            [
              -78.67414455500462,
              -1.6384102929999147
            ],
            [
              -78.67412160800464,
              -1.6384283169999632
            ],
            [
              -78.6740877500046,
              -1.6384306679999385
            ],
            [
              -78.67404854300466,
              -1.6384360019999213
            ],
            [
              -78.67399806400468,
              -1.638430563999947
            ],
            [
              -78.6739716110046,
              -1.6384135199999321
            ],
            [
              -78.67393181676455,
              -1.6383735782579532
            ],
            [
              -78.67390038700461,
              -1.6383420319999473
            ],
            [
              -78.67388181900466,
              -1.6382839899999038
            ],
            [
              -78.67381062800463,
              -1.6382343569998725
            ],
            [
              -78.67374649500465,
              -1.6382228059999067
            ],
            [
              -78.6737297385906,
              -1.6382212057075494
            ]
          ],
          [
            [
              -78.6737297385906,
              -1.6382212057075494
            ],
            [
              -78.67370088400465,
              -1.6382184499999004
            ],
            [
              -78.67362973221367,
              -1.6382183659849514
            ]
          ],
          [
            [
              -78.67361792481378,
              -1.638222509250865
            ],
            [
              -78.6735788665299,
              -1.638237260413209
            ]
          ],
          [
            [
              -78.67327808740295,
              -1.6385911291490858
            ],
            [
              -78.67317071300462,
              -1.6385503769999086
            ],
            [
              -78.67315973525763,
              -1.6385471447199895
            ]
          ],
          [
            [
              -78.67315973525763,
              -1.6385471447199895
            ],
            [
              -78.6731219497924,
              -1.6385360191945162
            ]
          ],
          [
            [
              -78.67298331261199,
              -1.638572941057183
            ],
            [
              -78.67296944700466,
              -1.6385829709999225
            ],
            [
              -78.67295648200465,
              -1.638596580999935
            ],
            [
              -78.67293489600468,
              -1.6386192409999232
            ],
            [
              -78.67290316100464,
              -1.638635699999927
            ],
            [
              -78.67288212000464,
              -1.638648944999921
            ],
            [
              -78.67285929500467,
              -1.638663979999901
            ],
            [
              -78.67282470000467,
              -1.6386868919999378
            ],
            [
              -78.67280743300465,
              -1.6386959209999352
            ],
            [
              -78.67277406500465,
              -1.6387133699999101
            ],
            [
              -78.67274732600467,
              -1.6387233809999602
            ],
            [
              -78.67271595300468,
              -1.6387344609999313
            ],
            [
              -78.67267851900469,
              -1.6387480449999001
            ],
            [
              -78.67265178000466,
              -1.6387573379999223
            ],
            [
              -78.67263553200466,
              -1.638761726999953
            ],
            [
              -78.67262005300462,
              -1.6387659079999046
            ],
            [
              -78.67260753500464,
              -1.6387680689999673
            ],
            [
              -78.67258084500467,
              -1.6387726759999572
            ],
            [
              -78.67255564000466,
              -1.6387804469999037
            ],
            [
              -78.67254023800463,
              -1.6387826649999133
            ],
            [
              -78.67250043500468,
              -1.63879038799994
            ],
            [
              -78.67247296136286,
              -1.6387890874971853
            ]
          ],
          [
            [
              -78.67217177404757,
              -1.6389343692694434
            ],
            [
              -78.67216376000468,
              -1.638939923999925
            ],
            [
              -78.67213410000466,
              -1.6389696839999297
            ],
            [
              -78.6721170960047,
              -1.639007793999931
            ],
            [
              -78.67208741200466,
              -1.6390272489999549
            ],
            [
              -78.67204811800467,
              -1.6390761619999428
            ],
            [
              -78.6720168010047,
              -1.639129506999938
            ],
            [
              -78.67200735400468,
              -1.639152797999921
            ],
            [
              -78.67199248100465,
              -1.6391510629999195
            ],
            [
              -78.67197337700468,
              -1.639179768999936
            ],
            [
              -78.67190884100464,
              -1.6392154499999152
            ],
            [
              -78.67186508100467,
              -1.6392546079999126
            ],
            [
              -78.67185284400466,
              -1.63926499899993
            ],
            [
              -78.67181750800466,
              -1.6393042809999134
            ],
            [
              -78.6718031750047,
              -1.639313574999929
            ],
            [
              -78.67179900700467,
              -1.6393211639999417
            ],
            [
              -78.6717966459789,
              -1.6393265839238167
            ]
          ],
          [
            [
              -78.6717966459789,
              -1.6393265839238167
            ],
            [
              -78.67179249100467,
              -1.63933612199993
            ],
            [
              -78.67179060400467,
              -1.639340453999925
            ],
            [
              -78.67177672287441,
              -1.6393379762978835
            ]
          ],
          [
            [
              -78.67177672287441,
              -1.6393379762978835
            ],
            [
              -78.6717670010047,
              -1.6393362409999277
            ],
            [
              -78.67169197200468,
              -1.6393854219999646
            ],
            [
              -78.67168257040517,
              -1.639391814293015
            ]
          ],
          [
            [
              -78.67168257040517,
              -1.639391814293015
            ],
            [
              -78.67166973100467,
              -1.6394005439999362
            ],
            [
              -78.67165196500464,
              -1.639414588999939
            ],
            [
              -78.67161874000472,
              -1.6394350649999199
            ],
            [
              -78.67157357800465,
              -1.6394541379999428
            ]
          ],
          [
            [
              -78.67157357800465,
              -1.6394541379999428
            ],
            [
              -78.67153048800466,
              -1.6394463929999197
            ],
            [
              -78.67152004000468,
              -1.6394388149999353
            ],
            [
              -78.6714543330047,
              -1.6394377409998804
            ],
            [
              -78.67141390181459,
              -1.6394303897422813
            ]
          ],
          [
            [
              -78.67136459644168,
              -1.6394137508945184
            ],
            [
              -78.67136218100467,
              -1.63941276899988
            ],
            [
              -78.67134128200469,
              -1.639405571999912
            ],
            [
              -78.67133467769374,
              -1.6393977111872793
            ]
          ],
          [
            [
              -78.67129656286164,
              -1.6391015682697
            ],
            [
              -78.67128780300472,
              -1.6390970949999366
            ],
            [
              -78.67127476200466,
              -1.6390753229999102
            ],
            [
              -78.67126812938498,
              -1.6390674950298787
            ]
          ],
          [
            [
              -78.67089861471572,
              -1.6387202648575518
            ],
            [
              -78.6708953480047,
              -1.638715888999941
            ],
            [
              -78.6708837180047,
              -1.638705833999936
            ],
            [
              -78.67088120300471,
              -1.6387025629998677
            ],
            [
              -78.6708566750047,
              -1.6386706579999077
            ],
            [
              -78.67084244000468,
              -1.6386529489999357
            ],
            [
              -78.67083399800472,
              -1.6386435429998858
            ],
            [
              -78.67082654300468,
              -1.6386352379999367
            ],
            [
              -78.6708130130047,
              -1.6386251809999082
            ],
            [
              -78.67079924100466,
              -1.6386184709999296
            ],
            [
              -78.67078451800467,
              -1.6386124759999117
            ],
            [
              -78.67076884800471,
              -1.6386033729999074
            ],
            [
              -78.67075507300468,
              -1.6385992929999285
            ],
            [
              -78.67073796400469,
              -1.638602858999928
            ],
            [
              -78.67072869200467,
              -1.6386083469999204
            ],
            [
              -78.67071633800472,
              -1.6386083319999192
            ],
            [
              -78.6707029120047,
              -1.6386100849999012
            ],
            [
              -78.67069637800466,
              -1.6386109389999226
            ],
            [
              -78.6706759290047,
              -1.638626215999962
            ],
            [
              -78.67066069900467,
              -1.63864759599992
            ],
            [
              -78.67064678400469,
              -1.6386619249999406
            ],
            [
              -78.6706275200047,
              -1.6386794739999455
            ],
            [
              -78.67061680800471,
              -1.6386970339999234
            ],
            [
              -78.6706078720047,
              -1.6387206929998857
            ],
            [
              -78.67059681100469,
              -1.638732513999956
            ],
            [
              -78.67057182900469,
              -1.6387640439999367
            ],
            [
              -78.67055470100465,
              -1.6387826719998961
            ],
            [
              -78.67053472300469,
              -1.6388016559999192
            ],
            [
              -78.67052508500468,
              -1.6388156309999076
            ],
            [
              -78.67050275100469,
              -1.6388313739999105
            ],
            [
              -78.67048420200469,
              -1.6388383129999413
            ],
            [
              -78.67046751200469,
              -1.6388307179999226
            ],
            [
              -78.67043273700466,
              -1.6388162639999309
            ],
            [
              -78.6704215960047,
              -1.6387942549999244
            ],
            [
              -78.67041852700473,
              -1.63877799399994
            ],
            [
              -78.67039834900471,
              -1.6387638649998992
            ],
            [
              -78.6703809960047,
              -1.6387722119999222
            ],
            [
              -78.6703669700047,
              -1.638779367999959
            ],
            [
              -78.67034059300468,
              -1.6387843579999233
            ],
            [
              -78.67031017600472,
              -1.6387907779999042
            ],
            [
              -78.67028095400471,
              -1.6387907429999482
            ],
            [
              -78.6702560130047,
              -1.6387864109999297
            ],
            [
              -78.67023821100469,
              -1.638771805999926
            ],
            [
              -78.67022383841969,
              -1.63876008861462
            ]
          ],
          [
            [
              -78.67014381103466,
              -1.6387587369747572
            ],
            [
              -78.67014081800468,
              -1.6387594989999146
            ],
            [
              -78.67011017100471,
              -1.6387592239999214
            ],
            [
              -78.6701009040047,
              -1.6387604079998928
            ],
            [
              -78.67004479700469,
              -1.6387682619999158
            ],
            [
              -78.6700084430047,
              -1.6387714469999373
            ],
            [
              -78.6699802950047,
              -1.6387678279999347
            ],
            [
              -78.6699520930047,
              -1.638760202999932
            ],
            [
              -78.66994965600472,
              -1.6387595439998817
            ],
            [
              -78.66993149000467,
              -1.6387523499999097
            ],
            [
              -78.66990157000473,
              -1.6387390459999425
            ],
            [
              -78.66986774600471,
              -1.6387124689999137
            ],
            [
              -78.66984104000466,
              -1.6386937889999331
            ],
            [
              -78.66981861200472,
              -1.6386740389999561
            ],
            [
              -78.6697990320047,
              -1.6386560849999585
            ],
            [
              -78.66977410000472,
              -1.6386449379999524
            ],
            [
              -78.66975094600471,
              -1.638635945999943
            ],
            [
              -78.66974239700468,
              -1.6386323489999655
            ],
            [
              -78.66972065600473,
              -1.6386351929999448
            ],
            [
              -78.66970675600471,
              -1.6386358939999235
            ],
            [
              -78.6696942900047,
              -1.6386301409999204
            ],
            [
              -78.66969109400472,
              -1.6386200959999357
            ],
            [
              -78.6696754270047,
              -1.6386089609998926
            ],
            [
              -78.66965477000473,
              -1.6385981779999137
            ],
            [
              -78.66963802600469,
              -1.6385938549999193
            ],
            [
              -78.66961807000472,
              -1.638593113999913
            ],
            [
              -78.66960061700469,
              -1.6385855629999118
            ],
            [
              -78.66958173600469,
              -1.6385798019999025
            ],
            [
              -78.66956107000475,
              -1.6385769089999163
            ],
            [
              -78.66954646100474,
              -1.638575098999938
            ],
            [
              -78.66953612900468,
              -1.638573293999952
            ],
            [
              -78.66952294900467,
              -1.6385678989999326
            ],
            [
              -78.66951155500472,
              -1.6385596379999137
            ],
            [
              -78.66949445600466,
              -1.6385535209998974
            ],
            [
              -78.66948092100468,
              -1.638547766999929
            ],
            [
              -78.6694720140047,
              -1.638545963999907
            ],
            [
              -78.66945739700473,
              -1.6385506089999062
            ],
            [
              -78.66944029200468,
              -1.638550229999924
            ],
            [
              -78.66942354600471,
              -1.6385473409999196
            ],
            [
              -78.66940858000473,
              -1.6385466069999333
            ],
            [
              -78.6693925440047,
              -1.63854622899989
            ],
            [
              -78.6693811390047,
              -1.638546932999901
            ],
            [
              -78.6693743620047,
              -1.6385523039999539
            ],
            [
              -78.6693604630047,
              -1.6385530049999337
            ],
            [
              -78.66932945400471,
              -1.6385565549999204
            ],
            [
              -78.66931091700471,
              -1.6385622719999289
            ],
            [
              -78.6692909550047,
              -1.6385669099999196
            ],
            [
              -78.6692642140047,
              -1.6385779959999447
            ],
            [
              -78.66925601000472,
              -1.6385844419999476
            ],
            [
              -78.66924849600471,
              -1.6386113289999455
            ],
            [
              -78.6692377770047,
              -1.6386353449999131
            ],
            [
              -78.66923312800473,
              -1.6386493249999445
            ],
            [
              -78.66922241900468,
              -1.6386647329998931
            ],
            [
              -78.66921063700467,
              -1.638683367999911
            ],
            [
              -78.66918995000471,
              -1.6386987639999484
            ],
            [
              -78.66916069400472,
              -1.6387129349999092
            ],
            [
              -78.66915892900468,
              -1.6387137899999265
            ],
            [
              -78.66913468300473,
              -1.6387245199999128
            ],
            [
              -78.66911319694965,
              -1.6387343483524643
            ]
          ],
          [
            [
              -78.66911319694965,
              -1.6387343483524643
            ],
            [
              -78.6690658680047,
              -1.638755997999933
            ],
            [
              -78.66902097500473,
              -1.6387751019999206
            ],
            [
              -78.66897888900472,
              -1.63877813099995
            ],
            [
              -78.66894329500472,
              -1.6387789349999056
            ],
            [
              -78.6689297040047,
              -1.6387830939999055
            ],
            [
              -78.66890655100472,
              -1.6387733839999146
            ],
            [
              -78.66889196200474,
              -1.6387543599999324
            ],
            [
              -78.66886489900473,
              -1.638736396999935
            ],
            [
              -78.66884851400474,
              -1.6387295639999466
            ],
            [
              -78.66882678900475,
              -1.638718421999939
            ],
            [
              -78.66880720000471,
              -1.638708715999925
            ],
            [
              -78.66879652000468,
              -1.6386986619999468
            ],
            [
              -78.66877657200469,
              -1.638691465999917
            ],
            [
              -78.66877331600472,
              -1.6386871819999376
            ],
            [
              -78.66876838800474,
              -1.638680697999936
            ],
            [
              -78.66876330400473,
              -1.6386808359998906
            ],
            [
              -78.66875143400469,
              -1.6386729319999482
            ],
            [
              -78.66874313200474,
              -1.6386616859999508
            ],
            [
              -78.66873778246443,
              -1.6386547230138602
            ]
          ],
          [
            [
              -78.66871297457449,
              -1.6386406635745738
            ],
            [
              -78.66870597500468,
              -1.6386401249999023
            ],
            [
              -78.6686969480047,
              -1.6386393969999211
            ],
            [
              -78.66868198400475,
              -1.638636629999931
            ],
            [
              -78.66867224500476,
              -1.6386353039998955
            ],
            [
              -78.66865004100472,
              -1.6386265509999303
            ],
            [
              -78.6686400690047,
              -1.6386216379999379
            ],
            [
              -78.66862676600475,
              -1.638619948999953
            ],
            [
              -78.66861750900469,
              -1.6386132439999275
            ],
            [
              -78.66860777600472,
              -1.6386064189998923
            ],
            [
              -78.6685978030047,
              -1.6386017449999313
            ],
            [
              -78.6685871130047,
              -1.6386004179999323
            ],
            [
              -78.66857940000469,
              -1.6385931169999517
            ],
            [
              -78.66857473200471,
              -1.638589516999929
            ],
            [
              -78.66855686900475,
              -1.6385870099999476
            ],
            [
              -78.66853236500472,
              -1.6385751229998973
            ],
            [
              -78.66852495400474,
              -1.6385739659999465
            ],
            [
              -78.66849722200472,
              -1.6385593979998863
            ],
            [
              -78.66847481699456,
              -1.638547588596825
            ]
          ],
          [
            [
              -78.66847481699456,
              -1.638547588596825
            ],
            [
              -78.66846844500473,
              -1.6385442299999582
            ],
            [
              -78.6684458800047,
              -1.6385391229998971
            ]
          ],
          [
            [
              -78.6684458800047,
              -1.6385391229998971
            ],
            [
              -78.66842123600473,
              -1.6385358069999003
            ],
            [
              -78.6684087670047,
              -1.6385325049999084
            ],
            [
              -78.66839608652509,
              -1.6385370298673396
            ]
          ],
          [
            [
              -78.66839608652509,
              -1.6385370298673396
            ],
            [
              -78.66839123800474,
              -1.6385387599999481
            ],
            [
              -78.66836688400473,
              -1.6385402259999635
            ],
            [
              -78.66834549700474,
              -1.6385449829999172
            ],
            [
              -78.66832233100473,
              -1.6385470479999447
            ],
            [
              -78.6682973800047,
              -1.6385515009999132
            ],
            [
              -78.66827510500472,
              -1.6385532679999133
            ],
            [
              -78.66825134900469,
              -1.6385517459999381
            ],
            [
              -78.66823056500475,
              -1.638547836999938
            ],
            [
              -78.66820087000471,
              -1.6385454109999071
            ],
            [
              -78.66817771100472,
              -1.6385411999999435
            ],
            [
              -78.66815662600472,
              -1.6385411749999177
            ],
            [
              -78.66813642200475,
              -1.6385504159999078
            ],
            [
              -78.6681247190047,
              -1.6385600099999225
            ],
            [
              -78.66807876300476,
              -1.6385903939999154
            ],
            [
              -78.66805647800476,
              -1.6386002299999354
            ],
            [
              -78.66803835200471,
              -1.6386091749999083
            ],
            [
              -78.66801785200471,
              -1.6386172199999238
            ],
            [
              -78.66799795100472,
              -1.6386204839999083
            ],
            [
              -78.66796974700476,
              -1.638613576999924
            ],
            [
              -78.66793946300477,
              -1.638607265999922
            ],
            [
              -78.66791867300475,
              -1.638608734999921
            ],
            [
              -78.66790946800471,
              -1.6386078279999619
            ],
            [
              -78.6678952250047,
              -1.6385973519999582
            ],
            [
              -78.66787444800472,
              -1.6385877639999071
            ],
            [
              -78.66786076800473,
              -1.6385845849999123
            ],
            [
              -78.66785247800478,
              -1.6385826579999385
            ],
            [
              -78.66783615300471,
              -1.6385757649998698
            ],
            [
              -78.66781537000472,
              -1.638570958999925
            ],
            [
              -78.6677942870047,
              -1.6385694399999444
            ],
            [
              -78.66775686800473,
              -1.6385690979999235
            ],
            [
              -78.66773370400472,
              -1.6385699669999207
            ],
            [
              -78.66770934300472,
              -1.6385774099999062
            ],
            [
              -78.66769212000474,
              -1.6385758949999183
            ],
            [
              -78.66767459100474,
              -1.6385827479999537
            ],
            [
              -78.66766092700476,
              -1.6385860199999087
            ],
            [
              -78.66765290800474,
              -1.6385860099999119
            ],
            [
              -78.66755633600472,
              -1.6385781249999642
            ],
            [
              -78.66741923800477,
              -1.6385669299999572
            ],
            [
              -78.66741504900473,
              -1.638555188999921
            ],
            [
              -78.66739368000475,
              -1.6385441059998969
            ],
            [
              -78.66735746000471,
              -1.6385345009999108
            ],
            [
              -78.66731355028706,
              -1.6385193414140549
            ]
          ],
          [
            [
              -78.6672324031205,
              -1.6384970148699836
            ],
            [
              -78.6672036790047,
              -1.6384909869999391
            ],
            [
              -78.66718713445748,
              -1.6384862096607449
            ]
          ],
          [
            [
              -78.66718713445748,
              -1.6384862096607449
            ],
            [
              -78.66717874100478,
              -1.6384837859999144
            ],
            [
              -78.66715737300474,
              -1.6384823039999528
            ],
            [
              -78.66715638100479,
              -1.6384822349999455
            ],
            [
              -78.66713464100475,
              -1.638484002999962
            ]
          ],
          [
            [
              -78.66713464100475,
              -1.638484002999962
            ],
            [
              -78.66710609400475,
              -1.6385162449999333
            ],
            [
              -78.66708110700472,
              -1.6385520779999445
            ],
            [
              -78.66707721525314,
              -1.638561733303864
            ]
          ],
          [
            [
              -78.66707721525314,
              -1.638561733303864
            ],
            [
              -78.66706752600474,
              -1.6385857719999288
            ],
            [
              -78.66706110300476,
              -1.6385925789999312
            ],
            [
              -78.66706107000478,
              -1.6386212679999221
            ],
            [
              -78.66706033600475,
              -1.6386395569999574
            ],
            [
              -78.6670610260047,
              -1.638658922999941
            ],
            [
              -78.66705991500476,
              -1.6386653669998876
            ],
            [
              -78.66705758876394,
              -1.638667677001921
            ],
            [
              -78.66703140800475,
              -1.638693674999915
            ],
            [
              -78.66701143200476,
              -1.6387101479999495
            ],
            [
              -78.66699501600473,
              -1.6387302109999047
            ],
            [
              -78.66697930900473,
              -1.6387535029999285
            ],
            [
              -78.66695931700474,
              -1.6387740479999433
            ],
            [
              -78.66694313400474,
              -1.6387974589999132
            ],
            [
              -78.66694881100474,
              -1.638818982999935
            ],
            [
              -78.66694879600477,
              -1.6388323709999646
            ],
            [
              -78.66693947400472,
              -1.638842279999939
            ],
            [
              -78.66693262000473,
              -1.6388495659999578
            ],
            [
              -78.66692737700475,
              -1.638863904999924
            ],
            [
              -78.6669107240047,
              -1.6388830109999497
            ],
            [
              -78.66690961000474,
              -1.6388875529999396
            ],
            [
              -78.66690433041745,
              -1.638897211738891
            ]
          ],
          [
            [
              -78.66661394111186,
              -1.6392556315244928
            ],
            [
              -78.66658440000475,
              -1.6392840969999296
            ],
            [
              -78.66657485700475,
              -1.6392932929999413
            ],
            [
              -78.66656080400477,
              -1.6393093029999226
            ],
            [
              -78.66652379000476,
              -1.639351473999944
            ],
            [
              -78.66641368800477,
              -1.6394769169999177
            ],
            [
              -78.66640598700475,
              -1.6395004419998949
            ],
            [
              -78.66635820900476,
              -1.6395880629999413
            ],
            [
              -78.66634002500471,
              -1.6396214129998725
            ],
            [
              -78.66633587600475,
              -1.6396249199999327
            ],
            [
              -78.66629876500473,
              -1.639667432999921
            ],
            [
              -78.66627875400475,
              -1.6397137909999093
            ],
            [
              -78.66626015600477,
              -1.6397721049999217
            ],
            [
              -78.6662600985397,
              -1.6397722028925634
            ],
            [
              -78.66622611125672,
              -1.6397955164366098
            ]
          ],
          [
            [
              -78.66583761488779,
              -1.6401236967236323
            ],
            [
              -78.66581009689727,
              -1.6401520325052428
            ],
            [
              -78.66576845283184,
              -1.640196231118715
            ],
            [
              -78.66572205669225,
              -1.6402392282703022
            ],
            [
              -78.66569824502656,
              -1.6402774684233539
            ],
            [
              -78.66569224080297,
              -1.6403312759060291
            ],
            [
              -78.66569399603206,
              -1.6403548367738172
            ],
            [
              -78.66569301427765,
              -1.640381623299608
            ],
            [
              -78.66567871334452,
              -1.6403998331402834
            ]
          ],
          [
            [
              -78.66539979285352,
              -1.6407083469819963
            ],
            [
              -78.66539449652156,
              -1.64071640019744
            ],
            [
              -78.66535165436034,
              -1.640788396209968
            ],
            [
              -78.66534587823146,
              -1.6407936340287756
            ]
          ],
          [
            [
              -78.6649200868803,
              -1.6414394810389557
            ],
            [
              -78.66492289600475,
              -1.6414646189999529
            ],
            [
              -78.66491594263587,
              -1.6414871748639095
            ]
          ],
          [
            [
              -78.66491594263587,
              -1.6414871748639095
            ],
            [
              -78.66490930300475,
              -1.6415087129999204
            ],
            [
              -78.66490728780093,
              -1.6415132156129113
            ]
          ],
          [
            [
              -78.6646331017296,
              -1.6420081306698753
            ],
            [
              -78.66460432800476,
              -1.6420576809998875
            ],
            [
              -78.66455624200476,
              -1.6421398679999442
            ],
            [
              -78.66450956900478,
              -1.6422320979999452
            ],
            [
              -78.66449528400473,
              -1.6422583799998947
            ],
            [
              -78.66447911800478,
              -1.6422674459999311
            ],
            [
              -78.66446101700475,
              -1.6423066329999643
            ],
            [
              -78.66445160876792,
              -1.6423189316871487
            ]
          ],
          [
            [
              -78.66360869858629,
              -1.643269552088876
            ],
            [
              -78.66358199600478,
              -1.6432927579999623
            ]
          ],
          [
            [
              -78.66358199600478,
              -1.6432927579999623
            ],
            [
              -78.66354919380517,
              -1.6432971088917625
            ]
          ],
          [
            [
              -78.66265276224772,
              -1.6431183088097185
            ],
            [
              -78.66258012171375,
              -1.643107446130976
            ]
          ],
          [
            [
              -78.66249107023127,
              -1.6431316096344082
            ],
            [
              -78.66236534600478,
              -1.643197456999903
            ],
            [
              -78.66231419100481,
              -1.643195190999946
            ]
          ],
          [
            [
              -78.66231419100481,
              -1.643195190999946
            ],
            [
              -78.66226610000481,
              -1.6432150759998772
            ],
            [
              -78.6621272740048,
              -1.6432545459999583
            ],
            [
              -78.66210233300481,
              -1.6432509309999357
            ],
            [
              -78.66206745300482,
              -1.6432597869999572
            ],
            [
              -78.66200568000481,
              -1.6432616269999427
            ],
            [
              -78.66197025791021,
              -1.6432532925935068
            ]
          ],
          [
            [
              -78.66114748445963,
              -1.6431801823367171
            ],
            [
              -78.66110960300479,
              -1.6432046259999102
            ],
            [
              -78.6610872470048,
              -1.6432246819999066
            ],
            [
              -78.66104731000483,
              -1.643245195999923
            ],
            [
              -78.66098549300482,
              -1.6432852889999108
            ],
            [
              -78.66095600300484,
              -1.6433115529999083
            ],
            [
              -78.66093149900483,
              -1.6433320039999273
            ],
            [
              -78.66087705100483,
              -1.6433774449999174
            ],
            [
              -78.66082187900484,
              -1.6434237619999281
            ],
            [
              -78.66074197300486,
              -1.6434920439999268
            ],
            [
              -78.66070297500481,
              -1.6435225999999143
            ],
            [
              -78.66065446500478,
              -1.6435600779999127
            ],
            [
              -78.66061452600482,
              -1.6435829829999131
            ],
            [
              -78.66056105600484,
              -1.643595829999906
            ],
            [
              -78.66051145300102,
              -1.6436057528272203
            ],
            [
              -78.66050758800486,
              -1.6436065259998789
            ],
            [
              -78.66043701400484,
              -1.6436186359999
            ],
            [
              -78.66037356000483,
              -1.6436357739999348
            ],
            [
              -78.66033981500483,
              -1.6436428599999204
            ],
            [
              -78.66031581500488,
              -1.6436478989999206
            ],
            [
              -78.66027873100482,
              -1.6436665039999172
            ],
            [
              -78.66026589300483,
              -1.6436743779999217
            ],
            [
              -78.66023524500487,
              -1.643674341999911
            ],
            [
              -78.6601974830048,
              -1.6436635389998904
            ],
            [
              -78.66013334600484,
              -1.643655573999925
            ],
            [
              -78.66006777800487,
              -1.643652626999926
            ],
            [
              -78.66000860300481,
              -1.6436683369999325
            ],
            [
              -78.65997578700483,
              -1.6436948359999262
            ],
            [
              -78.65991439900485,
              -1.6437743769999096
            ],
            [
              -78.65983945700486,
              -1.6438646599999445
            ],
            [
              -78.65972667600481,
              -1.6440101259999305
            ],
            [
              -78.65962889200483,
              -1.6441297899999505
            ],
            [
              -78.65955466100485,
              -1.644221507999892
            ],
            [
              -78.65953555619187,
              -1.6442452903852358
            ]
          ],
          [
            [
              -78.65505623272554,
              -1.646150697388473
            ],
            [
              -78.65505411700492,
              -1.6461524859998902
            ],
            [
              -78.65500658200489,
              -1.6461691649999213
            ],
            [
              -78.65495549100491,
              -1.6461798629998994
            ],
            [
              -78.65487413309725,
              -1.646184698994482
            ]
          ],
          [
            [
              -78.65484058307021,
              -1.6461903912868487
            ],
            [
              -78.65480698200494,
              -1.6462000089999138
            ],
            [
              -78.65480024500496,
              -1.6462064099999112
            ],
            [
              -78.65474038600492,
              -1.6462632859999526
            ],
            [
              -78.65468805500491,
              -1.6463182119998834
            ],
            [
              -78.65465117700492,
              -1.646363592999901
            ],
            [
              -78.6545798190049,
              -1.6464364279999324
            ],
            [
              -78.65455599900494,
              -1.6464901919999204
            ],
            [
              -78.65454761800494,
              -1.6465463649999221
            ],
            [
              -78.6545352962389,
              -1.6465834185583814
            ]
          ],
          [
            [
              -78.6545352962389,
              -1.6465834185583814
            ],
            [
              -78.6545166240049,
              -1.6466395689999125
            ],
            [
              -78.65445353700491,
              -1.6467494699999599
            ],
            [
              -78.65443855700491,
              -1.6467764779999037
            ],
            [
              -78.65438330400494,
              -1.6468760989999058
            ],
            [
              -78.65431901000488,
              -1.6470027339998954
            ],
            [
              -78.65427494600495,
              -1.6470983129999173
            ],
            [
              -78.6542748570049,
              -1.6470986839999362
            ],
            [
              -78.65425107200494,
              -1.647197501999907
            ],
            [
              -78.65418441500493,
              -1.6473133759999212
            ],
            [
              -78.6540797440049,
              -1.6474303999999373
            ],
            [
              -78.65401061700496,
              -1.6474749959999528
            ],
            [
              -78.65394640600493,
              -1.6475308639999373
            ],
            [
              -78.65391394500489,
              -1.647557721999898
            ],
            [
              -78.65386221600491,
              -1.6476049979999332
            ],
            [
              -78.65382592364155,
              -1.6476362713061223
            ]
          ],
          [
            [
              -78.65356543158352,
              -1.6478829339487573
            ],
            [
              -78.65354148300494,
              -1.647913386999923
            ],
            [
              -78.65351257900492,
              -1.6479456279999054
            ],
            [
              -78.65350615100498,
              -1.6479578129999253
            ],
            [
              -78.65348120000496,
              -1.6479624459998958
            ],
            [
              -78.65346395815703,
              -1.6479714085918553
            ]
          ],
          [
            [
              -78.65330953523083,
              -1.6481601386336888
            ],
            [
              -78.65331142800491,
              -1.6481738239999528
            ],
            [
              -78.65331167600495,
              -1.6481756219999284
            ],
            [
              -78.65330345200496,
              -1.6481992809999506
            ],
            [
              -78.65329772500495,
              -1.6482211489999017
            ],
            [
              -78.65328131900496,
              -1.6482322469999364
            ],
            [
              -78.65326456800493,
              -1.6482340199999281
            ],
            [
              -78.65323995900494,
              -1.6482504879999482
            ],
            [
              -78.65320857500491,
              -1.648271249999917
            ],
            [
              -78.65319502200497,
              -1.6482805579999316
            ],
            [
              -78.65316293200496,
              -1.6482952229999213
            ],
            [
              -78.65315436200493,
              -1.6483095579998799
            ],
            [
              -78.6531361219413,
              -1.6483116084283875
            ]
          ],
          [
            [
              -78.65268022957636,
              -1.6485072055541783
            ],
            [
              -78.65264450300498,
              -1.6485284259999125
            ],
            [
              -78.65259246200495,
              -1.6485387639999503
            ],
            [
              -78.6525818980049,
              -1.6485404429999244
            ],
            [
              -78.65256109600493,
              -1.6485437479999365
            ],
            [
              -78.65253115500497,
              -1.6485487329999036
            ],
            [
              -78.65249052900496,
              -1.6485490429999343
            ],
            [
              -78.65245381700498,
              -1.6485543789999173
            ],
            [
              -78.65241674300495,
              -1.6485643759999447
            ],
            [
              -78.652370756005,
              -1.6485783079999443
            ],
            [
              -78.65234687800495,
              -1.648579713999926
            ],
            [
              -78.65230803100495,
              -1.6485821779999588
            ],
            [
              -78.65228451900497,
              -1.6485753359999447
            ],
            [
              -78.65225532300498,
              -1.6485530679999132
            ],
            [
              -78.65224321900496,
              -1.648542294999944
            ],
            [
              -78.65221191835968,
              -1.6485381925523908
            ]
          ],
          [
            [
              -78.65220796293112,
              -1.6485379666807238
            ],
            [
              -78.65216589300493,
              -1.6485382579999515
            ],
            [
              -78.65215249379234,
              -1.6485339466749698
            ]
          ],
          [
            [
              -78.65208791712435,
              -1.6485152000748156
            ],
            [
              -78.65207184300499,
              -1.648512325999924
            ],
            [
              -78.65204512100495,
              -1.6485079909999631
            ],
            [
              -78.65201304400495,
              -1.648511179999946
            ],
            [
              -78.65199699400496,
              -1.648522277999962
            ],
            [
              -78.65194177800497,
              -1.648505357999948
            ],
            [
              -78.65193480200499,
              -1.6484986869999472
            ],
            [
              -78.65191436800492,
              -1.6484791459998949
            ],
            [
              -78.651866994005,
              -1.6484600839999417
            ],
            [
              -78.65182638700496,
              -1.6484438979998917
            ],
            [
              -78.651809642005,
              -1.6484402919999448
            ],
            [
              -78.65164538200497,
              -1.6484198939999444
            ],
            [
              -78.65156581600493,
              -1.6484012719999197
            ],
            [
              -78.65150406000501,
              -1.6483892439998882
            ],
            [
              -78.65149295690298,
              -1.648387356268862
            ]
          ],
          [
            [
              -78.65121568864812,
              -1.648314874622193
            ],
            [
              -78.65117572800496,
              -1.6482890399999375
            ],
            [
              -78.65112233100497,
              -1.6482393679999339
            ],
            [
              -78.65109029900498,
              -1.6482046629999276
            ],
            [
              -78.65105450200497,
              -1.6481644259999197
            ],
            [
              -78.65102637700492,
              -1.6481403649999449
            ],
            [
              -78.65100484602472,
              -1.6481227178172813
            ]
          ],
          [
            [
              -78.65100156785569,
              -1.648121192779226
            ],
            [
              -78.65095371500499,
              -1.6481094379999361
            ],
            [
              -78.65089884800494,
              -1.6480982559999298
            ],
            [
              -78.65088103300499,
              -1.6480950069999263
            ],
            [
              -78.65085894255563,
              -1.6480830027039832
            ]
          ],
          [
            [
              -78.65029616169653,
              -1.6478542646201597
            ],
            [
              -78.65028939700498,
              -1.6478511629998975
            ],
            [
              -78.650283834254,
              -1.6478457969570859
            ]
          ],
          [
            [
              -78.65011881527592,
              -1.6476849298236418
            ],
            [
              -78.65008970100499,
              -1.6476597829998856
            ],
            [
              -78.650071907005,
              -1.647638961999942
            ],
            [
              -78.65005768000499,
              -1.6476159939999582
            ],
            [
              -78.65003276700502,
              -1.6475879929999042
            ],
            [
              -78.649991847005,
              -1.6475352269998897
            ],
            [
              -78.64995873800498,
              -1.6475072159999218
            ],
            [
              -78.649930965005,
              -1.6474834919999055
            ],
            [
              -78.649901090005,
              -1.6474465289999634
            ],
            [
              -78.64987757900496,
              -1.6473797069999307
            ],
            [
              -78.64981873600499,
              -1.6473382449999112
            ],
            [
              -78.64981818873571,
              -1.6473370257309807
            ]
          ],
          [
            [
              -78.64981818873571,
              -1.6473370257309807
            ],
            [
              -78.64980760900495,
              -1.6473134549999393
            ],
            [
              -78.64976602095393,
              -1.6473024938501097
            ]
          ],
          [
            [
              -78.64976602095393,
              -1.6473024938501097
            ],
            [
              -78.64976144200499,
              -1.647301286999929
            ],
            [
              -78.64975798214272,
              -1.6472971726486856
            ]
          ],
          [
            [
              -78.64975798214272,
              -1.6472971726486856
            ],
            [
              -78.64975439000497,
              -1.647292900999933
            ],
            [
              -78.64969594100498,
              -1.647223395999935
            ],
            [
              -78.64964451863867,
              -1.647142589194993
            ]
          ],
          [
            [
              -78.6495869844657,
              -1.6470670869232578
            ],
            [
              -78.64932724800501,
              -1.6469712779999486
            ],
            [
              -78.64930773800499,
              -1.646950723999936
            ],
            [
              -78.64930582400501,
              -1.6469487079999399
            ],
            [
              -78.649259733005,
              -1.6469256289999326
            ],
            [
              -78.64917505800501,
              -1.646899782999952
            ],
            [
              -78.64917325000502,
              -1.646899230999953
            ],
            [
              -78.64915612163745,
              -1.6468987777517976
            ]
          ],
          [
            [
              -78.64915612163745,
              -1.6468987777517976
            ],
            [
              -78.649074164005,
              -1.6468966089999333
            ],
            [
              -78.64896827400503,
              -1.6468812419999326
            ],
            [
              -78.64894133300503,
              -1.6468734419999362
            ],
            [
              -78.64891632600501,
              -1.6468662019999303
            ],
            [
              -78.64883015100503,
              -1.6468070439999216
            ],
            [
              -78.64880840400504,
              -1.6467919769999375
            ],
            [
              -78.64878052800502,
              -1.646755640999953
            ],
            [
              -78.64875957084178,
              -1.6467314251015064
            ]
          ],
          [
            [
              -78.64852864843888,
              -1.6464691658071227
            ],
            [
              -78.64845153300502,
              -1.6464177929999435
            ],
            [
              -78.64840205641507,
              -1.6463996324930419
            ]
          ],
          [
            [
              -78.64840205641507,
              -1.6463996324930419
            ],
            [
              -78.64836488600501,
              -1.64638598899991
            ],
            [
              -78.64832983000503,
              -1.646351822999932
            ]
          ],
          [
            [
              -78.64832983000503,
              -1.646351822999932
            ],
            [
              -78.648284439005,
              -1.6463447539999034
            ],
            [
              -78.64824701500504,
              -1.6463923029999592
            ],
            [
              -78.64820468500501,
              -1.646355681999953
            ],
            [
              -78.64818530200499,
              -1.6463389139999416
            ],
            [
              -78.64805325800498,
              -1.646335945999953
            ],
            [
              -78.64802417900502,
              -1.646291562999951
            ],
            [
              -78.64802144118373,
              -1.6462873938890443
            ]
          ],
          [
            [
              -78.64802144118373,
              -1.6462873938890443
            ],
            [
              -78.64798581900504,
              -1.64623314899991
            ],
            [
              -78.647890770005,
              -1.6461961189999512
            ],
            [
              -78.64785480688994,
              -1.6461705202805466
            ],
            [
              -78.64782128634316,
              -1.6461466601927754
            ]
          ],
          [
            [
              -78.64770454021158,
              -1.6461088319428647
            ],
            [
              -78.64767141400502,
              -1.6461005539999114
            ],
            [
              -78.64765769300506,
              -1.646089337999943
            ],
            [
              -78.64761045400505,
              -1.6460725309999231
            ],
            [
              -78.6475931147348,
              -1.6460599008300683
            ]
          ],
          [
            [
              -78.64758018107136,
              -1.6460546768785558
            ],
            [
              -78.64756730300503,
              -1.646062653999917
            ],
            [
              -78.64749712400504,
              -1.6460363919999075
            ],
            [
              -78.64740805800503,
              -1.6460143379999066
            ],
            [
              -78.64738532600501,
              -1.6460041049999343
            ],
            [
              -78.647347519005,
              -1.6460177099999453
            ],
            [
              -78.64733207400505,
              -1.6460288109999373
            ],
            [
              -78.64732261600503,
              -1.6460504039999149
            ],
            [
              -78.64726736000503,
              -1.6461154729998917
            ],
            [
              -78.6472394442924,
              -1.6461181578183908
            ]
          ],
          [
            [
              -78.64688709111412,
              -1.645973693201986
            ],
            [
              -78.64681503600504,
              -1.6459512879998914
            ],
            [
              -78.64681095400505,
              -1.645950018999909
            ],
            [
              -78.64679536500503,
              -1.6459427129999415
            ],
            [
              -78.64675958600505,
              -1.6459259449998969
            ],
            [
              -78.64674682300503,
              -1.6459199629998775
            ],
            [
              -78.64667793000504,
              -1.6458876759999275
            ],
            [
              -78.64667429100501,
              -1.6458835809999102
            ],
            [
              -78.64655450400502,
              -1.6457488109999558
            ],
            [
              -78.64650703200506,
              -1.6456961359999316
            ],
            [
              -78.64647353200505,
              -1.6456623429999429
            ],
            [
              -78.64645480800507,
              -1.6456434559999429
            ],
            [
              -78.64641875800507,
              -1.6456030529999013
            ],
            [
              -78.64641208300507,
              -1.6455955719999116
            ],
            [
              -78.64640598300502,
              -1.6455817159999053
            ],
            [
              -78.64639312000507,
              -1.6455524969998911
            ],
            [
              -78.64638926600502,
              -1.6455501039998826
            ],
            [
              -78.64633137100506,
              -1.645514154999896
            ],
            [
              -78.64628862900506,
              -1.6454806209998944
            ],
            [
              -78.64624113900507,
              -1.645442297999958
            ],
            [
              -78.64623809282011,
              -1.645434093551184
            ]
          ],
          [
            [
              -78.64505671365485,
              -1.6426738834187735
            ],
            [
              -78.64494627700506,
              -1.6425495719999383
            ],
            [
              -78.64496603012894,
              -1.6423107058709452
            ]
          ],
          [
            [
              -78.64496603012894,
              -1.6423107058709452
            ],
            [
              -78.64496652000508,
              -1.6423047819999164
            ],
            [
              -78.64496944600506,
              -1.6422409519999313
            ],
            [
              -78.64494099900509,
              -1.642187842999896
            ],
            [
              -78.64490827300506,
              -1.6421375979999608
            ],
            [
              -78.64486699200505,
              -1.6420887779999467
            ],
            [
              -78.64481429100509,
              -1.6420542879999165
            ]
          ],
          [
            [
              -78.64481429100509,
              -1.6420542879999165
            ],
            [
              -78.64478657100506,
              -1.641988987999962
            ],
            [
              -78.6447751720051,
              -1.6419322899999296
            ],
            [
              -78.64477027300505,
              -1.641907920999887
            ],
            [
              -78.64475037200508,
              -1.6418605609999102
            ],
            [
              -78.64468769800509,
              -1.641821755999924
            ],
            [
              -78.64462929800509,
              -1.6417851079999264
            ],
            [
              -78.64455021100508,
              -1.6417634969999166
            ],
            [
              -78.64447682000508,
              -1.6417461969999574
            ],
            [
              -78.64442339000512,
              -1.641725333999913
            ],
            [
              -78.64436709713493,
              -1.6417083312555376
            ]
          ],
          [
            [
              -78.64436709713493,
              -1.6417083312555376
            ],
            [
              -78.6443614050051,
              -1.6417066119999355
            ],
            [
              -78.64432833500506,
              -1.6416944659998998
            ],
            [
              -78.6443222220051,
              -1.6416922209999323
            ],
            [
              -78.64428447800509,
              -1.641666355999922
            ],
            [
              -78.64425385000507,
              -1.6416498239999433
            ],
            [
              -78.64423960800508,
              -1.6416397659999553
            ],
            [
              -78.6441875860051,
              -1.6416332489999026
            ],
            [
              -78.6441277240051,
              -1.6416274399999462
            ],
            [
              -78.64408924200508,
              -1.6416238079999046
            ],
            [
              -78.64402938000508,
              -1.6416179989999335
            ],
            [
              -78.64399875400505,
              -1.6415993149999297
            ],
            [
              -78.64392397800509,
              -1.641548302999958
            ],
            [
              -78.64387197500511,
              -1.6415260069999045
            ],
            [
              -78.64380145400509,
              -1.6414936479999045
            ],
            [
              -78.64377581500509,
              -1.6414771219999487
            ],
            [
              -78.64374731900506,
              -1.641465611999907
            ],
            [
              -78.6436953110051,
              -1.6414483369999138
            ],
            [
              -78.64366239600507,
              -1.6414367499999474
            ],
            [
              -78.64364829000512,
              -1.641431784999934
            ],
            [
              -78.64361268900507,
              -1.6414023359999153
            ],
            [
              -78.64358633800512,
              -1.641385091999931
            ],
            [
              -78.64352722300508,
              -1.641349876999884
            ],
            [
              -78.64349444800509,
              -1.6413412319999106
            ],
            [
              -78.64344599700507,
              -1.6413296989999013
            ],
            [
              -78.64339612000511,
              -1.6413174469999272
            ],
            [
              -78.64332630800511,
              -1.6412879569999599
            ],
            [
              -78.64328997800513,
              -1.641271417999933
            ],
            [
              -78.64327004600509,
              -1.6412513119999388
            ],
            [
              -78.6432124180051,
              -1.641163741999927
            ],
            [
              -78.64314765600508,
              -1.641081183999951
            ],
            [
              -78.64311503000512,
              -1.641043209999936
            ],
            [
              -78.64310317900512,
              -1.6410294159999614
            ],
            [
              -78.6430736340051,
              -1.6409950279999492
            ],
            [
              -78.64299959200513,
              -1.6409260869999354
            ],
            [
              -78.64291700800511,
              -1.6408478109999347
            ],
            [
              -78.64286147100506,
              -1.6408004079999368
            ],
            [
              -78.64281233700505,
              -1.6407630539998923
            ],
            [
              -78.6427838650051,
              -1.6407307449999111
            ],
            [
              -78.64274900700511,
              -1.64067547699992
            ],
            [
              -78.64267926500513,
              -1.6405857399999346
            ],
            [
              -78.64264224600511,
              -1.640549117999948
            ],
            [
              -78.64260522400512,
              -1.6405153639999233
            ],
            [
              -78.6425439920051,
              -1.6404622169999052
            ],
            [
              -78.64251052500514,
              -1.6404356399999334
            ],
            [
              -78.6424848770051,
              -1.6404277199999115
            ],
            [
              -78.64248068245111,
              -1.6404302114315943
            ],
            [
              -78.64244992900512,
              -1.6404484779998816
            ],
            [
              -78.64242285300512,
              -1.6404419909998966
            ],
            [
              -78.64237871100511,
              -1.640402490999931
            ],
            [
              -78.64233601400512,
              -1.6403450619999254
            ],
            [
              -78.6423107670051,
              -1.6403089779999063
            ],
            [
              -78.64230186100512,
              -1.6402962499999314
            ],
            [
              -78.64228125100516,
              -1.6402460199999056
            ],
            [
              -78.64227632700508,
              -1.640190069999944
            ],
            [
              -78.64222727300508,
              -1.6400845789999299
            ],
            [
              -78.64219953900515,
              -1.6400314709999058
            ]
          ],
          [
            [
              -78.64219953900515,
              -1.6400314709999058
            ],
            [
              -78.64234700300509,
              -1.639888200999926
            ],
            [
              -78.64232957418567,
              -1.6398502367170458
            ]
          ],
          [
            [
              -78.64210502217574,
              -1.63950418208279
            ],
            [
              -78.64204580200514,
              -1.6394455529999594
            ],
            [
              -78.6420115080051,
              -1.6394143079999162
            ],
            [
              -78.64198367096931,
              -1.639388946643085
            ]
          ],
          [
            [
              -78.64194926178048,
              -1.6393684165237905
            ],
            [
              -78.64187962600509,
              -1.6393377719999331
            ],
            [
              -78.64175850800511,
              -1.6392993759999217
            ],
            [
              -78.64160413900514,
              -1.639253768999908
            ],
            [
              -78.64158345364534,
              -1.6392449973051935
            ]
          ],
          [
            [
              -78.64149089945928,
              -1.6392057493971464
            ],
            [
              -78.64148541100514,
              -1.6392034219999558
            ],
            [
              -78.64148250114775,
              -1.6392008870139065
            ]
          ],
          [
            [
              -78.64140576407723,
              -1.639134035832171
            ],
            [
              -78.6413809850051,
              -1.6391124489999014
            ],
            [
              -78.6413750633013,
              -1.6390928639844218
            ]
          ],
          [
            [
              -78.64112946239638,
              -1.6386036971089446
            ],
            [
              -78.64104451400516,
              -1.638559784999885
            ],
            [
              -78.64098682100513,
              -1.638528158999952
            ],
            [
              -78.64090062200509,
              -1.638493629999958
            ],
            [
              -78.64089481716772,
              -1.638492531572211
            ]
          ],
          [
            [
              -78.6407044778093,
              -1.6385364361418153
            ],
            [
              -78.64069764900512,
              -1.6385414129999147
            ],
            [
              -78.64068063033152,
              -1.638546687657151
            ]
          ],
          [
            [
              -78.64060942665077,
              -1.6385947348306165
            ],
            [
              -78.6405835000051,
              -1.6386381039999205
            ],
            [
              -78.64053503122493,
              -1.6386773443123939
            ]
          ],
          [
            [
              -78.64038511873174,
              -1.6388193593847715
            ],
            [
              -78.64030594600514,
              -1.6388988449999418
            ],
            [
              -78.64022098300512,
              -1.6389805829999546
            ],
            [
              -78.64007809400519,
              -1.639118046999912
            ],
            [
              -78.64006087701367,
              -1.6391367925931775
            ]
          ],
          [
            [
              -78.63991007801974,
              -1.6393575202614408
            ],
            [
              -78.63989530800514,
              -1.6393989829999513
            ],
            [
              -78.6398950206585,
              -1.6393997752886569
            ]
          ],
          [
            [
              -78.6398950206585,
              -1.6393997752886569
            ],
            [
              -78.6398571730051,
              -1.6395041309999507
            ],
            [
              -78.63980498929814,
              -1.6395580173131141
            ]
          ],
          [
            [
              -78.63976592155636,
              -1.6395927019821328
            ],
            [
              -78.63973350000515,
              -1.639618739999928
            ],
            [
              -78.63969710811108,
              -1.639624973781745
            ]
          ],
          [
            [
              -78.6396432117375,
              -1.6396306645369945
            ],
            [
              -78.63958523900519,
              -1.6396319519999087
            ],
            [
              -78.63954641200516,
              -1.6396307609999543
            ],
            [
              -78.63952689300517,
              -1.6396301619998883
            ],
            [
              -78.63949554600518,
              -1.639619604999911
            ],
            [
              -78.6394855014106,
              -1.6396033899667364
            ]
          ],
          [
            [
              -78.63870411491801,
              -1.639626502252723
            ],
            [
              -78.63867603900518,
              -1.6396163609999586
            ],
            [
              -78.63847454900517,
              -1.6392347969999543
            ],
            [
              -78.63845208900514,
              -1.6391415309999298
            ],
            [
              -78.63841300500516,
              -1.6390434629999375
            ],
            [
              -78.63835603000516,
              -1.6390063389999052
            ],
            [
              -78.6382491440052,
              -1.6389882819999153
            ],
            [
              -78.63814941200518,
              -1.6389463249999159
            ],
            [
              -78.6380750140052,
              -1.6389197099998978
            ],
            [
              -78.6380371065296,
              -1.638906148566823
            ]
          ],
          [
            [
              -78.6892504800044,
              -1.6190085029999655
            ],
            [
              -78.68923087500443,
              -1.6190132619999267
            ],
            [
              -78.68918989000444,
              -1.6190156059999325
            ],
            [
              -78.68915247800446,
              -1.6190095859999212
            ],
            [
              -78.68914412500446,
              -1.6190424499999285
            ],
            [
              -78.68914466400443,
              -1.6190908649999372
            ],
            [
              -78.68914481500444,
              -1.6190913289999391
            ],
            [
              -78.68914872371687,
              -1.6191033542653874
            ]
          ],
          [
            [
              -78.68914872371687,
              -1.6191033542653874
            ],
            [
              -78.68915768600446,
              -1.6191309269999306
            ],
            [
              -78.68915229300438,
              -1.619172162999956
            ],
            [
              -78.68915246566267,
              -1.619179632104257
            ]
          ],
          [
            [
              -78.68919990451383,
              -1.6194883925170367
            ],
            [
              -78.68920004400444,
              -1.6194890039999055
            ],
            [
              -78.68920325700442,
              -1.6195117619999135
            ],
            [
              -78.68920415100445,
              -1.6195338369999401
            ],
            [
              -78.68920235400442,
              -1.6195469849999244
            ],
            [
              -78.68919429000447,
              -1.6195609619999456
            ],
            [
              -78.68918145100444,
              -1.619569912999942
            ],
            [
              -78.6891707560044,
              -1.6195734869999372
            ],
            [
              -78.68915222300444,
              -1.6195752579999265
            ],
            [
              -78.68914081800442,
              -1.6195763209999432
            ],
            [
              -78.68912476700444,
              -1.6195884959999391
            ],
            [
              -78.68909944700445,
              -1.6196042469999163
            ],
            [
              -78.68907413100445,
              -1.6196167689999144
            ],
            [
              -78.68904525300442,
              -1.6196267779998927
            ],
            [
              -78.6890231420044,
              -1.6196414559999424
            ],
            [
              -78.68900316600441,
              -1.6196582889999498
            ],
            [
              -78.68898996200441,
              -1.6196744119999216
            ],
            [
              -78.68897141800441,
              -1.6196862249999295
            ],
            [
              -78.68895749800446,
              -1.6197048579999642
            ],
            [
              -78.68893716700444,
              -1.6197209719999048
            ],
            [
              -78.68892645200445,
              -1.619741401999923
            ],
            [
              -78.68891467200442,
              -1.6197589609999148
            ],
            [
              -78.68889004200443,
              -1.619795153999956
            ],
            [
              -78.68888538400445,
              -1.619817024999948
            ],
            [
              -78.68886896300441,
              -1.619841750999936
            ],
            [
              -78.68885468400443,
              -1.6198636109999534
            ],
            [
              -78.68885221500442,
              -1.6198659359998937
            ],
            [
              -78.68881437100445,
              -1.619901578999911
            ],
            [
              -78.68878262300441,
              -1.6199291569999084
            ],
            [
              -78.68876479300442,
              -1.6199391779999066
            ],
            [
              -78.68874659200443,
              -1.6199617499999421
            ],
            [
              -78.68869770600446,
              -1.620017639999934
            ],
            [
              -78.68867379700445,
              -1.6200459439999466
            ],
            [
              -78.68864489600445,
              -1.6200771109999177
            ],
            [
              -78.68861991900445,
              -1.6201046969998951
            ],
            [
              -78.68860208400446,
              -1.6201193799999374
            ],
            [
              -78.68858780900445,
              -1.6201372949999298
            ],
            [
              -78.68857247700446,
              -1.620144449999914
            ],
            [
              -78.68854751800444,
              -1.620155896999951
            ],
            [
              -78.68852541200448,
              -1.620165912999901
            ],
            [
              -78.68850472700444,
              -1.6201791579998983
            ],
            [
              -78.68848796800441,
              -1.6201875549999218
            ],
            [
              -78.68846445100445,
              -1.620184849999912
            ],
            [
              -78.68845962038095,
              -1.620183172767802
            ]
          ],
          [
            [
              -78.68845962038095,
              -1.620183172767802
            ],
            [
              -78.68844165200441,
              -1.620176933999952
            ],
            [
              -78.68843571400447,
              -1.6201716209999233
            ],
            [
              -78.68842172000443,
              -1.6201553939999105
            ],
            [
              -78.68840931400445,
              -1.620147282999908
            ],
            [
              -78.68839500900444,
              -1.6201406599999302
            ],
            [
              -78.68838361300449,
              -1.6201338329999426
            ],
            [
              -78.68837298600441,
              -1.6201318909999516
            ],
            [
              -78.68835605200444,
              -1.6201352349999407
            ],
            [
              -78.68833941000445,
              -1.6201452579999656
            ],
            [
              -78.68832513700444,
              -1.6201619769999227
            ],
            [
              -78.68828949600443,
              -1.6201652839999132
            ],
            [
              -78.68825717500448,
              -1.6201738529998884
            ],
            [
              -78.68823151300445,
              -1.6201766929999293
            ],
            [
              -78.68819728700448,
              -1.6201895639998798
            ],
            [
              -78.68816164000445,
              -1.6201990869999325
            ],
            [
              -78.68811983500441,
              -1.6201904319999019
            ],
            [
              -78.68809036500443,
              -1.6201999609999358
            ],
            [
              -78.68804619100446,
              -1.6201860429998998
            ],
            [
              -78.68800762715826,
              -1.6201670159676145
            ]
          ],
          [
            [
              -78.68800762715826,
              -1.6201670159676145
            ],
            [
              -78.68800345000444,
              -1.6201649549999106
            ],
            [
              -78.68797780000442,
              -1.620157752999902
            ],
            [
              -78.68794550000443,
              -1.6201481519998988
            ],
            [
              -78.68790037200444,
              -1.6201371029999063
            ],
            [
              -78.68786617100442,
              -1.6201284559999591
            ],
            [
              -78.68780820200445,
              -1.620127433999871
            ],
            [
              -78.68777826300447,
              -1.6201317029999163
            ],
            [
              -78.68774926300445,
              -1.6201450579998993
            ],
            [
              -78.68773166500442,
              -1.620159860999915
            ],
            [
              -78.68772309400447,
              -1.6201761089999234
            ],
            [
              -78.6877216470045,
              -1.6201952339999257
            ],
            [
              -78.68772304900442,
              -1.6202153189999313
            ],
            [
              -78.6877158850045,
              -1.6202478259999569
            ],
            [
              -78.68771299900448,
              -1.6202789029999027
            ],
            [
              -78.6877106000044,
              -1.6202994619999236
            ],
            [
              -78.68770820000447,
              -1.6203204979999333
            ],
            [
              -78.68770246900449,
              -1.6203458349999447
            ],
            [
              -78.68768960000445,
              -1.620380725999925
            ],
            [
              -78.68767865400446,
              -1.620396014999892
            ],
            [
              -78.68767483000444,
              -1.6204160939999348
            ],
            [
              -78.68767580504112,
              -1.6204241702348068
            ]
          ],
          [
            [
              -78.6877260143554,
              -1.6206058757232986
            ],
            [
              -78.68772928800442,
              -1.6206213379999534
            ],
            [
              -78.68772748500447,
              -1.6206399249999426
            ],
            [
              -78.68772211500448,
              -1.6206617349999037
            ],
            [
              -78.68771645500449,
              -1.6206769699999528
            ],
            [
              -78.68770900000447,
              -1.6207041569999598
            ],
            [
              -78.68770532200442,
              -1.620714708999941
            ],
            [
              -78.68769679000444,
              -1.6207340289999208
            ],
            [
              -78.68768459700449,
              -1.6207492559999443
            ],
            [
              -78.68768161400449,
              -1.620760907999925
            ],
            [
              -78.68768011400446,
              -1.620774653999915
            ],
            [
              -78.68766999000447,
              -1.6207979529999308
            ],
            [
              -78.68765750800446,
              -1.6208063059999331
            ],
            [
              -78.68764087400444,
              -1.6208089769999467
            ],
            [
              -78.68762484100444,
              -1.6208059699999027
            ],
            [
              -78.68761238175806,
              -1.6207989177049218
            ]
          ],
          [
            [
              -78.68744387181079,
              -1.6208685870593278
            ],
            [
              -78.68744084600446,
              -1.6208698009999352
            ],
            [
              -78.68741042400445,
              -1.620880285999888
            ],
            [
              -78.68738712300441,
              -1.6208962769998907
            ],
            [
              -78.68736952100443,
              -1.6209149059999242
            ],
            [
              -78.68736333000447,
              -1.6209268529999026
            ],
            [
              -78.68734692300445,
              -1.6209392659999018
            ],
            [
              -78.6873221940045,
              -1.6209581259999373
            ],
            [
              -78.68729271600446,
              -1.620973631999949
            ],
            [
              -78.68727227500445,
              -1.6209822159999208
            ],
            [
              -78.68724162200446,
              -1.6209864839999402
            ],
            [
              -78.68721359800448,
              -1.6209776059999201
            ],
            [
              -78.68717062500447,
              -1.6209517349999167
            ],
            [
              -78.68716702959588,
              -1.6209505683928458
            ]
          ],
          [
            [
              -78.68716702959588,
              -1.6209505683928458
            ],
            [
              -78.68713808900448,
              -1.6209411779999388
            ],
            [
              -78.68711647700447,
              -1.6209344589999328
            ],
            [
              -78.68707994900446,
              -1.6209339389999269
            ],
            [
              -78.68706450100446,
              -1.6209390009999292
            ],
            [
              -78.68703865400445,
              -1.6209482359999285
            ],
            [
              -78.68701636200447,
              -1.620964945999943
            ],
            [
              -78.68700000800446,
              -1.6209828589999642
            ],
            [
              -78.68698157600446,
              -1.6210001709999013
            ],
            [
              -78.68697264400448,
              -1.6210201839999534
            ],
            [
              -78.6869692960859,
              -1.6210277853197665
            ]
          ],
          [
            [
              -78.68707110570472,
              -1.6214351806689828
            ],
            [
              -78.68707076400443,
              -1.6214386939999352
            ],
            [
              -78.68707729100448,
              -1.6214446779998888
            ],
            [
              -78.68707846800447,
              -1.621454242999947
            ],
            [
              -78.68707934400446,
              -1.6214673929999153
            ],
            [
              -78.68708526600444,
              -1.6214826419999055
            ],
            [
              -78.68708256700445,
              -1.6215056509999295
            ],
            [
              -78.68705301700449,
              -1.6215324989999298
            ],
            [
              -78.68702946100447,
              -1.6215636719999396
            ],
            [
              -78.68700984000446,
              -1.6215819389999213
            ],
            [
              -78.68698024400447,
              -1.6215973259999505
            ],
            [
              -78.68694815500449,
              -1.6216116339999571
            ],
            [
              -78.68691533800445,
              -1.6216381349999203
            ],
            [
              -78.68689535700449,
              -1.6216603469998958
            ],
            [
              -78.68688143900445,
              -1.6216768269998902
            ],
            [
              -78.68682796200444,
              -1.6216961319999141
            ],
            [
              -78.68679147900448,
              -1.6217010159999607
            ],
            [
              -78.68676702400444,
              -1.621695343999915
            ],
            [
              -78.68672425100448,
              -1.621702825999874
            ],
            [
              -78.68671747500449,
              -1.6217071219999657
            ],
            [
              -78.68669930100448,
              -1.6217063839999026
            ],
            [
              -78.68669181800446,
              -1.6217056579999072
            ],
            [
              -78.68665866600448,
              -1.6217145849999246
            ],
            [
              -78.68661768100448,
              -1.6217166899999567
            ],
            [
              -78.68659166300444,
              -1.6217188119999135
            ],
            [
              -78.68653786500441,
              -1.6217072979998977
            ],
            [
              -78.68649796400447,
              -1.621696253999952
            ],
            [
              -78.68644952100452,
              -1.6216756369999346
            ],
            [
              -78.6864179160045,
              -1.6216594549999048
            ],
            [
              -78.6864133291796,
              -1.6216531191837205
            ]
          ],
          [
            [
              -78.6864133291796,
              -1.6216531191837205
            ],
            [
              -78.68640598600447,
              -1.6216429759999589
            ],
            [
              -78.68641582300447,
              -1.6215959299999319
            ],
            [
              -78.68641785173556,
              -1.6215917273954212
            ]
          ],
          [
            [
              -78.68631317148291,
              -1.621543479106657
            ],
            [
              -78.68630774000447,
              -1.6215448389999272
            ],
            [
              -78.6863047410971,
              -1.6215431366720205
            ]
          ],
          [
            [
              -78.68629428456413,
              -1.6215427119370616
            ],
            [
              -78.6862797020045,
              -1.621548153999893
            ],
            [
              -78.68626039400449,
              -1.6215539509999384
            ],
            [
              -78.68622931700449,
              -1.6215638149999145
            ],
            [
              -78.68621089200447,
              -1.6215745529999233
            ],
            [
              -78.68619365900449,
              -1.6215820039999342
            ],
            [
              -78.68617256700446,
              -1.6215879569999598
            ],
            [
              -78.68614969800448,
              -1.6215897239998787
            ],
            [
              -78.68613425800449,
              -1.6215879129999156
            ],
            [
              -78.68612445200446,
              -1.6215932809999318
            ],
            [
              -78.68612028600447,
              -1.62160044899995
            ],
            [
              -78.68611791600446,
              -1.6216022139999042
            ],
            [
              -78.68611107200446,
              -1.6216073119999703
            ],
            [
              -78.68609086700448,
              -1.6216162539998988
            ],
            [
              -78.68608284200445,
              -1.6216225209999195
            ],
            [
              -78.6860523690045,
              -1.6216253549999189
            ],
            [
              -78.6860333090045,
              -1.6216726719999175
            ],
            [
              -78.68601474800444,
              -1.6216989489999163
            ],
            [
              -78.68600568800447,
              -1.6217266729999456
            ],
            [
              -78.68599373600448,
              -1.6217912119999314
            ],
            [
              -78.68598771500447,
              -1.621824406999953
            ],
            [
              -78.68597273700449,
              -1.6218719979999445
            ],
            [
              -78.6859660450045,
              -1.6219073739999168
            ],
            [
              -78.6859617450045,
              -1.6219284089999526
            ],
            [
              -78.6859529630045,
              -1.6219530309999421
            ],
            [
              -78.6859360040045,
              -1.6220005819999126
            ],
            [
              -78.68591814500448,
              -1.6220364239999199
            ],
            [
              -78.68587633000449,
              -1.6220817419999385
            ],
            [
              -78.68584034500446,
              -1.6221345979999091
            ],
            [
              -78.68581489600444,
              -1.6221914329999403
            ],
            [
              -78.6858118040045,
              -1.6222138209999282
            ]
          ],
          [
            [
              -78.6858118040045,
              -1.6222138209999282
            ],
            [
              -78.68580288700447,
              -1.6222206849999243
            ],
            [
              -78.68580376600444,
              -1.6222317429999107
            ],
            [
              -78.6858105890045,
              -1.6222377279999487
            ],
            [
              -78.68581443500447,
              -1.622250582999904
            ],
            [
              -78.68580728600446,
              -1.6222697019998782
            ],
            [
              -78.68580668000449,
              -1.6222807589999364
            ],
            [
              -78.68580486400451,
              -1.6223106419999227
            ],
            [
              -78.6858087060045,
              -1.622327381999964
            ],
            [
              -78.68580661200448,
              -1.6223408279999165
            ],
            [
              -78.6858003610045,
              -1.6223527749999573
            ],
            [
              -78.68579411000447,
              -1.6223656189999165
            ],
            [
              -78.6857967590045,
              -1.6223865419999226
            ],
            [
              -78.6857952600045,
              -1.6223996899999376
            ],
            [
              -78.68578960200446,
              -1.62241313199995
            ],
            [
              -78.68578364500445,
              -1.622428066999907
            ],
            [
              -78.68578422400451,
              -1.6224412179999361
            ],
            [
              -78.68577797300449,
              -1.6224546589999396
            ],
            [
              -78.68576815800449,
              -1.6224674979999194
            ],
            [
              -78.6857657600045,
              -1.622486621999915
            ],
            [
              -78.68576723100446,
              -1.6224994749998904
            ],
            [
              -78.68576068800449,
              -1.6225072369999418
            ],
            [
              -78.68574520600447,
              -1.6225418869999366
            ],
            [
              -78.68573627500449,
              -1.6225613019999432
            ],
            [
              -78.68573304700452,
              -1.6225680009998964
            ],
            [
              -78.68570812200447,
              -1.6226133299999639
            ],
            [
              -78.68570520400449,
              -1.6226201219999152
            ],
            [
              -78.68569918900447,
              -1.6226341199999075
            ],
            [
              -78.68568597400446,
              -1.6226599259998957
            ],
            [
              -78.68568132700443,
              -1.6226724719999503
            ],
            [
              -78.68567999800447,
              -1.622676527999931
            ],
            [
              -78.68567310200447,
              -1.6226975669998958
            ],
            [
              -78.68566523900446,
              -1.6227179989999656
            ],
            [
              -78.68564454600445,
              -1.6227380579998705
            ],
            [
              -78.6856235030045,
              -1.6227538139999453
            ],
            [
              -78.68561601400445,
              -1.6227611679999412
            ],
            [
              -78.68561554200446,
              -1.6227616309999182
            ],
            [
              -78.6856142690045,
              -1.6227620569999224
            ],
            [
              -78.68553246700448,
              -1.6227888749999495
            ],
            [
              -78.68548681900445,
              -1.6227858839999225
            ],
            [
              -78.68547982900446,
              -1.6227942649998868
            ],
            [
              -78.68548045300449,
              -1.6228223349999455
            ],
            [
              -78.6854663650045,
              -1.6228350419999422
            ],
            [
              -78.68544808100447,
              -1.622851531999943
            ],
            [
              -78.6854253430045,
              -1.6228613769999203
            ],
            [
              -78.68538401900447,
              -1.6228635079999236
            ],
            [
              -78.68530594400447,
              -1.6229064119999224
            ],
            [
              -78.68527190600447,
              -1.6229553769999019
            ],
            [
              -78.68524958300449,
              -1.6230033349999549
            ],
            [
              -78.68521280624566,
              -1.6230525782508631
            ]
          ],
          [
            [
              -78.68522184235685,
              -1.6232348906892793
            ],
            [
              -78.68522223700447,
              -1.62325553099991
            ],
            [
              -78.6852214930045,
              -1.6232835029999062
            ],
            [
              -78.6852143330045,
              -1.6233121849999468
            ],
            [
              -78.68520360100449,
              -1.6233480349999143
            ],
            [
              -78.68518789100446,
              -1.6233738379999525
            ],
            [
              -78.68516148300448,
              -1.6234068009999216
            ],
            [
              -78.68514149200446,
              -1.6234361849999042
            ],
            [
              -78.68512224000443,
              -1.6234440519999167
            ],
            [
              -78.6850951530045,
              -1.623446172999912
            ],
            [
              -78.68506520800452,
              -1.6234547449999235
            ],
            [
              -78.6850388280045,
              -1.6234626049999208
            ],
            [
              -78.68498963500451,
              -1.6234748489999107
            ],
            [
              -78.6849493700045,
              -1.6234704989999393
            ],
            [
              -78.68491161300447,
              -1.6234550349999022
            ],
            [
              -78.68490308158276,
              -1.6234487236220736
            ]
          ],
          [
            [
              -78.68454366889051,
              -1.6234554878563014
            ],
            [
              -78.6845434120045,
              -1.6234556139999285
            ],
            [
              -78.68452523400451,
              -1.623457744999902
            ],
            [
              -78.68449778300452,
              -1.623467754999937
            ],
            [
              -78.68447959600451,
              -1.623477775999938
            ],
            [
              -78.68445535700445,
              -1.6234827679999597
            ],
            [
              -78.6844289940045,
              -1.6234759239999104
            ],
            [
              -78.68440867400449,
              -1.6234823559999247
            ],
            [
              -78.68437768400447,
              -1.6234697679999321
            ],
            [
              -78.68435881000447,
              -1.623457552999966
            ],
            [
              -78.68435692748217,
              -1.6234562185881407
            ]
          ],
          [
            [
              -78.68407144267707,
              -1.6235102038721954
            ],
            [
              -78.68407056300451,
              -1.623513524999919
            ],
            [
              -78.68405768505653,
              -1.6235264538489076
            ]
          ],
          [
            [
              -78.68368612881703,
              -1.6237939971630704
            ],
            [
              -78.6836891620045,
              -1.6237980129999259
            ],
            [
              -78.68367274500453,
              -1.6238187939998916
            ],
            [
              -78.68364280400455,
              -1.6238237799999276
            ],
            [
              -78.68362465813549,
              -1.6238205362423659
            ]
          ],
          [
            [
              -78.68326513417888,
              -1.6240627792000977
            ],
            [
              -78.683268396518,
              -1.6240690644199338
            ]
          ],
          [
            [
              -78.683268396518,
              -1.6240690644199338
            ],
            [
              -78.68327556800452,
              -1.6240828809999068
            ],
            [
              -78.68327196900454,
              -1.6241139579999353
            ],
            [
              -78.68323869300451,
              -1.6241264709999348
            ],
            [
              -78.68320601100451,
              -1.6241401809999627
            ],
            [
              -78.68315966700453,
              -1.6241538749999127
            ],
            [
              -78.68312483927845,
              -1.6241737793482793
            ]
          ],
          [
            [
              -78.68312483927845,
              -1.6241737793482793
            ],
            [
              -78.68311687500449,
              -1.6241783309999018
            ],
            [
              -78.68309073600449,
              -1.6241824849999398
            ],
            [
              -78.68306874500453,
              -1.6241962069999354
            ],
            [
              -78.68304615600452,
              -1.6242123189999549
            ],
            [
              -78.6830254830045,
              -1.624215761999935
            ],
            [
              -78.6830046910045,
              -1.624218725999904
            ],
            [
              -78.68297914400452,
              -1.624225868999913
            ],
            [
              -78.6829375520045,
              -1.624238970999943
            ],
            [
              -78.68291455653082,
              -1.6242472059815194
            ]
          ],
          [
            [
              -78.6825415333028,
              -1.6253884655958681
            ],
            [
              -78.68254285200456,
              -1.6254212189999404
            ],
            [
              -78.68248462400456,
              -1.625440277999902
            ],
            [
              -78.6824572980045,
              -1.6254438329999539
            ],
            [
              -78.68244775100455,
              -1.625482074999957
            ],
            [
              -78.6824060930045,
              -1.6255537519999543
            ],
            [
              -78.68234834900451,
              -1.625564562999914
            ],
            [
              -78.68230270300451,
              -1.6255910489999452
            ],
            [
              -78.68226063100452,
              -1.6256089309999135
            ],
            [
              -78.68225881883592,
              -1.6256119324161529
            ]
          ],
          [
            [
              -78.68230923026604,
              -1.6257583587425661
            ],
            [
              -78.68233027900452,
              -1.6257847379998955
            ],
            [
              -78.68237227700453,
              -1.6258321249998977
            ],
            [
              -78.68237865900453,
              -1.6258608219998854
            ],
            [
              -78.68236008200454,
              -1.6259002489998915
            ],
            [
              -78.68234627500455,
              -1.6259257459999108
            ],
            [
              -78.68234222600454,
              -1.6259332219999467
            ],
            [
              -78.68231082800455,
              -1.6259515329999326
            ],
            [
              -78.68227307900455,
              -1.6259439009999541
            ],
            [
              -78.68223957900452,
              -1.6259445789999227
            ],
            [
              -78.68217752200454,
              -1.6259875429999298
            ],
            [
              -78.68212330100457,
              -1.6260333839998915
            ],
            [
              -78.68207837200455,
              -1.626057000999907
            ],
            [
              -78.68204485600454,
              -1.6260720249999037
            ],
            [
              -78.68198996900455,
              -1.6260776989999206
            ],
            [
              -78.68192084300453,
              -1.6260690119999353
            ],
            [
              -78.68188973000454,
              -1.6260606079999065
            ],
            [
              -78.68186702400456,
              -1.6260605819999652
            ],
            [
              -78.68184981700452,
              -1.6260605619999535
            ],
            [
              -78.68178518800453,
              -1.6260671819998969
            ],
            [
              -78.68172055000453,
              -1.6260814519999032
            ],
            [
              -78.68165590400453,
              -1.6261028949999519
            ],
            [
              -78.68159838600455,
              -1.6261238679999594
            ],
            [
              -78.68156225400453,
              -1.6261405619999172
            ],
            [
              -78.68148525300452,
              -1.6261629459999312
            ],
            [
              -78.68144438900455,
              -1.626163854999917
            ],
            [
              -78.68139590400452,
              -1.6261800569999065
            ],
            [
              -78.68135738700451,
              -1.6262053549999416
            ],
            [
              -78.68124865900454,
              -1.626340310999946
            ],
            [
              -78.68117659800454,
              -1.6264054969999209
            ],
            [
              -78.68114094900453,
              -1.6264169319999127
            ],
            [
              -78.68107390700456,
              -1.6264555859999172
            ],
            [
              -78.68104133642609,
              -1.6264756014028052
            ]
          ],
          [
            [
              -78.68104133642609,
              -1.6264756014028052
            ],
            [
              -78.68103895800458,
              -1.6264770629999017
            ],
            [
              -78.68101069900453,
              -1.6265066019999397
            ],
            [
              -78.68098686600455,
              -1.6265315139999557
            ],
            [
              -78.68093549000456,
              -1.6265838129999581
            ],
            [
              -78.68085983800451,
              -1.6266726649999328
            ],
            [
              -78.68081773100451,
              -1.6267213889999157
            ],
            [
              -78.68079131300459,
              -1.6267622409999154
            ],
            [
              -78.68067779700458,
              -1.626928510999946
            ],
            [
              -78.68067073200456,
              -1.6269373779999543
            ],
            [
              -78.68063497200454,
              -1.6269822549999209
            ],
            [
              -78.6806025916987,
              -1.6270368732210911
            ]
          ],
          [
            [
              -78.6806025916987,
              -1.6270368732210911
            ],
            [
              -78.68042930700453,
              -1.6273291649999164
            ]
          ],
          [
            [
              -78.68042930700453,
              -1.6273291649999164
            ],
            [
              -78.68034870600452,
              -1.6273828659999339
            ],
            [
              -78.68031302700456,
              -1.6274201209999215
            ],
            [
              -78.68028877200459,
              -1.6274394589999464
            ],
            [
              -78.68026595300455,
              -1.6274489959999199
            ],
            [
              -78.68026093109344,
              -1.6274532171457627
            ]
          ],
          [
            [
              -78.68024115924133,
              -1.6274767212655608
            ],
            [
              -78.68022501300457,
              -1.6275158909999388
            ],
            [
              -78.68020312300456,
              -1.6275440779999402
            ],
            [
              -78.68017991800454,
              -1.6275675919998929
            ],
            [
              -78.68015174700457,
              -1.6275961379999169
            ],
            [
              -78.68013224000455,
              -1.6276185889999266
            ],
            [
              -78.68010512800458,
              -1.6276424659999016
            ],
            [
              -78.68008562000453,
              -1.6276663519999255
            ],
            [
              -78.68007402273201,
              -1.6276754075244004
            ]
          ],
          [
            [
              -78.68001405069558,
              -1.627746700236746
            ],
            [
              -78.67998997400458,
              -1.6277876949999273
            ],
            [
              -78.67997188200457,
              -1.627818754999954
            ],
            [
              -78.67995856300455,
              -1.627831649999946
            ],
            [
              -78.67993684619022,
              -1.627838478299778
            ]
          ],
          [
            [
              -78.67993554408906,
              -1.6278400261926997
            ],
            [
              -78.67989624300458,
              -1.6278970859999207
            ],
            [
              -78.67986909832666,
              -1.6279196398701616
            ],
            [
              -78.67985486500457,
              -1.6279314659999327
            ],
            [
              -78.67982202700452,
              -1.6279518259999297
            ],
            [
              -78.67975628300456,
              -1.6279917419999337
            ],
            [
              -78.67974528600455,
              -1.6279984189999068
            ],
            [
              -78.67964269800456,
              -1.628048190999925
            ],
            [
              -78.67964055194851,
              -1.6280485318331983
            ]
          ],
          [
            [
              -78.6793057354976,
              -1.6282622345864504
            ],
            [
              -78.67930511200456,
              -1.62828052499997
            ],
            [
              -78.6793035240046,
              -1.6283270909999201
            ],
            [
              -78.67925126300456,
              -1.6284783849999107
            ],
            [
              -78.67923279300457,
              -1.6285285709999293
            ],
            [
              -78.67921256800457,
              -1.6285560419999348
            ],
            [
              -78.67919236100451,
              -1.6285667769999108
            ],
            [
              -78.67913713200453,
              -1.628559540999934
            ],
            [
              -78.6791139720046,
              -1.6285559279999475
            ],
            [
              -78.67905692400454,
              -1.62858156299992
            ],
            [
              -78.67901887900456,
              -1.6286102089998915
            ],
            [
              -78.67895409900459,
              -1.6286234889999194
            ],
            [
              -78.67891164500458,
              -1.628670726999909
            ],
            [
              -78.67889545800456,
              -1.628717388999963
            ],
            [
              -78.6788712400046,
              -1.6287331899999071
            ],
            [
              -78.67885567000458,
              -1.628806465999943
            ],
            [
              -78.67883509900459,
              -1.6288284569999008
            ],
            [
              -78.67882200600457,
              -1.6288508559999
            ],
            [
              -78.67881588400455,
              -1.6288776079999003
            ],
            [
              -78.67880621900458,
              -1.6288926769999388
            ],
            [
              -78.67879522300457,
              -1.6288992389999501
            ],
            [
              -78.67878034600454,
              -1.6289246239999549
            ],
            [
              -78.6787651630046,
              -1.6289565839999463
            ],
            [
              -78.67875889400456,
              -1.6289852669999374
            ],
            [
              -78.67874817200459,
              -1.629012748999956
            ],
            [
              -78.67874146488863,
              -1.6290366097844158
            ]
          ],
          [
            [
              -78.67871891175177,
              -1.6293067634843958
            ],
            [
              -78.67871891200457,
              -1.629309895999914
            ],
            [
              -78.6787206700046,
              -1.62933605899993
            ],
            [
              -78.67872969000457,
              -1.6293538429999168
            ],
            [
              -78.67872134500462,
              -1.6293804309999496
            ],
            [
              -78.67869963900455,
              -1.6294031189999232
            ],
            [
              -78.67869457300459,
              -1.6294186529999177
            ],
            [
              -78.67865533700459,
              -1.6294499869998924
            ],
            [
              -78.67864076900459,
              -1.6294643149999277
            ],
            [
              -78.6786294690046,
              -1.6294765549998989
            ],
            [
              -78.67861401400457,
              -1.6294881919999136
            ],
            [
              -78.67858933600456,
              -1.6295129689999466
            ],
            [
              -78.67857094200457,
              -1.6295320849998784
            ],
            [
              -78.67854740200457,
              -1.6295658169999185
            ],
            [
              -78.67853037400455,
              -1.6295953699999075
            ],
            [
              -78.67851050900458,
              -1.6296258429999058
            ],
            [
              -78.6784918470046,
              -1.6296577359999473
            ],
            [
              -78.6784724280046,
              -1.629685569999913
            ],
            [
              -78.67845280700462,
              -1.6297034779999116
            ],
            [
              -78.67844030700456,
              -1.6297273719999172
            ],
            [
              -78.67842305200459,
              -1.629753650999907
            ],
            [
              -78.6784123390046,
              -1.6297727649999054
            ],
            [
              -78.67839803800457,
              -1.6298133919999436
            ],
            [
              -78.67837992700457,
              -1.6298611879999372
            ],
            [
              -78.67837704100461,
              -1.629891786999945
            ],
            [
              -78.67837643900461,
              -1.6298938989999434
            ],
            [
              -78.6783694080046,
              -1.6299185549999071
            ],
            [
              -78.6783589120046,
              -1.6299558399999663
            ],
            [
              -78.67835887100456,
              -1.6299912239999617
            ],
            [
              -78.67835313200462,
              -1.6300237329999572
            ],
            [
              -78.67835760800456,
              -1.630057089999946
            ],
            [
              -78.67835758200461,
              -1.6300796829999478
            ],
            [
              -78.6783575560046,
              -1.6301022759999273
            ],
            [
              -78.67835860600456,
              -1.6301191329999105
            ],
            [
              -78.67835787100456,
              -1.6301381389999294
            ],
            [
              -78.67835465100458,
              -1.6301496109999487
            ],
            [
              -78.6783503550046,
              -1.6301661029999164
            ],
            [
              -78.67835354000462,
              -1.6301858309999402
            ],
            [
              -78.67835742900455,
              -1.6302127319999518
            ],
            [
              -78.67834385300456,
              -1.6302428409998941
            ],
            [
              -78.67833955700458,
              -1.6302600499999162
            ],
            [
              -78.67832561500457,
              -1.6302976889999372
            ],
            [
              -78.6783116910046,
              -1.6303206249999378
            ],
            [
              -78.67828097700462,
              -1.6303776099999037
            ],
            [
              -78.67827239200457,
              -1.6304062899999245
            ],
            [
              -78.67825633200458,
              -1.6304267129999293
            ],
            [
              -78.6782363600046,
              -1.6304399589999308
            ],
            [
              -78.67821957300461,
              -1.6304725739999215
            ],
            [
              -78.67821027300455,
              -1.6305023289999452
            ],
            [
              -78.67820312300456,
              -1.6305227619999023
            ],
            [
              -78.6782027450046,
              -1.6305417689998782
            ],
            [
              -78.67819700400457,
              -1.630575830999905
            ],
            [
              -78.6781923440046,
              -1.6305987779999493
            ],
            [
              -78.67817024900458,
              -1.6305991109999671
            ],
            [
              -78.67815660500457,
              -1.6305965349999139
            ],
            [
              -78.67814787900456,
              -1.6305997059998936
            ],
            [
              -78.67814793200458,
              -1.6306011939999314
            ],
            [
              -78.67814849000456,
              -1.6306170169999332
            ],
            [
              -78.67815486500456,
              -1.6306259119999595
            ],
            [
              -78.6781648560046,
              -1.6306410629999084
            ],
            [
              -78.67816877200457,
              -1.6306446539999544
            ],
            [
              -78.67817444200456,
              -1.6306719159998904
            ],
            [
              -78.67817655900457,
              -1.6306905669999174
            ],
            [
              -78.67813583000459,
              -1.6307807729999548
            ],
            [
              -78.67811736000459,
              -1.6308309589999654
            ],
            [
              -78.67810067900457,
              -1.6308745719998885
            ],
            [
              -78.6780905610046,
              -1.630893088999905
            ],
            [
              -78.67808934800459,
              -1.6309146049998946
            ],
            [
              -78.67807624100462,
              -1.630949854999911
            ],
            [
              -78.67806197000462,
              -1.6309641829999306
            ],
            [
              -78.67806252700458,
              -1.630995861999925
            ],
            [
              -78.67805702400456,
              -1.6310092929999516
            ],
            [
              -78.6780446590046,
              -1.6310394739999228
            ],
            [
              -78.67803607100456,
              -1.6310597549999417
            ],
            [
              -78.6780303440046,
              -1.6310914579999474
            ],
            [
              -78.6780279380046,
              -1.6311183519999135
            ],
            [
              -78.67802016700456,
              -1.6311613769999436
            ],
            [
              -78.67801299000459,
              -1.6312044039999347
            ],
            [
              -78.6779939510046,
              -1.6312330709998857
            ],
            [
              -78.67798201900459,
              -1.6312796789999207
            ],
            [
              -78.6779812642823,
              -1.631285075994784
            ],
            [
              -78.6779748320046,
              -1.631331072999947
            ],
            [
              -78.67796827200462,
              -1.6313549739999555
            ],
            [
              -78.67796409600463,
              -1.6313705089999322
            ],
            [
              -78.67793435900454,
              -1.631405379999895
            ],
            [
              -78.67791758300456,
              -1.6314283129999374
            ],
            [
              -78.6779039990046,
              -1.6314648769998938
            ],
            [
              -78.67789721300456,
              -1.6314784959999222
            ],
            [
              -78.67788899800459,
              -1.6314942659999356
            ],
            [
              -78.67788612400459,
              -1.6315139869999133
            ],
            [
              -78.6778878890046,
              -1.631529409999907
            ],
            [
              -78.67786935000461,
              -1.6315358439998993
            ],
            [
              -78.67785351800457,
              -1.6315541539999179
            ],
            [
              -78.67782724400456,
              -1.6315834919999337
            ],
            [
              -78.67781474300457,
              -1.6316078639999125
            ],
            [
              -78.67779333400456,
              -1.631631507999907
            ],
            [
              -78.67776979400458,
              -1.6316483359999387
            ],
            [
              -78.67776122800458,
              -1.6316708409999099
            ],
            [
              -78.67775726800457,
              -1.6316949419999494
            ],
            [
              -78.6777408450046,
              -1.6317203849998991
            ],
            [
              -78.6777155270046,
              -1.631734341999942
            ],
            [
              -78.67769088300459,
              -1.6317816519999455
            ],
            [
              -78.67766019800459,
              -1.6318146099999247
            ],
            [
              -78.6776393640046,
              -1.6318448599999085
            ],
            [
              -78.6776273560046,
              -1.6318637029999226
            ],
            [
              -78.6776162930046,
              -1.6318773179999078
            ],
            [
              -78.6775945130046,
              -1.6319127959999105
            ],
            [
              -78.67759021900461,
              -1.6319303999999026
            ],
            [
              -78.67757095900461,
              -1.6319428929999444
            ],
            [
              -78.6775627420046,
              -1.631960096999879
            ],
            [
              -78.67756236500459,
              -1.6319783869999123
            ],
            [
              -78.67755664000462,
              -1.6319988219999153
            ],
            [
              -78.67755304200458,
              -1.6320285829999241
            ],
            [
              -78.67755337300459,
              -1.6320504589999485
            ],
            [
              -78.67754942900456,
              -1.632071613999905
            ],
            [
              -78.67754299200462,
              -1.6320909719999328
            ],
            [
              -78.67751552500461,
              -1.632114249999919
            ],
            [
              -78.67750231600459,
              -1.6321346769999308
            ],
            [
              -78.6774919420046,
              -1.6321683749999216
            ],
            [
              -78.67748885500461,
              -1.6321782119999118
            ],
            [
              -78.67748762300454,
              -1.632182137999926
            ],
            [
              -78.67749877105916,
              -1.6322020859400543
            ]
          ],
          [
            [
              -78.67749877105916,
              -1.6322020859400543
            ],
            [
              -78.6774987750046,
              -1.632202092999883
            ],
            [
              -78.6775093470046,
              -1.6322182439999293
            ],
            [
              -78.6775150160046,
              -1.6322472989999592
            ],
            [
              -78.6774942750046,
              -1.6323093169999507
            ],
            [
              -78.67747283400459,
              -1.6323609329999345
            ],
            [
              -78.67741835303973,
              -1.6324420421760817
            ],
            [
              -78.6774101020046,
              -1.6324543259999498
            ],
            [
              -78.67739827900463,
              -1.6324768369999314
            ],
            [
              -78.67739172200463,
              -1.6324974509999128
            ],
            [
              -78.67737920800458,
              -1.6325332979999292
            ],
            [
              -78.67737621700459,
              -1.6325518239999504
            ],
            [
              -78.67736696200457,
              -1.6325942499999342
            ],
            [
              -78.67736248000458,
              -1.6326175549999333
            ],
            [
              -78.67735602614978,
              -1.6326302760791234
            ]
          ],
          [
            [
              -78.67735602614978,
              -1.6326302760791234
            ],
            [
              -78.67735414600462,
              -1.6326339819999356
            ],
            [
              -78.67734132900459,
              -1.6326752089999252
            ],
            [
              -78.67732616300461,
              -1.6326925249998863
            ],
            [
              -78.67731558159015,
              -1.6327000384946586
            ]
          ],
          [
            [
              -78.67731558159015,
              -1.6327000384946586
            ],
            [
              -78.6773017920046,
              -1.6327098299999399
            ],
            [
              -78.67728900000459,
              -1.6327283439998774
            ],
            [
              -78.67727390600461,
              -1.6327644749999182
            ],
            [
              -78.67724094400455,
              -1.6328268429999544
            ],
            [
              -78.67724026282855,
              -1.632827135994867
            ]
          ],
          [
            [
              -78.67724026282855,
              -1.632827135994867
            ],
            [
              -78.67723636400459,
              -1.632828812999927
            ],
            [
              -78.6772361740046,
              -1.6328358679999517
            ],
            [
              -78.6772361420046,
              -1.6328370629999298
            ]
          ],
          [
            [
              -78.67723174800459,
              -1.6330002189999167
            ],
            [
              -78.67724017800461,
              -1.633034316999916
            ],
            [
              -78.67726115500459,
              -1.633067269999943
            ],
            [
              -78.67727742046262,
              -1.6330928205454989
            ]
          ]
        ]
      }
    }
  ]
}