{
  "type": "FeatureCollection",
  "features": [
    {
      "type": "Feature",
      "properties": {
        "CORREDOR": "ANILLO_VIAL",
        "LONGITUD_M": 13126.59872086241
      },
      "geometry": {
        "type": "MultiLineString",
        "coordinates": [
          [
            [
              -78.66505505119477,
              -1.6649304102089248
            ],
            [
              -78.66494214899996,
              -1.6647987059999472
            ],
            [
              -78.66480680299998,
              -1.6645980239999234
            ],
            [
              -78.66420245499995,
              -1.6636653279999822
            ],
            [
              -78.66411712599995,
              -1.6635336389999784
            ],
            [
              -78.66398607299999,
              -1.6633313839999448
            ],
            [
              -78.66347392299997,
              -1.6625379229999522
            ],
            [
              -78.66284804799994,
              -1.6615608789999718
            ],
            [
              -78.66188598999997,
              -1.660037996999954
            ],
            [
              -78.66163459699999,
              -1.6596644689999505
            ],
            [
              -78.66133027599994,
              -1.659212296999951
            ],
            [
              -78.66104116299994,
              -1.6587545789999454
            ],
            [
              -78.66095944299997,
              -1.6586257509999343
            ],
            [
              -78.66087334899998,
              -1.658499839999937
            ],
            [
              -78.66078298499997,
              -1.6583769969999558
            ],
            [
              -78.66068845699994,
              -1.6582573689999507
            ],
            [
              -78.66058987799994,
              -1.6581410989999776
            ],
            [
              -78.66048736699997,
              -1.6580283249999712
            ],
            [
              -78.66029471899998,
              -1.6578539629999873
            ],
            [
              -78.66001411499997,
              -1.6576010269999377
            ],
            [
              -78.65983426999998,
              -1.6574652809999293
            ],
            [
              -78.65916897999995,
              -1.6570015609999518
            ],
            [
              -78.65879539299993,
              -1.6567571839999586
            ],
            [
              -78.65854906299995,
              -1.6566039169999272
            ],
            [
              -78.65846518899997,
              -1.6565518009999767
            ],
            [
              -78.65837941699994,
              -1.656502914999982
            ],
            [
              -78.65829186799994,
              -1.6564573289999713
            ],
            [
              -78.65820180299994,
              -1.6564182159999623
            ],
            [
              -78.65811010299996,
              -1.6563831619999445
            ],
            [
              -78.65801694799995,
              -1.6563522339999417
            ],
            [
              -78.65790895299995,
              -1.6563220219999257
            ],
            [
              -78.65779957499996,
              -1.6562973559999201
            ],
            [
              -78.65768909599996,
              -1.6562782989999556
            ],
            [
              -78.65757779999996,
              -1.6562649009999255
            ],
            [
              -78.65746597099997,
              -1.656257194999965
            ],
            [
              -78.65735389799994,
              -1.6562552019999612
            ],
            [
              -78.65716841899996,
              -1.656259663999951
            ],
            [
              -78.65631374099996,
              -1.6563537399999217
            ],
            [
              -78.65616671299995,
              -1.6563752679999768
            ],
            [
              -78.65602058199994,
              -1.6564022729999706
            ],
            [
              -78.65587554699994,
              -1.656434717999954
            ],
            [
              -78.65573180899997,
              -1.6564725579999553
            ],
            [
              -78.65558956499996,
              -1.6565157419999477
            ],
            [
              -78.65544901199996,
              -1.656564206999981
            ],
            [
              -78.6553905303902,
              -1.6565904380440117
            ]
          ],
          [
            [
              -78.65150217819692,
              -1.6618993976692251
            ],
            [
              -78.65129401699994,
              -1.6620805459999675
            ],
            [
              -78.65087093999995,
              -1.6624265749999232
            ],
            [
              -78.65047702899994,
              -1.6627544609999625
            ],
            [
              -78.65030952699993,
              -1.662892052999945
            ],
            [
              -78.65012927499998,
              -1.6630401179999716
            ],
            [
              -78.64974785699998,
              -1.6633562369999655
            ],
            [
              -78.64947601599994,
              -1.663546506999973
            ],
            [
              -78.64928593099995,
              -1.663679552999955
            ],
            [
              -78.64930803299995,
              -1.6636462599999542
            ],
            [
              -78.64932573299996,
              -1.663610399999928
            ],
            [
              -78.64933874199994,
              -1.6635725619999493
            ],
            [
              -78.64934684799994,
              -1.6635333619999495
            ],
            [
              -78.64934863599996,
              -1.6634283869999489
            ],
            [
              -78.64934522299995,
              -1.6633234529999734
            ],
            [
              -78.64933661699996,
              -1.6632188189999535
            ],
            [
              -78.64932284099996,
              -1.6631147479999453
            ],
            [
              -78.64930392699995,
              -1.6630114969999612
            ],
            [
              -78.64927992499997,
              -1.6629093229999443
            ],
            [
              -78.64922000599995,
              -1.6627345569999596
            ],
            [
              -78.64917289699997,
              -1.6626166709999741
            ],
            [
              -78.64913601399996,
              -1.6625380729999535
            ],
            [
              -78.64905198799994,
              -1.6623705279999463
            ],
            [
              -78.64880244332488,
              -1.6619020848567194
            ]
          ],
          [
            [
              -78.64444408993744,
              -1.6625491476556622
            ],
            [
              -78.64390629399998,
              -1.6627925389999543
            ],
            [
              -78.64344795399995,
              -1.6629987089999567
            ],
            [
              -78.64296700599994,
              -1.6632151859999473
            ],
            [
              -78.64270185499998,
              -1.663345634999934
            ],
            [
              -78.64229070599998,
              -1.663547911999961
            ],
            [
              -78.64212601899999,
              -1.6636289349999624
            ],
            [
              -78.6419876681515,
              -1.6636991865416815
            ]
          ],
          [
            [
              -78.63933355069952,
              -1.6651120778306723
            ],
            [
              -78.63931832199995,
              -1.6651252579999345
            ],
            [
              -78.63924365199995,
              -1.6651974849999724
            ],
            [
              -78.63917306199994,
              -1.665273754999929
            ],
            [
              -78.63908496799996,
              -1.665376849999964
            ],
            [
              -78.63900090099999,
              -1.6654832949999365
            ],
            [
              -78.63892098699995,
              -1.665592931999921
            ],
            [
              -78.63884534699997,
              -1.6657055969999384
            ],
            [
              -78.63871944299996,
              -1.6659263029999272
            ],
            [
              -78.63859736499995,
              -1.66614917699997
            ],
            [
              -78.63847915299993,
              -1.666374149999973
            ],
            [
              -78.63838026599996,
              -1.6666127909999828
            ],
            [
              -78.63818982999999,
              -1.6675953659999425
            ],
            [
              -78.63807323899994,
              -1.668196926999935
            ],
            [
              -78.63803384068311,
              -1.6683911281660884
            ]
          ],
          [
            [
              -78.63778350752791,
              -1.6892176261543668
            ],
            [
              -78.63794902299998,
              -1.6891103639999223
            ],
            [
              -78.63862357799997,
              -1.688650311999936
            ],
            [
              -78.63930453199998,
              -1.6881871989999715
            ],
            [
              -78.63948713799995,
              -1.6880642999999464
            ],
            [
              -78.64017608399996,
              -1.68760061199992
            ],
            [
              -78.64076485977985,
              -1.6872060312070374
            ]
          ],
          [
            [
              -78.65675966304985,
              -1.679480127049174
            ],
            [
              -78.65697103099996,
              -1.6792192339999616
            ],
            [
              -78.65698804899995,
              -1.6791982299999335
            ],
            [
              -78.65748288399999,
              -1.6785937209999617
            ],
            [
              -78.65790521899999,
              -1.6780798409999425
            ],
            [
              -78.65864875899996,
              -1.677231785999939
            ],
            [
              -78.65900032899998,
              -1.6768400199999225
            ],
            [
              -78.65917747299996,
              -1.6766377699999624
            ],
            [
              -78.65941370299998,
              -1.6763678049999198
            ],
            [
              -78.65959710499999,
              -1.6761680609999454
            ],
            [
              -78.65985107899996,
              -1.675891960999926
            ],
            [
              -78.65990297199994,
              -1.675833689999931
            ],
            [
              -78.66011939799995,
              -1.6755906589999594
            ],
            [
              -78.66021413199996,
              -1.6754842389999494
            ],
            [
              -78.66033328604216,
              -1.6753498439148593
            ]
          ],
          [
            [
              -78.66229177950731,
              -1.6728701159759078
            ],
            [
              -78.66258122099998,
              -1.6724022509999383
            ],
            [
              -78.66264523299998,
              -1.6722993139999276
            ],
            [
              -78.66279697799996,
              -1.6721135799999662
            ],
            [
              -78.66292759599997,
              -1.6720114199999394
            ],
            [
              -78.66305259699999,
              -1.6719077619999376
            ],
            [
              -78.66306551999998,
              -1.6718970449999806
            ],
            [
              -78.66331316099996,
              -1.6716778629999647
            ],
            [
              -78.66361210299993,
              -1.671417154999975
            ],
            [
              -78.66395184799995,
              -1.671127729999967
            ],
            [
              -78.66467855599996,
              -1.670495036999961
            ],
            [
              -78.66484462812079,
              -1.6703512843063002
            ]
          ],
          [
            [
              -78.66686502799996,
              -1.6656053129999575
            ],
            [
              -78.66676149199998,
              -1.6656943019999677
            ],
            [
              -78.66580243099997,
              -1.6654031079999727
            ],
            [
              -78.66576280299995,
              -1.6652820389999778
            ],
            [
              -78.66576233099995,
              -1.6652815819999698
            ],
            [
              -78.66576120199994,
              -1.6652805229999752
            ],
            [
              -78.66576072699996,
              -1.6652800789999582
            ],
            [
              -78.66575957599997,
              -1.6652790329999356
            ],
            [
              -78.66575909899996,
              -1.6652786019999404
            ],
            [
              -78.66575792599997,
              -1.665277571999971
            ],
            [
              -78.66575744699998,
              -1.6652771519999263
            ],
            [
              -78.66575625399997,
              -1.6652761379999697
            ],
            [
              -78.66575577299994,
              -1.665275728999976
            ],
            [
              -78.66575455799995,
              -1.665274729999961
            ],
            [
              -78.66575407499994,
              -1.6652743339999385
            ],
            [
              -78.66575283999998,
              -1.665273350999937
            ],
            [
              -78.66575235499994,
              -1.665272965999982
            ],
            [
              -78.66575109899998,
              -1.6652720009999487
            ],
            [
              -78.66575061299996,
              -1.665271627999968
            ],
            [
              -78.66574933699997,
              -1.6652706799999402
            ],
            [
              -78.66574884999994,
              -1.6652703179999568
            ],
            [
              -78.66574755299996,
              -1.6652693859999788
            ],
            [
              -78.66574706499995,
              -1.6652690369999792
            ],
            [
              -78.66574574899994,
              -1.6652681229999806
            ],
            [
              -78.66574526099998,
              -1.665267785999951
            ],
            [
              -78.66574392499996,
              -1.6652668899999334
            ],
            [
              -78.66574343599996,
              -1.6652665629999248
            ],
            [
              -78.66574207999997,
              -1.665265685999933
            ],
            [
              -78.66574159199996,
              -1.665265370999976
            ],
            [
              -78.66574021699995,
              -1.6652645139999498
            ],
            [
              -78.66573972799995,
              -1.6652642099999717
            ],
            [
              -78.66573833399997,
              -1.6652633709999745
            ],
            [
              -78.66573784699995,
              -1.6652630789999436
            ],
            [
              -78.66573643399994,
              -1.6652622609999546
            ],
            [
              -78.66573594699997,
              -1.6652619789999747
            ],
            [
              -78.66573451499994,
              -1.6652611809999507
            ],
            [
              -78.66573402999995,
              -1.6652609099999742
            ],
            [
              -78.66573258099999,
              -1.6652601339999284
            ],
            [
              -78.66573209499995,
              -1.6652598739999653
            ],
            [
              -78.66573062699996,
              -1.665259116999941
            ],
            [
              -78.66573014399995,
              -1.665258867999962
            ],
            [
              -78.66572865899997,
              -1.6652581329999487
            ],
            [
              -78.66572817699995,
              -1.6652578949999597
            ],
            [
              -78.66572667599996,
              -1.665257181999955
            ],
            [
              -78.66572619499993,
              -1.6652569539999795
            ],
            [
              -78.66572467599997,
              -1.6652562629999383
            ],
            [
              -78.66572419699997,
              -1.6652560459999668
            ],
            [
              -78.66572266199995,
              -1.6652553789999707
            ],
            [
              -78.66572218499994,
              -1.6652551709999484
            ],
            [
              -78.66572063399997,
              -1.6652545259999598
            ],
            [
              -78.66561378399996,
              -1.6652567399999576
            ],
            [
              -78.66561359499997,
              -1.6652568249999775
            ],
            [
              -78.66561179299998,
              -1.6652576749999652
            ],
            [
              -78.66561160999998,
              -1.6652577609999573
            ],
            [
              -78.66560981699996,
              -1.6652586429999616
            ],
            [
              -78.66560964099995,
              -1.665258729999941
            ],
            [
              -78.66560785699994,
              -1.6652596439999452
            ],
            [
              -78.66560768799997,
              -1.6652597309999337
            ],
            [
              -78.66560591399997,
              -1.6652606769999345
            ],
            [
              -78.66560575099999,
              -1.6652607639999197
            ],
            [
              -78.66560398699994,
              -1.6652617409999408
            ],
            [
              -78.66560383099994,
              -1.6652618269999424
            ],
            [
              -78.66560207799995,
              -1.6652628369999498
            ],
            [
              -78.66560192799994,
              -1.6652629229999483
            ],
            [
              -78.66560018599995,
              -1.6652639639999556
            ],
            [
              -78.66560004399997,
              -1.6652640489999673
            ],
            [
              -78.66559831399996,
              -1.6652651229999238
            ],
            [
              -78.66559817899997,
              -1.665265206999952
            ],
            [
              -78.66559646099995,
              -1.6652663109999286
            ],
            [
              -78.66559633099996,
              -1.6652663939999641
            ],
            [
              -78.66559462699996,
              -1.6652675299999402
            ],
            [
              -78.66559450399996,
              -1.6652676119999752
            ],
            [
              -78.66559281299999,
              -1.6652687789999783
            ],
            [
              -78.66559269699997,
              -1.6652688589999864
            ],
            [
              -78.66559101899998,
              -1.6652700579999757
            ],
            [
              -78.66559090899995,
              -1.6652701359999436
            ],
            [
              -78.66558924699996,
              -1.665271364999973
            ],
            [
              -78.66558914299998,
              -1.6652714419999444
            ],
            [
              -78.66558749599994,
              -1.6652727029999705
            ],
            [
              -78.66558739799996,
              -1.6652727769999254
            ],
            [
              -78.66558576599994,
              -1.6652740679999778
            ],
            [
              -78.66558567499999,
              -1.665274139999956
            ],
            [
              -78.66558405999996,
              -1.6652754619999548
            ],
            [
              -78.66558397399996,
              -1.6652755319999468
            ],
            [
              -78.66558237499999,
              -1.6652768839999865
            ],
            [
              -78.66558229599997,
              -1.665276950999959
            ],
            [
              -78.66558071599997,
              -1.6652783319999505
            ],
            [
              -78.66558064099996,
              -1.6652783969999565
            ],
            [
              -78.66557907699996,
              -1.6652798079999718
            ],
            [
              -78.66557900999999,
              -1.6652798699999547
            ],
            [
              -78.66557746599995,
              -1.6652813109999467
            ],
            [
              -78.66557740299999,
              -1.6652813699999371
            ],
            [
              -78.66557587799997,
              -1.6652828409999594
            ],
            [
              -78.66557581999996,
              -1.6652828959999435
            ],
            [
              -78.66557431399997,
              -1.6652843959999521
            ],
            [
              -78.66557426199996,
              -1.6652844469999772
            ],
            [
              -78.66557277599998,
              -1.665285975999953
            ],
            [
              -78.66557272999997,
              -1.6652860239999616
            ],
            [
              -78.66557126499998,
              -1.6652875809999745
            ],
            [
              -78.66557122199998,
              -1.6652876249999675
            ],
            [
              -78.66556977899995,
              -1.6652892109999569
            ],
            [
              -78.66556974199995,
              -1.6652892519999842
            ],
            [
              -78.66556831999998,
              -1.6652908649999674
            ],
            [
              -78.66556828699999,
              -1.665290901999924
            ],
            [
              -78.66556688799994,
              -1.6652925429999559
            ],
            [
              -78.66556685999996,
              -1.6652925759999566
            ],
            [
              -78.66556548299997,
              -1.665294244999922
            ],
            [
              -78.66556545999998,
              -1.6652942729999747
            ],
            [
              -78.66556410599998,
              -1.6652959689999436
            ],
            [
              -78.66556408699995,
              -1.6652959929999764
            ],
            [
              -78.66556274299995,
              -1.6652977329999274
            ],
            [
              -78.66556142699994,
              -1.6652994969999706
            ],
            [
              -78.66556013899998,
              -1.6653012829999687
            ],
            [
              -78.66555888099998,
              -1.665303088999963
            ],
            [
              -78.66555765199996,
              -1.6653049159999667
            ],
            [
              -78.66540364299993,
              -1.665209797999981
            ],
            [
              -78.66529123799995,
              -1.6651365099999687
            ],
            [
              -78.66519476399998,
              -1.6650654249999612
            ],
            [
              -78.66509626199996,
              -1.664978483999963
            ],
            [
              -78.66505505119477,
              -1.6649304102089248
            ]
          ],
          [
            [
              -78.65375355620502,
              -1.658154095706653
            ],
            [
              -78.65373868699999,
              -1.6581854789999335
            ],
            [
              -78.65366841399998,
              -1.6583466089999752
            ],
            [
              -78.65360319299998,
              -1.6585098769999702
            ],
            [
              -78.65354308699995,
              -1.6586751199999397
            ],
            [
              -78.65348815799996,
              -1.658842176999947
            ],
            [
              -78.65343845599996,
              -1.6590108849999345
            ],
            [
              -78.65341679199997,
              -1.6590786319999344
            ],
            [
              -78.65315299999997,
              -1.6599035589999251
            ],
            [
              -78.65305539499997,
              -1.6601729379999581
            ],
            [
              -78.65289382199995,
              -1.6604934069999346
            ],
            [
              -78.65279957799999,
              -1.6606498309999427
            ],
            [
              -78.65268963299997,
              -1.6607950499999289
            ],
            [
              -78.65268118299997,
              -1.6608055359999407
            ],
            [
              -78.65255955099997,
              -1.6609564749999817
            ],
            [
              -78.65231487299997,
              -1.6611988459999387
            ],
            [
              -78.65213198953762,
              -1.6613554324431674
            ]
          ],
          [
            [
              -78.65150217819692,
              -1.6618993976692251
            ],
            [
              -78.65150217819692,
              -1.6618993976692251
            ]
          ],
          [
            [
              -78.64880244332488,
              -1.6619020848567194
            ],
            [
              -78.64879303199996,
              -1.661884417999951
            ],
            [
              -78.64838782999993,
              -1.661164199999967
            ],
            [
              -78.64815577899998,
              -1.6607524139999388
            ],
            [
              -78.64715270599999,
              -1.6612618119999614
            ],
            [
              -78.64650934099996,
              -1.6615897259999295
            ],
            [
              -78.64648632999996,
              -1.6616006939999575
            ],
            [
              -78.6455287795884,
              -1.6620570663433933
            ]
          ],
          [
            [
              -78.6419876681515,
              -1.6636991865416815
            ],
            [
              -78.6419876681515,
              -1.6636991865416815
            ]
          ],
          [
            [
              -78.641870852984,
              -1.6637585027161572
            ],
            [
              -78.64139895099999,
              -1.6639981239999357
            ],
            [
              -78.64115775599998,
              -1.6640657609999585
            ],
            [
              -78.64101571299994,
              -1.664170587999926
            ],
            [
              -78.64022551599999,
              -1.664568258999968
            ],
            [
              -78.63965308699994,
              -1.6648810059999797
            ],
            [
              -78.63956448599998,
              -1.6649349829999591
            ],
            [
              -78.639478985,
              -1.6649938059999245
            ],
            [
              -78.63939684699994,
              -1.6650572959999244
            ],
            [
              -78.63933355069952,
              -1.6651120778306723
            ]
          ],
          [
            [
              -78.63803384068311,
              -1.6683911281660884
            ],
            [
              -78.63803384068311,
              -1.6683911281660884
            ]
          ],
          [
            [
              -78.63722191212273,
              -1.6703718009140955
            ],
            [
              -78.63707323999995,
              -1.6705359379999476
            ],
            [
              -78.63657059099995,
              -1.670958365999973
            ],
            [
              -78.63597102599994,
              -1.6713762359999567
            ],
            [
              -78.63575419399996,
              -1.6715203819999322
            ],
            [
              -78.63547823799996,
              -1.6716953479999657
            ],
            [
              -78.63529872499998,
              -1.6718150959999358
            ],
            [
              -78.63495296799994,
              -1.6720628509999684
            ],
            [
              -78.63464715866428,
              -1.6722897491617672
            ]
          ],
          [
            [
              -78.63202575795141,
              -1.6742884824432955
            ],
            [
              -78.63186139399994,
              -1.6744123889999483
            ],
            [
              -78.63185124599994,
              -1.6744200389999293
            ],
            [
              -78.63120943099995,
              -1.6749312539999457
            ],
            [
              -78.63103903999996,
              -1.6750860229999496
            ],
            [
              -78.63079732599994,
              -1.6753311409999612
            ],
            [
              -78.63058647499997,
              -1.6755911269999617
            ],
            [
              -78.63042334499994,
              -1.6758508179999616
            ],
            [
              -78.63035856499994,
              -1.6759617129999325
            ],
            [
              -78.63029815699997,
              -1.6760750779999407
            ],
            [
              -78.63024221499995,
              -1.6761907409999741
            ],
            [
              -78.63019082499994,
              -1.676308522999931
            ],
            [
              -78.63014406599996,
              -1.6764282439999638
            ],
            [
              -78.63014266599998,
              -1.6764320729999418
            ],
            [
              -78.63013896299998,
              -1.6764421979999666
            ],
            [
              -78.63013649799996,
              -1.6764492009999612
            ],
            [
              -78.63008535499995,
              -1.6766047029999456
            ],
            [
              -78.63004041099998,
              -1.6767621319999721
            ],
            [
              -78.63000173999997,
              -1.6769212379999807
            ],
            [
              -78.62996940099998,
              -1.6770817689999178
            ],
            [
              -78.62995265884724,
              -1.6771860775178997
            ]
          ],
          [
            [
              -78.6299262759974,
              -1.678761000036209
            ],
            [
              -78.62993036899996,
              -1.6789224509999459
            ],
            [
              -78.62996816399995,
              -1.6795584389999556
            ],
            [
              -78.62999976899994,
              -1.6807339949999702
            ],
            [
              -78.63000795999994,
              -1.6809246839999359
            ],
            [
              -78.63006541399994,
              -1.6821057399999382
            ],
            [
              -78.63007605886307,
              -1.6823734324088653
            ]
          ],
          [
            [
              -78.63015363252589,
              -1.6843692029965005
            ],
            [
              -78.63017387699995,
              -1.684912153999963
            ],
            [
              -78.63017630299998,
              -1.685065397999954
            ],
            [
              -78.63021691999995,
              -1.68542788599995
            ],
            [
              -78.63025767999996,
              -1.6856720649999413
            ],
            [
              -78.63029663299994,
              -1.685867414999954
            ],
            [
              -78.63029242599998,
              -1.6862598939999354
            ],
            [
              -78.63040019699997,
              -1.6863825889999482
            ],
            [
              -78.63043990399996,
              -1.686446525999935
            ],
            [
              -78.63046568299995,
              -1.6865042349999746
            ],
            [
              -78.63049544999996,
              -1.6865793889999798
            ],
            [
              -78.63058737999995,
              -1.6868665889999843
            ],
            [
              -78.63071938699994,
              -1.6873474679999216
            ],
            [
              -78.63077010399996,
              -1.6875329769999268
            ],
            [
              -78.63086183999997,
              -1.6878685159999725
            ],
            [
              -78.63087462169185,
              -1.687905641259719
            ]
          ],
          [
            [
              -78.63188715922375,
              -1.6894018247632552
            ],
            [
              -78.63193645099994,
              -1.6894466179999843
            ],
            [
              -78.63207465799996,
              -1.6895479239999587
            ],
            [
              -78.63220733799994,
              -1.6896451799999557
            ],
            [
              -78.63245073899998,
              -1.689777885999944
            ],
            [
              -78.63266337999994,
              -1.6898823829999343
            ],
            [
              -78.63290403999997,
              -1.689967194999944
            ],
            [
              -78.63303771899996,
              -1.6900040579999436
            ],
            [
              -78.63315031999998,
              -1.6900351089999495
            ],
            [
              -78.63327469399997,
              -1.6900610129999403
            ],
            [
              -78.63328527199997,
              -1.6900629149999433
            ],
            [
              -78.63333830999996,
              -1.690072452999972
            ],
            [
              -78.63343021099996,
              -1.690088978999936
            ],
            [
              -78.63370183999996,
              -1.6901091589999744
            ],
            [
              -78.63447844099994,
              -1.6901668529999294
            ],
            [
              -78.63482345999995,
              -1.6901894609999308
            ],
            [
              -78.63501147799997,
              -1.6901923169999655
            ],
            [
              -78.63505696799996,
              -1.6901941699999343
            ],
            [
              -78.63506578499994,
              -1.6901941799999352
            ],
            [
              -78.63508633099997,
              -1.6901942059999504
            ],
            [
              -78.63514017299997,
              -1.6901942719999217
            ],
            [
              -78.63516440399997,
              -1.6901943009999665
            ],
            [
              -78.63521701199994,
              -1.6901943659999534
            ],
            [
              -78.63534380399996,
              -1.6901875379999696
            ],
            [
              -78.63539491918193,
              -1.690183848725505
            ]
          ],
          [
            [
              -78.64076485977985,
              -1.6872060312070374
            ],
            [
              -78.64076485977985,
              -1.6872060312070374
            ]
          ],
          [
            [
              -78.64102186582119,
              -1.6870315050375486
            ],
            [
              -78.64149217599999,
              -1.6867105939999738
            ],
            [
              -78.64179841999999,
              -1.6865062249999623
            ],
            [
              -78.64202514599998,
              -1.686364309999935
            ],
            [
              -78.64218822999999,
              -1.686266939999946
            ],
            [
              -78.64232909899994,
              -1.6861916339999508
            ],
            [
              -78.64249015299998,
              -1.686116047999977
            ],
            [
              -78.64264701399998,
              -1.6860524529999386
            ],
            [
              -78.64289407599995,
              -1.6859762189999323
            ],
            [
              -78.64319336099999,
              -1.6859126389999792
            ],
            [
              -78.64347550399998,
              -1.6858798199999738
            ],
            [
              -78.64403681799996,
              -1.6858462859999517
            ],
            [
              -78.64440569161228,
              -1.6858242486451285
            ]
          ],
          [
            [
              -78.64570262969389,
              -1.6857472418951693
            ],
            [
              -78.64598148799996,
              -1.6857308299999572
            ],
            [
              -78.64692906799996,
              -1.6856813869999394
            ],
            [
              -78.64732222499998,
              -1.6856606219999468
            ],
            [
              -78.64749724899997,
              -1.6856508349999335
            ],
            [
              -78.64784258099996,
              -1.685631637999954
            ],
            [
              -78.64827956399995,
              -1.6856077329999248
            ],
            [
              -78.64872649799997,
              -1.6855832829999733
            ],
            [
              -78.64885929799993,
              -1.6855760189999445
            ],
            [
              -78.64889687499993,
              -1.685573962999963
            ],
            [
              -78.6492903786439,
              -1.685551971215299
            ]
          ],
          [
            [
              -78.64943304652238,
              -1.685543465259895
            ],
            [
              -78.64993458199996,
              -1.6855132869999403
            ],
            [
              -78.65010514299996,
              -1.6854999929999435
            ],
            [
              -78.65027512399996,
              -1.6854805859999304
            ],
            [
              -78.65044430799998,
              -1.685455090999939
            ],
            [
              -78.65061248199999,
              -1.6854235419999617
            ],
            [
              -78.65077942999994,
              -1.685385976999946
            ],
            [
              -78.65093788999997,
              -1.6853442759999637
            ],
            [
              -78.65109473399997,
              -1.685296790999924
            ],
            [
              -78.65124975399993,
              -1.685243584999974
            ],
            [
              -78.65140274299995,
              -1.6851847279999705
            ],
            [
              -78.65155349899999,
              -1.685120297999966
            ],
            [
              -78.65170181999997,
              -1.6850503819999363
            ],
            [
              -78.65184751199996,
              -1.6849750709999358
            ],
            [
              -78.65199037699995,
              -1.6848944659999512
            ],
            [
              -78.65213022899997,
              -1.6848086749999434
            ],
            [
              -78.65225170799994,
              -1.6847274839999475
            ],
            [
              -78.65237045399994,
              -1.6846422959999279
            ],
            [
              -78.65248633899995,
              -1.68455320799995
            ],
            [
              -78.65259923499997,
              -1.6844603159999583
            ],
            [
              -78.65270901999997,
              -1.6843637199999641
            ],
            [
              -78.65272238899996,
              -1.6843515099999355
            ],
            [
              -78.6527790635954,
              -1.6842951207156667
            ]
          ],
          [
            [
              -78.65475572539727,
              -1.681935630952961
            ],
            [
              -78.65509954599997,
              -1.6815162659999596
            ],
            [
              -78.65556199499999,
              -1.6809522059999717
            ],
            [
              -78.65579731499997,
              -1.6806670719999428
            ],
            [
              -78.65604058699995,
              -1.6803711199999682
            ],
            [
              -78.65650141199995,
              -1.6797988879999297
            ],
            [
              -78.65661324282401,
              -1.6796608545215903
            ]
          ],
          [
            [
              -78.65675966304985,
              -1.679480127049174
            ],
            [
              -78.65675966304985,
              -1.679480127049174
            ]
          ],
          [
            [
              -78.66033328604216,
              -1.6753498439148593
            ],
            [
              -78.66033328604216,
              -1.6753498439148593
            ]
          ],
          [
            [
              -78.66229177950731,
              -1.6728701159759078
            ],
            [
              -78.66229177950731,
              -1.6728701159759078
            ]
          ],
          [
            [
              -78.66543135374526,
              -1.6698429265160841
            ],
            [
              -78.66552150299998,
              -1.6697620589999298
            ],
            [
              -78.66602907499998,
              -1.66931680099998
            ],
            [
              -78.66677769799998,
              -1.6686666739999452
            ],
            [
              -78.66730921099997,
              -1.6682097859999712
            ],
            [
              -78.66743644099995,
              -1.6681004179999341
            ],
            [
              -78.66764585399994,
              -1.6679191069999373
            ],
            [
              -78.66779842299997,
              -1.6677584119999602
            ],
            [
              -78.66794617299996,
              -1.6675508429999506
            ],
            [
              -78.66802841999998,
              -1.6673974249999344
            ],
            [
              -78.66804276254003,
              -1.667364026243417
            ]
          ],
          [
            [
              -78.66821430650106,
              -1.6668031997050974
            ],
            [
              -78.66822858999996,
              -1.6667049129999254
            ],
            [
              -78.66856066774605,
              -1.664419778479676
            ]
          ],
          [
            [
              -78.66853184177185,
              -1.664377084580172
            ],
            [
              -78.66675445999994,
              -1.6657054099999362
            ]
          ],
          [
            [
              -78.64444408993745,
              -1.6625491476556622
            ],
            [
              -78.64444408993744,
              -1.6625491476556622
            ]
          ],
          [
            [
              -78.63778350752791,
              -1.6892176261543668
            ],
            [
              -78.63778350752791,
              -1.6892176261543668
            ]
          ],
          [
            [
              -78.66484462812079,
              -1.6703512843063002
            ],
            [
              -78.66484462812079,
              -1.6703512843063002
            ]
          ],
          [
            [
              -78.6553905303902,
              -1.6565904380440117
            ],
            [
              -78.65530762499998,
              -1.656627623999956
            ],
            [
              -78.65516904599997,
              -1.6566970369999592
            ],
            [
              -78.65503352799999,
              -1.6567723209999414
            ],
            [
              -78.65490131599995,
              -1.6568533399999423
            ],
            [
              -78.65477264999998,
              -1.656939945999961
            ],
            [
              -78.65464776199997,
              -1.6570319839999499
            ],
            [
              -78.65452687999993,
              -1.6571292849999362
            ],
            [
              -78.65441022099998,
              -1.6572316759999848
            ],
            [
              -78.65429799699996,
              -1.6573389679999821
            ],
            [
              -78.65419041199993,
              -1.657450968999969
            ],
            [
              -78.65402375499997,
              -1.6576740289999603
            ],
            [
              -78.65389410599994,
              -1.6578702599999289
            ],
            [
              -78.65381394199996,
              -1.6580266439999607
            ],
            [
              -78.65375355620502,
              -1.658154095706653
            ]
          ],
          [
            [
              -78.65213198953762,
              -1.6613554324431674
            ],
            [
              -78.65183843999995,
              -1.6616067719999648
            ],
            [
              -78.65150217819692,
              -1.6618993976692251
            ]
          ],
          [
            [
              -78.6455287795884,
              -1.6620570663433933
            ],
            [
              -78.64547966399994,
              -1.6620804749999212
            ],
            [
              -78.64444408993745,
              -1.6625491476556622
            ]
          ],
          [
            [
              -78.6419876681515,
              -1.6636991865416815
            ],
            [
              -78.641870852984,
              -1.6637585027161572
            ]
          ],
          [
            [
              -78.63803384068311,
              -1.6683911281660884
            ],
            [
              -78.63788879399993,
              -1.6691060869999246
            ],
            [
              -78.63783492099998,
              -1.6692738679999435
            ],
            [
              -78.63777464499998,
              -1.669439430999948
            ],
            [
              -78.63770805799999,
              -1.6696025249999578
            ],
            [
              -78.63763525799999,
              -1.669762907999943
            ],
            [
              -78.63755635399997,
              -1.6699203419999464
            ],
            [
              -78.63749135699999,
              -1.670026759999935
            ],
            [
              -78.63742103699997,
              -1.6701296949999567
            ],
            [
              -78.63734557599997,
              -1.6702288749999714
            ],
            [
              -78.63726517299995,
              -1.670324039999962
            ],
            [
              -78.63722191212273,
              -1.6703718009140955
            ]
          ],
          [
            [
              -78.63464715866428,
              -1.6722897491617672
            ],
            [
              -78.63450436799997,
              -1.6723956939999367
            ],
            [
              -78.63401527999997,
              -1.6727717349999776
            ],
            [
              -78.63350729699994,
              -1.6731604819999584
            ],
            [
              -78.63287036899999,
              -1.6736472309999553
            ],
            [
              -78.63236753499996,
              -1.6740308319999695
            ],
            [
              -78.63202575795141,
              -1.6742884824432955
            ]
          ],
          [
            [
              -78.62995265884724,
              -1.6771860775178997
            ],
            [
              -78.62994344699996,
              -1.6772434699999565
            ],
            [
              -78.62992391899996,
              -1.6774060829999353
            ],
            [
              -78.62991084699996,
              -1.6775693509999379
            ],
            [
              -78.62990777099998,
              -1.677628335999942
            ],
            [
              -78.62990448799997,
              -1.6777273679999711
            ],
            [
              -78.62990357999996,
              -1.6778327599999376
            ],
            [
              -78.62990422199994,
              -1.677891078999948
            ],
            [
              -78.6299262759974,
              -1.678761000036209
            ]
          ],
          [
            [
              -78.63007605886307,
              -1.6823734324088653
            ],
            [
              -78.63012673699996,
              -1.6836478809999509
            ],
            [
              -78.63015363252589,
              -1.6843692029965005
            ]
          ],
          [
            [
              -78.63087462169185,
              -1.687905641259719
            ],
            [
              -78.63093416199996,
              -1.688078579999969
            ],
            [
              -78.63101602799998,
              -1.6882617029999587
            ],
            [
              -78.63116635699998,
              -1.6885415649999804
            ],
            [
              -78.63139560199994,
              -1.688880415999963
            ],
            [
              -78.63172763799997,
              -1.6892568619999826
            ],
            [
              -78.63188715922375,
              -1.6894018247632552
            ]
          ],
          [
            [
              -78.63539491918193,
              -1.690183848725505
            ],
            [
              -78.63544045699996,
              -1.690180561999974
            ],
            [
              -78.63544601999996,
              -1.6901797779999634
            ],
            [
              -78.63558455099997,
              -1.690160253999982
            ],
            [
              -78.63559853899994,
              -1.6901582819999634
            ],
            [
              -78.63576602899998,
              -1.6901376699999633
            ],
            [
              -78.63576795399996,
              -1.690137432999965
            ],
            [
              -78.63577413499996,
              -1.6901364259999743
            ],
            [
              -78.63591538499998,
              -1.6901147349999568
            ],
            [
              -78.63597039599995,
              -1.6900998879999647
            ],
            [
              -78.63631025299998,
              -1.6900081649999303
            ],
            [
              -78.63660999699994,
              -1.6899011149999486
            ],
            [
              -78.63661266199995,
              -1.6899001619999556
            ],
            [
              -78.63662051999995,
              -1.6898973559999593
            ],
            [
              -78.63664221499994,
              -1.689888251999943
            ],
            [
              -78.63688445199995,
              -1.6897715189999702
            ],
            [
              -78.63709876099995,
              -1.6896552199999577
            ],
            [
              -78.63729288399998,
              -1.6895355739999296
            ],
            [
              -78.63737105499996,
              -1.6894849159999725
            ],
            [
              -78.63739951499997,
              -1.68946647199993
            ],
            [
              -78.63778350752791,
              -1.6892176261543668
            ]
          ],
          [
            [
              -78.64076485977985,
              -1.6872060312070374
            ],
            [
              -78.64083381699999,
              -1.6871598179999363
            ],
            [
              -78.64102186582119,
              -1.6870315050375486
            ]
          ],
          [
            [
              -78.64440569161228,
              -1.6858242486451285
            ],
            [
              -78.64516748699998,
              -1.6857787369999562
            ],
            [
              -78.64570262969389,
              -1.6857472418951693
            ]
          ],
          [
            [
              -78.6492903786439,
              -1.685551971215299
            ],
            [
              -78.64930872299999,
              -1.685550945999984
            ],
            [
              -78.64943304652238,
              -1.685543465259895
            ]
          ],
          [
            [
              -78.6527790635954,
              -1.6842951207156667
            ],
            [
              -78.65284614499996,
              -1.6842283769999604
            ],
            [
              -78.65296658999995,
              -1.6841019619999509
            ],
            [
              -78.65308363799994,
              -1.6839723559999682
            ],
            [
              -78.65319720499997,
              -1.6838396519999668
            ],
            [
              -78.65364101199998,
              -1.683295766999956
            ],
            [
              -78.65370683799996,
              -1.683215998999967
            ],
            [
              -78.65415980599994,
              -1.6826670869999634
            ],
            [
              -78.65418040099996,
              -1.6826421299999748
            ],
            [
              -78.65450050399994,
              -1.6822469279999313
            ],
            [
              -78.65462579299998,
              -1.6820941119999544
            ],
            [
              -78.65475572539727,
              -1.681935630952961
            ]
          ],
          [
            [
              -78.65661324282401,
              -1.6796608545215903
            ],
            [
              -78.65675966304985,
              -1.679480127049174
            ]
          ],
          [
            [
              -78.66033328604216,
              -1.6753498439148593
            ],
            [
              -78.66071724699998,
              -1.6749167699999201
            ],
            [
              -78.66119507899998,
              -1.6743908329999575
            ],
            [
              -78.66120848599996,
              -1.6743759769999493
            ],
            [
              -78.66171129699995,
              -1.6738188219999353
            ],
            [
              -78.66175987099996,
              -1.6737465289999645
            ],
            [
              -78.66176278399996,
              -1.6737417149999414
            ],
            [
              -78.66221689699995,
              -1.6729911589999262
            ],
            [
              -78.66229177950731,
              -1.6728701159759078
            ]
          ],
          [
            [
              -78.66484462812079,
              -1.6703512843063002
            ],
            [
              -78.66541591799995,
              -1.6698567729999412
            ],
            [
              -78.66543135374526,
              -1.6698429265160841
            ]
          ],
          [
            [
              -78.66804276254003,
              -1.667364026243417
            ],
            [
              -78.66807568299998,
              -1.6672873659999323
            ],
            [
              -78.66811273999997,
              -1.66719381299992
            ],
            [
              -78.66814577499997,
              -1.6670987469999567
            ],
            [
              -78.66817472799994,
              -1.6670023429999823
            ],
            [
              -78.66819954499994,
              -1.6669047769999614
            ],
            [
              -78.66820034799997,
              -1.6668992499999717
            ],
            [
              -78.66821430650106,
              -1.6668031997050974
            ]
          ],
          [
            [
              -78.66856066774605,
              -1.664419778479676
            ],
            [
              -78.66857113999998,
              -1.6643477149999688
            ],
            [
              -78.66853184177185,
              -1.664377084580172
            ]
          ]
        ]
      }
    },
    {
      "type": "Feature",
      "properties": {
        "CORREDOR": "CICLOVIAS",
        "LONGITUD_M": 10976.048863871163
      },
      "geometry": {
        "type": "MultiLineString",
        "coordinates": [
          [
            [
              -78.65186773796498,
              -1.6670304482635379
            ],
            [
              -78.64930461784868,
              -1.6692979459666677
            ]
          ],
          [
            [
              -78.6490824680795,
              -1.6694944729074905
            ],
            [
              -78.6479506719593,
              -1.6704957254145922
            ],
            [
              -78.64559027640901,
              -1.6726028642879007
            ]
          ],
          [
            [
              -78.64528783036668,
              -1.672872858635096
            ],
            [
              -78.64175851233885,
              -1.6760234729830987
            ],
            [
              -78.64164872060498,
              -1.6761175983161047
            ]
          ],
          [
            [
              -78.65935412962136,
              -1.676318609024457
            ],
            [
              -78.65936048003348,
              -1.676254088933707
            ],
            [
              -78.65924807092098,
              -1.6760960499927164
            ],
            [
              -78.65839197314044,
              -1.6750027891897858
            ]
          ],
          [
            [
              -78.657228144867,
              -1.6735589922575425
            ],
            [
              -78.65689590840948,
              -1.6731512841550236
            ],
            [
              -78.65437186814651,
              -1.6699965590342032
            ],
            [
              -78.65291552508089,
              -1.668216880731826
            ],
            [
              -78.65173505792569,
              -1.6668040594112254
            ],
            [
              -78.64958686689741,
              -1.6641931330245703
            ],
            [
              -78.64930089971736,
              -1.6643385270681892
            ],
            [
              -78.64929718607867,
              -1.6637660971982127
            ],
            [
              -78.6492948093502,
              -1.6636764740904275
            ],
            [
              -78.6492444619173,
              -1.6636469193482233
            ],
            [
              -78.64921600397736,
              -1.663587833225265
            ],
            [
              -78.64923785868591,
              -1.6635345746980494
            ],
            [
              -78.64927098165187,
              -1.663475161972916
            ],
            [
              -78.64931007273802,
              -1.6634454351680175
            ],
            [
              -78.64922078468491,
              -1.6629149150829412
            ],
            [
              -78.6491321217976,
              -1.6627030610455957
            ],
            [
              -78.64889709919328,
              -1.6622213690885406
            ],
            [
              -78.64875058733506,
              -1.661964443290397
            ]
          ],
          [
            [
              -78.64638278124501,
              -1.65857980560288
            ],
            [
              -78.64620767506483,
              -1.6583623263655145
            ],
            [
              -78.64606105119773,
              -1.658216577689288
            ],
            [
              -78.64593973327615,
              -1.6580561311628013
            ],
            [
              -78.64584766994918,
              -1.6579495556959922
            ],
            [
              -78.64565475277718,
              -1.6576185292277525
            ],
            [
              -78.64557944536365,
              -1.6574274376790419
            ],
            [
              -78.6454590806049,
              -1.6571612891861027
            ],
            [
              -78.64531559288801,
              -1.6565295659157773
            ],
            [
              -78.64513019708549,
              -1.655735247819938
            ],
            [
              -78.64495359480264,
              -1.6548164530587126
            ],
            [
              -78.64488237205083,
              -1.6546106149553357
            ],
            [
              -78.64476529372281,
              -1.6542920892003876
            ],
            [
              -78.64455764413091,
              -1.6539263736635603
            ],
            [
              -78.64442081277996,
              -1.6536327582266002
            ],
            [
              -78.64426943880899,
              -1.6533264592448476
            ],
            [
              -78.64413239635357,
              -1.653097580409945
            ],
            [
              -78.64406855496603,
              -1.652981419136415
            ]
          ],
          [
            [
              -78.68117541877145,
              -1.6472238421097252
            ],
            [
              -78.68040118835006,
              -1.6478623011579963
            ],
            [
              -78.67978482929229,
              -1.6484617524001017
            ],
            [
              -78.67845787010505,
              -1.649536963941947
            ]
          ],
          [
            [
              -78.67164279993776,
              -1.6551227272361853
            ],
            [
              -78.67069942275826,
              -1.6558769105487277
            ],
            [
              -78.6708705706448,
              -1.6560130713608066
            ],
            [
              -78.67040410105945,
              -1.6563419532540027
            ],
            [
              -78.66894285432765,
              -1.657413317100209
            ]
          ],
          [
            [
              -78.65711606006833,
              -1.6561512584147324
            ],
            [
              -78.65724016001171,
              -1.6556611910560577
            ],
            [
              -78.65746179531669,
              -1.6551038743798725
            ],
            [
              -78.6577366376071,
              -1.6546371672016789
            ],
            [
              -78.65774953185701,
              -1.6546127842498706
            ]
          ],
          [
            [
              -78.66217064993374,
              -1.644773515157981
            ],
            [
              -78.66242581392544,
              -1.6444082030351714
            ],
            [
              -78.66254549082632,
              -1.6441694373088098
            ],
            [
              -78.66270034230789,
              -1.6437212104042223
            ],
            [
              -78.66283709719407,
              -1.6437551518849873
            ],
            [
              -78.66281355101279,
              -1.6439823002064267
            ],
            [
              -78.66262336480894,
              -1.6443590684405964
            ],
            [
              -78.66236150221799,
              -1.6448624251737873
            ]
          ],
          [
            [
              -78.65792506314543,
              -1.6546838839287086
            ],
            [
              -78.65752987130828,
              -1.655410804981238
            ],
            [
              -78.65735075833798,
              -1.6560996248430282
            ]
          ],
          [
            [
              -78.64559027640901,
              -1.6726028642879007
            ],
            [
              -78.645590276409,
              -1.6726028642879007
            ]
          ],
          [
            [
              -78.64164872060498,
              -1.6761175983161047
            ],
            [
              -78.64164872060498,
              -1.6761175983161047
            ]
          ],
          [
            [
              -78.64133510765323,
              -1.6763864610568262
            ],
            [
              -78.63888844319155,
              -1.6784839969900947
            ],
            [
              -78.63895409386392,
              -1.6785371513970189
            ],
            [
              -78.63896145425552,
              -1.678675780428814
            ],
            [
              -78.63715167078114,
              -1.6790822622084196
            ],
            [
              -78.63625469797127,
              -1.6792900346172217
            ],
            [
              -78.63558008987641,
              -1.6794637122701046
            ]
          ],
          [
            [
              -78.6353488257601,
              -1.6795232510659388
            ],
            [
              -78.63186798974459,
              -1.6804193849690208
            ]
          ],
          [
            [
              -78.63178736463762,
              -1.6804401416206387
            ],
            [
              -78.63017338633144,
              -1.6808556536154748
            ]
          ],
          [
            [
              -78.65839197314044,
              -1.6750027891897858
            ],
            [
              -78.65839197314043,
              -1.6750027891897858
            ]
          ],
          [
            [
              -78.657228144867,
              -1.6735589922575425
            ],
            [
              -78.657228144867,
              -1.6735589922575425
            ]
          ],
          [
            [
              -78.64875058733506,
              -1.661964443290397
            ],
            [
              -78.64867527594429,
              -1.661832375909467
            ],
            [
              -78.64832285156069,
              -1.6612237788064002
            ],
            [
              -78.64811549061213,
              -1.66083646377404
            ],
            [
              -78.64797393204776,
              -1.6606298591853164
            ],
            [
              -78.64754710441171,
              -1.660006015900979
            ],
            [
              -78.64711111221976,
              -1.6594629973947541
            ],
            [
              -78.6471074969553,
              -1.659458683701873
            ]
          ],
          [
            [
              -78.64638278124501,
              -1.65857980560288
            ],
            [
              -78.64638278124501,
              -1.65857980560288
            ]
          ],
          [
            [
              -78.6758941617153,
              -1.6516417141785915
            ],
            [
              -78.67338575914877,
              -1.6537293128234698
            ],
            [
              -78.67312106705404,
              -1.6539409221878736
            ]
          ],
          [
            [
              -78.65820139611209,
              -1.65375831048415
            ],
            [
              -78.6584806031622,
              -1.6532303298552682
            ],
            [
              -78.65902844383187,
              -1.6522849446788468
            ],
            [
              -78.65913633632653,
              -1.6520544766056344
            ],
            [
              -78.65931975506867,
              -1.6518020033287215
            ],
            [
              -78.65948621758932,
              -1.6514129279500225
            ],
            [
              -78.65973648521039,
              -1.6508019577496038
            ],
            [
              -78.65984367939512,
              -1.650544824375938
            ]
          ],
          [
            [
              -78.66015329562745,
              -1.6498085100225492
            ],
            [
              -78.66044812993763,
              -1.6491130598199875
            ],
            [
              -78.6607807307304,
              -1.6484344934221902
            ],
            [
              -78.66088177309905,
              -1.6480730101647931
            ],
            [
              -78.66128154697614,
              -1.6469050672554348
            ],
            [
              -78.66166544903359,
              -1.6457536537717716
            ],
            [
              -78.66196856643161,
              -1.6450628329641166
            ],
            [
              -78.66217064993374,
              -1.644773515157981
            ]
          ],
          [
            [
              -78.66236150221799,
              -1.6448624251737873
            ],
            [
              -78.66220175524178,
              -1.6451694931748868
            ],
            [
              -78.66201200158811,
              -1.6454660444086628
            ],
            [
              -78.66180158957837,
              -1.6460179544376201
            ],
            [
              -78.66167900821597,
              -1.6463659987440822
            ],
            [
              -78.6614836338476,
              -1.647139078034238
            ],
            [
              -78.66125529673523,
              -1.6475621782583498
            ],
            [
              -78.66109337990376,
              -1.6481446492548082
            ],
            [
              -78.66067881975259,
              -1.6490150038533247
            ],
            [
              -78.66030703047726,
              -1.6498666398410593
            ]
          ],
          [
            [
              -78.66000793349156,
              -1.650633530907578
            ],
            [
              -78.65990068184072,
              -1.6509273957976436
            ],
            [
              -78.65966986674985,
              -1.651516821415868
            ],
            [
              -78.65942447009976,
              -1.6520227483307288
            ],
            [
              -78.6586896727165,
              -1.6531773200561035
            ],
            [
              -78.65835803447415,
              -1.653836565907322
            ]
          ],
          [
            [
              -78.64930461784868,
              -1.6692979459666677
            ],
            [
              -78.64930461784868,
              -1.6692979459666677
            ]
          ],
          [
            [
              -78.6490824680795,
              -1.6694944729074905
            ],
            [
              -78.6490824680795,
              -1.6694944729074905
            ]
          ],
          [
            [
              -78.67164279993776,
              -1.6551227272361853
            ],
            [
              -78.67164279993776,
              -1.6551227272361853
            ]
          ],
          [
            [
              -78.65774953185701,
              -1.6546127842498706
            ],
            [
              -78.65774953185701,
              -1.6546127842498706
            ]
          ],
          [
            [
              -78.64930461784868,
              -1.6692979459666677
            ],
            [
              -78.6490824680795,
              -1.6694944729074905
            ]
          ],
          [
            [
              -78.645590276409,
              -1.6726028642879007
            ],
            [
              -78.64528783036668,
              -1.672872858635096
            ]
          ],
          [
            [
              -78.64164872060498,
              -1.6761175983161047
            ],
            [
              -78.64133510765323,
              -1.6763864610568262
            ]
          ],
          [
            [
              -78.63558008987641,
              -1.6794637122701046
            ],
            [
              -78.6353488257601,
              -1.6795232510659388
            ]
          ],
          [
            [
              -78.63186798974459,
              -1.6804193849690208
            ],
            [
              -78.63178736463762,
              -1.6804401416206387
            ]
          ],
          [
            [
              -78.65839197314043,
              -1.6750027891897858
            ],
            [
              -78.65807932111225,
              -1.6746035238455645
            ],
            [
              -78.657228144867,
              -1.6735589922575425
            ]
          ],
          [
            [
              -78.6471074969553,
              -1.659458683701873
            ],
            [
              -78.64667287494372,
              -1.6589400976182413
            ],
            [
              -78.64638278124501,
              -1.65857980560288
            ]
          ],
          [
            [
              -78.67845787010505,
              -1.649536963941947
            ],
            [
              -78.67714285259844,
              -1.6506024956690153
            ],
            [
              -78.6758941617153,
              -1.6516417141785915
            ]
          ],
          [
            [
              -78.67312106705404,
              -1.6539409221878736
            ],
            [
              -78.67164279993776,
              -1.6551227272361853
            ]
          ],
          [
            [
              -78.65774953185701,
              -1.6546127842498706
            ],
            [
              -78.65820139611209,
              -1.65375831048415
            ]
          ],
          [
            [
              -78.65984367939512,
              -1.650544824375938
            ],
            [
              -78.65999368439316,
              -1.6501849976917469
            ],
            [
              -78.66015329562745,
              -1.6498085100225492
            ]
          ],
          [
            [
              -78.66030703047726,
              -1.6498666398410593
            ],
            [
              -78.66018991459318,
              -1.6501349099025084
            ],
            [
              -78.66000793349156,
              -1.650633530907578
            ]
          ],
          [
            [
              -78.65835803447415,
              -1.653836565907322
            ],
            [
              -78.65801507881187,
              -1.6545183077191574
            ],
            [
              -78.65792506314543,
              -1.6546838839287086
            ]
          ]
        ]
      }
    },
    {
      "type": "Feature",
      "properties": {
        "CORREDOR": "BOULEVARD_MACAJI_BELLAVISTA",
        "LONGITUD_M": 9541.69848695055
      },
      "geometry": {
        "type": "MultiLineString",
        "coordinates": [
          [
            [
              -78.66345621259109,
              -1.666552654011977
            ],
            [
              -78.66322607432654,
              -1.6666564352856883
            ],
            [
              -78.66294644879035,
              -1.666777250097304
            ],
            [
              -78.66290835797042,
              -1.6667895708676055
            ],
            [
              -78.66239267657731,
              -1.666956384819066
            ],
            [
              -78.66239101580447,
              -1.666952421651016
            ],
            [
              -78.66232374667025,
              -1.6669736369175518
            ],
            [
              -78.66179169717839,
              -1.6671414344124489
            ],
            [
              -78.6617773282095,
              -1.6671457924336455
            ],
            [
              -78.66176024539861,
              -1.667150976147729
            ],
            [
              -78.66045504621897,
              -1.6675469795409001
            ],
            [
              -78.66012474693738,
              -1.6676471936854185
            ]
          ],
          [
            [
              -78.65848003755394,
              -1.668140079710204
            ],
            [
              -78.65842436918221,
              -1.6681561206800442
            ],
            [
              -78.6578416254014,
              -1.6683257826941342
            ],
            [
              -78.65775897905742,
              -1.6683517557864147
            ],
            [
              -78.65744097995923,
              -1.668451685734979
            ],
            [
              -78.6574166171322,
              -1.6684593429374963
            ],
            [
              -78.6573025216892,
              -1.6684911260393875
            ],
            [
              -78.6567485705797,
              -1.6686454518779
            ],
            [
              -78.65607380855221,
              -1.6688474621018832
            ],
            [
              -78.65602990132027,
              -1.668884066933341
            ],
            [
              -78.6560048832764,
              -1.668904926598316
            ],
            [
              -78.65606543966514,
              -1.6689903116469484
            ],
            [
              -78.6568134598098,
              -1.6687935654408008
            ],
            [
              -78.65685978599302,
              -1.6687813804245908
            ],
            [
              -78.65708829397063,
              -1.6687420933621662
            ],
            [
              -78.65720585200188,
              -1.6687098534281861
            ],
            [
              -78.65748013043049,
              -1.668634635275451
            ],
            [
              -78.65761007077997,
              -1.6686053001140495
            ],
            [
              -78.65763414622316,
              -1.6685998636055102
            ],
            [
              -78.65817524812226,
              -1.6684684908309662
            ],
            [
              -78.65838783410537,
              -1.6684168796861947
            ],
            [
              -78.65853456200169,
              -1.668381891917666
            ]
          ],
          [
            [
              -78.66018599209754,
              -1.667975289910306
            ],
            [
              -78.66066805232352,
              -1.6678378946603039
            ],
            [
              -78.66189241401509,
              -1.6674889275125824
            ],
            [
              -78.66190691477378,
              -1.6674847938350572
            ],
            [
              -78.6619183683693,
              -1.6674815288419622
            ],
            [
              -78.6630369891226,
              -1.6671194195286243
            ],
            [
              -78.66307305981566,
              -1.6671077408789603
            ],
            [
              -78.66363154811525,
              -1.666950666517358
            ]
          ],
          [
            [
              -78.65601493845074,
              -1.668920402753821
            ],
            [
              -78.65523564984252,
              -1.6691921154123794
            ],
            [
              -78.65425824480509,
              -1.6699469676954963
            ],
            [
              -78.65374407691408,
              -1.6704146986728965
            ],
            [
              -78.65374396450483,
              -1.6704148015893816
            ],
            [
              -78.65374334940232,
              -1.6704153640180264
            ],
            [
              -78.65311898315117,
              -1.6709863986315932
            ],
            [
              -78.65311874214393,
              -1.6709866207161386
            ],
            [
              -78.65267419152703,
              -1.6713910459515788
            ],
            [
              -78.65258829789146,
              -1.671469186725416
            ],
            [
              -78.65254195001283,
              -1.6715011664157162
            ],
            [
              -78.65253801853906,
              -1.6715038789904706
            ],
            [
              -78.65198879565087,
              -1.671993591140784
            ],
            [
              -78.65197632783837,
              -1.6720044697547853
            ],
            [
              -78.65197622199538,
              -1.6720043385531271
            ],
            [
              -78.65196984030081,
              -1.6719961934200018
            ],
            [
              -78.65196963077666,
              -1.6719963793835515
            ],
            [
              -78.6514288719443,
              -1.6724720491162648
            ],
            [
              -78.65139466811438,
              -1.6725010006186942
            ],
            [
              -78.65089811147845,
              -1.67292461884374
            ],
            [
              -78.65086664511144,
              -1.6729630742279489
            ],
            [
              -78.65083806826915,
              -1.6729980013228818
            ],
            [
              -78.65037518521777,
              -1.6734063140497613
            ],
            [
              -78.65031777158883,
              -1.6734568095819684
            ],
            [
              -78.64976745955119,
              -1.6739408368479354
            ]
          ],
          [
            [
              -78.64223310767633,
              -1.6648408928831897
            ],
            [
              -78.64245676048951,
              -1.6650177279821128
            ],
            [
              -78.64245949238023,
              -1.6650213380474959
            ],
            [
              -78.64270271503477,
              -1.6653427045177185
            ],
            [
              -78.64290205346805,
              -1.6656060856052817
            ],
            [
              -78.64339432512472,
              -1.6661794654989999
            ],
            [
              -78.6434030695259,
              -1.6661896509424472
            ],
            [
              -78.64343467180562,
              -1.666230021647092
            ],
            [
              -78.64343468974558,
              -1.666230043363604
            ],
            [
              -78.64389386737764,
              -1.6668166103750006
            ],
            [
              -78.64407213734928,
              -1.6670378601712985
            ],
            [
              -78.64423750001936,
              -1.6672430926457775
            ],
            [
              -78.64427913355209,
              -1.6672947622526821
            ],
            [
              -78.64453941273419,
              -1.6676132237638992
            ]
          ],
          [
            [
              -78.64585517215347,
              -1.6692271981977589
            ],
            [
              -78.64595919591576,
              -1.6693506408512981
            ]
          ],
          [
            [
              -78.6459591977102,
              -1.6693506426613702
            ],
            [
              -78.64644697180357,
              -1.6699348356838633
            ],
            [
              -78.64690495507743,
              -1.6704798463211619
            ],
            [
              -78.64739252328442,
              -1.6710592613302524
            ],
            [
              -78.64764702233575,
              -1.671380635736137
            ],
            [
              -78.64786428029308,
              -1.671654983029592
            ],
            [
              -78.64834000073758,
              -1.6722099991507051
            ],
            [
              -78.64880451288127,
              -1.672788806848401
            ],
            [
              -78.64880451332115,
              -1.6727888073660795
            ]
          ],
          [
            [
              -78.64880451332115,
              -1.6727888073660795
            ],
            [
              -78.64928177268148,
              -1.6733504730659154
            ],
            [
              -78.64929208502602,
              -1.673362609396624
            ],
            [
              -78.64932808390638,
              -1.6734088613719333
            ],
            [
              -78.64976046882002,
              -1.6739643720196185
            ],
            [
              -78.65023261646213,
              -1.6745240872986504
            ],
            [
              -78.65035356210265,
              -1.6746681507627559
            ],
            [
              -78.65071221000669,
              -1.6750953499639432
            ],
            [
              -78.65092686469346,
              -1.6753560844312623
            ]
          ],
          [
            [
              -78.64126562490735,
              -1.67936382321446
            ],
            [
              -78.64183534333546,
              -1.6788638505895026
            ],
            [
              -78.6418480046228,
              -1.6788527382933647
            ],
            [
              -78.64185187494706,
              -1.6788493423190138
            ],
            [
              -78.64185533803557,
              -1.6788462797530594
            ]
          ],
          [
            [
              -78.64185533803557,
              -1.6788462797530594
            ],
            [
              -78.6425484256086,
              -1.6782333504399467
            ],
            [
              -78.64257455590138,
              -1.6782103475523855
            ]
          ],
          [
            [
              -78.64350074465143,
              -1.6773950086690501
            ],
            [
              -78.64428371252967,
              -1.6767057477992358
            ],
            [
              -78.64485871206558,
              -1.6762204777076821
            ],
            [
              -78.64541996337496,
              -1.6757371501820189
            ],
            [
              -78.64543114516516,
              -1.6757275203103066
            ],
            [
              -78.64655174872912,
              -1.6747573575386119
            ],
            [
              -78.64675414559558,
              -1.6745891642846298
            ],
            [
              -78.64712799348318,
              -1.674271210735301
            ],
            [
              -78.6476658129083,
              -1.6737938314473924
            ],
            [
              -78.64769007910758,
              -1.6737722561654866
            ],
            [
              -78.64824689943903,
              -1.6732771997702913
            ],
            [
              -78.64880451288019,
              -1.6727888077523558
            ],
            [
              -78.64880451332115,
              -1.6727888073660795
            ]
          ],
          [
            [
              -78.64880451332115,
              -1.6727888073660795
            ],
            [
              -78.64935967218142,
              -1.6723024913262534
            ],
            [
              -78.6493906003842,
              -1.6722753990069175
            ],
            [
              -78.64943900043697,
              -1.6722332000005795
            ],
            [
              -78.64993019281275,
              -1.6718027455668896
            ],
            [
              -78.6504874650932,
              -1.6713143831038844
            ],
            [
              -78.65103701275024,
              -1.6708327895833557
            ],
            [
              -78.65103036870852,
              -1.6708246866283047
            ],
            [
              -78.65159631422915,
              -1.6703463665526153
            ],
            [
              -78.65159456334925,
              -1.6703441840949032
            ],
            [
              -78.65167001336434,
              -1.6702780634002785
            ],
            [
              -78.65215215599244,
              -1.6698555392330603
            ],
            [
              -78.65221063299005,
              -1.6698042935171185
            ],
            [
              -78.6524190027987,
              -1.669621689981112
            ],
            [
              -78.65243544523632,
              -1.669607280727093
            ],
            [
              -78.6527734517164,
              -1.6693110685304413
            ],
            [
              -78.6528017855756,
              -1.6692862391354306
            ],
            [
              -78.65331873162486,
              -1.6688332154700567
            ],
            [
              -78.65365189266757,
              -1.6685489707963672
            ],
            [
              -78.65393143133156,
              -1.6683104743381734
            ],
            [
              -78.65393198705303,
              -1.668309989577887
            ],
            [
              -78.653935783581,
              -1.6683066802119093
            ],
            [
              -78.65433071687,
              -1.6679624094012606
            ],
            [
              -78.654331039692,
              -1.6679621277525292
            ],
            [
              -78.65483366571186,
              -1.6674899169967128
            ],
            [
              -78.65484134301785,
              -1.6675001418795243
            ],
            [
              -78.65487644294406,
              -1.667468365409573
            ],
            [
              -78.65488479977007,
              -1.6674607993244386
            ],
            [
              -78.65490938649381,
              -1.6674369813830008
            ],
            [
              -78.6549295997854,
              -1.66741740049051
            ],
            [
              -78.65538040567348,
              -1.6670247661621718
            ],
            [
              -78.65540491220538,
              -1.667003422247421
            ],
            [
              -78.65595297879969,
              -1.6665260761915912
            ],
            [
              -78.65596396370763,
              -1.6665165082490507
            ],
            [
              -78.65653051454092,
              -1.6660230335760338
            ],
            [
              -78.65654634535542,
              -1.666009244492249
            ],
            [
              -78.656555378153,
              -1.6660012868713252
            ],
            [
              -78.65663343053232,
              -1.6659325211159013
            ]
          ],
          [
            [
              -78.65710987393577,
              -1.665512764334647
            ],
            [
              -78.65828592450374,
              -1.6644766363961663
            ],
            [
              -78.658289130815,
              -1.6644801964245726
            ]
          ],
          [
            [
              -78.6423445896625,
              -1.6794157360457025
            ],
            [
              -78.64185533803557,
              -1.6788462797530594
            ]
          ],
          [
            [
              -78.64185533803557,
              -1.6788462797530594
            ],
            [
              -78.6418531787671,
              -1.67884376650846
            ],
            [
              -78.64142925891086,
              -1.6783472218775441
            ],
            [
              -78.64140914140742,
              -1.6783219491366002
            ],
            [
              -78.64136636111729,
              -1.678270257065633
            ],
            [
              -78.64090744520419,
              -1.6777157548357837
            ],
            [
              -78.64090387337974,
              -1.677711438644818
            ],
            [
              -78.64083620659568,
              -1.6776294509505698
            ]
          ],
          [
            [
              -78.66677629360314,
              -1.665828474924947
            ],
            [
              -78.6667529765066,
              -1.6658306320272047
            ],
            [
              -78.6667310485401,
              -1.6658286732023604
            ],
            [
              -78.66670978799499,
              -1.6658229139798093
            ],
            [
              -78.66668984324193,
              -1.6658135277908401
            ],
            [
              -78.66667182479405,
              -1.6658007974018898
            ],
            [
              -78.66665627566415,
              -1.6657851139752822
            ],
            [
              -78.66664366870157,
              -1.6657669499469574
            ],
            [
              -78.66663438862636,
              -1.665746859004976
            ],
            [
              -78.66662871588747,
              -1.6657254525671414
            ],
            [
              -78.6666285094007,
              -1.6657230586090828
            ],
            [
              -78.66662831184455,
              -1.6657229987116027
            ],
            [
              -78.66628845318317,
              -1.6656193584594337
            ],
            [
              -78.66597844079469,
              -1.665524819687758
            ],
            [
              -78.66586716939872,
              -1.6654908885268522
            ],
            [
              -78.66576844466556,
              -1.6654691117256004
            ],
            [
              -78.66574468301177,
              -1.665463569184655
            ],
            [
              -78.66573808311512,
              -1.665468206813832
            ],
            [
              -78.66571909242671,
              -1.6654770918849346
            ],
            [
              -78.66569885447066,
              -1.6654825223063758
            ],
            [
              -78.66567798747299,
              -1.6654843333889473
            ],
            [
              -78.6656571265954,
              -1.6654824725559172
            ],
            [
              -78.66563690148415,
              -1.6654769938923166
            ],
            [
              -78.66561792997548,
              -1.6654680635613357
            ],
            [
              -78.66560078845926,
              -1.6654559534410334
            ],
            [
              -78.66558599751671,
              -1.6654410320676385
            ],
            [
              -78.66558121498188,
              -1.6654341435449047
            ],
            [
              -78.66553511459566,
              -1.6654665446850663
            ],
            [
              -78.66538901690677,
              -1.6655692258806916
            ],
            [
              -78.66489103220998,
              -1.6658371287509708
            ],
            [
              -78.66465442585799,
              -1.6659644172296688
            ],
            [
              -78.66459237458928,
              -1.665996588651942
            ],
            [
              -78.66416627702503,
              -1.6662175234673628
            ],
            [
              -78.66402669177509,
              -1.6662898993933246
            ],
            [
              -78.66394526667479,
              -1.666332116035142
            ],
            [
              -78.6636722121488,
              -1.6664552485607658
            ],
            [
              -78.66345621259109,
              -1.666552654011977
            ]
          ],
          [
            [
              -78.66012474693738,
              -1.6676471936854185
            ],
            [
              -78.65999519986218,
              -1.6676864987694524
            ],
            [
              -78.65988996373925,
              -1.6677202254255414
            ],
            [
              -78.65899326891116,
              -1.6679921891800642
            ],
            [
              -78.65873794641813,
              -1.668065762642334
            ],
            [
              -78.65848003755394,
              -1.668140079710204
            ]
          ],
          [
            [
              -78.65853456200169,
              -1.668381891917666
            ],
            [
              -78.6589809353379,
              -1.668275452570144
            ],
            [
              -78.6599108107454,
              -1.6680537214031164
            ],
            [
              -78.659954619411,
              -1.6680412349394436
            ],
            [
              -78.66018599209754,
              -1.667975289910306
            ]
          ],
          [
            [
              -78.66363154811525,
              -1.666950666517358
            ],
            [
              -78.66484645089962,
              -1.666608975265279
            ],
            [
              -78.66667147800146,
              -1.6658786785056423
            ],
            [
              -78.66677629360314,
              -1.665828474924947
            ]
          ],
          [
            [
              -78.64124423777007,
              -1.6641332339818327
            ],
            [
              -78.6414763395219,
              -1.6642927303013628
            ],
            [
              -78.64197319797665,
              -1.6646341695319462
            ],
            [
              -78.6419970936395,
              -1.664654284149432
            ],
            [
              -78.64223310767633,
              -1.6648408928831897
            ]
          ],
          [
            [
              -78.65128348597166,
              -1.6757901570521434
            ],
            [
              -78.6513430262545,
              -1.6758629944669303
            ],
            [
              -78.65163071602909,
              -1.6762149170434468
            ],
            [
              -78.65170050003964,
              -1.6763002989488862
            ],
            [
              -78.65207645034012,
              -1.6767555225001138
            ],
            [
              -78.65212195112034,
              -1.6768111438717543
            ],
            [
              -78.65255087989371,
              -1.6773354742835742
            ],
            [
              -78.6525777752905,
              -1.6773683530705883
            ],
            [
              -78.65300289487108,
              -1.6778946750680857
            ],
            [
              -78.65304119930404,
              -1.6779420997233658
            ],
            [
              -78.65335299063716,
              -1.678291238884081
            ],
            [
              -78.65350421153917,
              -1.678460574346321
            ],
            [
              -78.65358847289093,
              -1.678563642635479
            ]
          ],
          [
            [
              -78.65373263940417,
              -1.6787399867806652
            ],
            [
              -78.65396711312927,
              -1.6790267945039565
            ],
            [
              -78.65450095194987,
              -1.6796833919466472
            ],
            [
              -78.65453339949475,
              -1.6797232994808458
            ],
            [
              -78.65488591070128,
              -1.6801647828948134
            ],
            [
              -78.65492999994957,
              -1.6802199995499816
            ],
            [
              -78.65521643631227,
              -1.68056014324642
            ],
            [
              -78.65552216880815,
              -1.6808968445673311
            ]
          ],
          [
            [
              -78.64083620659568,
              -1.6776294509505698
            ],
            [
              -78.64046617776886,
              -1.677181109714094
            ],
            [
              -78.64040297343163,
              -1.6769207280953544
            ],
            [
              -78.64036817459399,
              -1.6768037315752897
            ],
            [
              -78.64030557263506,
              -1.6766838312767363
            ],
            [
              -78.64004853600257,
              -1.6763814456136674
            ],
            [
              -78.64004164688676,
              -1.6763733025877934
            ],
            [
              -78.63967103671432,
              -1.6759352587102332
            ],
            [
              -78.63966540792082,
              -1.6759285996978972
            ],
            [
              -78.6391746642134,
              -1.675348067675879
            ],
            [
              -78.63917139458141,
              -1.6753441993158584
            ],
            [
              -78.63894760852648,
              -1.6750806778891043
            ]
          ],
          [
            [
              -78.63597102599094,
              -1.671376235663872
            ],
            [
              -78.63616199025896,
              -1.6716311467991765
            ],
            [
              -78.63642871446014,
              -1.6719871861047606
            ],
            [
              -78.63667452319287,
              -1.6723153069672594
            ],
            [
              -78.63691489484204,
              -1.6726560196805254
            ],
            [
              -78.6369260903184,
              -1.6726701719393198
            ],
            [
              -78.63719561860486,
              -1.6730108956835972
            ],
            [
              -78.63753004397154,
              -1.6734091137918006
            ]
          ],
          [
            [
              -78.64453941273419,
              -1.6676132237638992
            ],
            [
              -78.64458997974128,
              -1.6676750944278316
            ],
            [
              -78.64460509571637,
              -1.667693589486236
            ],
            [
              -78.64498302386657,
              -1.668155998615536
            ],
            [
              -78.64546785627611,
              -1.6687675791871268
            ],
            [
              -78.64585517215347,
              -1.6692271981977589
            ]
          ],
          [
            [
              -78.65092686469346,
              -1.6753560844312623
            ],
            [
              -78.65118006655702,
              -1.6756636409797347
            ],
            [
              -78.65128348597166,
              -1.6757901570521434
            ]
          ],
          [
            [
              -78.65358847289093,
              -1.678563642635479
            ],
            [
              -78.65373263940417,
              -1.6787399867806652
            ]
          ],
          [
            [
              -78.64257455590138,
              -1.6782103475523855
            ],
            [
              -78.64350074465143,
              -1.6773950086690501
            ]
          ],
          [
            [
              -78.65663343053232,
              -1.6659325211159013
            ],
            [
              -78.65710987393577,
              -1.665512764334647
            ]
          ],
          [
            [
              -78.63894760852648,
              -1.6750806778891043
            ],
            [
              -78.63868152880416,
              -1.674767353152004
            ]
          ],
          [
            [
              -78.63868152880416,
              -1.674767353152004
            ],
            [
              -78.6386814642184,
              -1.674767277141742
            ]
          ],
          [
            [
              -78.63753004397154,
              -1.6734091137918006
            ],
            [
              -78.6376770692125,
              -1.6735841845860395
            ],
            [
              -78.63818009366454,
              -1.6741631930109915
            ],
            [
              -78.6386830907083,
              -1.6747660370849209
            ],
            [
              -78.63868152880416,
              -1.674767353152004
            ]
          ]
        ]
      }
    },
    {
      "type": "Feature",
      "properties": {
        "CORREDOR": "QUEBRADA_LAS_ABRAS",
        "LONGITUD_M": 5214.567891193728
      },
      "geometry": {
        "type": "MultiLineString",
        "coordinates": [
          [
            [
              -78.67563665717196,
              -1.634485735653073
            ],
            [
              -78.67563747600462,
              -1.634496045999905
            ],
            [
              -78.67565285900463,
              -1.6345474659999317
            ],
            [
              -78.67565638300465,
              -1.6345821369999078
            ],
            [
              -78.6756325430046,
              -1.6346538339999335
            ],
            [
              -78.67557195300462,
              -1.6346597409998995
            ],
            [
              -78.6755090410046,
              -1.6346190229999589
            ],
            [
              -78.67546866400458,
              -1.6346094129999142
            ],
            [
              -78.67543525600463,
              -1.6346337609999597
            ],
            [
              -78.67537820600462,
              -1.6346604709999348
            ],
            [
              -78.67532781600461,
              -1.6346814519999227
            ],
            [
              -78.67528503700461,
              -1.6346938339999189
            ],
            [
              -78.67522798500461,
              -1.6347224569999426
            ],
            [
              -78.67521203678294,
              -1.634726449617807
            ]
          ],
          [
            [
              -78.67513998230653,
              -1.6348443707010005
            ],
            [
              -78.67514100100465,
              -1.6348514599999244
            ],
            [
              -78.67514097700463,
              -1.6348726189999392
            ],
            [
              -78.67514161853008,
              -1.634899685713388
            ]
          ],
          [
            [
              -78.67515171726949,
              -1.6349462410756652
            ],
            [
              -78.67516369500467,
              -1.6349504659999514
            ],
            [
              -78.67517828800466,
              -1.6349659039999078
            ],
            [
              -78.67517934400463,
              -1.6349780979999549
            ],
            [
              -78.6751889460046,
              -1.634995323999915
            ],
            [
              -78.67520246700464,
              -1.6350129119999603
            ],
            [
              -78.67520779800465,
              -1.6350254699999278
            ],
            [
              -78.6752049300046,
              -1.6350408869999198
            ],
            [
              -78.6752074168968,
              -1.635051141452436
            ]
          ],
          [
            [
              -78.67521529348848,
              -1.6350616592732738
            ],
            [
              -78.67523661500465,
              -1.6350681799999285
            ],
            [
              -78.67526404200464,
              -1.635080045999896
            ],
            [
              -78.67528647400464,
              -1.6350969269999105
            ],
            [
              -78.67530207400458,
              -1.6351106009999192
            ],
            [
              -78.67532734500465,
              -1.6351391059999054
            ],
            [
              -78.67535445600464,
              -1.6351696879999293
            ],
            [
              -78.67536652500462,
              -1.635211301999941
            ],
            [
              -78.6753679130046,
              -1.6352442969999101
            ],
            [
              -78.67535579100459,
              -1.6352750339999376
            ],
            [
              -78.67536423700459,
              -1.6353418379999023
            ],
            [
              -78.67535991900462,
              -1.6353776949999201
            ],
            [
              -78.67534990300464,
              -1.6354106769999104
            ],
            [
              -78.67534060500465,
              -1.6354386379998866
            ],
            [
              -78.67532866200463,
              -1.6354551459999542
            ],
            [
              -78.67529312000461,
              -1.6355121829999284
            ],
            [
              -78.67528848200465,
              -1.6355196259999403
            ],
            [
              -78.67526888200462,
              -1.6355473539998908
            ],
            [
              -78.67525920600464,
              -1.6355662129999313
            ],
            [
              -78.67525704400464,
              -1.635587010999895
            ],
            [
              -78.67524776100466,
              -1.6356020619999523
            ],
            [
              -78.67524417700464,
              -1.6356192719999056
            ],
            [
              -78.67524201000465,
              -1.6356443729999117
            ],
            [
              -78.67524840300463,
              -1.6356630279999278
            ],
            [
              -78.67523481300464,
              -1.6356847729999633
            ],
            [
              -78.67523194800464,
              -1.6357168029999518
            ],
            [
              -78.67522693300464,
              -1.6357397489999017
            ],
            [
              -78.67521469700462,
              -1.6357609169999547
            ],
            [
              -78.67521610400463,
              -1.6357766979999602
            ],
            [
              -78.67521607700462,
              -1.6358006059999526
            ],
            [
              -78.67521415700465,
              -1.635817339999941
            ],
            [
              -78.67519655400463,
              -1.6358364459999155
            ],
            [
              -78.67518616900465,
              -1.635841899999911
            ],
            [
              -78.67517847900461,
              -1.6358526819999408
            ],
            [
              -78.6751784630046,
              -1.6358670269999234
            ],
            [
              -78.67519697700462,
              -1.6358818719999237
            ],
            [
              -78.67520931500461,
              -1.63589527499991
            ],
            [
              -78.67520834600462,
              -1.6359120089999557
            ],
            [
              -78.67520214500465,
              -1.6359325629999109
            ],
            [
              -78.67520164000463,
              -1.6359583829999358
            ],
            [
              -78.67520066600461,
              -1.6359794209999148
            ],
            [
              -78.67519351900462,
              -1.6359961489998986
            ],
            [
              -78.67517780700463,
              -1.6360238639999694
            ],
            [
              -78.67517681800462,
              -1.636057333999887
            ],
            [
              -78.67517558523969,
              -1.6360607333708335
            ]
          ],
          [
            [
              -78.67500445309504,
              -1.637054585656282
            ],
            [
              -78.6750046030046,
              -1.6370617539999208
            ],
            [
              -78.67500884700463,
              -1.6370904489999478
            ],
            [
              -78.67500691600466,
              -1.6371167459999116
            ],
            [
              -78.67500100433314,
              -1.6371371487365263
            ]
          ],
          [
            [
              -78.67500302553415,
              -1.637163471928376
            ],
            [
              -78.67500306100466,
              -1.6371636009999038
            ],
            [
              -78.67502441600466,
              -1.6371870559999484
            ],
            [
              -78.67503866100465,
              -1.6371952009999153
            ],
            [
              -78.67506714500463,
              -1.6372177079999608
            ],
            [
              -78.67507996000458,
              -1.6372296769999255
            ],
            [
              -78.67509989500464,
              -1.6372483489999121
            ],
            [
              -78.67511650200464,
              -1.6372694079999175
            ],
            [
              -78.67512741000462,
              -1.6372866339999053
            ],
            [
              -78.67514306500466,
              -1.6373086479999202
            ],
            [
              -78.67514295200466,
              -1.637309424999921
            ],
            [
              -78.67513875500464,
              -1.6373382889999146
            ],
            [
              -78.67511973000461,
              -1.6373540459998999
            ],
            [
              -78.67507740900463,
              -1.6373817299999431
            ],
            [
              -78.67506266500466,
              -1.6373936669999396
            ],
            [
              -78.67503983500464,
              -1.6374137229998982
            ],
            [
              -78.67501889400461,
              -1.63744286699991
            ],
            [
              -78.67499017100461,
              -1.637481453999926
            ],
            [
              -78.67498653300464,
              -1.6374863419999204
            ],
            [
              -78.67495753600463,
              -1.6374973059999232
            ],
            [
              -78.6749357651072,
              -1.6374959113107501
            ]
          ],
          [
            [
              -78.67484886996166,
              -1.637552487879932
            ],
            [
              -78.67476625200464,
              -1.637628505999888
            ],
            [
              -78.67474626600463,
              -1.637653585999901
            ],
            [
              -78.67471309400466,
              -1.6376793679999355
            ],
            [
              -78.67470191400461,
              -1.6376899569999468
            ],
            [
              -78.67469418600463,
              -1.6376972769999567
            ],
            [
              -78.67466279800463,
              -1.637720909999918
            ],
            [
              -78.67464351600461,
              -1.6377538799999003
            ],
            [
              -78.67461568500461,
              -1.6377839719999372
            ],
            [
              -78.67456860300463,
              -1.6378197789999087
            ],
            [
              -78.67450387700464,
              -1.6378849459999048
            ],
            [
              -78.67448720700465,
              -1.6379444849998925
            ],
            [
              -78.67447151700466,
              -1.6379879039999243
            ],
            [
              -78.67446933100463,
              -1.637993953999957
            ],
            [
              -78.67441583000466,
              -1.6380340569999128
            ],
            [
              -78.67438301800465,
              -1.6380562529999347
            ],
            [
              -78.67437168730922,
              -1.6380616384605389
            ]
          ],
          [
            [
              -78.67416015167264,
              -1.6383932607811487
            ],
            [
              -78.67414455500462,
              -1.6384102929999147
            ],
            [
              -78.67412160800464,
              -1.6384283169999632
            ],
            [
              -78.6740877500046,
              -1.6384306679999385
            ],
            [
              -78.67404854300466,
              -1.6384360019999213
            ],
            [
              -78.67399806400468,
              -1.638430563999947
            ],
            [
              -78.6739716110046,
              -1.6384135199999321
            ],
            [
              -78.67393181676455,
              -1.6383735782579532
            ],
            [
              -78.67390038700461,
              -1.6383420319999473
            ],
            [
              -78.67388181900466,
              -1.6382839899999038
            ],
            [
              -78.67381062800463,
              -1.6382343569998725
            ],
            [
              -78.67374649500465,
              -1.6382228059999067
            ],
            [
              -78.67370088400465,
              -1.6382184499999004
            ],
            [
              -78.67362973221367,
              -1.6382183659849514
            ]
          ],
          [
            [
              -78.67361792481378,
              -1.638222509250865
            ],
            [
              -78.6735788665299,
              -1.638237260413209
            ]
          ],
          [
            [
              -78.67327808740295,
              -1.6385911291490858
            ],
            [
              -78.67317071300462,
              -1.6385503769999086
            ],
            [
              -78.6731219497924,
              -1.6385360191945162
            ]
          ],
          [
            [
              -78.67298331261199,
              -1.638572941057183
            ],
            [
              -78.67296944700466,
              -1.6385829709999225
            ],
            [
              -78.67295648200465,
              -1.638596580999935
            ],
            [
              -78.67293489600468,
              -1.6386192409999232
            ],
            [
              -78.67290316100464,
              -1.638635699999927
            ],
            [
              -78.67288212000464,
              -1.638648944999921
            ],
            [
              -78.67285929500467,
              -1.638663979999901
            ],
            [
              -78.67282470000467,
              -1.6386868919999378
            ],
            [
              -78.67280743300465,
              -1.6386959209999352
            ],
            [
              -78.67277406500465,
              -1.6387133699999101
            ],
            [
              -78.67274732600467,
              -1.6387233809999602
            ],
            [
              -78.67271595300468,
              -1.6387344609999313
            ],
            [
              -78.67267851900469,
              -1.6387480449999001
            ],
            [
              -78.67265178000466,
              -1.6387573379999223
            ],
            [
              -78.67263553200466,
              -1.638761726999953
            ],
            [
              -78.67262005300462,
              -1.6387659079999046
            ],
            [
              -78.67260753500464,
              -1.6387680689999673
            ],
            [
              -78.67258084500467,
              -1.6387726759999572
            ],
            [
              -78.67255564000466,
              -1.6387804469999037
            ],
            [
              -78.67254023800463,
              -1.6387826649999133
            ],
            [
              -78.67250043500468,
              -1.63879038799994
            ],
            [
              -78.67247296136286,
              -1.6387890874971853
            ]
          ],
          [
            [
              -78.67217177404757,
              -1.6389343692694434
            ],
            [
              -78.67216376000468,
              -1.638939923999925
            ],
            [
              -78.67213410000466,
              -1.6389696839999297
            ],
            [
              -78.6721170960047,
              -1.639007793999931
            ],
            [
              -78.67208741200466,
              -1.6390272489999549
            ],
            [
              -78.67204811800467,
              -1.6390761619999428
            ],
            [
              -78.6720168010047,
              -1.639129506999938
            ],
            [
              -78.67200735400468,
              -1.639152797999921
            ],
            [
              -78.67199248100465,
              -1.6391510629999195
            ],
            [
              -78.67197337700468,
              -1.639179768999936
            ],
            [
              -78.67190884100464,
              -1.6392154499999152
            ],
            [
              -78.67186508100467,
              -1.6392546079999126
            ],
            [
              -78.67185284400466,
              -1.63926499899993
            ],
            [
              -78.67181750800466,
              -1.6393042809999134
            ],
            [
              -78.6718031750047,
              -1.639313574999929
            ],
            [
              -78.67179900700467,
              -1.6393211639999417
            ],
            [
              -78.67179249100467,
              -1.63933612199993
            ],
            [
              -78.67179060400467,
              -1.639340453999925
            ],
            [
              -78.6717670010047,
              -1.6393362409999277
            ],
            [
              -78.67169197200468,
              -1.6393854219999646
            ],
            [
              -78.67166973100467,
              -1.6394005439999362
            ],
            [
              -78.67165196500464,
              -1.639414588999939
            ],
            [
              -78.67161874000472,
              -1.6394350649999199
            ],
            [
              -78.67157357800465,
              -1.6394541379999428
            ],
            [
              -78.67153048800466,
              -1.6394463929999197
            ],
            [
              -78.67152004000468,
              -1.6394388149999353
            ],
            [
              -78.6714543330047,
              -1.6394377409998804
            ],
            [
              -78.67141390181459,
              -1.6394303897422813
            ]
          ],
          [
            [
              -78.67136459644168,
              -1.6394137508945184
            ],
            [
              -78.67136218100467,
              -1.63941276899988
            ],
            [
              -78.67134128200469,
              -1.639405571999912
            ],
            [
              -78.67133467769374,
              -1.6393977111872793
            ]
          ],
          [
            [
              -78.67129656286164,
              -1.6391015682697
            ],
            [
              -78.67128780300472,
              -1.6390970949999366
            ],
            [
              -78.67127476200466,
              -1.6390753229999102
            ],
            [
              -78.67126812938498,
              -1.6390674950298787
            ]
          ],
          [
            [
              -78.67089861471572,
              -1.6387202648575518
            ],
            [
              -78.6708953480047,
              -1.638715888999941
            ],
            [
              -78.6708837180047,
              -1.638705833999936
            ],
            [
              -78.67088120300471,
              -1.6387025629998677
            ],
            [
              -78.6708566750047,
              -1.6386706579999077
            ],
            [
              -78.67084244000468,
              -1.6386529489999357
            ],
            [
              -78.67083399800472,
              -1.6386435429998858
            ],
            [
              -78.67082654300468,
              -1.6386352379999367
            ],
            [
              -78.6708130130047,
              -1.6386251809999082
            ],
            [
              -78.67079924100466,
              -1.6386184709999296
            ],
            [
              -78.67078451800467,
              -1.6386124759999117
            ],
            [
              -78.67076884800471,
              -1.6386033729999074
            ],
            [
              -78.67075507300468,
              -1.6385992929999285
            ],
            [
              -78.67073796400469,
              -1.638602858999928
            ],
            [
              -78.67072869200467,
              -1.6386083469999204
            ],
            [
              -78.67071633800472,
              -1.6386083319999192
            ],
            [
              -78.6707029120047,
              -1.6386100849999012
            ],
            [
              -78.67069637800466,
              -1.6386109389999226
            ],
            [
              -78.6706759290047,
              -1.638626215999962
            ],
            [
              -78.67066069900467,
              -1.63864759599992
            ],
            [
              -78.67064678400469,
              -1.6386619249999406
            ],
            [
              -78.6706275200047,
              -1.6386794739999455
            ],
            [
              -78.67061680800471,
              -1.6386970339999234
            ],
            [
              -78.6706078720047,
              -1.6387206929998857
            ],
            [
              -78.67059681100469,
              -1.638732513999956
            ],
            [
              -78.67057182900469,
              -1.6387640439999367
            ],
            [
              -78.67055470100465,
              -1.6387826719998961
            ],
            [
              -78.67053472300469,
              -1.6388016559999192
            ],
            [
              -78.67052508500468,
              -1.6388156309999076
            ],
            [
              -78.67050275100469,
              -1.6388313739999105
            ],
            [
              -78.67048420200469,
              -1.6388383129999413
            ],
            [
              -78.67046751200469,
              -1.6388307179999226
            ],
            [
              -78.67043273700466,
              -1.6388162639999309
            ],
            [
              -78.6704215960047,
              -1.6387942549999244
            ],
            [
              -78.67041852700473,
              -1.63877799399994
            ],
            [
              -78.67039834900471,
              -1.6387638649998992
            ],
            [
              -78.6703809960047,
              -1.6387722119999222
            ],
            [
              -78.6703669700047,
              -1.638779367999959
            ],
            [
              -78.67034059300468,
              -1.6387843579999233
            ],
            [
              -78.67031017600472,
              -1.6387907779999042
            ],
            [
              -78.67028095400471,
              -1.6387907429999482
            ],
            [
              -78.6702560130047,
              -1.6387864109999297
            ],
            [
              -78.67023821100469,
              -1.638771805999926
            ],
            [
              -78.67022383841969,
              -1.63876008861462
            ]
          ],
          [
            [
              -78.67014381103466,
              -1.6387587369747572
            ],
            [
              -78.67014081800468,
              -1.6387594989999146
            ],
            [
              -78.67011017100471,
              -1.6387592239999214
            ],
            [
              -78.6701009040047,
              -1.6387604079998928
            ],
            [
              -78.67004479700469,
              -1.6387682619999158
            ],
            [
              -78.6700084430047,
              -1.6387714469999373
            ],
            [
              -78.6699802950047,
              -1.6387678279999347
            ],
            [
              -78.6699520930047,
              -1.638760202999932
            ],
            [
              -78.66994965600472,
              -1.6387595439998817
            ],
            [
              -78.66993149000467,
              -1.6387523499999097
            ],
            [
              -78.66990157000473,
              -1.6387390459999425
            ],
            [
              -78.66986774600471,
              -1.6387124689999137
            ],
            [
              -78.66984104000466,
              -1.6386937889999331
            ],
            [
              -78.66981861200472,
              -1.6386740389999561
            ],
            [
              -78.6697990320047,
              -1.6386560849999585
            ],
            [
              -78.66977410000472,
              -1.6386449379999524
            ],
            [
              -78.66975094600471,
              -1.638635945999943
            ],
            [
              -78.66974239700468,
              -1.6386323489999655
            ],
            [
              -78.66972065600473,
              -1.6386351929999448
            ],
            [
              -78.66970675600471,
              -1.6386358939999235
            ],
            [
              -78.6696942900047,
              -1.6386301409999204
            ],
            [
              -78.66969109400472,
              -1.6386200959999357
            ],
            [
              -78.6696754270047,
              -1.6386089609998926
            ],
            [
              -78.66965477000473,
              -1.6385981779999137
            ],
            [
              -78.66963802600469,
              -1.6385938549999193
            ],
            [
              -78.66961807000472,
              -1.638593113999913
            ],
            [
              -78.66960061700469,
              -1.6385855629999118
            ],
            [
              -78.66958173600469,
              -1.6385798019999025
            ],
            [
              -78.66956107000475,
              -1.6385769089999163
            ],
            [
              -78.66954646100474,
              -1.638575098999938
            ],
            [
              -78.66953612900468,
              -1.638573293999952
            ],
            [
              -78.66952294900467,
              -1.6385678989999326
            ],
            [
              -78.66951155500472,
              -1.6385596379999137
            ],
            [
              -78.66949445600466,
              -1.6385535209998974
            ],
            [
              -78.66948092100468,
              -1.638547766999929
            ],
            [
              -78.6694720140047,
              -1.638545963999907
            ],
            [
              -78.66945739700473,
              -1.6385506089999062
            ],
            [
              -78.66944029200468,
              -1.638550229999924
            ],
            [
              -78.66942354600471,
              -1.6385473409999196
            ],
            [
              -78.66940858000473,
              -1.6385466069999333
            ],
            [
              -78.6693925440047,
              -1.63854622899989
            ],
            [
              -78.6693811390047,
              -1.638546932999901
            ],
            [
              -78.6693743620047,
              -1.6385523039999539
            ],
            [
              -78.6693604630047,
              -1.6385530049999337
            ],
            [
              -78.66932945400471,
              -1.6385565549999204
            ],
            [
              -78.66931091700471,
              -1.6385622719999289
            ],
            [
              -78.6692909550047,
              -1.6385669099999196
            ],
            [
              -78.6692642140047,
              -1.6385779959999447
            ],
            [
              -78.66925601000472,
              -1.6385844419999476
            ],
            [
              -78.66924849600471,
              -1.6386113289999455
            ],
            [
              -78.6692377770047,
              -1.6386353449999131
            ],
            [
              -78.66923312800473,
              -1.6386493249999445
            ],
            [
              -78.66922241900468,
              -1.6386647329998931
            ],
            [
              -78.66921063700467,
              -1.638683367999911
            ],
            [
              -78.66918995000471,
              -1.6386987639999484
            ],
            [
              -78.66916069400472,
              -1.6387129349999092
            ],
            [
              -78.66915892900468,
              -1.6387137899999265
            ],
            [
              -78.66913468300473,
              -1.6387245199999128
            ],
            [
              -78.6690658680047,
              -1.638755997999933
            ],
            [
              -78.66902097500473,
              -1.6387751019999206
            ],
            [
              -78.66897888900472,
              -1.63877813099995
            ],
            [
              -78.66894329500472,
              -1.6387789349999056
            ],
            [
              -78.6689297040047,
              -1.6387830939999055
            ],
            [
              -78.66890655100472,
              -1.6387733839999146
            ],
            [
              -78.66889196200474,
              -1.6387543599999324
            ],
            [
              -78.66886489900473,
              -1.638736396999935
            ],
            [
              -78.66884851400474,
              -1.6387295639999466
            ],
            [
              -78.66882678900475,
              -1.638718421999939
            ],
            [
              -78.66880720000471,
              -1.638708715999925
            ],
            [
              -78.66879652000468,
              -1.6386986619999468
            ],
            [
              -78.66877657200469,
              -1.638691465999917
            ],
            [
              -78.66877331600472,
              -1.6386871819999376
            ],
            [
              -78.66876838800474,
              -1.638680697999936
            ],
            [
              -78.66876330400473,
              -1.6386808359998906
            ],
            [
              -78.66875143400469,
              -1.6386729319999482
            ],
            [
              -78.66874313200474,
              -1.6386616859999508
            ],
            [
              -78.66873778246443,
              -1.6386547230138602
            ]
          ],
          [
            [
              -78.66871297457449,
              -1.6386406635745738
            ],
            [
              -78.66870597500468,
              -1.6386401249999023
            ],
            [
              -78.6686969480047,
              -1.6386393969999211
            ],
            [
              -78.66868198400475,
              -1.638636629999931
            ],
            [
              -78.66867224500476,
              -1.6386353039998955
            ],
            [
              -78.66865004100472,
              -1.6386265509999303
            ],
            [
              -78.6686400690047,
              -1.6386216379999379
            ],
            [
              -78.66862676600475,
              -1.638619948999953
            ],
            [
              -78.66861750900469,
              -1.6386132439999275
            ],
            [
              -78.66860777600472,
              -1.6386064189998923
            ],
            [
              -78.6685978030047,
              -1.6386017449999313
            ],
            [
              -78.6685871130047,
              -1.6386004179999323
            ],
            [
              -78.66857940000469,
              -1.6385931169999517
            ],
            [
              -78.66857473200471,
              -1.638589516999929
            ],
            [
              -78.66855686900475,
              -1.6385870099999476
            ],
            [
              -78.66853236500472,
              -1.6385751229998973
            ],
            [
              -78.66852495400474,
              -1.6385739659999465
            ],
            [
              -78.66849722200472,
              -1.6385593979998863
            ],
            [
              -78.66846844500473,
              -1.6385442299999582
            ],
            [
              -78.6684458800047,
              -1.6385391229998971
            ],
            [
              -78.66842123600473,
              -1.6385358069999003
            ],
            [
              -78.6684087670047,
              -1.6385325049999084
            ],
            [
              -78.66839123800474,
              -1.6385387599999481
            ],
            [
              -78.66836688400473,
              -1.6385402259999635
            ],
            [
              -78.66834549700474,
              -1.6385449829999172
            ],
            [
              -78.66832233100473,
              -1.6385470479999447
            ],
            [
              -78.6682973800047,
              -1.6385515009999132
            ],
            [
              -78.66827510500472,
              -1.6385532679999133
            ],
            [
              -78.66825134900469,
              -1.6385517459999381
            ],
            [
              -78.66823056500475,
              -1.638547836999938
            ],
            [
              -78.66820087000471,
              -1.6385454109999071
            ],
            [
              -78.66817771100472,
              -1.6385411999999435
            ],
            [
              -78.66815662600472,
              -1.6385411749999177
            ],
            [
              -78.66813642200475,
              -1.6385504159999078
            ],
            [
              -78.6681247190047,
              -1.6385600099999225
            ],
            [
              -78.66807876300476,
              -1.6385903939999154
            ],
            [
              -78.66805647800476,
              -1.6386002299999354
            ],
            [
              -78.66803835200471,
              -1.6386091749999083
            ],
            [
              -78.66801785200471,
              -1.6386172199999238
            ],
            [
              -78.66799795100472,
              -1.6386204839999083
            ],
            [
              -78.66796974700476,
              -1.638613576999924
            ],
            [
              -78.66793946300477,
              -1.638607265999922
            ],
            [
              -78.66791867300475,
              -1.638608734999921
            ],
            [
              -78.66790946800471,
              -1.6386078279999619
            ],
            [
              -78.6678952250047,
              -1.6385973519999582
            ],
            [
              -78.66787444800472,
              -1.6385877639999071
            ],
            [
              -78.66786076800473,
              -1.6385845849999123
            ],
            [
              -78.66785247800478,
              -1.6385826579999385
            ],
            [
              -78.66783615300471,
              -1.6385757649998698
            ],
            [
              -78.66781537000472,
              -1.638570958999925
            ],
            [
              -78.6677942870047,
              -1.6385694399999444
            ],
            [
              -78.66775686800473,
              -1.6385690979999235
            ],
            [
              -78.66773370400472,
              -1.6385699669999207
            ],
            [
              -78.66770934300472,
              -1.6385774099999062
            ],
            [
              -78.66769212000474,
              -1.6385758949999183
            ],
            [
              -78.66767459100474,
              -1.6385827479999537
            ],
            [
              -78.66766092700476,
              -1.6385860199999087
            ],
            [
              -78.66765290800474,
              -1.6385860099999119
            ],
            [
              -78.66755633600472,
              -1.6385781249999642
            ],
            [
              -78.66741923800477,
              -1.6385669299999572
            ],
            [
              -78.66741504900473,
              -1.638555188999921
            ],
            [
              -78.66739368000475,
              -1.6385441059998969
            ],
            [
              -78.66735746000471,
              -1.6385345009999108
            ],
            [
              -78.66731355028706,
              -1.6385193414140549
            ]
          ],
          [
            [
              -78.6672324031205,
              -1.6384970148699836
            ],
            [
              -78.6672036790047,
              -1.6384909869999391
            ],
            [
              -78.66717874100478,
              -1.6384837859999144
            ],
            [
              -78.66715737300474,
              -1.6384823039999528
            ],
            [
              -78.66715638100479,
              -1.6384822349999455
            ],
            [
              -78.66713464100475,
              -1.638484002999962
            ],
            [
              -78.66710609400475,
              -1.6385162449999333
            ],
            [
              -78.66708110700472,
              -1.6385520779999445
            ],
            [
              -78.66706752600474,
              -1.6385857719999288
            ],
            [
              -78.66706110300476,
              -1.6385925789999312
            ],
            [
              -78.66706107000478,
              -1.6386212679999221
            ],
            [
              -78.66706033600475,
              -1.6386395569999574
            ],
            [
              -78.6670610260047,
              -1.638658922999941
            ],
            [
              -78.66705991500476,
              -1.6386653669998876
            ],
            [
              -78.66705758876394,
              -1.638667677001921
            ],
            [
              -78.66703140800475,
              -1.638693674999915
            ],
            [
              -78.66701143200476,
              -1.6387101479999495
            ],
            [
              -78.66699501600473,
              -1.6387302109999047
            ],
            [
              -78.66697930900473,
              -1.6387535029999285
            ],
            [
              -78.66695931700474,
              -1.6387740479999433
            ],
            [
              -78.66694313400474,
              -1.6387974589999132
            ],
            [
              -78.66694881100474,
              -1.638818982999935
            ],
            [
              -78.66694879600477,
              -1.6388323709999646
            ],
            [
              -78.66693947400472,
              -1.638842279999939
            ],
            [
              -78.66693262000473,
              -1.6388495659999578
            ],
            [
              -78.66692737700475,
              -1.638863904999924
            ],
            [
              -78.6669107240047,
              -1.6388830109999497
            ],
            [
              -78.66690961000474,
              -1.6388875529999396
            ],
            [
              -78.66690433041745,
              -1.638897211738891
            ]
          ],
          [
            [
              -78.66661394111186,
              -1.6392556315244928
            ],
            [
              -78.66658440000475,
              -1.6392840969999296
            ],
            [
              -78.66657485700475,
              -1.6392932929999413
            ],
            [
              -78.66656080400477,
              -1.6393093029999226
            ],
            [
              -78.66652379000476,
              -1.639351473999944
            ],
            [
              -78.66641368800477,
              -1.6394769169999177
            ],
            [
              -78.66640598700475,
              -1.6395004419998949
            ],
            [
              -78.66635820900476,
              -1.6395880629999413
            ],
            [
              -78.66634002500471,
              -1.6396214129998725
            ],
            [
              -78.66633587600475,
              -1.6396249199999327
            ],
            [
              -78.66629876500473,
              -1.639667432999921
            ],
            [
              -78.66627875400475,
              -1.6397137909999093
            ],
            [
              -78.66626015600477,
              -1.6397721049999217
            ],
            [
              -78.6662600985397,
              -1.6397722028925634
            ],
            [
              -78.66622611125672,
              -1.6397955164366098
            ]
          ],
          [
            [
              -78.66583761488779,
              -1.6401236967236323
            ],
            [
              -78.66581009689727,
              -1.6401520325052428
            ],
            [
              -78.66576845283184,
              -1.640196231118715
            ],
            [
              -78.66572205669225,
              -1.6402392282703022
            ],
            [
              -78.66569824502656,
              -1.6402774684233539
            ],
            [
              -78.66569224080297,
              -1.6403312759060291
            ],
            [
              -78.66569399603206,
              -1.6403548367738172
            ],
            [
              -78.66569301427765,
              -1.640381623299608
            ],
            [
              -78.66567871334452,
              -1.6403998331402834
            ]
          ],
          [
            [
              -78.66539979285352,
              -1.6407083469819963
            ],
            [
              -78.66539449652156,
              -1.64071640019744
            ],
            [
              -78.66535165436034,
              -1.640788396209968
            ],
            [
              -78.66534587823146,
              -1.6407936340287756
            ]
          ],
          [
            [
              -78.6649200868803,
              -1.6414394810389557
            ],
            [
              -78.66492289600475,
              -1.6414646189999529
            ],
            [
              -78.66490930300475,
              -1.6415087129999204
            ],
            [
              -78.66490728780093,
              -1.6415132156129113
            ]
          ],
          [
            [
              -78.6646331017296,
              -1.6420081306698753
            ],
            [
              -78.66460432800476,
              -1.6420576809998875
            ],
            [
              -78.66455624200476,
              -1.6421398679999442
            ],
            [
              -78.66450956900478,
              -1.6422320979999452
            ],
            [
              -78.66449528400473,
              -1.6422583799998947
            ],
            [
              -78.66447911800478,
              -1.6422674459999311
            ],
            [
              -78.66446101700475,
              -1.6423066329999643
            ],
            [
              -78.66445160876792,
              -1.6423189316871487
            ]
          ],
          [
            [
              -78.66360869858629,
              -1.643269552088876
            ],
            [
              -78.66358199600478,
              -1.6432927579999623
            ],
            [
              -78.66354919380517,
              -1.6432971088917625
            ]
          ],
          [
            [
              -78.66265276224772,
              -1.6431183088097185
            ],
            [
              -78.66258012171375,
              -1.643107446130976
            ]
          ],
          [
            [
              -78.66249107023127,
              -1.6431316096344082
            ],
            [
              -78.66236534600478,
              -1.643197456999903
            ],
            [
              -78.66231419100481,
              -1.643195190999946
            ],
            [
              -78.66226610000481,
              -1.6432150759998772
            ],
            [
              -78.6621272740048,
              -1.6432545459999583
            ],
            [
              -78.66210233300481,
              -1.6432509309999357
            ],
            [
              -78.66206745300482,
              -1.6432597869999572
            ],
            [
              -78.66200568000481,
              -1.6432616269999427
            ],
            [
              -78.66197025791021,
              -1.6432532925935068
            ]
          ],
          [
            [
              -78.66114748445963,
              -1.6431801823367171
            ],
            [
              -78.66110960300479,
              -1.6432046259999102
            ],
            [
              -78.6610872470048,
              -1.6432246819999066
            ],
            [
              -78.66104731000483,
              -1.643245195999923
            ],
            [
              -78.66098549300482,
              -1.6432852889999108
            ],
            [
              -78.66095600300484,
              -1.6433115529999083
            ],
            [
              -78.66093149900483,
              -1.6433320039999273
            ],
            [
              -78.66087705100483,
              -1.6433774449999174
            ],
            [
              -78.66082187900484,
              -1.6434237619999281
            ],
            [
              -78.66074197300486,
              -1.6434920439999268
            ],
            [
              -78.66070297500481,
              -1.6435225999999143
            ],
            [
              -78.66065446500478,
              -1.6435600779999127
            ],
            [
              -78.66061452600482,
              -1.6435829829999131
            ],
            [
              -78.66056105600484,
              -1.643595829999906
            ],
            [
              -78.66051145300102,
              -1.6436057528272203
            ],
            [
              -78.66050758800486,
              -1.6436065259998789
            ],
            [
              -78.66043701400484,
              -1.6436186359999
            ],
            [
              -78.66037356000483,
              -1.6436357739999348
            ],
            [
              -78.66033981500483,
              -1.6436428599999204
            ],
            [
              -78.66031581500488,
              -1.6436478989999206
            ],
            [
              -78.66027873100482,
              -1.6436665039999172
            ],
            [
              -78.66026589300483,
              -1.6436743779999217
            ],
            [
              -78.66023524500487,
              -1.643674341999911
            ],
            [
              -78.6601974830048,
              -1.6436635389998904
            ],
            [
              -78.66013334600484,
              -1.643655573999925
            ],
            [
              -78.66006777800487,
              -1.643652626999926
            ],
            [
              -78.66000860300481,
              -1.6436683369999325
            ],
            [
              -78.65997578700483,
              -1.6436948359999262
            ],
            [
              -78.65991439900485,
              -1.6437743769999096
            ],
            [
              -78.65983945700486,
              -1.6438646599999445
            ],
            [
              -78.65972667600481,
              -1.6440101259999305
            ],
            [
              -78.65962889200483,
              -1.6441297899999505
            ],
            [
              -78.65955466100485,
              -1.644221507999892
            ],
            [
              -78.65953555619187,
              -1.6442452903852358
            ]
          ],
          [
            [
              -78.65505623272554,
              -1.646150697388473
            ],
            [
              -78.65505411700492,
              -1.6461524859998902
            ],
            [
              -78.65500658200489,
              -1.6461691649999213
            ],
            [
              -78.65495549100491,
              -1.6461798629998994
            ],
            [
              -78.65487413309725,
              -1.646184698994482
            ]
          ],
          [
            [
              -78.65484058307021,
              -1.6461903912868487
            ],
            [
              -78.65480698200494,
              -1.6462000089999138
            ],
            [
              -78.65480024500496,
              -1.6462064099999112
            ],
            [
              -78.65474038600492,
              -1.6462632859999526
            ],
            [
              -78.65468805500491,
              -1.6463182119998834
            ],
            [
              -78.65465117700492,
              -1.646363592999901
            ],
            [
              -78.6545798190049,
              -1.6464364279999324
            ],
            [
              -78.65455599900494,
              -1.6464901919999204
            ],
            [
              -78.65454761800494,
              -1.6465463649999221
            ],
            [
              -78.6545166240049,
              -1.6466395689999125
            ],
            [
              -78.65445353700491,
              -1.6467494699999599
            ],
            [
              -78.65443855700491,
              -1.6467764779999037
            ],
            [
              -78.65438330400494,
              -1.6468760989999058
            ],
            [
              -78.65431901000488,
              -1.6470027339998954
            ],
            [
              -78.65427494600495,
              -1.6470983129999173
            ],
            [
              -78.6542748570049,
              -1.6470986839999362
            ],
            [
              -78.65425107200494,
              -1.647197501999907
            ],
            [
              -78.65418441500493,
              -1.6473133759999212
            ],
            [
              -78.6540797440049,
              -1.6474303999999373
            ],
            [
              -78.65401061700496,
              -1.6474749959999528
            ],
            [
              -78.65394640600493,
              -1.6475308639999373
            ],
            [
              -78.65391394500489,
              -1.647557721999898
            ],
            [
              -78.65386221600491,
              -1.6476049979999332
            ],
            [
              -78.65382592364155,
              -1.6476362713061223
            ]
          ],
          [
            [
              -78.65356543158352,
              -1.6478829339487573
            ],
            [
              -78.65354148300494,
              -1.647913386999923
            ],
            [
              -78.65351257900492,
              -1.6479456279999054
            ],
            [
              -78.65350615100498,
              -1.6479578129999253
            ],
            [
              -78.65348120000496,
              -1.6479624459998958
            ],
            [
              -78.65346395815703,
              -1.6479714085918553
            ]
          ],
          [
            [
              -78.65330953523083,
              -1.6481601386336888
            ],
            [
              -78.65331142800491,
              -1.6481738239999528
            ],
            [
              -78.65331167600495,
              -1.6481756219999284
            ],
            [
              -78.65330345200496,
              -1.6481992809999506
            ],
            [
              -78.65329772500495,
              -1.6482211489999017
            ],
            [
              -78.65328131900496,
              -1.6482322469999364
            ],
            [
              -78.65326456800493,
              -1.6482340199999281
            ],
            [
              -78.65323995900494,
              -1.6482504879999482
            ],
            [
              -78.65320857500491,
              -1.648271249999917
            ],
            [
              -78.65319502200497,
              -1.6482805579999316
            ],
            [
              -78.65316293200496,
              -1.6482952229999213
            ],
            [
              -78.65315436200493,
              -1.6483095579998799
            ],
            [
              -78.6531361219413,
              -1.6483116084283875
            ]
          ],
          [
            [
              -78.65268022957636,
              -1.6485072055541783
            ],
            [
              -78.65264450300498,
              -1.6485284259999125
            ],
            [
              -78.65259246200495,
              -1.6485387639999503
            ],
            [
              -78.6525818980049,
              -1.6485404429999244
            ],
            [
              -78.65256109600493,
              -1.6485437479999365
            ],
            [
              -78.65253115500497,
              -1.6485487329999036
            ],
            [
              -78.65249052900496,
              -1.6485490429999343
            ],
            [
              -78.65245381700498,
              -1.6485543789999173
            ],
            [
              -78.65241674300495,
              -1.6485643759999447
            ],
            [
              -78.652370756005,
              -1.6485783079999443
            ],
            [
              -78.65234687800495,
              -1.648579713999926
            ],
            [
              -78.65230803100495,
              -1.6485821779999588
            ],
            [
              -78.65228451900497,
              -1.6485753359999447
            ],
            [
              -78.65225532300498,
              -1.6485530679999132
            ],
            [
              -78.65224321900496,
              -1.648542294999944
            ],
            [
              -78.65221191835968,
              -1.6485381925523908
            ]
          ],
          [
            [
              -78.65220796293112,
              -1.6485379666807238
            ],
            [
              -78.65216589300493,
              -1.6485382579999515
            ],
            [
              -78.65215249379234,
              -1.6485339466749698
            ]
          ],
          [
            [
              -78.65208791712435,
              -1.6485152000748156
            ],
            [
              -78.65207184300499,
              -1.648512325999924
            ],
            [
              -78.65204512100495,
              -1.6485079909999631
            ],
            [
              -78.65201304400495,
              -1.648511179999946
            ],
            [
              -78.65199699400496,
              -1.648522277999962
            ],
            [
              -78.65194177800497,
              -1.648505357999948
            ],
            [
              -78.65193480200499,
              -1.6484986869999472
            ],
            [
              -78.65191436800492,
              -1.6484791459998949
            ],
            [
              -78.651866994005,
              -1.6484600839999417
            ],
            [
              -78.65182638700496,
              -1.6484438979998917
            ],
            [
              -78.651809642005,
              -1.6484402919999448
            ],
            [
              -78.65164538200497,
              -1.6484198939999444
            ],
            [
              -78.65156581600493,
              -1.6484012719999197
            ],
            [
              -78.65150406000501,
              -1.6483892439998882
            ],
            [
              -78.65149295690298,
              -1.648387356268862
            ]
          ],
          [
            [
              -78.65121568864812,
              -1.648314874622193
            ],
            [
              -78.65117572800496,
              -1.6482890399999375
            ],
            [
              -78.65112233100497,
              -1.6482393679999339
            ],
            [
              -78.65109029900498,
              -1.6482046629999276
            ],
            [
              -78.65105450200497,
              -1.6481644259999197
            ],
            [
              -78.65102637700492,
              -1.6481403649999449
            ],
            [
              -78.65100484602472,
              -1.6481227178172813
            ]
          ],
          [
            [
              -78.65100156785569,
              -1.648121192779226
            ],
            [
              -78.65095371500499,
              -1.6481094379999361
            ],
            [
              -78.65089884800494,
              -1.6480982559999298
            ],
            [
              -78.65088103300499,
              -1.6480950069999263
            ],
            [
              -78.65085894255563,
              -1.6480830027039832
            ]
          ],
          [
            [
              -78.65029616169653,
              -1.6478542646201597
            ],
            [
              -78.65028939700498,
              -1.6478511629998975
            ],
            [
              -78.650283834254,
              -1.6478457969570859
            ]
          ],
          [
            [
              -78.65011881527592,
              -1.6476849298236418
            ],
            [
              -78.65008970100499,
              -1.6476597829998856
            ],
            [
              -78.650071907005,
              -1.647638961999942
            ],
            [
              -78.65005768000499,
              -1.6476159939999582
            ],
            [
              -78.65003276700502,
              -1.6475879929999042
            ],
            [
              -78.649991847005,
              -1.6475352269998897
            ],
            [
              -78.64995873800498,
              -1.6475072159999218
            ],
            [
              -78.649930965005,
              -1.6474834919999055
            ],
            [
              -78.649901090005,
              -1.6474465289999634
            ],
            [
              -78.64987757900496,
              -1.6473797069999307
            ],
            [
              -78.64981873600499,
              -1.6473382449999112
            ],
            [
              -78.64980760900495,
              -1.6473134549999393
            ],
            [
              -78.64976144200499,
              -1.647301286999929
            ],
            [
              -78.64975439000497,
              -1.647292900999933
            ],
            [
              -78.64969594100498,
              -1.647223395999935
            ],
            [
              -78.64964451863867,
              -1.647142589194993
            ]
          ],
          [
            [
              -78.6495869844657,
              -1.6470670869232578
            ],
            [
              -78.64932724800501,
              -1.6469712779999486
            ],
            [
              -78.64930773800499,
              -1.646950723999936
            ],
            [
              -78.64930582400501,
              -1.6469487079999399
            ],
            [
              -78.649259733005,
              -1.6469256289999326
            ],
            [
              -78.64917505800501,
              -1.646899782999952
            ],
            [
              -78.64917325000502,
              -1.646899230999953
            ],
            [
              -78.649074164005,
              -1.6468966089999333
            ],
            [
              -78.64896827400503,
              -1.6468812419999326
            ],
            [
              -78.64894133300503,
              -1.6468734419999362
            ],
            [
              -78.64891632600501,
              -1.6468662019999303
            ],
            [
              -78.64883015100503,
              -1.6468070439999216
            ],
            [
              -78.64880840400504,
              -1.6467919769999375
            ],
            [
              -78.64878052800502,
              -1.646755640999953
            ],
            [
              -78.64875957084178,
              -1.6467314251015064
            ]
          ],
          [
            [
              -78.64852864843888,
              -1.6464691658071227
            ],
            [
              -78.64845153300502,
              -1.6464177929999435
            ],
            [
              -78.64836488600501,
              -1.64638598899991
            ],
            [
              -78.64832983000503,
              -1.646351822999932
            ],
            [
              -78.648284439005,
              -1.6463447539999034
            ],
            [
              -78.64824701500504,
              -1.6463923029999592
            ],
            [
              -78.64820468500501,
              -1.646355681999953
            ],
            [
              -78.64818530200499,
              -1.6463389139999416
            ],
            [
              -78.64805325800498,
              -1.646335945999953
            ],
            [
              -78.64802417900502,
              -1.646291562999951
            ],
            [
              -78.64798581900504,
              -1.64623314899991
            ],
            [
              -78.647890770005,
              -1.6461961189999512
            ],
            [
              -78.64785480688994,
              -1.6461705202805466
            ],
            [
              -78.64782128634316,
              -1.6461466601927754
            ]
          ],
          [
            [
              -78.64770454021158,
              -1.6461088319428647
            ],
            [
              -78.64767141400502,
              -1.6461005539999114
            ],
            [
              -78.64765769300506,
              -1.646089337999943
            ],
            [
              -78.64761045400505,
              -1.6460725309999231
            ],
            [
              -78.6475931147348,
              -1.6460599008300683
            ]
          ],
          [
            [
              -78.64758018107136,
              -1.6460546768785558
            ],
            [
              -78.64756730300503,
              -1.646062653999917
            ],
            [
              -78.64749712400504,
              -1.6460363919999075
            ],
            [
              -78.64740805800503,
              -1.6460143379999066
            ],
            [
              -78.64738532600501,
              -1.6460041049999343
            ],
            [
              -78.647347519005,
              -1.6460177099999453
            ],
            [
              -78.64733207400505,
              -1.6460288109999373
            ],
            [
              -78.64732261600503,
              -1.6460504039999149
            ],
            [
              -78.64726736000503,
              -1.6461154729998917
            ],
            [
              -78.6472394442924,
              -1.6461181578183908
            ]
          ],
          [
            [
              -78.64688709111412,
              -1.645973693201986
            ],
            [
              -78.64681503600504,
              -1.6459512879998914
            ],
            [
              -78.64681095400505,
              -1.645950018999909
            ],
            [
              -78.64679536500503,
              -1.6459427129999415
            ],
            [
              -78.64675958600505,
              -1.6459259449998969
            ],
            [
              -78.64674682300503,
              -1.6459199629998775
            ],
            [
              -78.64667793000504,
              -1.6458876759999275
            ],
            [
              -78.64667429100501,
              -1.6458835809999102
            ],
            [
              -78.64655450400502,
              -1.6457488109999558
            ],
            [
              -78.64650703200506,
              -1.6456961359999316
            ],
            [
              -78.64647353200505,
              -1.6456623429999429
            ],
            [
              -78.64645480800507,
              -1.6456434559999429
            ],
            [
              -78.64641875800507,
              -1.6456030529999013
            ],
            [
              -78.64641208300507,
              -1.6455955719999116
            ],
            [
              -78.64640598300502,
              -1.6455817159999053
            ],
            [
              -78.64639312000507,
              -1.6455524969998911
            ],
            [
              -78.64638926600502,
              -1.6455501039998826
            ],
            [
              -78.64633137100506,
              -1.645514154999896
            ],
            [
              -78.64628862900506,
              -1.6454806209998944
            ],
            [
              -78.64624113900507,
              -1.645442297999958
            ],
            [
              -78.64623809282011,
              -1.645434093551184
            ]
          ],
          [
            [
              -78.64505671365485,
              -1.6426738834187735
            ],
            [
              -78.64494627700506,
              -1.6425495719999383
            ],
            [
              -78.64496652000508,
              -1.6423047819999164
            ],
            [
              -78.64496944600506,
              -1.6422409519999313
            ],
            [
              -78.64494099900509,
              -1.642187842999896
            ],
            [
              -78.64490827300506,
              -1.6421375979999608
            ],
            [
              -78.64486699200505,
              -1.6420887779999467
            ],
            [
              -78.64481429100509,
              -1.6420542879999165
            ],
            [
              -78.64478657100506,
              -1.641988987999962
            ],
            [
              -78.6447751720051,
              -1.6419322899999296
            ],
            [
              -78.64477027300505,
              -1.641907920999887
            ],
            [
              -78.64475037200508,
              -1.6418605609999102
            ],
            [
              -78.64468769800509,
              -1.641821755999924
            ],
            [
              -78.64462929800509,
              -1.6417851079999264
            ],
            [
              -78.64455021100508,
              -1.6417634969999166
            ],
            [
              -78.64447682000508,
              -1.6417461969999574
            ],
            [
              -78.64442339000512,
              -1.641725333999913
            ],
            [
              -78.6443614050051,
              -1.6417066119999355
            ],
            [
              -78.64432833500506,
              -1.6416944659998998
            ],
            [
              -78.6443222220051,
              -1.6416922209999323
            ],
            [
              -78.64428447800509,
              -1.641666355999922
            ],
            [
              -78.64425385000507,
              -1.6416498239999433
            ],
            [
              -78.64423960800508,
              -1.6416397659999553
            ],
            [
              -78.6441875860051,
              -1.6416332489999026
            ],
            [
              -78.6441277240051,
              -1.6416274399999462
            ],
            [
              -78.64408924200508,
              -1.6416238079999046
            ],
            [
              -78.64402938000508,
              -1.6416179989999335
            ],
            [
              -78.64399875400505,
              -1.6415993149999297
            ],
            [
              -78.64392397800509,
              -1.641548302999958
            ],
            [
              -78.64387197500511,
              -1.6415260069999045
            ],
            [
              -78.64380145400509,
              -1.6414936479999045
            ],
            [
              -78.64377581500509,
              -1.6414771219999487
            ],
            [
              -78.64374731900506,
              -1.641465611999907
            ],
            [
              -78.6436953110051,
              -1.6414483369999138
            ],
            [
              -78.64366239600507,
              -1.6414367499999474
            ],
            [
              -78.64364829000512,
              -1.641431784999934
            ],
            [
              -78.64361268900507,
              -1.6414023359999153
            ],
            [
              -78.64358633800512,
              -1.641385091999931
            ],
            [
              -78.64352722300508,
              -1.641349876999884
            ],
            [
              -78.64349444800509,
              -1.6413412319999106
            ],
            [
              -78.64344599700507,
              -1.6413296989999013
            ],
            [
              -78.64339612000511,
              -1.6413174469999272
            ],
            [
              -78.64332630800511,
              -1.6412879569999599
            ],
            [
              -78.64328997800513,
              -1.641271417999933
            ],
            [
              -78.64327004600509,
              -1.6412513119999388
            ],
            [
              -78.6432124180051,
              -1.641163741999927
            ],
            [
              -78.64314765600508,
              -1.641081183999951
            ],
            [
              -78.64311503000512,
              -1.641043209999936
            ],
            [
              -78.64310317900512,
              -1.6410294159999614
            ],
            [
              -78.6430736340051,
              -1.6409950279999492
            ],
            [
              -78.64299959200513,
              -1.6409260869999354
            ],
            [
              -78.64291700800511,
              -1.6408478109999347
            ],
            [
              -78.64286147100506,
              -1.6408004079999368
            ],
            [
              -78.64281233700505,
              -1.6407630539998923
            ],
            [
              -78.6427838650051,
              -1.6407307449999111
            ],
            [
              -78.64274900700511,
              -1.64067547699992
            ],
            [
              -78.64267926500513,
              -1.6405857399999346
            ],
            [
              -78.64264224600511,
              -1.640549117999948
            ],
            [
              -78.64260522400512,
              -1.6405153639999233
            ],
            [
              -78.6425439920051,
              -1.6404622169999052
            ],
            [
              -78.64251052500514,
              -1.6404356399999334
            ],
            [
              -78.6424848770051,
              -1.6404277199999115
            ],
            [
              -78.64248068245111,
              -1.6404302114315943
            ],
            [
              -78.64244992900512,
              -1.6404484779998816
            ],
            [
              -78.64242285300512,
              -1.6404419909998966
            ],
            [
              -78.64237871100511,
              -1.640402490999931
            ],
            [
              -78.64233601400512,
              -1.6403450619999254
            ],
            [
              -78.6423107670051,
              -1.6403089779999063
            ],
            [
              -78.64230186100512,
              -1.6402962499999314
            ],
            [
              -78.64228125100516,
              -1.6402460199999056
            ],
            [
              -78.64227632700508,
              -1.640190069999944
            ],
            [
              -78.64222727300508,
              -1.6400845789999299
            ],
            [
              -78.64219953900515,
              -1.6400314709999058
            ],
            [
              -78.64234700300509,
              -1.639888200999926
            ],
            [
              -78.64232957418567,
              -1.6398502367170458
            ]
          ],
          [
            [
              -78.64210502217574,
              -1.63950418208279
            ],
            [
              -78.64204580200514,
              -1.6394455529999594
            ],
            [
              -78.6420115080051,
              -1.6394143079999162
            ],
            [
              -78.64198367096931,
              -1.639388946643085
            ]
          ],
          [
            [
              -78.64194926178048,
              -1.6393684165237905
            ],
            [
              -78.64187962600509,
              -1.6393377719999331
            ],
            [
              -78.64175850800511,
              -1.6392993759999217
            ],
            [
              -78.64160413900514,
              -1.639253768999908
            ],
            [
              -78.64158345364534,
              -1.6392449973051935
            ]
          ],
          [
            [
              -78.64149089945928,
              -1.6392057493971464
            ],
            [
              -78.64148541100514,
              -1.6392034219999558
            ],
            [
              -78.64148250114775,
              -1.6392008870139065
            ]
          ],
          [
            [
              -78.64140576407723,
              -1.639134035832171
            ],
            [
              -78.6413809850051,
              -1.6391124489999014
            ],
            [
              -78.6413750633013,
              -1.6390928639844218
            ]
          ],
          [
            [
              -78.64112946239638,
              -1.6386036971089446
            ],
            [
              -78.64104451400516,
              -1.638559784999885
            ],
            [
              -78.64098682100513,
              -1.638528158999952
            ],
            [
              -78.64090062200509,
              -1.638493629999958
            ],
            [
              -78.64089481716772,
              -1.638492531572211
            ]
          ],
          [
            [
              -78.6407044778093,
              -1.6385364361418153
            ],
            [
              -78.64069764900512,
              -1.6385414129999147
            ],
            [
              -78.64068063033152,
              -1.638546687657151
            ]
          ],
          [
            [
              -78.64060942665077,
              -1.6385947348306165
            ],
            [
              -78.6405835000051,
              -1.6386381039999205
            ],
            [
              -78.64053503122493,
              -1.6386773443123939
            ]
          ],
          [
            [
              -78.64038511873174,
              -1.6388193593847715
            ],
            [
              -78.64030594600514,
              -1.6388988449999418
            ],
            [
              -78.64022098300512,
              -1.6389805829999546
            ],
            [
              -78.64007809400519,
              -1.639118046999912
            ],
            [
              -78.64006087701367,
              -1.6391367925931775
            ]
          ],
          [
            [
              -78.63991007801974,
              -1.6393575202614408
            ],
            [
              -78.63989530800514,
              -1.6393989829999513
            ],
            [
              -78.6398571730051,
              -1.6395041309999507
            ],
            [
              -78.63980498929814,
              -1.6395580173131141
            ]
          ],
          [
            [
              -78.63976592155636,
              -1.6395927019821328
            ],
            [
              -78.63973350000515,
              -1.639618739999928
            ],
            [
              -78.63969710811108,
              -1.639624973781745
            ]
          ],
          [
            [
              -78.6396432117375,
              -1.6396306645369945
            ],
            [
              -78.63958523900519,
              -1.6396319519999087
            ],
            [
              -78.63954641200516,
              -1.6396307609999543
            ],
            [
              -78.63952689300517,
              -1.6396301619998883
            ],
            [
              -78.63949554600518,
              -1.639619604999911
            ],
            [
              -78.6394855014106,
              -1.6396033899667364
            ]
          ],
          [
            [
              -78.63870411491801,
              -1.639626502252723
            ],
            [
              -78.63867603900518,
              -1.6396163609999586
            ],
            [
              -78.63847454900517,
              -1.6392347969999543
            ],
            [
              -78.63845208900514,
              -1.6391415309999298
            ],
            [
              -78.63841300500516,
              -1.6390434629999375
            ],
            [
              -78.63835603000516,
              -1.6390063389999052
            ],
            [
              -78.6382491440052,
              -1.6389882819999153
            ],
            [
              -78.63814941200518,
              -1.6389463249999159
            ],
            [
              -78.6380750140052,
              -1.6389197099998978
            ],
            [
              -78.6380371065296,
              -1.638906148566823
            ]
          ],
          [
            [
              -78.6892504800044,
              -1.6190085029999655
            ],
            [
              -78.68923087500443,
              -1.6190132619999267
            ],
            [
              -78.68918989000444,
              -1.6190156059999325
            ],
            [
              -78.68915247800446,
              -1.6190095859999212
            ],
            [
              -78.68914412500446,
              -1.6190424499999285
            ],
            [
              -78.68914466400443,
              -1.6190908649999372
            ],
            [
              -78.68914481500444,
              -1.6190913289999391
            ],
            [
              -78.68915768600446,
              -1.6191309269999306
            ],
            [
              -78.68915229300438,
              -1.619172162999956
            ],
            [
              -78.68915246566267,
              -1.619179632104257
            ]
          ],
          [
            [
              -78.68919990451383,
              -1.6194883925170367
            ],
            [
              -78.68920004400444,
              -1.6194890039999055
            ],
            [
              -78.68920325700442,
              -1.6195117619999135
            ],
            [
              -78.68920415100445,
              -1.6195338369999401
            ],
            [
              -78.68920235400442,
              -1.6195469849999244
            ],
            [
              -78.68919429000447,
              -1.6195609619999456
            ],
            [
              -78.68918145100444,
              -1.619569912999942
            ],
            [
              -78.6891707560044,
              -1.6195734869999372
            ],
            [
              -78.68915222300444,
              -1.6195752579999265
            ],
            [
              -78.68914081800442,
              -1.6195763209999432
            ],
            [
              -78.68912476700444,
              -1.6195884959999391
            ],
            [
              -78.68909944700445,
              -1.6196042469999163
            ],
            [
              -78.68907413100445,
              -1.6196167689999144
            ],
            [
              -78.68904525300442,
              -1.6196267779998927
            ],
            [
              -78.6890231420044,
              -1.6196414559999424
            ],
            [
              -78.68900316600441,
              -1.6196582889999498
            ],
            [
              -78.68898996200441,
              -1.6196744119999216
            ],
            [
              -78.68897141800441,
              -1.6196862249999295
            ],
            [
              -78.68895749800446,
              -1.6197048579999642
            ],
            [
              -78.68893716700444,
              -1.6197209719999048
            ],
            [
              -78.68892645200445,
              -1.619741401999923
            ],
            [
              -78.68891467200442,
              -1.6197589609999148
            ],
            [
              -78.68889004200443,
              -1.619795153999956
            ],
            [
              -78.68888538400445,
              -1.619817024999948
            ],
            [
              -78.68886896300441,
              -1.619841750999936
            ],
            [
              -78.68885468400443,
              -1.6198636109999534
            ],
            [
              -78.68885221500442,
              -1.6198659359998937
            ],
            [
              -78.68881437100445,
              -1.619901578999911
            ],
            [
              -78.68878262300441,
              -1.6199291569999084
            ],
            [
              -78.68876479300442,
              -1.6199391779999066
            ],
            [
              -78.68874659200443,
              -1.6199617499999421
            ],
            [
              -78.68869770600446,
              -1.620017639999934
            ],
            [
              -78.68867379700445,
              -1.6200459439999466
            ],
            [
              -78.68864489600445,
              -1.6200771109999177
            ],
            [
              -78.68861991900445,
              -1.6201046969998951
            ],
            [
              -78.68860208400446,
              -1.6201193799999374
            ],
            [
              -78.68858780900445,
              -1.6201372949999298
            ],
            [
              -78.68857247700446,
              -1.620144449999914
            ],
            [
              -78.68854751800444,
              -1.620155896999951
            ],
            [
              -78.68852541200448,
              -1.620165912999901
            ],
            [
              -78.68850472700444,
              -1.6201791579998983
            ],
            [
              -78.68848796800441,
              -1.6201875549999218
            ],
            [
              -78.68846445100445,
              -1.620184849999912
            ],
            [
              -78.68844165200441,
              -1.620176933999952
            ],
            [
              -78.68843571400447,
              -1.6201716209999233
            ],
            [
              -78.68842172000443,
              -1.6201553939999105
            ],
            [
              -78.68840931400445,
              -1.620147282999908
            ],
            [
              -78.68839500900444,
              -1.6201406599999302
            ],
            [
              -78.68838361300449,
              -1.6201338329999426
            ],
            [
              -78.68837298600441,
              -1.6201318909999516
            ],
            [
              -78.68835605200444,
              -1.6201352349999407
            ],
            [
              -78.68833941000445,
              -1.6201452579999656
            ],
            [
              -78.68832513700444,
              -1.6201619769999227
            ],
            [
              -78.68828949600443,
              -1.6201652839999132
            ],
            [
              -78.68825717500448,
              -1.6201738529998884
            ],
            [
              -78.68823151300445,
              -1.6201766929999293
            ],
            [
              -78.68819728700448,
              -1.6201895639998798
            ],
            [
              -78.68816164000445,
              -1.6201990869999325
            ],
            [
              -78.68811983500441,
              -1.6201904319999019
            ],
            [
              -78.68809036500443,
              -1.6201999609999358
            ],
            [
              -78.68804619100446,
              -1.6201860429998998
            ],
            [
              -78.68800345000444,
              -1.6201649549999106
            ],
            [
              -78.68797780000442,
              -1.620157752999902
            ],
            [
              -78.68794550000443,
              -1.6201481519998988
            ],
            [
              -78.68790037200444,
              -1.6201371029999063
            ],
            [
              -78.68786617100442,
              -1.6201284559999591
            ],
            [
              -78.68780820200445,
              -1.620127433999871
            ],
            [
              -78.68777826300447,
              -1.6201317029999163
            ],
            [
              -78.68774926300445,
              -1.6201450579998993
            ],
            [
              -78.68773166500442,
              -1.620159860999915
            ],
            [
              -78.68772309400447,
              -1.6201761089999234
            ],
            [
              -78.6877216470045,
              -1.6201952339999257
            ],
            [
              -78.68772304900442,
              -1.6202153189999313
            ],
            [
              -78.6877158850045,
              -1.6202478259999569
            ],
            [
              -78.68771299900448,
              -1.6202789029999027
            ],
            [
              -78.6877106000044,
              -1.6202994619999236
            ],
            [
              -78.68770820000447,
              -1.6203204979999333
            ],
            [
              -78.68770246900449,
              -1.6203458349999447
            ],
            [
              -78.68768960000445,
              -1.620380725999925
            ],
            [
              -78.68767865400446,
              -1.620396014999892
            ],
            [
              -78.68767483000444,
              -1.6204160939999348
            ],
            [
              -78.68767580504112,
              -1.6204241702348068
            ]
          ],
          [
            [
              -78.6877260143554,
              -1.6206058757232986
            ],
            [
              -78.68772928800442,
              -1.6206213379999534
            ],
            [
              -78.68772748500447,
              -1.6206399249999426
            ],
            [
              -78.68772211500448,
              -1.6206617349999037
            ],
            [
              -78.68771645500449,
              -1.6206769699999528
            ],
            [
              -78.68770900000447,
              -1.6207041569999598
            ],
            [
              -78.68770532200442,
              -1.620714708999941
            ],
            [
              -78.68769679000444,
              -1.6207340289999208
            ],
            [
              -78.68768459700449,
              -1.6207492559999443
            ],
            [
              -78.68768161400449,
              -1.620760907999925
            ],
            [
              -78.68768011400446,
              -1.620774653999915
            ],
            [
              -78.68766999000447,
              -1.6207979529999308
            ],
            [
              -78.68765750800446,
              -1.6208063059999331
            ],
            [
              -78.68764087400444,
              -1.6208089769999467
            ],
            [
              -78.68762484100444,
              -1.6208059699999027
            ],
            [
              -78.68761238175806,
              -1.6207989177049218
            ]
          ],
          [
            [
              -78.68744387181079,
              -1.6208685870593278
            ],
            [
              -78.68744084600446,
              -1.6208698009999352
            ],
            [
              -78.68741042400445,
              -1.620880285999888
            ],
            [
              -78.68738712300441,
              -1.6208962769998907
            ],
            [
              -78.68736952100443,
              -1.6209149059999242
            ],
            [
              -78.68736333000447,
              -1.6209268529999026
            ],
            [
              -78.68734692300445,
              -1.6209392659999018
            ],
            [
              -78.6873221940045,
              -1.6209581259999373
            ],
            [
              -78.68729271600446,
              -1.620973631999949
            ],
            [
              -78.68727227500445,
              -1.6209822159999208
            ],
            [
              -78.68724162200446,
              -1.6209864839999402
            ],
            [
              -78.68721359800448,
              -1.6209776059999201
            ],
            [
              -78.68717062500447,
              -1.6209517349999167
            ],
            [
              -78.68713808900448,
              -1.6209411779999388
            ],
            [
              -78.68711647700447,
              -1.6209344589999328
            ],
            [
              -78.68707994900446,
              -1.6209339389999269
            ],
            [
              -78.68706450100446,
              -1.6209390009999292
            ],
            [
              -78.68703865400445,
              -1.6209482359999285
            ],
            [
              -78.68701636200447,
              -1.620964945999943
            ],
            [
              -78.68700000800446,
              -1.6209828589999642
            ],
            [
              -78.68698157600446,
              -1.6210001709999013
            ],
            [
              -78.68697264400448,
              -1.6210201839999534
            ],
            [
              -78.6869692960859,
              -1.6210277853197665
            ]
          ],
          [
            [
              -78.68707110570472,
              -1.6214351806689828
            ],
            [
              -78.68707076400443,
              -1.6214386939999352
            ],
            [
              -78.68707729100448,
              -1.6214446779998888
            ],
            [
              -78.68707846800447,
              -1.621454242999947
            ],
            [
              -78.68707934400446,
              -1.6214673929999153
            ],
            [
              -78.68708526600444,
              -1.6214826419999055
            ],
            [
              -78.68708256700445,
              -1.6215056509999295
            ],
            [
              -78.68705301700449,
              -1.6215324989999298
            ],
            [
              -78.68702946100447,
              -1.6215636719999396
            ],
            [
              -78.68700984000446,
              -1.6215819389999213
            ],
            [
              -78.68698024400447,
              -1.6215973259999505
            ],
            [
              -78.68694815500449,
              -1.6216116339999571
            ],
            [
              -78.68691533800445,
              -1.6216381349999203
            ],
            [
              -78.68689535700449,
              -1.6216603469998958
            ],
            [
              -78.68688143900445,
              -1.6216768269998902
            ],
            [
              -78.68682796200444,
              -1.6216961319999141
            ],
            [
              -78.68679147900448,
              -1.6217010159999607
            ],
            [
              -78.68676702400444,
              -1.621695343999915
            ],
            [
              -78.68672425100448,
              -1.621702825999874
            ],
            [
              -78.68671747500449,
              -1.6217071219999657
            ],
            [
              -78.68669930100448,
              -1.6217063839999026
            ],
            [
              -78.68669181800446,
              -1.6217056579999072
            ],
            [
              -78.68665866600448,
              -1.6217145849999246
            ],
            [
              -78.68661768100448,
              -1.6217166899999567
            ],
            [
              -78.68659166300444,
              -1.6217188119999135
            ],
            [
              -78.68653786500441,
              -1.6217072979998977
            ],
            [
              -78.68649796400447,
              -1.621696253999952
            ],
            [
              -78.68644952100452,
              -1.6216756369999346
            ],
            [
              -78.6864179160045,
              -1.6216594549999048
            ],
            [
              -78.68640598600447,
              -1.6216429759999589
            ],
            [
              -78.68641582300447,
              -1.6215959299999319
            ],
            [
              -78.68641785173556,
              -1.6215917273954212
            ]
          ],
          [
            [
              -78.68631317148291,
              -1.621543479106657
            ],
            [
              -78.68630774000447,
              -1.6215448389999272
            ],
            [
              -78.6863047410971,
              -1.6215431366720205
            ]
          ],
          [
            [
              -78.68629428456413,
              -1.6215427119370616
            ],
            [
              -78.6862797020045,
              -1.621548153999893
            ],
            [
              -78.68626039400449,
              -1.6215539509999384
            ],
            [
              -78.68622931700449,
              -1.6215638149999145
            ],
            [
              -78.68621089200447,
              -1.6215745529999233
            ],
            [
              -78.68619365900449,
              -1.6215820039999342
            ],
            [
              -78.68617256700446,
              -1.6215879569999598
            ],
            [
              -78.68614969800448,
              -1.6215897239998787
            ],
            [
              -78.68613425800449,
              -1.6215879129999156
            ],
            [
              -78.68612445200446,
              -1.6215932809999318
            ],
            [
              -78.68612028600447,
              -1.62160044899995
            ],
            [
              -78.68611791600446,
              -1.6216022139999042
            ],
            [
              -78.68611107200446,
              -1.6216073119999703
            ],
            [
              -78.68609086700448,
              -1.6216162539998988
            ],
            [
              -78.68608284200445,
              -1.6216225209999195
            ],
            [
              -78.6860523690045,
              -1.6216253549999189
            ],
            [
              -78.6860333090045,
              -1.6216726719999175
            ],
            [
              -78.68601474800444,
              -1.6216989489999163
            ],
            [
              -78.68600568800447,
              -1.6217266729999456
            ],
            [
              -78.68599373600448,
              -1.6217912119999314
            ],
            [
              -78.68598771500447,
              -1.621824406999953
            ],
            [
              -78.68597273700449,
              -1.6218719979999445
            ],
            [
              -78.6859660450045,
              -1.6219073739999168
            ],
            [
              -78.6859617450045,
              -1.6219284089999526
            ],
            [
              -78.6859529630045,
              -1.6219530309999421
            ],
            [
              -78.6859360040045,
              -1.6220005819999126
            ],
            [
              -78.68591814500448,
              -1.6220364239999199
            ],
            [
              -78.68587633000449,
              -1.6220817419999385
            ],
            [
              -78.68584034500446,
              -1.6221345979999091
            ],
            [
              -78.68581489600444,
              -1.6221914329999403
            ],
            [
              -78.6858118040045,
              -1.6222138209999282
            ],
            [
              -78.68580288700447,
              -1.6222206849999243
            ],
            [
              -78.68580376600444,
              -1.6222317429999107
            ],
            [
              -78.6858105890045,
              -1.6222377279999487
            ],
            [
              -78.68581443500447,
              -1.622250582999904
            ],
            [
              -78.68580728600446,
              -1.6222697019998782
            ],
            [
              -78.68580668000449,
              -1.6222807589999364
            ],
            [
              -78.68580486400451,
              -1.6223106419999227
            ],
            [
              -78.6858087060045,
              -1.622327381999964
            ],
            [
              -78.68580661200448,
              -1.6223408279999165
            ],
            [
              -78.6858003610045,
              -1.6223527749999573
            ],
            [
              -78.68579411000447,
              -1.6223656189999165
            ],
            [
              -78.6857967590045,
              -1.6223865419999226
            ],
            [
              -78.6857952600045,
              -1.6223996899999376
            ],
            [
              -78.68578960200446,
              -1.62241313199995
            ],
            [
              -78.68578364500445,
              -1.622428066999907
            ],
            [
              -78.68578422400451,
              -1.6224412179999361
            ],
            [
              -78.68577797300449,
              -1.6224546589999396
            ],
            [
              -78.68576815800449,
              -1.6224674979999194
            ],
            [
              -78.6857657600045,
              -1.622486621999915
            ],
            [
              -78.68576723100446,
              -1.6224994749998904
            ],
            [
              -78.68576068800449,
              -1.6225072369999418
            ],
            [
              -78.68574520600447,
              -1.6225418869999366
            ],
            [
              -78.68573627500449,
              -1.6225613019999432
            ],
            [
              -78.68573304700452,
              -1.6225680009998964
            ],
            [
              -78.68570812200447,
              -1.6226133299999639
            ],
            [
              -78.68570520400449,
              -1.6226201219999152
            ],
            [
              -78.68569918900447,
              -1.6226341199999075
            ],
            [
              -78.68568597400446,
              -1.6226599259998957
            ],
            [
              -78.68568132700443,
              -1.6226724719999503
            ],
            [
              -78.68567999800447,
              -1.622676527999931
            ],
            [
              -78.68567310200447,
              -1.6226975669998958
            ],
            [
              -78.68566523900446,
              -1.6227179989999656
            ],
            [
              -78.68564454600445,
              -1.6227380579998705
            ],
            [
              -78.6856235030045,
              -1.6227538139999453
            ],
            [
              -78.68561601400445,
              -1.6227611679999412
            ],
            [
              -78.68561554200446,
              -1.6227616309999182
            ],
            [
              -78.6856142690045,
              -1.6227620569999224
            ],
            [
              -78.68553246700448,
              -1.6227888749999495
            ],
            [
              -78.68548681900445,
              -1.6227858839999225
            ],
            [
              -78.68547982900446,
              -1.6227942649998868
            ],
            [
              -78.68548045300449,
              -1.6228223349999455
            ],
            [
              -78.6854663650045,
              -1.6228350419999422
            ],
            [
              -78.68544808100447,
              -1.622851531999943
            ],
            [
              -78.6854253430045,
              -1.6228613769999203
            ],
            [
              -78.68538401900447,
              -1.6228635079999236
            ],
            [
              -78.68530594400447,
              -1.6229064119999224
            ],
            [
              -78.68527190600447,
              -1.6229553769999019
            ],
            [
              -78.68524958300449,
              -1.6230033349999549
            ],
            [
              -78.68521280624566,
              -1.6230525782508631
            ]
          ],
          [
            [
              -78.68522184235685,
              -1.6232348906892793
            ],
            [
              -78.68522223700447,
              -1.62325553099991
            ],
            [
              -78.6852214930045,
              -1.6232835029999062
            ],
            [
              -78.6852143330045,
              -1.6233121849999468
            ],
            [
              -78.68520360100449,
              -1.6233480349999143
            ],
            [
              -78.68518789100446,
              -1.6233738379999525
            ],
            [
              -78.68516148300448,
              -1.6234068009999216
            ],
            [
              -78.68514149200446,
              -1.6234361849999042
            ],
            [
              -78.68512224000443,
              -1.6234440519999167
            ],
            [
              -78.6850951530045,
              -1.623446172999912
            ],
            [
              -78.68506520800452,
              -1.6234547449999235
            ],
            [
              -78.6850388280045,
              -1.6234626049999208
            ],
            [
              -78.68498963500451,
              -1.6234748489999107
            ],
            [
              -78.6849493700045,
              -1.6234704989999393
            ],
            [
              -78.68491161300447,
              -1.6234550349999022
            ],
            [
              -78.68490308158276,
              -1.6234487236220736
            ]
          ],
          [
            [
              -78.68454366889051,
              -1.6234554878563014
            ],
            [
              -78.6845434120045,
              -1.6234556139999285
            ],
            [
              -78.68452523400451,
              -1.623457744999902
            ],
            [
              -78.68449778300452,
              -1.623467754999937
            ],
            [
              -78.68447959600451,
              -1.623477775999938
            ],
            [
              -78.68445535700445,
              -1.6234827679999597
            ],
            [
              -78.6844289940045,
              -1.6234759239999104
            ],
            [
              -78.68440867400449,
              -1.6234823559999247
            ],
            [
              -78.68437768400447,
              -1.6234697679999321
            ],
            [
              -78.68435881000447,
              -1.623457552999966
            ],
            [
              -78.68435692748217,
              -1.6234562185881407
            ]
          ],
          [
            [
              -78.68407144267707,
              -1.6235102038721954
            ],
            [
              -78.68407056300451,
              -1.623513524999919
            ],
            [
              -78.68405768505653,
              -1.6235264538489076
            ]
          ],
          [
            [
              -78.68368612881703,
              -1.6237939971630704
            ],
            [
              -78.6836891620045,
              -1.6237980129999259
            ],
            [
              -78.68367274500453,
              -1.6238187939998916
            ],
            [
              -78.68364280400455,
              -1.6238237799999276
            ],
            [
              -78.68362465813549,
              -1.6238205362423659
            ]
          ],
          [
            [
              -78.68326513417888,
              -1.6240627792000977
            ],
            [
              -78.68327556800452,
              -1.6240828809999068
            ],
            [
              -78.68327196900454,
              -1.6241139579999353
            ],
            [
              -78.68323869300451,
              -1.6241264709999348
            ],
            [
              -78.68320601100451,
              -1.6241401809999627
            ],
            [
              -78.68315966700453,
              -1.6241538749999127
            ],
            [
              -78.68311687500449,
              -1.6241783309999018
            ],
            [
              -78.68309073600449,
              -1.6241824849999398
            ],
            [
              -78.68306874500453,
              -1.6241962069999354
            ],
            [
              -78.68304615600452,
              -1.6242123189999549
            ],
            [
              -78.6830254830045,
              -1.624215761999935
            ],
            [
              -78.6830046910045,
              -1.624218725999904
            ],
            [
              -78.68297914400452,
              -1.624225868999913
            ],
            [
              -78.6829375520045,
              -1.624238970999943
            ],
            [
              -78.68291455653082,
              -1.6242472059815194
            ]
          ],
          [
            [
              -78.6825415333028,
              -1.6253884655958681
            ],
            [
              -78.68254285200456,
              -1.6254212189999404
            ],
            [
              -78.68248462400456,
              -1.625440277999902
            ],
            [
              -78.6824572980045,
              -1.6254438329999539
            ],
            [
              -78.68244775100455,
              -1.625482074999957
            ],
            [
              -78.6824060930045,
              -1.6255537519999543
            ],
            [
              -78.68234834900451,
              -1.625564562999914
            ],
            [
              -78.68230270300451,
              -1.6255910489999452
            ],
            [
              -78.68226063100452,
              -1.6256089309999135
            ],
            [
              -78.68225881883592,
              -1.6256119324161529
            ]
          ],
          [
            [
              -78.68230923026604,
              -1.6257583587425661
            ],
            [
              -78.68233027900452,
              -1.6257847379998955
            ],
            [
              -78.68237227700453,
              -1.6258321249998977
            ],
            [
              -78.68237865900453,
              -1.6258608219998854
            ],
            [
              -78.68236008200454,
              -1.6259002489998915
            ],
            [
              -78.68234627500455,
              -1.6259257459999108
            ],
            [
              -78.68234222600454,
              -1.6259332219999467
            ],
            [
              -78.68231082800455,
              -1.6259515329999326
            ],
            [
              -78.68227307900455,
              -1.6259439009999541
            ],
            [
              -78.68223957900452,
              -1.6259445789999227
            ],
            [
              -78.68217752200454,
              -1.6259875429999298
            ],
            [
              -78.68212330100457,
              -1.6260333839998915
            ],
            [
              -78.68207837200455,
              -1.626057000999907
            ],
            [
              -78.68204485600454,
              -1.6260720249999037
            ],
            [
              -78.68198996900455,
              -1.6260776989999206
            ],
            [
              -78.68192084300453,
              -1.6260690119999353
            ],
            [
              -78.68188973000454,
              -1.6260606079999065
            ],
            [
              -78.68186702400456,
              -1.6260605819999652
            ],
            [
              -78.68184981700452,
              -1.6260605619999535
            ],
            [
              -78.68178518800453,
              -1.6260671819998969
            ],
            [
              -78.68172055000453,
              -1.6260814519999032
            ],
            [
              -78.68165590400453,
              -1.6261028949999519
            ],
            [
              -78.68159838600455,
              -1.6261238679999594
            ],
            [
              -78.68156225400453,
              -1.6261405619999172
            ],
            [
              -78.68148525300452,
              -1.6261629459999312
            ],
            [
              -78.68144438900455,
              -1.626163854999917
            ],
            [
              -78.68139590400452,
              -1.6261800569999065
            ],
            [
              -78.68135738700451,
              -1.6262053549999416
            ],
            [
              -78.68124865900454,
              -1.626340310999946
            ],
            [
              -78.68117659800454,
              -1.6264054969999209
            ],
            [
              -78.68114094900453,
              -1.6264169319999127
            ],
            [
              -78.68107390700456,
              -1.6264555859999172
            ],
            [
              -78.68103895800458,
              -1.6264770629999017
            ],
            [
              -78.68101069900453,
              -1.6265066019999397
            ],
            [
              -78.68098686600455,
              -1.6265315139999557
            ],
            [
              -78.68093549000456,
              -1.6265838129999581
            ],
            [
              -78.68085983800451,
              -1.6266726649999328
            ],
            [
              -78.68081773100451,
              -1.6267213889999157
            ],
            [
              -78.68079131300459,
              -1.6267622409999154
            ],
            [
              -78.68067779700458,
              -1.626928510999946
            ],
            [
              -78.68067073200456,
              -1.6269373779999543
            ],
            [
              -78.68063497200454,
              -1.6269822549999209
            ],
            [
              -78.68042930700453,
              -1.6273291649999164
            ],
            [
              -78.68034870600452,
              -1.6273828659999339
            ],
            [
              -78.68031302700456,
              -1.6274201209999215
            ],
            [
              -78.68028877200459,
              -1.6274394589999464
            ],
            [
              -78.68026595300455,
              -1.6274489959999199
            ],
            [
              -78.68026093109344,
              -1.6274532171457627
            ]
          ],
          [
            [
              -78.68024115924133,
              -1.6274767212655608
            ],
            [
              -78.68022501300457,
              -1.6275158909999388
            ],
            [
              -78.68020312300456,
              -1.6275440779999402
            ],
            [
              -78.68017991800454,
              -1.6275675919998929
            ],
            [
              -78.68015174700457,
              -1.6275961379999169
            ],
            [
              -78.68013224000455,
              -1.6276185889999266
            ],
            [
              -78.68010512800458,
              -1.6276424659999016
            ],
            [
              -78.68008562000453,
              -1.6276663519999255
            ],
            [
              -78.68007402273201,
              -1.6276754075244004
            ]
          ],
          [
            [
              -78.68001405069558,
              -1.627746700236746
            ],
            [
              -78.67998997400458,
              -1.6277876949999273
            ],
            [
              -78.67997188200457,
              -1.627818754999954
            ],
            [
              -78.67995856300455,
              -1.627831649999946
            ],
            [
              -78.67993684619022,
              -1.627838478299778
            ]
          ],
          [
            [
              -78.67993554408906,
              -1.6278400261926997
            ],
            [
              -78.67989624300458,
              -1.6278970859999207
            ],
            [
              -78.67986909832666,
              -1.6279196398701616
            ],
            [
              -78.67985486500457,
              -1.6279314659999327
            ],
            [
              -78.67982202700452,
              -1.6279518259999297
            ],
            [
              -78.67975628300456,
              -1.6279917419999337
            ],
            [
              -78.67974528600455,
              -1.6279984189999068
            ],
            [
              -78.67964269800456,
              -1.628048190999925
            ],
            [
              -78.67964055194851,
              -1.6280485318331983
            ]
          ],
          [
            [
              -78.6793057354976,
              -1.6282622345864504
            ],
            [
              -78.67930511200456,
              -1.62828052499997
            ],
            [
              -78.6793035240046,
              -1.6283270909999201
            ],
            [
              -78.67925126300456,
              -1.6284783849999107
            ],
            [
              -78.67923279300457,
              -1.6285285709999293
            ],
            [
              -78.67921256800457,
              -1.6285560419999348
            ],
            [
              -78.67919236100451,
              -1.6285667769999108
            ],
            [
              -78.67913713200453,
              -1.628559540999934
            ],
            [
              -78.6791139720046,
              -1.6285559279999475
            ],
            [
              -78.67905692400454,
              -1.62858156299992
            ],
            [
              -78.67901887900456,
              -1.6286102089998915
            ],
            [
              -78.67895409900459,
              -1.6286234889999194
            ],
            [
              -78.67891164500458,
              -1.628670726999909
            ],
            [
              -78.67889545800456,
              -1.628717388999963
            ],
            [
              -78.6788712400046,
              -1.6287331899999071
            ],
            [
              -78.67885567000458,
              -1.628806465999943
            ],
            [
              -78.67883509900459,
              -1.6288284569999008
            ],
            [
              -78.67882200600457,
              -1.6288508559999
            ],
            [
              -78.67881588400455,
              -1.6288776079999003
            ],
            [
              -78.67880621900458,
              -1.6288926769999388
            ],
            [
              -78.67879522300457,
              -1.6288992389999501
            ],
            [
              -78.67878034600454,
              -1.6289246239999549
            ],
            [
              -78.6787651630046,
              -1.6289565839999463
            ],
            [
              -78.67875889400456,
              -1.6289852669999374
            ],
            [
              -78.67874817200459,
              -1.629012748999956
            ],
            [
              -78.67874146488863,
              -1.6290366097844158
            ]
          ],
          [
            [
              -78.67871891175177,
              -1.6293067634843958
            ],
            [
              -78.67871891200457,
              -1.629309895999914
            ],
            [
              -78.6787206700046,
              -1.62933605899993
            ],
            [
              -78.67872969000457,
              -1.6293538429999168
            ],
            [
              -78.67872134500462,
              -1.6293804309999496
            ],
            [
              -78.67869963900455,
              -1.6294031189999232
            ],
            [
              -78.67869457300459,
              -1.6294186529999177
            ],
            [
              -78.67865533700459,
              -1.6294499869998924
            ],
            [
              -78.67864076900459,
              -1.6294643149999277
            ],
            [
              -78.6786294690046,
              -1.6294765549998989
            ],
            [
              -78.67861401400457,
              -1.6294881919999136
            ],
            [
              -78.67858933600456,
              -1.6295129689999466
            ],
            [
              -78.67857094200457,
              -1.6295320849998784
            ],
            [
              -78.67854740200457,
              -1.6295658169999185
            ],
            [
              -78.67853037400455,
              -1.6295953699999075
            ],
            [
              -78.67851050900458,
              -1.6296258429999058
            ],
            [
              -78.6784918470046,
              -1.6296577359999473
            ],
            [
              -78.6784724280046,
              -1.629685569999913
            ],
            [
              -78.67845280700462,
              -1.6297034779999116
            ],
            [
              -78.67844030700456,
              -1.6297273719999172
            ],
            [
              -78.67842305200459,
              -1.629753650999907
            ],
            [
              -78.6784123390046,
              -1.6297727649999054
            ],
            [
              -78.67839803800457,
              -1.6298133919999436
            ],
            [
              -78.67837992700457,
              -1.6298611879999372
            ],
            [
              -78.67837704100461,
              -1.629891786999945
            ],
            [
              -78.67837643900461,
              -1.6298938989999434
            ],
            [
              -78.6783694080046,
              -1.6299185549999071
            ],
            [
              -78.6783589120046,
              -1.6299558399999663
            ],
            [
              -78.67835887100456,
              -1.6299912239999617
            ],
            [
              -78.67835313200462,
              -1.6300237329999572
            ],
            [
              -78.67835760800456,
              -1.630057089999946
            ],
            [
              -78.67835758200461,
              -1.6300796829999478
            ],
            [
              -78.6783575560046,
              -1.6301022759999273
            ],
            [
              -78.67835860600456,
              -1.6301191329999105
            ],
            [
              -78.67835787100456,
              -1.6301381389999294
            ],
            [
              -78.67835465100458,
              -1.6301496109999487
            ],
            [
              -78.6783503550046,
              -1.6301661029999164
            ],
            [
              -78.67835354000462,
              -1.6301858309999402
            ],
            [
              -78.67835742900455,
              -1.6302127319999518
            ],
            [
              -78.67834385300456,
              -1.6302428409998941
            ],
            [
              -78.67833955700458,
              -1.6302600499999162
            ],
            [
              -78.67832561500457,
              -1.6302976889999372
            ],
            [
              -78.6783116910046,
              -1.6303206249999378
            ],
            [
              -78.67828097700462,
              -1.6303776099999037
            ],
            [
              -78.67827239200457,
              -1.6304062899999245
            ],
            [
              -78.67825633200458,
              -1.6304267129999293
            ],
            [
              -78.6782363600046,
              -1.6304399589999308
            ],
            [
              -78.67821957300461,
              -1.6304725739999215
            ],
            [
              -78.67821027300455,
              -1.6305023289999452
            ],
            [
              -78.67820312300456,
              -1.6305227619999023
            ],
            [
              -78.6782027450046,
              -1.6305417689998782
            ],
            [
              -78.67819700400457,
              -1.630575830999905
            ],
            [
              -78.6781923440046,
              -1.6305987779999493
            ],
            [
              -78.67817024900458,
              -1.6305991109999671
            ],
            [
              -78.67815660500457,
              -1.6305965349999139
            ],
            [
              -78.67814787900456,
              -1.6305997059998936
            ],
            [
              -78.67814793200458,
              -1.6306011939999314
            ],
            [
              -78.67814849000456,
              -1.6306170169999332
            ],
            [
              -78.67815486500456,
              -1.6306259119999595
            ],
            [
              -78.6781648560046,
              -1.6306410629999084
            ],
            [
              -78.67816877200457,
              -1.6306446539999544
            ],
            [
              -78.67817444200456,
              -1.6306719159998904
            ],
            [
              -78.67817655900457,
              -1.6306905669999174
            ],
            [
              -78.67813583000459,
              -1.6307807729999548
            ],
            [
              -78.67811736000459,
              -1.6308309589999654
            ],
            [
              -78.67810067900457,
              -1.6308745719998885
            ],
            [
              -78.6780905610046,
              -1.630893088999905
            ],
            [
              -78.67808934800459,
              -1.6309146049998946
            ],
            [
              -78.67807624100462,
              -1.630949854999911
            ],
            [
              -78.67806197000462,
              -1.6309641829999306
            ],
            [
              -78.67806252700458,
              -1.630995861999925
            ],
            [
              -78.67805702400456,
              -1.6310092929999516
            ],
            [
              -78.6780446590046,
              -1.6310394739999228
            ],
            [
              -78.67803607100456,
              -1.6310597549999417
            ],
            [
              -78.6780303440046,
              -1.6310914579999474
            ],
            [
              -78.6780279380046,
              -1.6311183519999135
            ],
            [
              -78.67802016700456,
              -1.6311613769999436
            ],
            [
              -78.67801299000459,
              -1.6312044039999347
            ],
            [
              -78.6779939510046,
              -1.6312330709998857
            ],
            [
              -78.67798201900459,
              -1.6312796789999207
            ],
            [
              -78.6779812642823,
              -1.631285075994784
            ],
            [
              -78.6779748320046,
              -1.631331072999947
            ],
            [
              -78.67796827200462,
              -1.6313549739999555
            ],
            [
              -78.67796409600463,
              -1.6313705089999322
            ],
            [
              -78.67793435900454,
              -1.631405379999895
            ],
            [
              -78.67791758300456,
              -1.6314283129999374
            ],
            [
              -78.6779039990046,
              -1.6314648769998938
            ],
            [
              -78.67789721300456,
              -1.6314784959999222
            ],
            [
              -78.67788899800459,
              -1.6314942659999356
            ],
            [
              -78.67788612400459,
              -1.6315139869999133
            ],
            [
              -78.6778878890046,
              -1.631529409999907
            ],
            [
              -78.67786935000461,
              -1.6315358439998993
            ],
            [
              -78.67785351800457,
              -1.6315541539999179
            ],
            [
              -78.67782724400456,
              -1.6315834919999337
            ],
            [
              -78.67781474300457,
              -1.6316078639999125
            ],
            [
              -78.67779333400456,
              -1.631631507999907
            ],
            [
              -78.67776979400458,
              -1.6316483359999387
            ],
            [
              -78.67776122800458,
              -1.6316708409999099
            ],
            [
              -78.67775726800457,
              -1.6316949419999494
            ],
            [
              -78.6777408450046,
              -1.6317203849998991
            ],
            [
              -78.6777155270046,
              -1.631734341999942
            ],
            [
              -78.67769088300459,
              -1.6317816519999455
            ],
            [
              -78.67766019800459,
              -1.6318146099999247
            ],
            [
              -78.6776393640046,
              -1.6318448599999085
            ],
            [
              -78.6776273560046,
              -1.6318637029999226
            ],
            [
              -78.6776162930046,
              -1.6318773179999078
            ],
            [
              -78.6775945130046,
              -1.6319127959999105
            ],
            [
              -78.67759021900461,
              -1.6319303999999026
            ],
            [
              -78.67757095900461,
              -1.6319428929999444
            ],
            [
              -78.6775627420046,
              -1.631960096999879
            ],
            [
              -78.67756236500459,
              -1.6319783869999123
            ],
            [
              -78.67755664000462,
              -1.6319988219999153
            ],
            [
              -78.67755304200458,
              -1.6320285829999241
            ],
            [
              -78.67755337300459,
              -1.6320504589999485
            ],
            [
              -78.67754942900456,
              -1.632071613999905
            ],
            [
              -78.67754299200462,
              -1.6320909719999328
            ],
            [
              -78.67751552500461,
              -1.632114249999919
            ],
            [
              -78.67750231600459,
              -1.6321346769999308
            ],
            [
              -78.6774919420046,
              -1.6321683749999216
            ],
            [
              -78.67748885500461,
              -1.6321782119999118
            ],
            [
              -78.67748762300454,
              -1.632182137999926
            ],
            [
              -78.6774987750046,
              -1.632202092999883
            ],
            [
              -78.6775093470046,
              -1.6322182439999293
            ],
            [
              -78.6775150160046,
              -1.6322472989999592
            ],
            [
              -78.6774942750046,
              -1.6323093169999507
            ],
            [
              -78.67747283400459,
              -1.6323609329999345
            ],
            [
              -78.67741835303973,
              -1.6324420421760817
            ],
            [
              -78.6774101020046,
              -1.6324543259999498
            ],
            [
              -78.67739827900463,
              -1.6324768369999314
            ],
            [
              -78.67739172200463,
              -1.6324974509999128
            ],
            [
              -78.67737920800458,
              -1.6325332979999292
            ],
            [
              -78.67737621700459,
              -1.6325518239999504
            ],
            [
              -78.67736696200457,
              -1.6325942499999342
            ],
            [
              -78.67736248000458,
              -1.6326175549999333
            ],
            [
              -78.67735414600462,
              -1.6326339819999356
            ],
            [
              -78.67734132900459,
              -1.6326752089999252
            ],
            [
              -78.67732616300461,
              -1.6326925249998863
            ],
            [
              -78.6773017920046,
              -1.6327098299999399
            ],
            [
              -78.67728900000459,
              -1.6327283439998774
            ],
            [
              -78.67727390600461,
              -1.6327644749999182
            ],
            [
              -78.67724094400455,
              -1.6328268429999544
            ],
            [
              -78.67723636400459,
              -1.632828812999927
            ],
            [
              -78.6772361740046,
              -1.6328358679999517
            ],
            [
              -78.6772361420046,
              -1.6328370629999298
            ],
            [
              -78.67723174800459,
              -1.6330002189999167
            ],
            [
              -78.67724017800461,
              -1.633034316999916
            ],
            [
              -78.67726115500459,
              -1.633067269999943
            ],
            [
              -78.67727742046262,
              -1.6330928205454989
            ]
          ]
        ]
      }
    }
  ]
}