{
  "type": "FeatureCollection",
  "features": [
    {
      "type": "Feature",
      "properties": {
        "ID_PROPUESTA": "MUN-001",
        "ID_ORIGINAL": "RUR_CACH_01",
        "FILA_ORIGINAL": 1,
        "GRUPO": "CABECERA_RURAL",
        "SUBTIPO": "INTERSECCION_CABECERA",
        "X": 755780.8388,
        "Y": 9811289.214400003,
        "LONGITUD": -78.70096998544794,
        "LATITUD": -1.705937896000835,
        "CRITERIO_PRINCIPAL": "Centralidad vial y nueva evidencia territorial en cabecera PUGS",
        "CRITERIOS_SECUNDARIOS": "Centro de cabecera; nuevos D/V y Convivencia; equipamientos; Gi* D/V rural; nueva area PUGS; menor solape",
        "CORREDOR": "",
        "PARROQUIA": "Cacha",
        "HOTSPOT_RELACIONADO": "Sin interseccion positiva con Hot Spot",
        "INCIDENTES_ENTORNO": 3,
        "INC_DELINCUENCIA": 1,
        "INC_VIOLENCIA": 0,
        "INC_CONVIVENCIA": 2,
        "EQUIPAMIENTOS_ENTORNO": "Iglesias:1|Salud_publica_MSP:1",
        "COBERTURA_PREVIA": 0.0,
        "ORIGEN_CANDIDATO": "INTERSECCION_VIAL_CANTONAL",
        "GRADO_NODO": 3,
        "JUSTIFICACION": "Interseccion vial dentro de la cabecera PUGS de Cacha; seleccion 1/2. 3 eventos adicionales dentro de la localidad y 40807.6 m2 nuevos de su area. Entorno 200 m: 3 incidentes; solape con escenario actual 0.00%. Pendiente inspeccion de campo.",
        "ESTADO_VALIDACION": "PROPUESTA_REVISADA",
        "ID_CANDIDATO": "RUR-CACHA-0003",
        "ORDEN_SELECCION_GRUPO": 1,
        "BENEFICIO_MARGINAL_M": 0.0,
        "NUEVO_ANILLO_VIAL_M": 0.0,
        "NUEVO_CICLOVIAS_M": 0.0,
        "NUEVO_BOULEVARD_MACAJI_BELLAVISTA_M": 0.0,
        "NUEVO_QUEBRADA_LAS_ABRAS_M": 0.0,
        "REQUIERE_REVISION_REDUNDANCIA": false,
        "BENEFICIO_CONTEXTO": "Exclusivo frente a 103+otras49; no sumable",
        "ID": "MUN-001",
        "D_EXCLUSIVOS": 1,
        "V_EXCLUSIVOS": 0,
        "C_EXCLUSIVOS": 2,
        "SOLAPE_EXISTENTES_100_PCT": 0.0,
        "SOLAPE_EXISTENTES_103_PCT": 0.0,
        "SOLAPE_OTRAS49_PCT": 35.7923123884261,
        "NUEVAS_EXISTENTES_RELACIONADAS": null,
        "DIST_EXISTENTE_M": 3311.649927711502,
        "LONGITUD_EXCLUSIVA_ANILLO_VIAL_M": 0.0,
        "LONGITUD_EXCLUSIVA_CICLOVIAS_M": 0.0,
        "LONGITUD_EXCLUSIVA_BOULEVARD_MACAJI_BELLAVISTA_M": 0.0,
        "LONGITUD_EXCLUSIVA_QUEBRADA_LAS_ABRAS_M": 0.0,
        "JUSTIFICACION_ORIGINAL": null
      },
      "geometry": {
        "type": "Point",
        "coordinates": [
          -78.70096998544794,
          -1.705937896000835
        ]
      }
    },
    {
      "type": "Feature",
      "properties": {
        "ID_PROPUESTA": "MUN-002",
        "ID_ORIGINAL": "RUR_CACH_02",
        "FILA_ORIGINAL": 2,
        "GRUPO": "CABECERA_RURAL",
        "SUBTIPO": "INTERSECCION_CABECERA",
        "X": 755598.1800228687,
        "Y": 9811397.050104639,
        "LONGITUD": -78.70261204360676,
        "LATITUD": -1.7049650434978976,
        "CRITERIO_PRINCIPAL": "Centralidad vial y nueva evidencia territorial en cabecera PUGS",
        "CRITERIOS_SECUNDARIOS": "Centro de cabecera; nuevos D/V y Convivencia; equipamientos; Gi* D/V rural; nueva area PUGS; menor solape",
        "CORREDOR": "",
        "PARROQUIA": "Cacha",
        "HOTSPOT_RELACIONADO": "Sin interseccion positiva con Hot Spot",
        "INCIDENTES_ENTORNO": 0,
        "INC_DELINCUENCIA": 0,
        "INC_VIOLENCIA": 0,
        "INC_CONVIVENCIA": 0,
        "EQUIPAMIENTOS_ENTORNO": "Salud_publica_MSP:1",
        "COBERTURA_PREVIA": 0.0,
        "ORIGEN_CANDIDATO": "INTERSECCION_VIAL_CANTONAL",
        "GRADO_NODO": 4,
        "JUSTIFICACION": "Interseccion vial dentro de la cabecera PUGS de Cacha; seleccion 2/2. 0 eventos adicionales dentro de la localidad y 2914.7 m2 nuevos de su area. Entorno 200 m: 0 incidentes; solape con escenario actual 0.00%. Pendiente inspeccion de campo.",
        "ESTADO_VALIDACION": "PROPUESTA_REVISADA",
        "ID_CANDIDATO": "RUR-CACHA-0001",
        "ORDEN_SELECCION_GRUPO": 2,
        "BENEFICIO_MARGINAL_M": 0.0,
        "NUEVO_ANILLO_VIAL_M": 0.0,
        "NUEVO_CICLOVIAS_M": 0.0,
        "NUEVO_BOULEVARD_MACAJI_BELLAVISTA_M": 0.0,
        "NUEVO_QUEBRADA_LAS_ABRAS_M": 0.0,
        "REQUIERE_REVISION_REDUNDANCIA": false,
        "BENEFICIO_CONTEXTO": "Exclusivo frente a 103+otras49; no sumable",
        "ID": "MUN-002",
        "D_EXCLUSIVOS": 0,
        "V_EXCLUSIVOS": 0,
        "C_EXCLUSIVOS": 0,
        "SOLAPE_EXISTENTES_100_PCT": 0.0,
        "SOLAPE_EXISTENTES_103_PCT": 0.0,
        "SOLAPE_OTRAS49_PCT": 35.792312388426105,
        "NUEVAS_EXISTENTES_RELACIONADAS": null,
        "DIST_EXISTENTE_M": 3407.847194788623,
        "LONGITUD_EXCLUSIVA_ANILLO_VIAL_M": 0.0,
        "LONGITUD_EXCLUSIVA_CICLOVIAS_M": 0.0,
        "LONGITUD_EXCLUSIVA_BOULEVARD_MACAJI_BELLAVISTA_M": 0.0,
        "LONGITUD_EXCLUSIVA_QUEBRADA_LAS_ABRAS_M": 0.0,
        "JUSTIFICACION_ORIGINAL": null
      },
      "geometry": {
        "type": "Point",
        "coordinates": [
          -78.70261204360676,
          -1.7049650434978976
        ]
      }
    },
    {
      "type": "Feature",
      "properties": {
        "ID_PROPUESTA": "MUN-003",
        "ID_ORIGINAL": "RUR_CALP_01",
        "FILA_ORIGINAL": 3,
        "GRUPO": "CABECERA_RURAL",
        "SUBTIPO": "INTERSECCION_CABECERA",
        "X": 751137.2800999988,
        "Y": 9818090.984,
        "LONGITUD": -78.74275604831962,
        "LATITUD": -1.6444984692742735,
        "CRITERIO_PRINCIPAL": "Centralidad vial y nueva evidencia territorial en cabecera PUGS",
        "CRITERIOS_SECUNDARIOS": "Centro de cabecera; nuevos D/V y Convivencia; equipamientos; Gi* D/V rural; nueva area PUGS; menor solape",
        "CORREDOR": "",
        "PARROQUIA": "Calpi",
        "HOTSPOT_RELACIONADO": "RURAL:CONVIVENCIA:99%|RURAL:DELINCUENCIA:99%|RURAL:VIOLENCIA:90%",
        "INCIDENTES_ENTORNO": 13,
        "INC_DELINCUENCIA": 2,
        "INC_VIOLENCIA": 5,
        "INC_CONVIVENCIA": 6,
        "EQUIPAMIENTOS_ENTORNO": "Sin registros en las capas consultadas",
        "COBERTURA_PREVIA": 0.0,
        "ORIGEN_CANDIDATO": "INTERSECCION_VIAL_CANTONAL",
        "GRADO_NODO": 4,
        "JUSTIFICACION": "Interseccion vial dentro de la cabecera PUGS de Calpi; seleccion 2/2. 7 eventos adicionales dentro de la localidad y 85157.3 m2 nuevos de su area. Entorno 200 m: 13 incidentes; solape con escenario actual 0.00%. Pendiente inspeccion de campo.",
        "ESTADO_VALIDACION": "PROPUESTA_REVISADA",
        "ID_CANDIDATO": "RUR-CALPI-0036",
        "ORDEN_SELECCION_GRUPO": 2,
        "BENEFICIO_MARGINAL_M": 0.0,
        "NUEVO_ANILLO_VIAL_M": 0.0,
        "NUEVO_CICLOVIAS_M": 0.0,
        "NUEVO_BOULEVARD_MACAJI_BELLAVISTA_M": 0.0,
        "NUEVO_QUEBRADA_LAS_ABRAS_M": 0.0,
        "REQUIERE_REVISION_REDUNDANCIA": false,
        "BENEFICIO_CONTEXTO": "Exclusivo frente a 103+otras49; no sumable",
        "ID": "MUN-003",
        "D_EXCLUSIVOS": 2,
        "V_EXCLUSIVOS": 0,
        "C_EXCLUSIVOS": 5,
        "SOLAPE_EXISTENTES_100_PCT": 0.0,
        "SOLAPE_EXISTENTES_103_PCT": 0.0,
        "SOLAPE_OTRAS49_PCT": 21.174025749584416,
        "NUEVAS_EXISTENTES_RELACIONADAS": null,
        "DIST_EXISTENTE_M": 853.0006953958973,
        "LONGITUD_EXCLUSIVA_ANILLO_VIAL_M": 0.0,
        "LONGITUD_EXCLUSIVA_CICLOVIAS_M": 0.0,
        "LONGITUD_EXCLUSIVA_BOULEVARD_MACAJI_BELLAVISTA_M": 0.0,
        "LONGITUD_EXCLUSIVA_QUEBRADA_LAS_ABRAS_M": 0.0,
        "JUSTIFICACION_ORIGINAL": null
      },
      "geometry": {
        "type": "Point",
        "coordinates": [
          -78.74275604831962,
          -1.6444984692742735
        ]
      }
    },
    {
      "type": "Feature",
      "properties": {
        "ID_PROPUESTA": "MUN-004",
        "ID_ORIGINAL": "RUR_CALP_02",
        "FILA_ORIGINAL": 4,
        "GRUPO": "CABECERA_RURAL",
        "SUBTIPO": "INTERSECCION_CABECERA",
        "X": 751004.1127000009,
        "Y": 9817856.372300003,
        "LONGITUD": -78.74394996080791,
        "LATITUD": -1.6466207624548175,
        "CRITERIO_PRINCIPAL": "Centralidad vial y nueva evidencia territorial en cabecera PUGS",
        "CRITERIOS_SECUNDARIOS": "Centro de cabecera; nuevos D/V y Convivencia; equipamientos; Gi* D/V rural; nueva area PUGS; menor solape",
        "CORREDOR": "",
        "PARROQUIA": "Calpi",
        "HOTSPOT_RELACIONADO": "RURAL:CONVIVENCIA:99%|RURAL:DELINCUENCIA:99%|RURAL:VIOLENCIA:90%",
        "INCIDENTES_ENTORNO": 23,
        "INC_DELINCUENCIA": 2,
        "INC_VIOLENCIA": 7,
        "INC_CONVIVENCIA": 14,
        "EQUIPAMIENTOS_ENTORNO": "Centralidades:1|Iglesias:1",
        "COBERTURA_PREVIA": 0.0,
        "ORIGEN_CANDIDATO": "INTERSECCION_VIAL_CANTONAL",
        "GRADO_NODO": 3,
        "JUSTIFICACION": "Interseccion vial dentro de la cabecera PUGS de Calpi; seleccion 1/2. 23 eventos adicionales dentro de la localidad y 125566.9 m2 nuevos de su area. Entorno 200 m: 23 incidentes; solape con escenario actual 0.00%. Pendiente inspeccion de campo.",
        "ESTADO_VALIDACION": "PROPUESTA_REVISADA",
        "ID_CANDIDATO": "RUR-CALPI-0018",
        "ORDEN_SELECCION_GRUPO": 1,
        "BENEFICIO_MARGINAL_M": 0.0,
        "NUEVO_ANILLO_VIAL_M": 0.0,
        "NUEVO_CICLOVIAS_M": 0.0,
        "NUEVO_BOULEVARD_MACAJI_BELLAVISTA_M": 0.0,
        "NUEVO_QUEBRADA_LAS_ABRAS_M": 0.0,
        "REQUIERE_REVISION_REDUNDANCIA": false,
        "BENEFICIO_CONTEXTO": "Exclusivo frente a 103+otras49; no sumable",
        "ID": "MUN-004",
        "D_EXCLUSIVOS": 2,
        "V_EXCLUSIVOS": 2,
        "C_EXCLUSIVOS": 13,
        "SOLAPE_EXISTENTES_100_PCT": 0.0,
        "SOLAPE_EXISTENTES_103_PCT": 0.0,
        "SOLAPE_OTRAS49_PCT": 21.174025749584416,
        "NUEVAS_EXISTENTES_RELACIONADAS": null,
        "DIST_EXISTENTE_M": 684.653099151647,
        "LONGITUD_EXCLUSIVA_ANILLO_VIAL_M": 0.0,
        "LONGITUD_EXCLUSIVA_CICLOVIAS_M": 0.0,
        "LONGITUD_EXCLUSIVA_BOULEVARD_MACAJI_BELLAVISTA_M": 0.0,
        "LONGITUD_EXCLUSIVA_QUEBRADA_LAS_ABRAS_M": 0.0,
        "JUSTIFICACION_ORIGINAL": null
      },
      "geometry": {
        "type": "Point",
        "coordinates": [
          -78.74394996080791,
          -1.6466207624548175
        ]
      }
    },
    {
      "type": "Feature",
      "properties": {
        "ID_PROPUESTA": "MUN-005",
        "ID_ORIGINAL": "RUR_FLOR_01",
        "FILA_ORIGINAL": 5,
        "GRUPO": "CABECERA_RURAL",
        "SUBTIPO": "INTERSECCION_CABECERA",
        "X": 761907.9219000018,
        "Y": 9799043.2934,
        "LONGITUD": -78.64578990287096,
        "LATITUD": -1.8165684091605712,
        "CRITERIO_PRINCIPAL": "Centralidad vial y nueva evidencia territorial en cabecera PUGS",
        "CRITERIOS_SECUNDARIOS": "Centro de cabecera; nuevos D/V y Convivencia; equipamientos; Gi* D/V rural; nueva area PUGS; menor solape",
        "CORREDOR": "",
        "PARROQUIA": "Flores",
        "HOTSPOT_RELACIONADO": "Sin interseccion positiva con Hot Spot",
        "INCIDENTES_ENTORNO": 2,
        "INC_DELINCUENCIA": 1,
        "INC_VIOLENCIA": 1,
        "INC_CONVIVENCIA": 0,
        "EQUIPAMIENTOS_ENTORNO": "Iglesias:1|Salud_publica_MSP:1|Unidades_Educativas:1",
        "COBERTURA_PREVIA": 0.0,
        "ORIGEN_CANDIDATO": "INTERSECCION_VIAL_CANTONAL",
        "GRADO_NODO": 3,
        "JUSTIFICACION": "Interseccion vial dentro de la cabecera PUGS de Flores; seleccion 2/2. 0 eventos adicionales dentro de la localidad y 1060.6 m2 nuevos de su area. Entorno 200 m: 2 incidentes; solape con escenario actual 0.00%. Pendiente inspeccion de campo.",
        "ESTADO_VALIDACION": "PROPUESTA_REVISADA",
        "ID_CANDIDATO": "RUR-FLORES-0011",
        "ORDEN_SELECCION_GRUPO": 2,
        "BENEFICIO_MARGINAL_M": 0.0,
        "NUEVO_ANILLO_VIAL_M": 0.0,
        "NUEVO_CICLOVIAS_M": 0.0,
        "NUEVO_BOULEVARD_MACAJI_BELLAVISTA_M": 0.0,
        "NUEVO_QUEBRADA_LAS_ABRAS_M": 0.0,
        "REQUIERE_REVISION_REDUNDANCIA": false,
        "BENEFICIO_CONTEXTO": "Exclusivo frente a 103+otras49; no sumable",
        "ID": "MUN-005",
        "D_EXCLUSIVOS": 0,
        "V_EXCLUSIVOS": 0,
        "C_EXCLUSIVOS": 0,
        "SOLAPE_EXISTENTES_100_PCT": 0.0,
        "SOLAPE_EXISTENTES_103_PCT": 0.0,
        "SOLAPE_OTRAS49_PCT": 86.3369815513209,
        "NUEVAS_EXISTENTES_RELACIONADAS": null,
        "DIST_EXISTENTE_M": 6601.046225095992,
        "LONGITUD_EXCLUSIVA_ANILLO_VIAL_M": 0.0,
        "LONGITUD_EXCLUSIVA_CICLOVIAS_M": 0.0,
        "LONGITUD_EXCLUSIVA_BOULEVARD_MACAJI_BELLAVISTA_M": 0.0,
        "LONGITUD_EXCLUSIVA_QUEBRADA_LAS_ABRAS_M": 0.0,
        "JUSTIFICACION_ORIGINAL": null
      },
      "geometry": {
        "type": "Point",
        "coordinates": [
          -78.64578990287096,
          -1.8165684091605712
        ]
      }
    },
    {
      "type": "Feature",
      "properties": {
        "ID_PROPUESTA": "MUN-006",
        "ID_ORIGINAL": "RUR_FLOR_02",
        "FILA_ORIGINAL": 6,
        "GRUPO": "CABECERA_RURAL",
        "SUBTIPO": "INTERSECCION_CABECERA",
        "X": 761865.627999999,
        "Y": 9799051.0789,
        "LONGITUD": -78.64616994537444,
        "LATITUD": -1.8164985300573193,
        "CRITERIO_PRINCIPAL": "Centralidad vial y nueva evidencia territorial en cabecera PUGS",
        "CRITERIOS_SECUNDARIOS": "Centro de cabecera; nuevos D/V y Convivencia; equipamientos; Gi* D/V rural; nueva area PUGS; menor solape",
        "CORREDOR": "",
        "PARROQUIA": "Flores",
        "HOTSPOT_RELACIONADO": "Sin interseccion positiva con Hot Spot",
        "INCIDENTES_ENTORNO": 2,
        "INC_DELINCUENCIA": 1,
        "INC_VIOLENCIA": 1,
        "INC_CONVIVENCIA": 0,
        "EQUIPAMIENTOS_ENTORNO": "Iglesias:1|Salud_publica_MSP:1|Unidades_Educativas:1",
        "COBERTURA_PREVIA": 0.0,
        "ORIGEN_CANDIDATO": "INTERSECCION_VIAL_CANTONAL",
        "GRADO_NODO": 3,
        "JUSTIFICACION": "Interseccion vial dentro de la cabecera PUGS de Flores; seleccion 1/2. 1 eventos adicionales dentro de la localidad y 69180.5 m2 nuevos de su area. Entorno 200 m: 2 incidentes; solape con escenario actual 0.00%. Pendiente inspeccion de campo.",
        "ESTADO_VALIDACION": "PROPUESTA_REVISADA",
        "ID_CANDIDATO": "RUR-FLORES-0008",
        "ORDEN_SELECCION_GRUPO": 1,
        "BENEFICIO_MARGINAL_M": 0.0,
        "NUEVO_ANILLO_VIAL_M": 0.0,
        "NUEVO_CICLOVIAS_M": 0.0,
        "NUEVO_BOULEVARD_MACAJI_BELLAVISTA_M": 0.0,
        "NUEVO_QUEBRADA_LAS_ABRAS_M": 0.0,
        "REQUIERE_REVISION_REDUNDANCIA": false,
        "BENEFICIO_CONTEXTO": "Exclusivo frente a 103+otras49; no sumable",
        "ID": "MUN-006",
        "D_EXCLUSIVOS": 0,
        "V_EXCLUSIVOS": 0,
        "C_EXCLUSIVOS": 0,
        "SOLAPE_EXISTENTES_100_PCT": 0.0,
        "SOLAPE_EXISTENTES_103_PCT": 0.0,
        "SOLAPE_OTRAS49_PCT": 86.33698155132096,
        "NUEVAS_EXISTENTES_RELACIONADAS": null,
        "DIST_EXISTENTE_M": 6629.404396672371,
        "LONGITUD_EXCLUSIVA_ANILLO_VIAL_M": 0.0,
        "LONGITUD_EXCLUSIVA_CICLOVIAS_M": 0.0,
        "LONGITUD_EXCLUSIVA_BOULEVARD_MACAJI_BELLAVISTA_M": 0.0,
        "LONGITUD_EXCLUSIVA_QUEBRADA_LAS_ABRAS_M": 0.0,
        "JUSTIFICACION_ORIGINAL": null
      },
      "geometry": {
        "type": "Point",
        "coordinates": [
          -78.64616994537444,
          -1.8164985300573193
        ]
      }
    },
    {
      "type": "Feature",
      "properties": {
        "ID_PROPUESTA": "MUN-007",
        "ID_ORIGINAL": "RUR_LICT_01",
        "FILA_ORIGINAL": 7,
        "GRUPO": "CABECERA_RURAL",
        "SUBTIPO": "INTERSECCION_CABECERA",
        "X": 766741.9838000003,
        "Y": 9800253.1719,
        "LONGITUD": -78.60237771149353,
        "LATITUD": -1.805574542553597,
        "CRITERIO_PRINCIPAL": "Centralidad vial y nueva evidencia territorial en cabecera PUGS",
        "CRITERIOS_SECUNDARIOS": "Centro de cabecera; nuevos D/V y Convivencia; equipamientos; Gi* D/V rural; nueva area PUGS; menor solape",
        "CORREDOR": "",
        "PARROQUIA": "Licto",
        "HOTSPOT_RELACIONADO": "Sin interseccion positiva con Hot Spot",
        "INCIDENTES_ENTORNO": 25,
        "INC_DELINCUENCIA": 6,
        "INC_VIOLENCIA": 5,
        "INC_CONVIVENCIA": 14,
        "EQUIPAMIENTOS_ENTORNO": "Iglesias:1|Unidades_Educativas:4",
        "COBERTURA_PREVIA": 0.0,
        "ORIGEN_CANDIDATO": "INTERSECCION_VIAL_CANTONAL",
        "GRADO_NODO": 3,
        "JUSTIFICACION": "Interseccion vial dentro de la cabecera PUGS de Licto; seleccion 1/2. 25 eventos adicionales dentro de la localidad y 125546.3 m2 nuevos de su area. Entorno 200 m: 25 incidentes; solape con escenario actual 0.00%. Pendiente inspeccion de campo.",
        "ESTADO_VALIDACION": "PROPUESTA_REVISADA",
        "ID_CANDIDATO": "RUR-LICTO-0066",
        "ORDEN_SELECCION_GRUPO": 1,
        "BENEFICIO_MARGINAL_M": 0.0,
        "NUEVO_ANILLO_VIAL_M": 0.0,
        "NUEVO_CICLOVIAS_M": 0.0,
        "NUEVO_BOULEVARD_MACAJI_BELLAVISTA_M": 0.0,
        "NUEVO_QUEBRADA_LAS_ABRAS_M": 0.0,
        "REQUIERE_REVISION_REDUNDANCIA": false,
        "BENEFICIO_CONTEXTO": "Exclusivo frente a 103+otras49; no sumable",
        "ID": "MUN-007",
        "D_EXCLUSIVOS": 6,
        "V_EXCLUSIVOS": 5,
        "C_EXCLUSIVOS": 13,
        "SOLAPE_EXISTENTES_100_PCT": 0.0,
        "SOLAPE_EXISTENTES_103_PCT": 0.0,
        "SOLAPE_OTRAS49_PCT": 12.012007727807795,
        "NUEVAS_EXISTENTES_RELACIONADAS": null,
        "DIST_EXISTENTE_M": 2914.565378537159,
        "LONGITUD_EXCLUSIVA_ANILLO_VIAL_M": 0.0,
        "LONGITUD_EXCLUSIVA_CICLOVIAS_M": 0.0,
        "LONGITUD_EXCLUSIVA_BOULEVARD_MACAJI_BELLAVISTA_M": 0.0,
        "LONGITUD_EXCLUSIVA_QUEBRADA_LAS_ABRAS_M": 0.0,
        "JUSTIFICACION_ORIGINAL": null
      },
      "geometry": {
        "type": "Point",
        "coordinates": [
          -78.60237771149353,
          -1.805574542553597
        ]
      }
    },
    {
      "type": "Feature",
      "properties": {
        "ID_PROPUESTA": "MUN-008",
        "ID_ORIGINAL": "RUR_LICT_02",
        "FILA_ORIGINAL": 8,
        "GRUPO": "CABECERA_RURAL",
        "SUBTIPO": "INTERSECCION_CABECERA",
        "X": 766457.806000001,
        "Y": 9800381.4114,
        "LONGITUD": -78.60493207401315,
        "LATITUD": -1.8044187385853077,
        "CRITERIO_PRINCIPAL": "Centralidad vial y nueva evidencia territorial en cabecera PUGS",
        "CRITERIOS_SECUNDARIOS": "Centro de cabecera; nuevos D/V y Convivencia; equipamientos; Gi* D/V rural; nueva area PUGS; menor solape",
        "CORREDOR": "",
        "PARROQUIA": "Licto",
        "HOTSPOT_RELACIONADO": "Sin interseccion positiva con Hot Spot",
        "INCIDENTES_ENTORNO": 2,
        "INC_DELINCUENCIA": 0,
        "INC_VIOLENCIA": 1,
        "INC_CONVIVENCIA": 1,
        "EQUIPAMIENTOS_ENTORNO": "Salud_publica_MSP:1",
        "COBERTURA_PREVIA": 0.0,
        "ORIGEN_CANDIDATO": "INTERSECCION_VIAL_CANTONAL",
        "GRADO_NODO": 4,
        "JUSTIFICACION": "Interseccion vial dentro de la cabecera PUGS de Licto; seleccion 2/2. 1 eventos adicionales dentro de la localidad y 105528.7 m2 nuevos de su area. Entorno 200 m: 2 incidentes; solape con escenario actual 0.00%. Pendiente inspeccion de campo.",
        "ESTADO_VALIDACION": "PROPUESTA_REVISADA",
        "ID_CANDIDATO": "RUR-LICTO-0026",
        "ORDEN_SELECCION_GRUPO": 2,
        "BENEFICIO_MARGINAL_M": 0.0,
        "NUEVO_ANILLO_VIAL_M": 0.0,
        "NUEVO_CICLOVIAS_M": 0.0,
        "NUEVO_BOULEVARD_MACAJI_BELLAVISTA_M": 0.0,
        "NUEVO_QUEBRADA_LAS_ABRAS_M": 0.0,
        "REQUIERE_REVISION_REDUNDANCIA": false,
        "BENEFICIO_CONTEXTO": "Exclusivo frente a 103+otras49; no sumable",
        "ID": "MUN-008",
        "D_EXCLUSIVOS": 0,
        "V_EXCLUSIVOS": 1,
        "C_EXCLUSIVOS": 0,
        "SOLAPE_EXISTENTES_100_PCT": 0.0,
        "SOLAPE_EXISTENTES_103_PCT": 0.0,
        "SOLAPE_OTRAS49_PCT": 12.012007727807795,
        "NUEVAS_EXISTENTES_RELACIONADAS": null,
        "DIST_EXISTENTE_M": 2835.468932123982,
        "LONGITUD_EXCLUSIVA_ANILLO_VIAL_M": 0.0,
        "LONGITUD_EXCLUSIVA_CICLOVIAS_M": 0.0,
        "LONGITUD_EXCLUSIVA_BOULEVARD_MACAJI_BELLAVISTA_M": 0.0,
        "LONGITUD_EXCLUSIVA_QUEBRADA_LAS_ABRAS_M": 0.0,
        "JUSTIFICACION_ORIGINAL": null
      },
      "geometry": {
        "type": "Point",
        "coordinates": [
          -78.60493207401315,
          -1.8044187385853077
        ]
      }
    },
    {
      "type": "Feature",
      "properties": {
        "ID_PROPUESTA": "MUN-009",
        "ID_ORIGINAL": "RUR_PUNG_01",
        "FILA_ORIGINAL": 9,
        "GRUPO": "CABECERA_RURAL",
        "SUBTIPO": "INTERSECCION_CABECERA",
        "X": 767740.7544000007,
        "Y": 9798992.8685,
        "LONGITUD": -78.59339048796326,
        "LATITUD": -1.8169547310114504,
        "CRITERIO_PRINCIPAL": "Centralidad vial y nueva evidencia territorial en cabecera PUGS",
        "CRITERIOS_SECUNDARIOS": "Centro de cabecera; nuevos D/V y Convivencia; equipamientos; Gi* D/V rural; nueva area PUGS; menor solape",
        "CORREDOR": "",
        "PARROQUIA": "Pungala",
        "HOTSPOT_RELACIONADO": "Sin interseccion positiva con Hot Spot",
        "INCIDENTES_ENTORNO": 3,
        "INC_DELINCUENCIA": 0,
        "INC_VIOLENCIA": 2,
        "INC_CONVIVENCIA": 1,
        "EQUIPAMIENTOS_ENTORNO": "Iglesias:1|Salud_publica_MSP:1|Unidades_Educativas:1",
        "COBERTURA_PREVIA": 0.0,
        "ORIGEN_CANDIDATO": "INTERSECCION_VIAL_CANTONAL",
        "GRADO_NODO": 4,
        "JUSTIFICACION": "Interseccion vial dentro de la cabecera PUGS de Pungala; seleccion 1/2. 3 eventos adicionales dentro de la localidad y 111620.9 m2 nuevos de su area. Entorno 200 m: 3 incidentes; solape con escenario actual 0.00%. Pendiente inspeccion de campo.",
        "ESTADO_VALIDACION": "PROPUESTA_REVISADA",
        "ID_CANDIDATO": "RUR-PUNGALA-0016",
        "ORDEN_SELECCION_GRUPO": 1,
        "BENEFICIO_MARGINAL_M": 0.0,
        "NUEVO_ANILLO_VIAL_M": 0.0,
        "NUEVO_CICLOVIAS_M": 0.0,
        "NUEVO_BOULEVARD_MACAJI_BELLAVISTA_M": 0.0,
        "NUEVO_QUEBRADA_LAS_ABRAS_M": 0.0,
        "REQUIERE_REVISION_REDUNDANCIA": false,
        "BENEFICIO_CONTEXTO": "Exclusivo frente a 103+otras49; no sumable",
        "ID": "MUN-009",
        "D_EXCLUSIVOS": 0,
        "V_EXCLUSIVOS": 2,
        "C_EXCLUSIVOS": 1,
        "SOLAPE_EXISTENTES_100_PCT": 0.0,
        "SOLAPE_EXISTENTES_103_PCT": 0.0,
        "SOLAPE_OTRAS49_PCT": 3.8857296120204463,
        "NUEVAS_EXISTENTES_RELACIONADAS": null,
        "DIST_EXISTENTE_M": 4208.157240780435,
        "LONGITUD_EXCLUSIVA_ANILLO_VIAL_M": 0.0,
        "LONGITUD_EXCLUSIVA_CICLOVIAS_M": 0.0,
        "LONGITUD_EXCLUSIVA_BOULEVARD_MACAJI_BELLAVISTA_M": 0.0,
        "LONGITUD_EXCLUSIVA_QUEBRADA_LAS_ABRAS_M": 0.0,
        "JUSTIFICACION_ORIGINAL": null
      },
      "geometry": {
        "type": "Point",
        "coordinates": [
          -78.59339048796326,
          -1.8169547310114504
        ]
      }
    },
    {
      "type": "Feature",
      "properties": {
        "ID_PROPUESTA": "MUN-010",
        "ID_ORIGINAL": "RUR_PUNG_02",
        "FILA_ORIGINAL": 10,
        "GRUPO": "CABECERA_RURAL",
        "SUBTIPO": "INTERSECCION_CABECERA",
        "X": 767828.3641999997,
        "Y": 9799340.9402,
        "LONGITUD": -78.59260763155743,
        "LATITUD": -1.8138073914459107,
        "CRITERIO_PRINCIPAL": "Centralidad vial y nueva evidencia territorial en cabecera PUGS",
        "CRITERIOS_SECUNDARIOS": "Centro de cabecera; nuevos D/V y Convivencia; equipamientos; Gi* D/V rural; nueva area PUGS; menor solape",
        "CORREDOR": "",
        "PARROQUIA": "Pungala",
        "HOTSPOT_RELACIONADO": "Sin interseccion positiva con Hot Spot",
        "INCIDENTES_ENTORNO": 0,
        "INC_DELINCUENCIA": 0,
        "INC_VIOLENCIA": 0,
        "INC_CONVIVENCIA": 0,
        "EQUIPAMIENTOS_ENTORNO": "Unidades_Educativas:1",
        "COBERTURA_PREVIA": 0.0,
        "ORIGEN_CANDIDATO": "INTERSECCION_VIAL_CANTONAL",
        "GRADO_NODO": 3,
        "JUSTIFICACION": "Interseccion vial dentro de la cabecera PUGS de Pungala; seleccion 2/2. 0 eventos adicionales dentro de la localidad y 56766.6 m2 nuevos de su area. Entorno 200 m: 0 incidentes; solape con escenario actual 0.00%. Pendiente inspeccion de campo.",
        "ESTADO_VALIDACION": "PROPUESTA_REVISADA",
        "ID_CANDIDATO": "RUR-PUNGALA-0035",
        "ORDEN_SELECCION_GRUPO": 2,
        "BENEFICIO_MARGINAL_M": 0.0,
        "NUEVO_ANILLO_VIAL_M": 0.0,
        "NUEVO_CICLOVIAS_M": 0.0,
        "NUEVO_BOULEVARD_MACAJI_BELLAVISTA_M": 0.0,
        "NUEVO_QUEBRADA_LAS_ABRAS_M": 0.0,
        "REQUIERE_REVISION_REDUNDANCIA": false,
        "BENEFICIO_CONTEXTO": "Exclusivo frente a 103+otras49; no sumable",
        "ID": "MUN-010",
        "D_EXCLUSIVOS": 0,
        "V_EXCLUSIVOS": 0,
        "C_EXCLUSIVOS": 0,
        "SOLAPE_EXISTENTES_100_PCT": 0.0,
        "SOLAPE_EXISTENTES_103_PCT": 0.0,
        "SOLAPE_OTRAS49_PCT": 3.8857296120204463,
        "NUEVAS_EXISTENTES_RELACIONADAS": null,
        "DIST_EXISTENTE_M": 3880.829350239768,
        "LONGITUD_EXCLUSIVA_ANILLO_VIAL_M": 0.0,
        "LONGITUD_EXCLUSIVA_CICLOVIAS_M": 0.0,
        "LONGITUD_EXCLUSIVA_BOULEVARD_MACAJI_BELLAVISTA_M": 0.0,
        "LONGITUD_EXCLUSIVA_QUEBRADA_LAS_ABRAS_M": 0.0,
        "JUSTIFICACION_ORIGINAL": null
      },
      "geometry": {
        "type": "Point",
        "coordinates": [
          -78.59260763155743,
          -1.8138073914459107
        ]
      }
    },
    {
      "type": "Feature",
      "properties": {
        "ID_PROPUESTA": "MUN-011",
        "ID_ORIGINAL": "RUR_PUNI_01",
        "FILA_ORIGINAL": 11,
        "GRUPO": "CABECERA_RURAL",
        "SUBTIPO": "INTERSECCION_CABECERA",
        "X": 760636.2466516002,
        "Y": 9804337.803688096,
        "LONGITUD": -78.65727504028295,
        "LATITUD": -1.768723035731322,
        "CRITERIO_PRINCIPAL": "Centralidad vial y nueva evidencia territorial en cabecera PUGS",
        "CRITERIOS_SECUNDARIOS": "Centro de cabecera; nuevos D/V y Convivencia; equipamientos; Gi* D/V rural; nueva area PUGS; menor solape",
        "CORREDOR": "",
        "PARROQUIA": "Punin",
        "HOTSPOT_RELACIONADO": "Sin interseccion positiva con Hot Spot",
        "INCIDENTES_ENTORNO": 5,
        "INC_DELINCUENCIA": 1,
        "INC_VIOLENCIA": 1,
        "INC_CONVIVENCIA": 3,
        "EQUIPAMIENTOS_ENTORNO": "Sin registros en las capas consultadas",
        "COBERTURA_PREVIA": 0.0,
        "ORIGEN_CANDIDATO": "INTERSECCION_VIAL_CANTONAL",
        "GRADO_NODO": 3,
        "JUSTIFICACION": "Interseccion vial dentro de la cabecera PUGS de Punin; seleccion 2/2. 0 eventos adicionales dentro de la localidad y 59297.7 m2 nuevos de su area. Entorno 200 m: 5 incidentes; solape con escenario actual 0.00%. Pendiente inspeccion de campo.",
        "ESTADO_VALIDACION": "PROPUESTA_REVISADA",
        "ID_CANDIDATO": "RUR-PUNIN-0011",
        "ORDEN_SELECCION_GRUPO": 2,
        "BENEFICIO_MARGINAL_M": 0.0,
        "NUEVO_ANILLO_VIAL_M": 0.0,
        "NUEVO_CICLOVIAS_M": 0.0,
        "NUEVO_BOULEVARD_MACAJI_BELLAVISTA_M": 0.0,
        "NUEVO_QUEBRADA_LAS_ABRAS_M": 0.0,
        "REQUIERE_REVISION_REDUNDANCIA": false,
        "BENEFICIO_CONTEXTO": "Exclusivo frente a 103+otras49; no sumable",
        "ID": "MUN-011",
        "D_EXCLUSIVOS": 1,
        "V_EXCLUSIVOS": 1,
        "C_EXCLUSIVOS": 3,
        "SOLAPE_EXISTENTES_100_PCT": 0.0,
        "SOLAPE_EXISTENTES_103_PCT": 0.0,
        "SOLAPE_OTRAS49_PCT": 1.9762047621663206,
        "NUEVAS_EXISTENTES_RELACIONADAS": null,
        "DIST_EXISTENTE_M": 4288.243997872234,
        "LONGITUD_EXCLUSIVA_ANILLO_VIAL_M": 0.0,
        "LONGITUD_EXCLUSIVA_CICLOVIAS_M": 0.0,
        "LONGITUD_EXCLUSIVA_BOULEVARD_MACAJI_BELLAVISTA_M": 0.0,
        "LONGITUD_EXCLUSIVA_QUEBRADA_LAS_ABRAS_M": 0.0,
        "JUSTIFICACION_ORIGINAL": null
      },
      "geometry": {
        "type": "Point",
        "coordinates": [
          -78.65727504028295,
          -1.768723035731322
        ]
      }
    },
    {
      "type": "Feature",
      "properties": {
        "ID_PROPUESTA": "MUN-012",
        "ID_ORIGINAL": "RUR_PUNI_02",
        "FILA_ORIGINAL": 12,
        "GRUPO": "CABECERA_RURAL",
        "SUBTIPO": "INTERSECCION_CABECERA",
        "X": 760759.5702325433,
        "Y": 9804690.806418572,
        "LONGITUD": -78.6561711737171,
        "LATITUD": -1.765530621577225,
        "CRITERIO_PRINCIPAL": "Centralidad vial y nueva evidencia territorial en cabecera PUGS",
        "CRITERIOS_SECUNDARIOS": "Centro de cabecera; nuevos D/V y Convivencia; equipamientos; Gi* D/V rural; nueva area PUGS; menor solape",
        "CORREDOR": "",
        "PARROQUIA": "Punin",
        "HOTSPOT_RELACIONADO": "Sin interseccion positiva con Hot Spot",
        "INCIDENTES_ENTORNO": 8,
        "INC_DELINCUENCIA": 5,
        "INC_VIOLENCIA": 1,
        "INC_CONVIVENCIA": 2,
        "EQUIPAMIENTOS_ENTORNO": "Iglesias:1|Salud_publica_MSP:1|Unidades_Educativas:1",
        "COBERTURA_PREVIA": 0.0,
        "ORIGEN_CANDIDATO": "INTERSECCION_VIAL_CANTONAL",
        "GRADO_NODO": 3,
        "JUSTIFICACION": "Interseccion vial dentro de la cabecera PUGS de Punin; seleccion 1/2. 8 eventos adicionales dentro de la localidad y 106573.8 m2 nuevos de su area. Entorno 200 m: 8 incidentes; solape con escenario actual 0.00%. Pendiente inspeccion de campo.",
        "ESTADO_VALIDACION": "PROPUESTA_REVISADA",
        "ID_CANDIDATO": "RUR-PUNIN-0027",
        "ORDEN_SELECCION_GRUPO": 1,
        "BENEFICIO_MARGINAL_M": 0.0,
        "NUEVO_ANILLO_VIAL_M": 0.0,
        "NUEVO_CICLOVIAS_M": 0.0,
        "NUEVO_BOULEVARD_MACAJI_BELLAVISTA_M": 0.0,
        "NUEVO_QUEBRADA_LAS_ABRAS_M": 0.0,
        "REQUIERE_REVISION_REDUNDANCIA": false,
        "BENEFICIO_CONTEXTO": "Exclusivo frente a 103+otras49; no sumable",
        "ID": "MUN-012",
        "D_EXCLUSIVOS": 5,
        "V_EXCLUSIVOS": 1,
        "C_EXCLUSIVOS": 2,
        "SOLAPE_EXISTENTES_100_PCT": 0.0,
        "SOLAPE_EXISTENTES_103_PCT": 0.0,
        "SOLAPE_OTRAS49_PCT": 1.9762047621663206,
        "NUEVAS_EXISTENTES_RELACIONADAS": null,
        "DIST_EXISTENTE_M": 3976.6055369114315,
        "LONGITUD_EXCLUSIVA_ANILLO_VIAL_M": 0.0,
        "LONGITUD_EXCLUSIVA_CICLOVIAS_M": 0.0,
        "LONGITUD_EXCLUSIVA_BOULEVARD_MACAJI_BELLAVISTA_M": 0.0,
        "LONGITUD_EXCLUSIVA_QUEBRADA_LAS_ABRAS_M": 0.0,
        "JUSTIFICACION_ORIGINAL": null
      },
      "geometry": {
        "type": "Point",
        "coordinates": [
          -78.6561711737171,
          -1.765530621577225
        ]
      }
    },
    {
      "type": "Feature",
      "properties": {
        "ID_PROPUESTA": "MUN-013",
        "ID_ORIGINAL": "RUR_QUIM_01",
        "FILA_ORIGINAL": 13,
        "GRUPO": "CABECERA_RURAL",
        "SUBTIPO": "INTERSECCION_CABECERA",
        "X": 770618.2252000008,
        "Y": 9816562.891,
        "LONGITUD": -78.56774496149065,
        "LATITUD": -1.6581040314220175,
        "CRITERIO_PRINCIPAL": "Centralidad vial y nueva evidencia territorial en cabecera PUGS",
        "CRITERIOS_SECUNDARIOS": "Centro de cabecera; nuevos D/V y Convivencia; equipamientos; Gi* D/V rural; nueva area PUGS; menor solape",
        "CORREDOR": "",
        "PARROQUIA": "Quimiag",
        "HOTSPOT_RELACIONADO": "Sin interseccion positiva con Hot Spot",
        "INCIDENTES_ENTORNO": 0,
        "INC_DELINCUENCIA": 0,
        "INC_VIOLENCIA": 0,
        "INC_CONVIVENCIA": 0,
        "EQUIPAMIENTOS_ENTORNO": "Iglesias:1|Salud_publica_MSP:1|Unidades_Educativas:2",
        "COBERTURA_PREVIA": 0.0,
        "ORIGEN_CANDIDATO": "INTERSECCION_VIAL_CANTONAL",
        "GRADO_NODO": 3,
        "JUSTIFICACION": "Interseccion vial dentro de la cabecera PUGS de Quimiag; seleccion 1/2. 0 eventos adicionales dentro de la localidad y 121829.9 m2 nuevos de su area. Entorno 200 m: 0 incidentes; solape con escenario actual 0.00%. Pendiente inspeccion de campo.",
        "ESTADO_VALIDACION": "PROPUESTA_REVISADA",
        "ID_CANDIDATO": "RUR-QUIMIAG-0012",
        "ORDEN_SELECCION_GRUPO": 1,
        "BENEFICIO_MARGINAL_M": 0.0,
        "NUEVO_ANILLO_VIAL_M": 0.0,
        "NUEVO_CICLOVIAS_M": 0.0,
        "NUEVO_BOULEVARD_MACAJI_BELLAVISTA_M": 0.0,
        "NUEVO_QUEBRADA_LAS_ABRAS_M": 0.0,
        "REQUIERE_REVISION_REDUNDANCIA": false,
        "BENEFICIO_CONTEXTO": "Exclusivo frente a 103+otras49; no sumable",
        "ID": "MUN-013",
        "D_EXCLUSIVOS": 0,
        "V_EXCLUSIVOS": 0,
        "C_EXCLUSIVOS": 0,
        "SOLAPE_EXISTENTES_100_PCT": 0.0,
        "SOLAPE_EXISTENTES_103_PCT": 0.0,
        "SOLAPE_OTRAS49_PCT": 16.235986994973455,
        "NUEVAS_EXISTENTES_RELACIONADAS": null,
        "DIST_EXISTENTE_M": 7901.621090637217,
        "LONGITUD_EXCLUSIVA_ANILLO_VIAL_M": 0.0,
        "LONGITUD_EXCLUSIVA_CICLOVIAS_M": 0.0,
        "LONGITUD_EXCLUSIVA_BOULEVARD_MACAJI_BELLAVISTA_M": 0.0,
        "LONGITUD_EXCLUSIVA_QUEBRADA_LAS_ABRAS_M": 0.0,
        "JUSTIFICACION_ORIGINAL": null
      },
      "geometry": {
        "type": "Point",
        "coordinates": [
          -78.56774496149065,
          -1.6581040314220175
        ]
      }
    },
    {
      "type": "Feature",
      "properties": {
        "ID_PROPUESTA": "MUN-014",
        "ID_ORIGINAL": "RUR_QUIM_02",
        "FILA_ORIGINAL": 14,
        "GRUPO": "CABECERA_RURAL",
        "SUBTIPO": "INTERSECCION_CABECERA",
        "X": 770328.1317173912,
        "Y": 9816533.748258958,
        "LONGITUD": -78.57035035879088,
        "LATITUD": -1.6583706752410032,
        "CRITERIO_PRINCIPAL": "Centralidad vial y nueva evidencia territorial en cabecera PUGS",
        "CRITERIOS_SECUNDARIOS": "Centro de cabecera; nuevos D/V y Convivencia; equipamientos; Gi* D/V rural; nueva area PUGS; menor solape",
        "CORREDOR": "",
        "PARROQUIA": "Quimiag",
        "HOTSPOT_RELACIONADO": "Sin interseccion positiva con Hot Spot",
        "INCIDENTES_ENTORNO": 0,
        "INC_DELINCUENCIA": 0,
        "INC_VIOLENCIA": 0,
        "INC_CONVIVENCIA": 0,
        "EQUIPAMIENTOS_ENTORNO": "Unidades_Educativas:2",
        "COBERTURA_PREVIA": 0.0,
        "ORIGEN_CANDIDATO": "INTERSECCION_VIAL_CANTONAL",
        "GRADO_NODO": 3,
        "JUSTIFICACION": "Interseccion vial dentro de la cabecera PUGS de Quimiag; seleccion 2/2. 0 eventos adicionales dentro de la localidad y 83581.9 m2 nuevos de su area. Entorno 200 m: 0 incidentes; solape con escenario actual 0.00%. Pendiente inspeccion de campo.",
        "ESTADO_VALIDACION": "PROPUESTA_REVISADA",
        "ID_CANDIDATO": "RUR-QUIMIAG-0002",
        "ORDEN_SELECCION_GRUPO": 2,
        "BENEFICIO_MARGINAL_M": 0.0,
        "NUEVO_ANILLO_VIAL_M": 0.0,
        "NUEVO_CICLOVIAS_M": 0.0,
        "NUEVO_BOULEVARD_MACAJI_BELLAVISTA_M": 0.0,
        "NUEVO_QUEBRADA_LAS_ABRAS_M": 0.0,
        "REQUIERE_REVISION_REDUNDANCIA": false,
        "BENEFICIO_CONTEXTO": "Exclusivo frente a 103+otras49; no sumable",
        "ID": "MUN-014",
        "D_EXCLUSIVOS": 0,
        "V_EXCLUSIVOS": 0,
        "C_EXCLUSIVOS": 0,
        "SOLAPE_EXISTENTES_100_PCT": 0.0,
        "SOLAPE_EXISTENTES_103_PCT": 0.0,
        "SOLAPE_OTRAS49_PCT": 16.23598699497344,
        "NUEVAS_EXISTENTES_RELACIONADAS": null,
        "DIST_EXISTENTE_M": 7621.848170262664,
        "LONGITUD_EXCLUSIVA_ANILLO_VIAL_M": 0.0,
        "LONGITUD_EXCLUSIVA_CICLOVIAS_M": 0.0,
        "LONGITUD_EXCLUSIVA_BOULEVARD_MACAJI_BELLAVISTA_M": 0.0,
        "LONGITUD_EXCLUSIVA_QUEBRADA_LAS_ABRAS_M": 0.0,
        "JUSTIFICACION_ORIGINAL": null
      },
      "geometry": {
        "type": "Point",
        "coordinates": [
          -78.57035035879088,
          -1.6583706752410032
        ]
      }
    },
    {
      "type": "Feature",
      "properties": {
        "ID_PROPUESTA": "MUN-015",
        "ID_ORIGINAL": "RUR_SAN _01",
        "FILA_ORIGINAL": 15,
        "GRUPO": "CABECERA_RURAL",
        "SUBTIPO": "INTERSECCION_CABECERA",
        "X": 746769.2216000003,
        "Y": 9819030.9857,
        "LONGITUD": -78.78200596975456,
        "LATITUD": -1.6360447443634953,
        "CRITERIO_PRINCIPAL": "Centralidad vial y nueva evidencia territorial en cabecera PUGS",
        "CRITERIOS_SECUNDARIOS": "Centro de cabecera; nuevos D/V y Convivencia; equipamientos; Gi* D/V rural; nueva area PUGS; menor solape",
        "CORREDOR": "",
        "PARROQUIA": "San Juan",
        "HOTSPOT_RELACIONADO": "Sin interseccion positiva con Hot Spot",
        "INCIDENTES_ENTORNO": 1,
        "INC_DELINCUENCIA": 1,
        "INC_VIOLENCIA": 0,
        "INC_CONVIVENCIA": 0,
        "EQUIPAMIENTOS_ENTORNO": "Unidades_Educativas:1",
        "COBERTURA_PREVIA": 0.0,
        "ORIGEN_CANDIDATO": "INTERSECCION_VIAL_CANTONAL",
        "GRADO_NODO": 4,
        "JUSTIFICACION": "Interseccion vial dentro de la cabecera PUGS de San Juan; seleccion 2/2. 1 eventos adicionales dentro de la localidad y 95202.4 m2 nuevos de su area. Entorno 200 m: 1 incidentes; solape con escenario actual 0.00%. Pendiente inspeccion de campo.",
        "ESTADO_VALIDACION": "PROPUESTA_REVISADA",
        "ID_CANDIDATO": "RUR-SAN_JUAN-0024",
        "ORDEN_SELECCION_GRUPO": 2,
        "BENEFICIO_MARGINAL_M": 0.0,
        "NUEVO_ANILLO_VIAL_M": 0.0,
        "NUEVO_CICLOVIAS_M": 0.0,
        "NUEVO_BOULEVARD_MACAJI_BELLAVISTA_M": 0.0,
        "NUEVO_QUEBRADA_LAS_ABRAS_M": 0.0,
        "REQUIERE_REVISION_REDUNDANCIA": false,
        "BENEFICIO_CONTEXTO": "Exclusivo frente a 103+otras49; no sumable",
        "ID": "MUN-015",
        "D_EXCLUSIVOS": 1,
        "V_EXCLUSIVOS": 0,
        "C_EXCLUSIVOS": 0,
        "SOLAPE_EXISTENTES_100_PCT": 0.0,
        "SOLAPE_EXISTENTES_103_PCT": 0.0,
        "SOLAPE_OTRAS49_PCT": 2.4580610072476046,
        "NUEVAS_EXISTENTES_RELACIONADAS": null,
        "DIST_EXISTENTE_M": 1097.050343117405,
        "LONGITUD_EXCLUSIVA_ANILLO_VIAL_M": 0.0,
        "LONGITUD_EXCLUSIVA_CICLOVIAS_M": 0.0,
        "LONGITUD_EXCLUSIVA_BOULEVARD_MACAJI_BELLAVISTA_M": 0.0,
        "LONGITUD_EXCLUSIVA_QUEBRADA_LAS_ABRAS_M": 0.0,
        "JUSTIFICACION_ORIGINAL": null
      },
      "geometry": {
        "type": "Point",
        "coordinates": [
          -78.78200596975456,
          -1.6360447443634953
        ]
      }
    },
    {
      "type": "Feature",
      "properties": {
        "ID_PROPUESTA": "MUN-016",
        "ID_ORIGINAL": "RUR_SAN _02",
        "FILA_ORIGINAL": 16,
        "GRUPO": "CABECERA_RURAL",
        "SUBTIPO": "INTERSECCION_CABECERA",
        "X": 746651.3081000012,
        "Y": 9819381.497100001,
        "LONGITUD": -78.78306873563253,
        "LATITUD": -1.6328771516593334,
        "CRITERIO_PRINCIPAL": "Centralidad vial y nueva evidencia territorial en cabecera PUGS",
        "CRITERIOS_SECUNDARIOS": "Centro de cabecera; nuevos D/V y Convivencia; equipamientos; Gi* D/V rural; nueva area PUGS; menor solape",
        "CORREDOR": "",
        "PARROQUIA": "San Juan",
        "HOTSPOT_RELACIONADO": "Sin interseccion positiva con Hot Spot",
        "INCIDENTES_ENTORNO": 25,
        "INC_DELINCUENCIA": 4,
        "INC_VIOLENCIA": 6,
        "INC_CONVIVENCIA": 15,
        "EQUIPAMIENTOS_ENTORNO": "Iglesias:1",
        "COBERTURA_PREVIA": 0.0,
        "ORIGEN_CANDIDATO": "INTERSECCION_VIAL_CANTONAL",
        "GRADO_NODO": 3,
        "JUSTIFICACION": "Interseccion vial dentro de la cabecera PUGS de San Juan; seleccion 1/2. 24 eventos adicionales dentro de la localidad y 100560.4 m2 nuevos de su area. Entorno 200 m: 25 incidentes; solape con escenario actual 0.00%. Pendiente inspeccion de campo.",
        "ESTADO_VALIDACION": "PROPUESTA_REVISADA",
        "ID_CANDIDATO": "RUR-SAN_JUAN-0018",
        "ORDEN_SELECCION_GRUPO": 1,
        "BENEFICIO_MARGINAL_M": 0.0,
        "NUEVO_ANILLO_VIAL_M": 0.0,
        "NUEVO_CICLOVIAS_M": 0.0,
        "NUEVO_BOULEVARD_MACAJI_BELLAVISTA_M": 0.0,
        "NUEVO_QUEBRADA_LAS_ABRAS_M": 0.0,
        "REQUIERE_REVISION_REDUNDANCIA": false,
        "BENEFICIO_CONTEXTO": "Exclusivo frente a 103+otras49; no sumable",
        "ID": "MUN-016",
        "D_EXCLUSIVOS": 4,
        "V_EXCLUSIVOS": 6,
        "C_EXCLUSIVOS": 15,
        "SOLAPE_EXISTENTES_100_PCT": 0.0,
        "SOLAPE_EXISTENTES_103_PCT": 0.0,
        "SOLAPE_OTRAS49_PCT": 2.4580610072476046,
        "NUEVAS_EXISTENTES_RELACIONADAS": null,
        "DIST_EXISTENTE_M": 738.7324434616849,
        "LONGITUD_EXCLUSIVA_ANILLO_VIAL_M": 0.0,
        "LONGITUD_EXCLUSIVA_CICLOVIAS_M": 0.0,
        "LONGITUD_EXCLUSIVA_BOULEVARD_MACAJI_BELLAVISTA_M": 0.0,
        "LONGITUD_EXCLUSIVA_QUEBRADA_LAS_ABRAS_M": 0.0,
        "JUSTIFICACION_ORIGINAL": null
      },
      "geometry": {
        "type": "Point",
        "coordinates": [
          -78.78306873563253,
          -1.6328771516593334
        ]
      }
    },
    {
      "type": "Feature",
      "properties": {
        "ID_PROPUESTA": "MUN-017",
        "ID_ORIGINAL": "RUR_CUBI_01",
        "FILA_ORIGINAL": 17,
        "GRUPO": "CABECERA_RURAL",
        "SUBTIPO": "INTERSECCION_CABECERA",
        "X": 768313.1290999989,
        "Y": 9818207.7774,
        "LONGITUD": -78.58846818584054,
        "LATITUD": -1.6432611207072307,
        "CRITERIO_PRINCIPAL": "Centralidad vial y nueva evidencia territorial en cabecera PUGS",
        "CRITERIOS_SECUNDARIOS": "Centro de cabecera; nuevos D/V y Convivencia; equipamientos; Gi* D/V rural; nueva area PUGS; menor solape",
        "CORREDOR": "",
        "PARROQUIA": "Cubijies",
        "HOTSPOT_RELACIONADO": "Sin interseccion positiva con Hot Spot",
        "INCIDENTES_ENTORNO": 2,
        "INC_DELINCUENCIA": 0,
        "INC_VIOLENCIA": 0,
        "INC_CONVIVENCIA": 2,
        "EQUIPAMIENTOS_ENTORNO": "Sin registros en las capas consultadas",
        "COBERTURA_PREVIA": 0.0,
        "ORIGEN_CANDIDATO": "INTERSECCION_VIAL_CANTONAL",
        "GRADO_NODO": 3,
        "JUSTIFICACION": "Interseccion vial dentro de la cabecera PUGS de Cubijies; seleccion 2/2. 2 eventos adicionales dentro de la localidad y 116202.4 m2 nuevos de su area. Entorno 200 m: 2 incidentes; solape con escenario actual 0.00%. Pendiente inspeccion de campo.",
        "ESTADO_VALIDACION": "PROPUESTA_REVISADA",
        "ID_CANDIDATO": "RUR-CUBIJIES-0027",
        "ORDEN_SELECCION_GRUPO": 2,
        "BENEFICIO_MARGINAL_M": 0.0,
        "NUEVO_ANILLO_VIAL_M": 0.0,
        "NUEVO_CICLOVIAS_M": 0.0,
        "NUEVO_BOULEVARD_MACAJI_BELLAVISTA_M": 0.0,
        "NUEVO_QUEBRADA_LAS_ABRAS_M": 0.0,
        "REQUIERE_REVISION_REDUNDANCIA": false,
        "BENEFICIO_CONTEXTO": "Exclusivo frente a 103+otras49; no sumable",
        "ID": "MUN-017",
        "D_EXCLUSIVOS": 0,
        "V_EXCLUSIVOS": 0,
        "C_EXCLUSIVOS": 2,
        "SOLAPE_EXISTENTES_100_PCT": 0.0,
        "SOLAPE_EXISTENTES_103_PCT": 0.0,
        "SOLAPE_OTRAS49_PCT": 0.0,
        "NUEVAS_EXISTENTES_RELACIONADAS": null,
        "DIST_EXISTENTE_M": 6121.669165081278,
        "LONGITUD_EXCLUSIVA_ANILLO_VIAL_M": 0.0,
        "LONGITUD_EXCLUSIVA_CICLOVIAS_M": 0.0,
        "LONGITUD_EXCLUSIVA_BOULEVARD_MACAJI_BELLAVISTA_M": 0.0,
        "LONGITUD_EXCLUSIVA_QUEBRADA_LAS_ABRAS_M": 0.0,
        "JUSTIFICACION_ORIGINAL": null
      },
      "geometry": {
        "type": "Point",
        "coordinates": [
          -78.58846818584054,
          -1.6432611207072307
        ]
      }
    },
    {
      "type": "Feature",
      "properties": {
        "ID_PROPUESTA": "MUN-018",
        "ID_ORIGINAL": "RUR_CUBI_02",
        "FILA_ORIGINAL": 18,
        "GRUPO": "CABECERA_RURAL",
        "SUBTIPO": "INTERSECCION_CABECERA",
        "X": 768415.3718000003,
        "Y": 9817809.649800003,
        "LONGITUD": -78.58754547560767,
        "LATITUD": -1.6468587459549908,
        "CRITERIO_PRINCIPAL": "Centralidad vial y nueva evidencia territorial en cabecera PUGS",
        "CRITERIOS_SECUNDARIOS": "Centro de cabecera; nuevos D/V y Convivencia; equipamientos; Gi* D/V rural; nueva area PUGS; menor solape",
        "CORREDOR": "",
        "PARROQUIA": "Cubijies",
        "HOTSPOT_RELACIONADO": "Sin interseccion positiva con Hot Spot",
        "INCIDENTES_ENTORNO": 13,
        "INC_DELINCUENCIA": 4,
        "INC_VIOLENCIA": 2,
        "INC_CONVIVENCIA": 7,
        "EQUIPAMIENTOS_ENTORNO": "Iglesias:1|Salud_publica_MSP:1",
        "COBERTURA_PREVIA": 0.0,
        "ORIGEN_CANDIDATO": "INTERSECCION_VIAL_CANTONAL",
        "GRADO_NODO": 4,
        "JUSTIFICACION": "Interseccion vial dentro de la cabecera PUGS de Cubijies; seleccion 1/2. 13 eventos adicionales dentro de la localidad y 121555.1 m2 nuevos de su area. Entorno 200 m: 13 incidentes; solape con escenario actual 0.00%. Pendiente inspeccion de campo.",
        "ESTADO_VALIDACION": "PROPUESTA_REVISADA",
        "ID_CANDIDATO": "RUR-CUBIJIES-0044",
        "ORDEN_SELECCION_GRUPO": 1,
        "BENEFICIO_MARGINAL_M": 0.0,
        "NUEVO_ANILLO_VIAL_M": 0.0,
        "NUEVO_CICLOVIAS_M": 0.0,
        "NUEVO_BOULEVARD_MACAJI_BELLAVISTA_M": 0.0,
        "NUEVO_QUEBRADA_LAS_ABRAS_M": 0.0,
        "REQUIERE_REVISION_REDUNDANCIA": false,
        "BENEFICIO_CONTEXTO": "Exclusivo frente a 103+otras49; no sumable",
        "ID": "MUN-018",
        "D_EXCLUSIVOS": 4,
        "V_EXCLUSIVOS": 2,
        "C_EXCLUSIVOS": 7,
        "SOLAPE_EXISTENTES_100_PCT": 0.0,
        "SOLAPE_EXISTENTES_103_PCT": 0.0,
        "SOLAPE_OTRAS49_PCT": 0.0,
        "NUEVAS_EXISTENTES_RELACIONADAS": null,
        "DIST_EXISTENTE_M": 6060.379028177488,
        "LONGITUD_EXCLUSIVA_ANILLO_VIAL_M": 0.0,
        "LONGITUD_EXCLUSIVA_CICLOVIAS_M": 0.0,
        "LONGITUD_EXCLUSIVA_BOULEVARD_MACAJI_BELLAVISTA_M": 0.0,
        "LONGITUD_EXCLUSIVA_QUEBRADA_LAS_ABRAS_M": 0.0,
        "JUSTIFICACION_ORIGINAL": null
      },
      "geometry": {
        "type": "Point",
        "coordinates": [
          -78.58754547560767,
          -1.6468587459549908
        ]
      }
    },
    {
      "type": "Feature",
      "properties": {
        "ID_PROPUESTA": "MUN-019",
        "ID_ORIGINAL": "RUR_SAN _01",
        "FILA_ORIGINAL": 19,
        "GRUPO": "CABECERA_RURAL",
        "SUBTIPO": "INTERSECCION_CABECERA",
        "X": 762457.3087999993,
        "Y": 9810752.8618,
        "LONGITUD": -78.64098781397688,
        "LATITUD": -1.7107131889035228,
        "CRITERIO_PRINCIPAL": "Centralidad vial y nueva evidencia territorial en cabecera PUGS",
        "CRITERIOS_SECUNDARIOS": "Centro de cabecera; nuevos D/V y Convivencia; equipamientos; Gi* D/V rural; nueva area PUGS; menor solape",
        "CORREDOR": "",
        "PARROQUIA": "San Luis",
        "HOTSPOT_RELACIONADO": "RURAL:CONVIVENCIA:99%|RURAL:DELINCUENCIA:99%|RURAL:VIOLENCIA:99%",
        "INCIDENTES_ENTORNO": 1,
        "INC_DELINCUENCIA": 1,
        "INC_VIOLENCIA": 0,
        "INC_CONVIVENCIA": 0,
        "EQUIPAMIENTOS_ENTORNO": "Sin registros en las capas consultadas",
        "COBERTURA_PREVIA": 0.0,
        "ORIGEN_CANDIDATO": "INTERSECCION_VIAL_CANTONAL",
        "GRADO_NODO": 3,
        "JUSTIFICACION": "Interseccion vial dentro de la cabecera PUGS de San Luis; seleccion 2/2. 1 eventos adicionales dentro de la localidad y 90069.6 m2 nuevos de su area. Entorno 200 m: 1 incidentes; solape con escenario actual 0.00%. Pendiente inspeccion de campo.",
        "ESTADO_VALIDACION": "PROPUESTA_REVISADA",
        "ID_CANDIDATO": "RUR-SAN_LUIS-0037",
        "ORDEN_SELECCION_GRUPO": 2,
        "BENEFICIO_MARGINAL_M": 0.0,
        "NUEVO_ANILLO_VIAL_M": 0.0,
        "NUEVO_CICLOVIAS_M": 0.0,
        "NUEVO_BOULEVARD_MACAJI_BELLAVISTA_M": 0.0,
        "NUEVO_QUEBRADA_LAS_ABRAS_M": 0.0,
        "REQUIERE_REVISION_REDUNDANCIA": false,
        "BENEFICIO_CONTEXTO": "Exclusivo frente a 103+otras49; no sumable",
        "ID": "MUN-019",
        "D_EXCLUSIVOS": 1,
        "V_EXCLUSIVOS": 0,
        "C_EXCLUSIVOS": 0,
        "SOLAPE_EXISTENTES_100_PCT": 0.0,
        "SOLAPE_EXISTENTES_103_PCT": 0.0,
        "SOLAPE_OTRAS49_PCT": 20.56237946549324,
        "NUEVAS_EXISTENTES_RELACIONADAS": null,
        "DIST_EXISTENTE_M": 2437.967854380135,
        "LONGITUD_EXCLUSIVA_ANILLO_VIAL_M": 0.0,
        "LONGITUD_EXCLUSIVA_CICLOVIAS_M": 0.0,
        "LONGITUD_EXCLUSIVA_BOULEVARD_MACAJI_BELLAVISTA_M": 0.0,
        "LONGITUD_EXCLUSIVA_QUEBRADA_LAS_ABRAS_M": 0.0,
        "JUSTIFICACION_ORIGINAL": null
      },
      "geometry": {
        "type": "Point",
        "coordinates": [
          -78.64098781397688,
          -1.7107131889035228
        ]
      }
    },
    {
      "type": "Feature",
      "properties": {
        "ID_PROPUESTA": "MUN-020",
        "ID_ORIGINAL": "RUR_SAN _02",
        "FILA_ORIGINAL": 20,
        "GRUPO": "CABECERA_RURAL",
        "SUBTIPO": "INTERSECCION_CABECERA",
        "X": 762204.7269000018,
        "Y": 9810854.819300001,
        "LONGITUD": -78.64325789853301,
        "LATITUD": -1.7097943477909467,
        "CRITERIO_PRINCIPAL": "Centralidad vial y nueva evidencia territorial en cabecera PUGS",
        "CRITERIOS_SECUNDARIOS": "Centro de cabecera; nuevos D/V y Convivencia; equipamientos; Gi* D/V rural; nueva area PUGS; menor solape",
        "CORREDOR": "",
        "PARROQUIA": "San Luis",
        "HOTSPOT_RELACIONADO": "RURAL:CONVIVENCIA:99%|RURAL:DELINCUENCIA:99%|RURAL:VIOLENCIA:99%",
        "INCIDENTES_ENTORNO": 27,
        "INC_DELINCUENCIA": 6,
        "INC_VIOLENCIA": 11,
        "INC_CONVIVENCIA": 10,
        "EQUIPAMIENTOS_ENTORNO": "Centralidades:1|Salud_publica_MSP:1",
        "COBERTURA_PREVIA": 0.0,
        "ORIGEN_CANDIDATO": "INTERSECCION_VIAL_CANTONAL",
        "GRADO_NODO": 3,
        "JUSTIFICACION": "Interseccion vial dentro de la cabecera PUGS de San Luis; seleccion 1/2. 27 eventos adicionales dentro de la localidad y 120692.2 m2 nuevos de su area. Entorno 200 m: 27 incidentes; solape con escenario actual 0.00%. Pendiente inspeccion de campo.",
        "ESTADO_VALIDACION": "PROPUESTA_REVISADA",
        "ID_CANDIDATO": "RUR-SAN_LUIS-0025",
        "ORDEN_SELECCION_GRUPO": 1,
        "BENEFICIO_MARGINAL_M": 0.0,
        "NUEVO_ANILLO_VIAL_M": 0.0,
        "NUEVO_CICLOVIAS_M": 0.0,
        "NUEVO_BOULEVARD_MACAJI_BELLAVISTA_M": 0.0,
        "NUEVO_QUEBRADA_LAS_ABRAS_M": 0.0,
        "REQUIERE_REVISION_REDUNDANCIA": false,
        "BENEFICIO_CONTEXTO": "Exclusivo frente a 103+otras49; no sumable",
        "ID": "MUN-020",
        "D_EXCLUSIVOS": 6,
        "V_EXCLUSIVOS": 11,
        "C_EXCLUSIVOS": 10,
        "SOLAPE_EXISTENTES_100_PCT": 0.0,
        "SOLAPE_EXISTENTES_103_PCT": 0.0,
        "SOLAPE_OTRAS49_PCT": 20.562379465493247,
        "NUEVAS_EXISTENTES_RELACIONADAS": null,
        "DIST_EXISTENTE_M": 2357.321688661743,
        "LONGITUD_EXCLUSIVA_ANILLO_VIAL_M": 0.0,
        "LONGITUD_EXCLUSIVA_CICLOVIAS_M": 0.0,
        "LONGITUD_EXCLUSIVA_BOULEVARD_MACAJI_BELLAVISTA_M": 0.0,
        "LONGITUD_EXCLUSIVA_QUEBRADA_LAS_ABRAS_M": 0.0,
        "JUSTIFICACION_ORIGINAL": null
      },
      "geometry": {
        "type": "Point",
        "coordinates": [
          -78.64325789853301,
          -1.7097943477909467
        ]
      }
    },
    {
      "type": "Feature",
      "properties": {
        "ID_PROPUESTA": "MUN-021",
        "ID_ORIGINAL": "RUR_LICA_01",
        "FILA_ORIGINAL": 21,
        "GRUPO": "CABECERA_RURAL",
        "SUBTIPO": "INTERSECCION_CABECERA",
        "X": 755981.3276614937,
        "Y": 9817058.963338243,
        "LONGITUD": -78.69922995931343,
        "LATITUD": -1.6537778162057168,
        "CRITERIO_PRINCIPAL": "Centralidad vial y nueva evidencia territorial en cabecera PUGS",
        "CRITERIOS_SECUNDARIOS": "Centro de cabecera; nuevos D/V y Convivencia; equipamientos; Gi* D/V rural; nueva area PUGS; menor solape",
        "CORREDOR": "",
        "PARROQUIA": "Lican",
        "HOTSPOT_RELACIONADO": "RURAL:CONVIVENCIA:99%|RURAL:DELINCUENCIA:99%|RURAL:VIOLENCIA:99%",
        "INCIDENTES_ENTORNO": 10,
        "INC_DELINCUENCIA": 5,
        "INC_VIOLENCIA": 1,
        "INC_CONVIVENCIA": 4,
        "EQUIPAMIENTOS_ENTORNO": "Sin registros en las capas consultadas",
        "COBERTURA_PREVIA": 0.0,
        "ORIGEN_CANDIDATO": "INTERSECCION_VIAL_CANTONAL",
        "GRADO_NODO": 3,
        "JUSTIFICACION": "Interseccion vial dentro de la cabecera PUGS de Lican; seleccion 2/2. 9 eventos adicionales dentro de la localidad y 115276.0 m2 nuevos de su area. Entorno 200 m: 10 incidentes; solape con escenario actual 0.00%. Pendiente inspeccion de campo.",
        "ESTADO_VALIDACION": "PROPUESTA_REVISADA",
        "ID_CANDIDATO": "RUR-LICAN-0082",
        "ORDEN_SELECCION_GRUPO": 2,
        "BENEFICIO_MARGINAL_M": 0.0,
        "NUEVO_ANILLO_VIAL_M": 0.0,
        "NUEVO_CICLOVIAS_M": 0.0,
        "NUEVO_BOULEVARD_MACAJI_BELLAVISTA_M": 0.0,
        "NUEVO_QUEBRADA_LAS_ABRAS_M": 0.0,
        "REQUIERE_REVISION_REDUNDANCIA": false,
        "BENEFICIO_CONTEXTO": "Exclusivo frente a 103+otras49; no sumable",
        "ID": "MUN-021",
        "D_EXCLUSIVOS": 5,
        "V_EXCLUSIVOS": 1,
        "C_EXCLUSIVOS": 4,
        "SOLAPE_EXISTENTES_100_PCT": 0.0,
        "SOLAPE_EXISTENTES_103_PCT": 0.0,
        "SOLAPE_OTRAS49_PCT": 0.0,
        "NUEVAS_EXISTENTES_RELACIONADAS": null,
        "DIST_EXISTENTE_M": 755.8247259165526,
        "LONGITUD_EXCLUSIVA_ANILLO_VIAL_M": 0.0,
        "LONGITUD_EXCLUSIVA_CICLOVIAS_M": 0.0,
        "LONGITUD_EXCLUSIVA_BOULEVARD_MACAJI_BELLAVISTA_M": 0.0,
        "LONGITUD_EXCLUSIVA_QUEBRADA_LAS_ABRAS_M": 0.0,
        "JUSTIFICACION_ORIGINAL": null
      },
      "geometry": {
        "type": "Point",
        "coordinates": [
          -78.69922995931343,
          -1.6537778162057168
        ]
      }
    },
    {
      "type": "Feature",
      "properties": {
        "ID_PROPUESTA": "MUN-022",
        "ID_ORIGINAL": "RUR_LICA_02",
        "FILA_ORIGINAL": 22,
        "GRUPO": "CABECERA_RURAL",
        "SUBTIPO": "INTERSECCION_CABECERA",
        "X": 755250.5330999993,
        "Y": 9817255.552200003,
        "LONGITUD": -78.7057968677663,
        "LATITUD": -1.652008314510619,
        "CRITERIO_PRINCIPAL": "Centralidad vial y nueva evidencia territorial en cabecera PUGS",
        "CRITERIOS_SECUNDARIOS": "Centro de cabecera; nuevos D/V y Convivencia; equipamientos; Gi* D/V rural; nueva area PUGS; menor solape",
        "CORREDOR": "",
        "PARROQUIA": "Lican",
        "HOTSPOT_RELACIONADO": "RURAL:CONVIVENCIA:99%|RURAL:DELINCUENCIA:99%|RURAL:VIOLENCIA:99%",
        "INCIDENTES_ENTORNO": 95,
        "INC_DELINCUENCIA": 28,
        "INC_VIOLENCIA": 26,
        "INC_CONVIVENCIA": 41,
        "EQUIPAMIENTOS_ENTORNO": "Iglesias:1",
        "COBERTURA_PREVIA": 0.0,
        "ORIGEN_CANDIDATO": "INTERSECCION_VIAL_CANTONAL",
        "GRADO_NODO": 3,
        "JUSTIFICACION": "Interseccion vial dentro de la cabecera PUGS de Lican; seleccion 1/2. 94 eventos adicionales dentro de la localidad y 121440.5 m2 nuevos de su area. Entorno 200 m: 95 incidentes; solape con escenario actual 0.00%. Pendiente inspeccion de campo.",
        "ESTADO_VALIDACION": "PROPUESTA_REVISADA",
        "ID_CANDIDATO": "RUR-LICAN-0042",
        "ORDEN_SELECCION_GRUPO": 1,
        "BENEFICIO_MARGINAL_M": 0.0,
        "NUEVO_ANILLO_VIAL_M": 0.0,
        "NUEVO_CICLOVIAS_M": 0.0,
        "NUEVO_BOULEVARD_MACAJI_BELLAVISTA_M": 0.0,
        "NUEVO_QUEBRADA_LAS_ABRAS_M": 0.0,
        "REQUIERE_REVISION_REDUNDANCIA": false,
        "BENEFICIO_CONTEXTO": "Exclusivo frente a 103+otras49; no sumable",
        "ID": "MUN-022",
        "D_EXCLUSIVOS": 28,
        "V_EXCLUSIVOS": 26,
        "C_EXCLUSIVOS": 41,
        "SOLAPE_EXISTENTES_100_PCT": 0.0,
        "SOLAPE_EXISTENTES_103_PCT": 0.0,
        "SOLAPE_OTRAS49_PCT": 0.0,
        "NUEVAS_EXISTENTES_RELACIONADAS": null,
        "DIST_EXISTENTE_M": 1458.7928584828524,
        "LONGITUD_EXCLUSIVA_ANILLO_VIAL_M": 0.0,
        "LONGITUD_EXCLUSIVA_CICLOVIAS_M": 0.0,
        "LONGITUD_EXCLUSIVA_BOULEVARD_MACAJI_BELLAVISTA_M": 0.0,
        "LONGITUD_EXCLUSIVA_QUEBRADA_LAS_ABRAS_M": 0.0,
        "JUSTIFICACION_ORIGINAL": null
      },
      "geometry": {
        "type": "Point",
        "coordinates": [
          -78.7057968677663,
          -1.652008314510619
        ]
      }
    },
    {
      "type": "Feature",
      "properties": {
        "ID_PROPUESTA": "MUN-023",
        "ID_ORIGINAL": "ABRAS_01",
        "FILA_ORIGINAL": 23,
        "GRUPO": "LAS_ABRAS",
        "SUBTIPO": "CRUCE_VIAL_EJE",
        "X": 758998.7175252293,
        "Y": 9818694.39993045,
        "LONGITUD": -78.67214164931372,
        "LATITUD": -1.6389621092382802,
        "CRITERIO_PRINCIPAL": "Cruce vial y evidencia territorial sobre eje MAATE cantonal",
        "CRITERIOS_SECUNDARIOS": "Proteccion, Jose Marti, poblacion, incidentes, Gi* complementario y longitud adicional",
        "CORREDOR": "QUEBRADA_LAS_ABRAS",
        "PARROQUIA": null,
        "HOTSPOT_RELACIONADO": "Sin interseccion positiva con Hot Spot",
        "INCIDENTES_ENTORNO": 0,
        "INC_DELINCUENCIA": 0,
        "INC_VIOLENCIA": 0,
        "INC_CONVIVENCIA": 0,
        "EQUIPAMIENTOS_ENTORNO": "Sin registros en las capas consultadas",
        "COBERTURA_PREVIA": 0.0,
        "ORIGEN_CANDIDATO": "CRUCE_MAATE_RED_MUNICIPAL",
        "GRADO_NODO": 0,
        "JUSTIFICACION": "Reemplazo propuesto: longitud MAATE adicional 177.5 a 270.6 m; dimensiones con evidencia 2 a 5. Nodo/cruce real y evidencia local, no intervalos iguales; Cunduana distante no se atribuye como beneficio. Pendiente validacion de campo.",
        "ESTADO_VALIDACION": "PROPUESTA_CONSOLIDADA_PARA_REVISION",
        "ID_CANDIDATO": "MAATE-NODO-025",
        "ORDEN_SELECCION_GRUPO": 4,
        "BENEFICIO_MARGINAL_M": 304.4997255743099,
        "NUEVO_ANILLO_VIAL_M": 0.0,
        "NUEVO_CICLOVIAS_M": 0.0,
        "NUEVO_BOULEVARD_MACAJI_BELLAVISTA_M": 0.0,
        "NUEVO_QUEBRADA_LAS_ABRAS_M": 304.4997255743099,
        "REQUIERE_REVISION_REDUNDANCIA": false,
        "BENEFICIO_CONTEXTO": "Exclusivo frente a 103+otras49; no sumable",
        "ID": "MUN-023",
        "D_EXCLUSIVOS": 1,
        "V_EXCLUSIVOS": 1,
        "C_EXCLUSIVOS": 0,
        "SOLAPE_EXISTENTES_100_PCT": 0.0,
        "SOLAPE_EXISTENTES_103_PCT": 0.0,
        "SOLAPE_OTRAS49_PCT": 0.0,
        "NUEVAS_EXISTENTES_RELACIONADAS": null,
        "DIST_EXISTENTE_M": 585.3612643495568,
        "LONGITUD_EXCLUSIVA_ANILLO_VIAL_M": 0.0,
        "LONGITUD_EXCLUSIVA_CICLOVIAS_M": 0.0,
        "LONGITUD_EXCLUSIVA_BOULEVARD_MACAJI_BELLAVISTA_M": 0.0,
        "LONGITUD_EXCLUSIVA_QUEBRADA_LAS_ABRAS_M": 304.4997255743099,
        "JUSTIFICACION_ORIGINAL": "Nodo/cruce real; seleccion iterativa 4. Beneficio marginal 492.6 m QUEBRADA_LAS_ABRAS:492.6 m. Entorno 200 m: 0 incidentes; solape con escenario actual 0.00%. Pendiente inspeccion de campo."
      },
      "geometry": {
        "type": "Point",
        "coordinates": [
          -78.67214164931372,
          -1.6389621092382802
        ]
      }
    },
    {
      "type": "Feature",
      "properties": {
        "ID_PROPUESTA": "MUN-024",
        "ID_ORIGINAL": "ABRAS_02",
        "FILA_ORIGINAL": 24,
        "GRUPO": "LAS_ABRAS",
        "SUBTIPO": "CRUCE_VIAL_EJE",
        "X": 758067.4395955483,
        "Y": 9819999.417009573,
        "LONGITUD": -78.68052081270649,
        "LATITUD": -1.6271748157690087,
        "CRITERIO_PRINCIPAL": "Cruce vial y evidencia territorial sobre eje MAATE cantonal",
        "CRITERIOS_SECUNDARIOS": "Proteccion, Jose Marti, poblacion, incidentes, Gi* complementario y longitud adicional",
        "CORREDOR": "QUEBRADA_LAS_ABRAS",
        "PARROQUIA": null,
        "HOTSPOT_RELACIONADO": "Sin interseccion positiva con Hot Spot",
        "INCIDENTES_ENTORNO": 4,
        "INC_DELINCUENCIA": 1,
        "INC_VIOLENCIA": 1,
        "INC_CONVIVENCIA": 2,
        "EQUIPAMIENTOS_ENTORNO": "Sin registros en las capas consultadas",
        "COBERTURA_PREVIA": 0.0,
        "ORIGEN_CANDIDATO": "CRUCE_MAATE_RED_CENSAL",
        "GRADO_NODO": 0,
        "JUSTIFICACION": "Reemplazo propuesto: longitud MAATE adicional 245.5 a 362.3 m; dimensiones con evidencia 3 a 4. Nodo/cruce real y evidencia local, no intervalos iguales; Cunduana distante no se atribuye como beneficio. Pendiente validacion de campo.",
        "ESTADO_VALIDACION": "PROPUESTA_CONSOLIDADA_PARA_REVISION",
        "ID_CANDIDATO": "MAATE-NODO-001",
        "ORDEN_SELECCION_GRUPO": 2,
        "BENEFICIO_MARGINAL_M": 362.2748330627863,
        "NUEVO_ANILLO_VIAL_M": 0.0,
        "NUEVO_CICLOVIAS_M": 0.0,
        "NUEVO_BOULEVARD_MACAJI_BELLAVISTA_M": 0.0,
        "NUEVO_QUEBRADA_LAS_ABRAS_M": 362.2748330627863,
        "REQUIERE_REVISION_REDUNDANCIA": false,
        "BENEFICIO_CONTEXTO": "Exclusivo frente a 103+otras49; no sumable",
        "ID": "MUN-024",
        "D_EXCLUSIVOS": 0,
        "V_EXCLUSIVOS": 0,
        "C_EXCLUSIVOS": 2,
        "SOLAPE_EXISTENTES_100_PCT": 0.0,
        "SOLAPE_EXISTENTES_103_PCT": 0.0,
        "SOLAPE_OTRAS49_PCT": 0.0,
        "NUEVAS_EXISTENTES_RELACIONADAS": null,
        "DIST_EXISTENTE_M": 958.6514928441939,
        "LONGITUD_EXCLUSIVA_ANILLO_VIAL_M": 0.0,
        "LONGITUD_EXCLUSIVA_CICLOVIAS_M": 0.0,
        "LONGITUD_EXCLUSIVA_BOULEVARD_MACAJI_BELLAVISTA_M": 0.0,
        "LONGITUD_EXCLUSIVA_QUEBRADA_LAS_ABRAS_M": 362.2748330627863,
        "JUSTIFICACION_ORIGINAL": "Nodo/cruce real; seleccion iterativa 2. Beneficio marginal 738.1 m QUEBRADA_LAS_ABRAS:738.1 m. Entorno 200 m: 4 incidentes; solape con escenario actual 0.00%. Pendiente inspeccion de campo."
      },
      "geometry": {
        "type": "Point",
        "coordinates": [
          -78.68052081270649,
          -1.6271748157690087
        ]
      }
    },
    {
      "type": "Feature",
      "properties": {
        "ID_PROPUESTA": "MUN-025",
        "ID_ORIGINAL": "ABRAS_03",
        "FILA_ORIGINAL": 25,
        "GRUPO": "LAS_ABRAS",
        "SUBTIPO": "CRUCE_VIAL_EJE",
        "X": 758345.1972884506,
        "Y": 9819558.71019032,
        "LONGITUD": -78.67802117231848,
        "LATITUD": -1.631155810968884,
        "CRITERIO_PRINCIPAL": "Cruce vial y evidencia territorial sobre eje MAATE cantonal",
        "CRITERIOS_SECUNDARIOS": "Proteccion, Jose Marti, poblacion, incidentes, Gi* complementario y longitud adicional",
        "CORREDOR": "QUEBRADA_LAS_ABRAS",
        "PARROQUIA": null,
        "HOTSPOT_RELACIONADO": "Sin interseccion positiva con Hot Spot",
        "INCIDENTES_ENTORNO": 2,
        "INC_DELINCUENCIA": 1,
        "INC_VIOLENCIA": 0,
        "INC_CONVIVENCIA": 1,
        "EQUIPAMIENTOS_ENTORNO": "Sin registros en las capas consultadas",
        "COBERTURA_PREVIA": 0.0,
        "ORIGEN_CANDIDATO": "CRUCE_MAATE_RED_MUNICIPAL",
        "GRADO_NODO": 0,
        "JUSTIFICACION": "Reemplazo propuesto: longitud MAATE adicional 409.9 a 421.3 m; dimensiones con evidencia 3 a 4. Nodo/cruce real y evidencia local, no intervalos iguales; Cunduana distante no se atribuye como beneficio. Pendiente validacion de campo.",
        "ESTADO_VALIDACION": "PROPUESTA_CONSOLIDADA_PARA_REVISION",
        "ID_CANDIDATO": "MAATE-NODO-014",
        "ORDEN_SELECCION_GRUPO": 1,
        "BENEFICIO_MARGINAL_M": 421.3315834624809,
        "NUEVO_ANILLO_VIAL_M": 0.0,
        "NUEVO_CICLOVIAS_M": 0.0,
        "NUEVO_BOULEVARD_MACAJI_BELLAVISTA_M": 0.0,
        "NUEVO_QUEBRADA_LAS_ABRAS_M": 421.3315834624809,
        "REQUIERE_REVISION_REDUNDANCIA": false,
        "BENEFICIO_CONTEXTO": "Exclusivo frente a 103+otras49; no sumable",
        "ID": "MUN-025",
        "D_EXCLUSIVOS": 0,
        "V_EXCLUSIVOS": 0,
        "C_EXCLUSIVOS": 1,
        "SOLAPE_EXISTENTES_100_PCT": 0.0,
        "SOLAPE_EXISTENTES_103_PCT": 0.0,
        "SOLAPE_OTRAS49_PCT": 0.0,
        "NUEVAS_EXISTENTES_RELACIONADAS": null,
        "DIST_EXISTENTE_M": 545.6250723921446,
        "LONGITUD_EXCLUSIVA_ANILLO_VIAL_M": 0.0,
        "LONGITUD_EXCLUSIVA_CICLOVIAS_M": 0.0,
        "LONGITUD_EXCLUSIVA_BOULEVARD_MACAJI_BELLAVISTA_M": 0.0,
        "LONGITUD_EXCLUSIVA_QUEBRADA_LAS_ABRAS_M": 421.3315834624809,
        "JUSTIFICACION_ORIGINAL": "Nodo/cruce real; seleccion iterativa 1. Beneficio marginal 801.3 m QUEBRADA_LAS_ABRAS:801.3 m. Entorno 200 m: 2 incidentes; solape con escenario actual 0.00%. Pendiente inspeccion de campo."
      },
      "geometry": {
        "type": "Point",
        "coordinates": [
          -78.67802117231848,
          -1.631155810968884
        ]
      }
    },
    {
      "type": "Feature",
      "properties": {
        "ID_PROPUESTA": "MUN-026",
        "ID_ORIGINAL": "ABRAS_04",
        "FILA_ORIGINAL": 26,
        "GRUPO": "LAS_ABRAS",
        "SUBTIPO": "CRUCE_VIAL_EJE",
        "X": 759404.5858253237,
        "Y": 9818738.534777902,
        "LONGITUD": -78.66849622843594,
        "LATITUD": -1.6385588743021142,
        "CRITERIO_PRINCIPAL": "Cruce vial y evidencia territorial sobre eje MAATE cantonal",
        "CRITERIOS_SECUNDARIOS": "Proteccion, Jose Marti, poblacion, incidentes, Gi* complementario y longitud adicional",
        "CORREDOR": "QUEBRADA_LAS_ABRAS",
        "PARROQUIA": null,
        "HOTSPOT_RELACIONADO": "Sin interseccion positiva con Hot Spot",
        "INCIDENTES_ENTORNO": 10,
        "INC_DELINCUENCIA": 5,
        "INC_VIOLENCIA": 3,
        "INC_CONVIVENCIA": 2,
        "EQUIPAMIENTOS_ENTORNO": "Sin registros en las capas consultadas",
        "COBERTURA_PREVIA": 0.0,
        "ORIGEN_CANDIDATO": "CRUCE_MAATE_RED_MUNICIPAL",
        "GRADO_NODO": 0,
        "JUSTIFICACION": "Reemplazo propuesto: longitud MAATE adicional 400.3 a 416.8 m; dimensiones con evidencia 4 a 5. Nodo/cruce real y evidencia local, no intervalos iguales; Cunduana distante no se atribuye como beneficio. Pendiente validacion de campo.",
        "ESTADO_VALIDACION": "PROPUESTA_CONSOLIDADA_PARA_REVISION",
        "ID_CANDIDATO": "MAATE-NODO-030",
        "ORDEN_SELECCION_GRUPO": 3,
        "BENEFICIO_MARGINAL_M": 416.78530338324197,
        "NUEVO_ANILLO_VIAL_M": 0.0,
        "NUEVO_CICLOVIAS_M": 0.0,
        "NUEVO_BOULEVARD_MACAJI_BELLAVISTA_M": 0.0,
        "NUEVO_QUEBRADA_LAS_ABRAS_M": 416.78530338324197,
        "REQUIERE_REVISION_REDUNDANCIA": false,
        "BENEFICIO_CONTEXTO": "Exclusivo frente a 103+otras49; no sumable",
        "ID": "MUN-026",
        "D_EXCLUSIVOS": 0,
        "V_EXCLUSIVOS": 1,
        "C_EXCLUSIVOS": 0,
        "SOLAPE_EXISTENTES_100_PCT": 0.0,
        "SOLAPE_EXISTENTES_103_PCT": 0.0,
        "SOLAPE_OTRAS49_PCT": 0.0,
        "NUEVAS_EXISTENTES_RELACIONADAS": null,
        "DIST_EXISTENTE_M": 637.2772460677206,
        "LONGITUD_EXCLUSIVA_ANILLO_VIAL_M": 0.0,
        "LONGITUD_EXCLUSIVA_CICLOVIAS_M": 0.0,
        "LONGITUD_EXCLUSIVA_BOULEVARD_MACAJI_BELLAVISTA_M": 0.0,
        "LONGITUD_EXCLUSIVA_QUEBRADA_LAS_ABRAS_M": 416.78530338324197,
        "JUSTIFICACION_ORIGINAL": "Nodo/cruce real; seleccion iterativa 3. Beneficio marginal 670.1 m QUEBRADA_LAS_ABRAS:670.1 m. Entorno 200 m: 10 incidentes; solape con escenario actual 0.00%. Pendiente inspeccion de campo."
      },
      "geometry": {
        "type": "Point",
        "coordinates": [
          -78.66849622843594,
          -1.6385588743021142
        ]
      }
    },
    {
      "type": "Feature",
      "properties": {
        "ID_PROPUESTA": "MUN-027",
        "ID_ORIGINAL": "COR_01",
        "FILA_ORIGINAL": 27,
        "GRUPO": "RED_ESTRUCTURAL",
        "SUBTIPO": "NODO_MULTICORREDOR",
        "X": 759560.7801999999,
        "Y": 9815767.2804,
        "LONGITUD": -78.66706180196813,
        "LATITUD": -1.665416445776435,
        "CRITERIO_PRINCIPAL": "Maximo beneficio marginal de longitud adicional sobre ANILLO_VIAL + CICLOVIAS + BOULEVARD_MACAJI_BELLAVISTA",
        "CRITERIOS_SECUNDARIOS": "Interseccion/acceso real; Gi* disponible; incidentes directos; solape marginal; continuidad en empate numerico",
        "CORREDOR": "ANILLO_VIAL|BOULEVARD_MACAJI_BELLAVISTA",
        "PARROQUIA": null,
        "HOTSPOT_RELACIONADO": "URBANO:CONVIVENCIA:95%|URBANO:CONVIVENCIA:99%|URBANO:VIOLENCIA:90%|URBANO:VIOLENCIA:95%|URBANO:VIOLENCIA:99%",
        "INCIDENTES_ENTORNO": 51,
        "INC_DELINCUENCIA": 10,
        "INC_VIOLENCIA": 11,
        "INC_CONVIVENCIA": 30,
        "EQUIPAMIENTOS_ENTORNO": "Sin registros en las capas consultadas",
        "COBERTURA_PREVIA": 0.0,
        "ORIGEN_CANDIDATO": "NODO_VIAL_URBANO",
        "GRADO_NODO": 3,
        "JUSTIFICACION": "Nodo/cruce real; seleccion iterativa 1. Beneficio marginal 1051.9 m ANILLO_VIAL:715.1 m; CICLOVIAS:0.0 m; BOULEVARD_MACAJI_BELLAVISTA:336.8 m. Entorno 200 m: 51 incidentes; solape con escenario actual 0.00%. Pendiente inspeccion de campo.",
        "ESTADO_VALIDACION": "PROPUESTA_REVISADA",
        "ID_CANDIDATO": "EST-0134",
        "ORDEN_SELECCION_GRUPO": 1,
        "BENEFICIO_MARGINAL_M": 628.622150466414,
        "NUEVO_ANILLO_VIAL_M": 559.771791801407,
        "NUEVO_CICLOVIAS_M": 0.0,
        "NUEVO_BOULEVARD_MACAJI_BELLAVISTA_M": 68.85035866500706,
        "NUEVO_QUEBRADA_LAS_ABRAS_M": 0.0,
        "REQUIERE_REVISION_REDUNDANCIA": false,
        "BENEFICIO_CONTEXTO": "Exclusivo frente a 103+otras49; no sumable",
        "ID": "MUN-027",
        "D_EXCLUSIVOS": 3,
        "V_EXCLUSIVOS": 7,
        "C_EXCLUSIVOS": 12,
        "SOLAPE_EXISTENTES_100_PCT": 0.0,
        "SOLAPE_EXISTENTES_103_PCT": 0.0,
        "SOLAPE_OTRAS49_PCT": 25.633551913234566,
        "NUEVAS_EXISTENTES_RELACIONADAS": null,
        "DIST_EXISTENTE_M": 427.71630914974065,
        "LONGITUD_EXCLUSIVA_ANILLO_VIAL_M": 559.771791801407,
        "LONGITUD_EXCLUSIVA_CICLOVIAS_M": 0.0,
        "LONGITUD_EXCLUSIVA_BOULEVARD_MACAJI_BELLAVISTA_M": 68.85035866500706,
        "LONGITUD_EXCLUSIVA_QUEBRADA_LAS_ABRAS_M": 0.0,
        "JUSTIFICACION_ORIGINAL": null
      },
      "geometry": {
        "type": "Point",
        "coordinates": [
          -78.66706180196813,
          -1.665416445776435
        ]
      }
    },
    {
      "type": "Feature",
      "properties": {
        "ID_PROPUESTA": "MUN-028",
        "ID_ORIGINAL": "COR_02",
        "FILA_ORIGINAL": 28,
        "GRUPO": "RED_ESTRUCTURAL",
        "SUBTIPO": "NODO_MULTICORREDOR",
        "X": 760915.0610999996,
        "Y": 9814137.7686,
        "LONGITUD": -78.65487882621181,
        "LATITUD": -1.680132060852185,
        "CRITERIO_PRINCIPAL": "Maximo beneficio marginal de longitud adicional sobre ANILLO_VIAL + CICLOVIAS + BOULEVARD_MACAJI_BELLAVISTA",
        "CRITERIOS_SECUNDARIOS": "Interseccion/acceso real; Gi* disponible; incidentes directos; solape marginal; continuidad en empate numerico",
        "CORREDOR": "ANILLO_VIAL|BOULEVARD_MACAJI_BELLAVISTA",
        "PARROQUIA": null,
        "HOTSPOT_RELACIONADO": "URBANO:VIOLENCIA:90%|URBANO:VIOLENCIA:95%",
        "INCIDENTES_ENTORNO": 36,
        "INC_DELINCUENCIA": 10,
        "INC_VIOLENCIA": 8,
        "INC_CONVIVENCIA": 18,
        "EQUIPAMIENTOS_ENTORNO": "Salud_publica_MSP:2",
        "COBERTURA_PREVIA": 0.0,
        "ORIGEN_CANDIDATO": "NODO_VIAL_URBANO",
        "GRADO_NODO": 4,
        "JUSTIFICACION": "Nodo/cruce real; seleccion iterativa 7. Beneficio marginal 636.6 m ANILLO_VIAL:325.7 m; CICLOVIAS:0.0 m; BOULEVARD_MACAJI_BELLAVISTA:310.9 m. Entorno 200 m: 36 incidentes; solape con escenario actual 0.00%. Pendiente inspeccion de campo.",
        "ESTADO_VALIDACION": "PROPUESTA_REVISADA",
        "ID_CANDIDATO": "EST-0591",
        "ORDEN_SELECCION_GRUPO": 7,
        "BENEFICIO_MARGINAL_M": 636.6091914849424,
        "NUEVO_ANILLO_VIAL_M": 325.70792392320504,
        "NUEVO_CICLOVIAS_M": 0.0,
        "NUEVO_BOULEVARD_MACAJI_BELLAVISTA_M": 310.90126756173737,
        "NUEVO_QUEBRADA_LAS_ABRAS_M": 0.0,
        "REQUIERE_REVISION_REDUNDANCIA": false,
        "BENEFICIO_CONTEXTO": "Exclusivo frente a 103+otras49; no sumable",
        "ID": "MUN-028",
        "D_EXCLUSIVOS": 10,
        "V_EXCLUSIVOS": 8,
        "C_EXCLUSIVOS": 18,
        "SOLAPE_EXISTENTES_100_PCT": 0.0,
        "SOLAPE_EXISTENTES_103_PCT": 0.0,
        "SOLAPE_OTRAS49_PCT": 0.0,
        "NUEVAS_EXISTENTES_RELACIONADAS": null,
        "DIST_EXISTENTE_M": 403.75901417713527,
        "LONGITUD_EXCLUSIVA_ANILLO_VIAL_M": 325.70792392320504,
        "LONGITUD_EXCLUSIVA_CICLOVIAS_M": 0.0,
        "LONGITUD_EXCLUSIVA_BOULEVARD_MACAJI_BELLAVISTA_M": 310.90126756173737,
        "LONGITUD_EXCLUSIVA_QUEBRADA_LAS_ABRAS_M": 0.0,
        "JUSTIFICACION_ORIGINAL": null
      },
      "geometry": {
        "type": "Point",
        "coordinates": [
          -78.65487882621181,
          -1.680132060852185
        ]
      }
    },
    {
      "type": "Feature",
      "properties": {
        "ID_PROPUESTA": "MUN-029",
        "ID_ORIGINAL": "COR_03",
        "FILA_ORIGINAL": 29,
        "GRUPO": "RED_ESTRUCTURAL",
        "SUBTIPO": "NODO_CORREDOR",
        "X": 760497.0587999998,
        "Y": 9815522.7103,
        "LONGITUD": -78.6586486074305,
        "LATITUD": -1.6676172304528458,
        "CRITERIO_PRINCIPAL": "Maximo beneficio marginal de longitud adicional sobre ANILLO_VIAL + CICLOVIAS + BOULEVARD_MACAJI_BELLAVISTA",
        "CRITERIOS_SECUNDARIOS": "Interseccion/acceso real; Gi* disponible; incidentes directos; solape marginal; continuidad en empate numerico",
        "CORREDOR": "BOULEVARD_MACAJI_BELLAVISTA",
        "PARROQUIA": null,
        "HOTSPOT_RELACIONADO": "URBANO:CONVIVENCIA:90%|URBANO:CONVIVENCIA:95%|URBANO:CONVIVENCIA:99%|URBANO:DELINCUENCIA:90%|URBANO:DELINCUENCIA:95%|URBANO:DELINCUENCIA:99%",
        "INCIDENTES_ENTORNO": 78,
        "INC_DELINCUENCIA": 18,
        "INC_VIOLENCIA": 2,
        "INC_CONVIVENCIA": 58,
        "EQUIPAMIENTOS_ENTORNO": "Salud_publica_MSP:2|Unidades_Educativas:1",
        "COBERTURA_PREVIA": 48.69235573021108,
        "ORIGEN_CANDIDATO": "NODO_VIAL_URBANO",
        "GRADO_NODO": 3,
        "JUSTIFICACION": "Nodo/cruce real; seleccion iterativa 24. Beneficio marginal 380.3 m ANILLO_VIAL:0.0 m; CICLOVIAS:0.0 m; BOULEVARD_MACAJI_BELLAVISTA:380.3 m. Entorno 200 m: 78 incidentes; solape con escenario actual 48.69%. Pendiente inspeccion de campo.",
        "ESTADO_VALIDACION": "PROPUESTA_REVISADA",
        "ID_CANDIDATO": "EST-0442",
        "ORDEN_SELECCION_GRUPO": 24,
        "BENEFICIO_MARGINAL_M": 380.3313582056984,
        "NUEVO_ANILLO_VIAL_M": 0.0,
        "NUEVO_CICLOVIAS_M": 0.0,
        "NUEVO_BOULEVARD_MACAJI_BELLAVISTA_M": 380.3313582056984,
        "NUEVO_QUEBRADA_LAS_ABRAS_M": 0.0,
        "REQUIERE_REVISION_REDUNDANCIA": false,
        "BENEFICIO_CONTEXTO": "Exclusivo frente a 103+otras49; no sumable",
        "ID": "MUN-029",
        "D_EXCLUSIVOS": 9,
        "V_EXCLUSIVOS": 1,
        "C_EXCLUSIVOS": 40,
        "SOLAPE_EXISTENTES_100_PCT": 48.69235573021108,
        "SOLAPE_EXISTENTES_103_PCT": 48.69235573021108,
        "SOLAPE_OTRAS49_PCT": 48.692355730211084,
        "NUEVAS_EXISTENTES_RELACIONADAS": null,
        "DIST_EXISTENTE_M": 239.89183304223985,
        "LONGITUD_EXCLUSIVA_ANILLO_VIAL_M": 0.0,
        "LONGITUD_EXCLUSIVA_CICLOVIAS_M": 0.0,
        "LONGITUD_EXCLUSIVA_BOULEVARD_MACAJI_BELLAVISTA_M": 380.3313582056984,
        "LONGITUD_EXCLUSIVA_QUEBRADA_LAS_ABRAS_M": 0.0,
        "JUSTIFICACION_ORIGINAL": null
      },
      "geometry": {
        "type": "Point",
        "coordinates": [
          -78.6586486074305,
          -1.6676172304528458
        ]
      }
    },
    {
      "type": "Feature",
      "properties": {
        "ID_PROPUESTA": "MUN-030",
        "ID_ORIGINAL": "COR_04",
        "FILA_ORIGINAL": 30,
        "GRUPO": "RED_ESTRUCTURAL",
        "SUBTIPO": "NODO_MULTICORREDOR",
        "X": 762509.1985999998,
        "Y": 9815808.4628,
        "LONGITUD": -78.6405768015842,
        "LATITUD": -1.665012440267601,
        "CRITERIO_PRINCIPAL": "Maximo beneficio marginal de longitud adicional sobre ANILLO_VIAL + CICLOVIAS + BOULEVARD_MACAJI_BELLAVISTA",
        "CRITERIOS_SECUNDARIOS": "Interseccion/acceso real; Gi* disponible; incidentes directos; solape marginal; continuidad en empate numerico",
        "CORREDOR": "ANILLO_VIAL|BOULEVARD_MACAJI_BELLAVISTA",
        "PARROQUIA": null,
        "HOTSPOT_RELACIONADO": "URBANO:CONVIVENCIA:90%|URBANO:CONVIVENCIA:95%|URBANO:CONVIVENCIA:99%|URBANO:DELINCUENCIA:90%|URBANO:DELINCUENCIA:95%|URBANO:DELINCUENCIA:99%|URBANO:VIOLENCIA:90%|URBANO:VIOLENCIA:95%|URBANO:VIOLENCIA:99%",
        "INCIDENTES_ENTORNO": 89,
        "INC_DELINCUENCIA": 22,
        "INC_VIOLENCIA": 13,
        "INC_CONVIVENCIA": 54,
        "EQUIPAMIENTOS_ENTORNO": "Iglesias:1",
        "COBERTURA_PREVIA": 19.732584141161965,
        "ORIGEN_CANDIDATO": "NODO_VIAL_URBANO",
        "GRADO_NODO": 4,
        "JUSTIFICACION": "Nodo/cruce real; seleccion iterativa 10. Beneficio marginal 456.2 m ANILLO_VIAL:321.1 m; CICLOVIAS:0.0 m; BOULEVARD_MACAJI_BELLAVISTA:135.1 m. Entorno 200 m: 89 incidentes; solape con escenario actual 19.73%. Pendiente inspeccion de campo.",
        "ESTADO_VALIDACION": "PROPUESTA_REVISADA",
        "ID_CANDIDATO": "EST-1454",
        "ORDEN_SELECCION_GRUPO": 10,
        "BENEFICIO_MARGINAL_M": 456.2232202145799,
        "NUEVO_ANILLO_VIAL_M": 321.07499561785215,
        "NUEVO_CICLOVIAS_M": 0.0,
        "NUEVO_BOULEVARD_MACAJI_BELLAVISTA_M": 135.14822459672774,
        "NUEVO_QUEBRADA_LAS_ABRAS_M": 0.0,
        "REQUIERE_REVISION_REDUNDANCIA": false,
        "BENEFICIO_CONTEXTO": "Exclusivo frente a 103+otras49; no sumable",
        "ID": "MUN-030",
        "D_EXCLUSIVOS": 21,
        "V_EXCLUSIVOS": 13,
        "C_EXCLUSIVOS": 52,
        "SOLAPE_EXISTENTES_100_PCT": 19.732584141161965,
        "SOLAPE_EXISTENTES_103_PCT": 19.732584141161965,
        "SOLAPE_OTRAS49_PCT": 19.732584141161965,
        "NUEVAS_EXISTENTES_RELACIONADAS": null,
        "DIST_EXISTENTE_M": 306.6680587094571,
        "LONGITUD_EXCLUSIVA_ANILLO_VIAL_M": 321.07499561785215,
        "LONGITUD_EXCLUSIVA_CICLOVIAS_M": 0.0,
        "LONGITUD_EXCLUSIVA_BOULEVARD_MACAJI_BELLAVISTA_M": 135.14822459672774,
        "LONGITUD_EXCLUSIVA_QUEBRADA_LAS_ABRAS_M": 0.0,
        "JUSTIFICACION_ORIGINAL": null
      },
      "geometry": {
        "type": "Point",
        "coordinates": [
          -78.6405768015842,
          -1.665012440267601
        ]
      }
    },
    {
      "type": "Feature",
      "properties": {
        "ID_PROPUESTA": "MUN-031",
        "ID_ORIGINAL": "COR_05",
        "FILA_ORIGINAL": 31,
        "GRUPO": "RED_ESTRUCTURAL",
        "SUBTIPO": "NODO_CORREDOR",
        "X": 763282.6940000001,
        "Y": 9814151.7302,
        "LONGITUD": -78.63361068009145,
        "LATITUD": -1.6799800403493663,
        "CRITERIO_PRINCIPAL": "Maximo beneficio marginal de longitud adicional sobre ANILLO_VIAL + CICLOVIAS + BOULEVARD_MACAJI_BELLAVISTA",
        "CRITERIOS_SECUNDARIOS": "Interseccion/acceso real; Gi* disponible; incidentes directos; solape marginal; continuidad en empate numerico",
        "CORREDOR": "CICLOVIAS",
        "PARROQUIA": null,
        "HOTSPOT_RELACIONADO": "URBANO:VIOLENCIA:99%",
        "INCIDENTES_ENTORNO": 29,
        "INC_DELINCUENCIA": 9,
        "INC_VIOLENCIA": 5,
        "INC_CONVIVENCIA": 15,
        "EQUIPAMIENTOS_ENTORNO": "Salud_publica_MSP:4",
        "COBERTURA_PREVIA": 0.0,
        "ORIGEN_CANDIDATO": "NODO_VIAL_URBANO",
        "GRADO_NODO": 3,
        "JUSTIFICACION": "Nodo/cruce real; seleccion iterativa 23. Beneficio marginal 400.0 m ANILLO_VIAL:0.0 m; CICLOVIAS:400.0 m; BOULEVARD_MACAJI_BELLAVISTA:0.0 m. Entorno 200 m: 29 incidentes; solape con escenario actual 0.00%. Pendiente inspeccion de campo.",
        "ESTADO_VALIDACION": "PROPUESTA_REVISADA",
        "ID_CANDIDATO": "EST-1773",
        "ORDEN_SELECCION_GRUPO": 23,
        "BENEFICIO_MARGINAL_M": 399.97716111295665,
        "NUEVO_ANILLO_VIAL_M": 0.0,
        "NUEVO_CICLOVIAS_M": 399.97716111295665,
        "NUEVO_BOULEVARD_MACAJI_BELLAVISTA_M": 0.0,
        "NUEVO_QUEBRADA_LAS_ABRAS_M": 0.0,
        "REQUIERE_REVISION_REDUNDANCIA": false,
        "BENEFICIO_CONTEXTO": "Exclusivo frente a 103+otras49; no sumable",
        "ID": "MUN-031",
        "D_EXCLUSIVOS": 9,
        "V_EXCLUSIVOS": 5,
        "C_EXCLUSIVOS": 15,
        "SOLAPE_EXISTENTES_100_PCT": 0.0,
        "SOLAPE_EXISTENTES_103_PCT": 0.0,
        "SOLAPE_OTRAS49_PCT": 0.0,
        "NUEVAS_EXISTENTES_RELACIONADAS": null,
        "DIST_EXISTENTE_M": 533.7002399164481,
        "LONGITUD_EXCLUSIVA_ANILLO_VIAL_M": 0.0,
        "LONGITUD_EXCLUSIVA_CICLOVIAS_M": 399.97716111295665,
        "LONGITUD_EXCLUSIVA_BOULEVARD_MACAJI_BELLAVISTA_M": 0.0,
        "LONGITUD_EXCLUSIVA_QUEBRADA_LAS_ABRAS_M": 0.0,
        "JUSTIFICACION_ORIGINAL": null
      },
      "geometry": {
        "type": "Point",
        "coordinates": [
          -78.63361068009145,
          -1.6799800403493663
        ]
      }
    },
    {
      "type": "Feature",
      "properties": {
        "ID_PROPUESTA": "MUN-032",
        "ID_ORIGINAL": "COR_06",
        "FILA_ORIGINAL": 32,
        "GRUPO": "RED_ESTRUCTURAL",
        "SUBTIPO": "NODO_MULTICORREDOR",
        "X": 762971.1756999996,
        "Y": 9815036.1417,
        "LONGITUD": -78.63641860139039,
        "LATITUD": -1.6719888235573324,
        "CRITERIO_PRINCIPAL": "Maximo beneficio marginal de longitud adicional sobre ANILLO_VIAL + CICLOVIAS + BOULEVARD_MACAJI_BELLAVISTA",
        "CRITERIOS_SECUNDARIOS": "Interseccion/acceso real; Gi* disponible; incidentes directos; solape marginal; continuidad en empate numerico",
        "CORREDOR": "ANILLO_VIAL|BOULEVARD_MACAJI_BELLAVISTA",
        "PARROQUIA": null,
        "HOTSPOT_RELACIONADO": "URBANO:VIOLENCIA:90%|URBANO:VIOLENCIA:95%",
        "INCIDENTES_ENTORNO": 59,
        "INC_DELINCUENCIA": 15,
        "INC_VIOLENCIA": 5,
        "INC_CONVIVENCIA": 39,
        "EQUIPAMIENTOS_ENTORNO": "Unidades_Educativas:2",
        "COBERTURA_PREVIA": 0.0,
        "ORIGEN_CANDIDATO": "NODO_VIAL_URBANO",
        "GRADO_NODO": 4,
        "JUSTIFICACION": "Nodo/cruce real; seleccion iterativa 6. Beneficio marginal 641.6 m ANILLO_VIAL:357.4 m; CICLOVIAS:0.0 m; BOULEVARD_MACAJI_BELLAVISTA:284.2 m. Entorno 200 m: 59 incidentes; solape con escenario actual 0.00%. Pendiente inspeccion de campo.",
        "ESTADO_VALIDACION": "PROPUESTA_REVISADA",
        "ID_CANDIDATO": "EST-1670",
        "ORDEN_SELECCION_GRUPO": 6,
        "BENEFICIO_MARGINAL_M": 641.6055583187854,
        "NUEVO_ANILLO_VIAL_M": 357.4274956558904,
        "NUEVO_CICLOVIAS_M": 0.0,
        "NUEVO_BOULEVARD_MACAJI_BELLAVISTA_M": 284.1780626628949,
        "NUEVO_QUEBRADA_LAS_ABRAS_M": 0.0,
        "REQUIERE_REVISION_REDUNDANCIA": false,
        "BENEFICIO_CONTEXTO": "Exclusivo frente a 103+otras49; no sumable",
        "ID": "MUN-032",
        "D_EXCLUSIVOS": 15,
        "V_EXCLUSIVOS": 5,
        "C_EXCLUSIVOS": 39,
        "SOLAPE_EXISTENTES_100_PCT": 0.0,
        "SOLAPE_EXISTENTES_103_PCT": 0.0,
        "SOLAPE_OTRAS49_PCT": 0.0,
        "NUEVAS_EXISTENTES_RELACIONADAS": null,
        "DIST_EXISTENTE_M": 632.0022113055904,
        "LONGITUD_EXCLUSIVA_ANILLO_VIAL_M": 357.4274956558904,
        "LONGITUD_EXCLUSIVA_CICLOVIAS_M": 0.0,
        "LONGITUD_EXCLUSIVA_BOULEVARD_MACAJI_BELLAVISTA_M": 284.1780626628949,
        "LONGITUD_EXCLUSIVA_QUEBRADA_LAS_ABRAS_M": 0.0,
        "JUSTIFICACION_ORIGINAL": null
      },
      "geometry": {
        "type": "Point",
        "coordinates": [
          -78.63641860139039,
          -1.6719888235573324
        ]
      }
    },
    {
      "type": "Feature",
      "properties": {
        "ID_PROPUESTA": "MUN-033",
        "ID_ORIGINAL": "COR_07",
        "FILA_ORIGINAL": 33,
        "GRUPO": "RED_ESTRUCTURAL",
        "SUBTIPO": "NODO_MULTICORREDOR",
        "X": 759821.3667710747,
        "Y": 9815710.276107736,
        "LONGITUD": -78.6647203430626,
        "LATITUD": -1.6659289553796819,
        "CRITERIO_PRINCIPAL": "Maximo beneficio marginal de longitud adicional sobre ANILLO_VIAL + CICLOVIAS + BOULEVARD_MACAJI_BELLAVISTA",
        "CRITERIOS_SECUNDARIOS": "Interseccion/acceso real; Gi* disponible; incidentes directos; solape marginal; continuidad en empate numerico",
        "CORREDOR": "ANILLO_VIAL|BOULEVARD_MACAJI_BELLAVISTA",
        "PARROQUIA": null,
        "HOTSPOT_RELACIONADO": "URBANO:CONVIVENCIA:99%|URBANO:DELINCUENCIA:90%|URBANO:DELINCUENCIA:99%|URBANO:VIOLENCIA:90%|URBANO:VIOLENCIA:95%|URBANO:VIOLENCIA:99%",
        "INCIDENTES_ENTORNO": 74,
        "INC_DELINCUENCIA": 15,
        "INC_VIOLENCIA": 13,
        "INC_CONVIVENCIA": 46,
        "EQUIPAMIENTOS_ENTORNO": "Sin registros en las capas consultadas",
        "COBERTURA_PREVIA": 32.221439479497896,
        "ORIGEN_CANDIDATO": "CRUCE_BOULEVARD_MACAJI_BELLAVISTA_RED_VIAL",
        "GRADO_NODO": 0,
        "JUSTIFICACION": "Nodo/cruce real; seleccion iterativa 9. Beneficio marginal 482.4 m ANILLO_VIAL:34.4 m; CICLOVIAS:0.0 m; BOULEVARD_MACAJI_BELLAVISTA:448.0 m. Entorno 200 m: 74 incidentes; solape con escenario actual 32.22%. Pendiente inspeccion de campo.",
        "ESTADO_VALIDACION": "PROPUESTA_REVISADA",
        "ID_CANDIDATO": "EST-0196",
        "ORDEN_SELECCION_GRUPO": 9,
        "BENEFICIO_MARGINAL_M": 482.3715152873196,
        "NUEVO_ANILLO_VIAL_M": 34.39429050803885,
        "NUEVO_CICLOVIAS_M": 0.0,
        "NUEVO_BOULEVARD_MACAJI_BELLAVISTA_M": 447.97722477928073,
        "NUEVO_QUEBRADA_LAS_ABRAS_M": 0.0,
        "REQUIERE_REVISION_REDUNDANCIA": false,
        "BENEFICIO_CONTEXTO": "Exclusivo frente a 103+otras49; no sumable",
        "ID": "MUN-033",
        "D_EXCLUSIVOS": 2,
        "V_EXCLUSIVOS": 0,
        "C_EXCLUSIVOS": 11,
        "SOLAPE_EXISTENTES_100_PCT": 32.221439479497896,
        "SOLAPE_EXISTENTES_103_PCT": 32.221439479497896,
        "SOLAPE_OTRAS49_PCT": 55.46811135042909,
        "NUEVAS_EXISTENTES_RELACIONADAS": null,
        "DIST_EXISTENTE_M": 241.9398299694522,
        "LONGITUD_EXCLUSIVA_ANILLO_VIAL_M": 34.39429050803885,
        "LONGITUD_EXCLUSIVA_CICLOVIAS_M": 0.0,
        "LONGITUD_EXCLUSIVA_BOULEVARD_MACAJI_BELLAVISTA_M": 447.97722477928073,
        "LONGITUD_EXCLUSIVA_QUEBRADA_LAS_ABRAS_M": 0.0,
        "JUSTIFICACION_ORIGINAL": null
      },
      "geometry": {
        "type": "Point",
        "coordinates": [
          -78.6647203430626,
          -1.6659289553796819
        ]
      }
    },
    {
      "type": "Feature",
      "properties": {
        "ID_PROPUESTA": "MUN-034",
        "ID_ORIGINAL": "COR_08",
        "FILA_ORIGINAL": 34,
        "GRUPO": "RED_ESTRUCTURAL",
        "SUBTIPO": "NODO_MULTICORREDOR",
        "X": 761778.5944153819,
        "Y": 9816223.767746722,
        "LONGITUD": -78.64714417012738,
        "LATITUD": -1.6612661626163159,
        "CRITERIO_PRINCIPAL": "Maximo beneficio marginal de longitud adicional sobre ANILLO_VIAL + CICLOVIAS + BOULEVARD_MACAJI_BELLAVISTA",
        "CRITERIOS_SECUNDARIOS": "Interseccion/acceso real; Gi* disponible; incidentes directos; solape marginal; continuidad en empate numerico",
        "CORREDOR": "ANILLO_VIAL|CICLOVIAS",
        "PARROQUIA": null,
        "HOTSPOT_RELACIONADO": "URBANO:CONVIVENCIA:90%|URBANO:CONVIVENCIA:95%|URBANO:CONVIVENCIA:99%|URBANO:VIOLENCIA:90%|URBANO:VIOLENCIA:95%",
        "INCIDENTES_ENTORNO": 82,
        "INC_DELINCUENCIA": 16,
        "INC_VIOLENCIA": 8,
        "INC_CONVIVENCIA": 58,
        "EQUIPAMIENTOS_ENTORNO": "Sin registros en las capas consultadas",
        "COBERTURA_PREVIA": 0.3839816444602508,
        "ORIGEN_CANDIDATO": "CRUCE_ANILLO_VIAL_RED_VIAL",
        "GRADO_NODO": 0,
        "JUSTIFICACION": "Nodo/cruce real; seleccion iterativa 2. Beneficio marginal 805.1 m ANILLO_VIAL:472.3 m; CICLOVIAS:332.8 m; BOULEVARD_MACAJI_BELLAVISTA:0.0 m. Entorno 200 m: 82 incidentes; solape con escenario actual 0.38%. Pendiente inspeccion de campo.",
        "ESTADO_VALIDACION": "PROPUESTA_REVISADA",
        "ID_CANDIDATO": "EST-1076",
        "ORDEN_SELECCION_GRUPO": 2,
        "BENEFICIO_MARGINAL_M": 805.1282956497887,
        "NUEVO_ANILLO_VIAL_M": 472.2883525061908,
        "NUEVO_CICLOVIAS_M": 332.83994314359796,
        "NUEVO_BOULEVARD_MACAJI_BELLAVISTA_M": 0.0,
        "NUEVO_QUEBRADA_LAS_ABRAS_M": 0.0,
        "REQUIERE_REVISION_REDUNDANCIA": false,
        "BENEFICIO_CONTEXTO": "Exclusivo frente a 103+otras49; no sumable",
        "ID": "MUN-034",
        "D_EXCLUSIVOS": 16,
        "V_EXCLUSIVOS": 8,
        "C_EXCLUSIVOS": 58,
        "SOLAPE_EXISTENTES_100_PCT": 0.3839816444602508,
        "SOLAPE_EXISTENTES_103_PCT": 0.3839816444602508,
        "SOLAPE_OTRAS49_PCT": 0.3839816444602508,
        "NUEVAS_EXISTENTES_RELACIONADAS": null,
        "DIST_EXISTENTE_M": 391.277536470335,
        "LONGITUD_EXCLUSIVA_ANILLO_VIAL_M": 472.2883525061908,
        "LONGITUD_EXCLUSIVA_CICLOVIAS_M": 332.83994314359796,
        "LONGITUD_EXCLUSIVA_BOULEVARD_MACAJI_BELLAVISTA_M": 0.0,
        "LONGITUD_EXCLUSIVA_QUEBRADA_LAS_ABRAS_M": 0.0,
        "JUSTIFICACION_ORIGINAL": null
      },
      "geometry": {
        "type": "Point",
        "coordinates": [
          -78.64714417012738,
          -1.6612661626163159
        ]
      }
    },
    {
      "type": "Feature",
      "properties": {
        "ID_PROPUESTA": "MUN-035",
        "ID_ORIGINAL": "COR_09",
        "FILA_ORIGINAL": 35,
        "GRUPO": "RED_ESTRUCTURAL",
        "SUBTIPO": "NODO_CORREDOR",
        "X": 761188.3692608943,
        "Y": 9814463.534445105,
        "LONGITUD": -78.65242721380453,
        "LATITUD": -1.6771843025820166,
        "CRITERIO_PRINCIPAL": "Maximo beneficio marginal de longitud adicional sobre ANILLO_VIAL + CICLOVIAS + BOULEVARD_MACAJI_BELLAVISTA",
        "CRITERIOS_SECUNDARIOS": "Interseccion/acceso real; Gi* disponible; incidentes directos; solape marginal; continuidad en empate numerico",
        "CORREDOR": "BOULEVARD_MACAJI_BELLAVISTA",
        "PARROQUIA": null,
        "HOTSPOT_RELACIONADO": "URBANO:VIOLENCIA:90%",
        "INCIDENTES_ENTORNO": 45,
        "INC_DELINCUENCIA": 5,
        "INC_VIOLENCIA": 4,
        "INC_CONVIVENCIA": 36,
        "EQUIPAMIENTOS_ENTORNO": "Iglesias:1|Salud_privada_MSP:1|Salud_publica_MSP:1",
        "COBERTURA_PREVIA": 0.0,
        "ORIGEN_CANDIDATO": "CRUCE_BOULEVARD_MACAJI_BELLAVISTA_RED_VIAL",
        "GRADO_NODO": 0,
        "JUSTIFICACION": "Nodo/cruce real; seleccion iterativa 20. Beneficio marginal 400.0 m ANILLO_VIAL:0.0 m; CICLOVIAS:0.0 m; BOULEVARD_MACAJI_BELLAVISTA:400.0 m. Entorno 200 m: 45 incidentes; solape con escenario actual 0.00%. Pendiente inspeccion de campo.",
        "ESTADO_VALIDACION": "PROPUESTA_REVISADA",
        "ID_CANDIDATO": "EST-0735",
        "ORDEN_SELECCION_GRUPO": 20,
        "BENEFICIO_MARGINAL_M": 400.0331882542285,
        "NUEVO_ANILLO_VIAL_M": 0.0,
        "NUEVO_CICLOVIAS_M": 0.0,
        "NUEVO_BOULEVARD_MACAJI_BELLAVISTA_M": 400.0331882542285,
        "NUEVO_QUEBRADA_LAS_ABRAS_M": 0.0,
        "REQUIERE_REVISION_REDUNDANCIA": false,
        "BENEFICIO_CONTEXTO": "Exclusivo frente a 103+otras49; no sumable",
        "ID": "MUN-035",
        "D_EXCLUSIVOS": 5,
        "V_EXCLUSIVOS": 4,
        "C_EXCLUSIVOS": 36,
        "SOLAPE_EXISTENTES_100_PCT": 0.0,
        "SOLAPE_EXISTENTES_103_PCT": 0.0,
        "SOLAPE_OTRAS49_PCT": 0.0,
        "NUEVAS_EXISTENTES_RELACIONADAS": null,
        "DIST_EXISTENTE_M": 407.35754352861704,
        "LONGITUD_EXCLUSIVA_ANILLO_VIAL_M": 0.0,
        "LONGITUD_EXCLUSIVA_CICLOVIAS_M": 0.0,
        "LONGITUD_EXCLUSIVA_BOULEVARD_MACAJI_BELLAVISTA_M": 400.0331882542285,
        "LONGITUD_EXCLUSIVA_QUEBRADA_LAS_ABRAS_M": 0.0,
        "JUSTIFICACION_ORIGINAL": null
      },
      "geometry": {
        "type": "Point",
        "coordinates": [
          -78.65242721380453,
          -1.6771843025820166
        ]
      }
    },
    {
      "type": "Feature",
      "properties": {
        "ID_PROPUESTA": "MUN-036",
        "ID_ORIGINAL": "COR_10",
        "FILA_ORIGINAL": 36,
        "GRUPO": "RED_ESTRUCTURAL",
        "SUBTIPO": "NODO_CORREDOR",
        "X": 763278.3669999996,
        "Y": 9813064.4855,
        "LONGITUD": -78.63363768197621,
        "LATITUD": -1.6898082015940679,
        "CRITERIO_PRINCIPAL": "Maximo beneficio marginal de longitud adicional sobre ANILLO_VIAL + CICLOVIAS + BOULEVARD_MACAJI_BELLAVISTA",
        "CRITERIOS_SECUNDARIOS": "Interseccion/acceso real; Gi* disponible; incidentes directos; solape marginal; continuidad en empate numerico",
        "CORREDOR": "ANILLO_VIAL",
        "PARROQUIA": null,
        "HOTSPOT_RELACIONADO": "RURAL:CONVIVENCIA:99%|RURAL:DELINCUENCIA:99%|RURAL:VIOLENCIA:99%",
        "INCIDENTES_ENTORNO": 57,
        "INC_DELINCUENCIA": 14,
        "INC_VIOLENCIA": 7,
        "INC_CONVIVENCIA": 36,
        "EQUIPAMIENTOS_ENTORNO": "Unidades_Educativas:1",
        "COBERTURA_PREVIA": 1.4261452568438275,
        "ORIGEN_CANDIDATO": "NODO_VIAL_URBANO",
        "GRADO_NODO": 3,
        "JUSTIFICACION": "Nodo/cruce real; seleccion iterativa 12. Beneficio marginal 409.6 m ANILLO_VIAL:409.6 m; CICLOVIAS:0.0 m; BOULEVARD_MACAJI_BELLAVISTA:0.0 m. Entorno 200 m: 57 incidentes; solape con escenario actual 0.06%. Pendiente inspeccion de campo.",
        "ESTADO_VALIDACION": "PROPUESTA_REVISADA",
        "ID_CANDIDATO": "EST-1771",
        "ORDEN_SELECCION_GRUPO": 12,
        "BENEFICIO_MARGINAL_M": 409.5581411975355,
        "NUEVO_ANILLO_VIAL_M": 409.5581411975355,
        "NUEVO_CICLOVIAS_M": 0.0,
        "NUEVO_BOULEVARD_MACAJI_BELLAVISTA_M": 0.0,
        "NUEVO_QUEBRADA_LAS_ABRAS_M": 0.0,
        "REQUIERE_REVISION_REDUNDANCIA": true,
        "BENEFICIO_CONTEXTO": "Exclusivo frente a 103+otras49; no sumable",
        "ID": "MUN-036",
        "D_EXCLUSIVOS": 13,
        "V_EXCLUSIVOS": 7,
        "C_EXCLUSIVOS": 36,
        "SOLAPE_EXISTENTES_100_PCT": 0.0610029639647668,
        "SOLAPE_EXISTENTES_103_PCT": 1.4261452568438275,
        "SOLAPE_OTRAS49_PCT": 1.4261452568438275,
        "NUEVAS_EXISTENTES_RELACIONADAS": "RIO-016-DOMO|RIO-017-FIJA",
        "DIST_EXISTENTE_M": 379.6488216929597,
        "LONGITUD_EXCLUSIVA_ANILLO_VIAL_M": 409.5581411975355,
        "LONGITUD_EXCLUSIVA_CICLOVIAS_M": 0.0,
        "LONGITUD_EXCLUSIVA_BOULEVARD_MACAJI_BELLAVISTA_M": 0.0,
        "LONGITUD_EXCLUSIVA_QUEBRADA_LAS_ABRAS_M": 0.0,
        "JUSTIFICACION_ORIGINAL": null
      },
      "geometry": {
        "type": "Point",
        "coordinates": [
          -78.63363768197621,
          -1.6898082015940679
        ]
      }
    },
    {
      "type": "Feature",
      "properties": {
        "ID_PROPUESTA": "MUN-037",
        "ID_ORIGINAL": "COR_11",
        "FILA_ORIGINAL": 37,
        "GRUPO": "RED_ESTRUCTURAL",
        "SUBTIPO": "NODO_CORREDOR",
        "X": 762869.6135999998,
        "Y": 9814258.0785,
        "LONGITUD": -78.63732248687815,
        "LATITUD": -1.679023226012349,
        "CRITERIO_PRINCIPAL": "Maximo beneficio marginal de longitud adicional sobre ANILLO_VIAL + CICLOVIAS + BOULEVARD_MACAJI_BELLAVISTA",
        "CRITERIOS_SECUNDARIOS": "Interseccion/acceso real; Gi* disponible; incidentes directos; solape marginal; continuidad en empate numerico",
        "CORREDOR": "CICLOVIAS",
        "PARROQUIA": null,
        "HOTSPOT_RELACIONADO": "URBANO:CONVIVENCIA:90%|URBANO:CONVIVENCIA:95%|URBANO:DELINCUENCIA:95%|URBANO:DELINCUENCIA:99%|URBANO:VIOLENCIA:95%",
        "INCIDENTES_ENTORNO": 52,
        "INC_DELINCUENCIA": 11,
        "INC_VIOLENCIA": 7,
        "INC_CONVIVENCIA": 34,
        "EQUIPAMIENTOS_ENTORNO": "Salud_publica_MSP:2|Unidades_Educativas:2",
        "COBERTURA_PREVIA": 0.0,
        "ORIGEN_CANDIDATO": "NODO_VIAL_URBANO",
        "GRADO_NODO": 3,
        "JUSTIFICACION": "Nodo/cruce real; seleccion iterativa 11. Beneficio marginal 416.1 m ANILLO_VIAL:0.0 m; CICLOVIAS:416.1 m; BOULEVARD_MACAJI_BELLAVISTA:0.0 m. Entorno 200 m: 52 incidentes; solape con escenario actual 0.00%. Pendiente inspeccion de campo.",
        "ESTADO_VALIDACION": "PROPUESTA_REVISADA",
        "ID_CANDIDATO": "EST-1623",
        "ORDEN_SELECCION_GRUPO": 11,
        "BENEFICIO_MARGINAL_M": 416.0978554855238,
        "NUEVO_ANILLO_VIAL_M": 0.0,
        "NUEVO_CICLOVIAS_M": 416.0978554855238,
        "NUEVO_BOULEVARD_MACAJI_BELLAVISTA_M": 0.0,
        "NUEVO_QUEBRADA_LAS_ABRAS_M": 0.0,
        "REQUIERE_REVISION_REDUNDANCIA": false,
        "BENEFICIO_CONTEXTO": "Exclusivo frente a 103+otras49; no sumable",
        "ID": "MUN-037",
        "D_EXCLUSIVOS": 11,
        "V_EXCLUSIVOS": 7,
        "C_EXCLUSIVOS": 32,
        "SOLAPE_EXISTENTES_100_PCT": 0.0,
        "SOLAPE_EXISTENTES_103_PCT": 0.0,
        "SOLAPE_OTRAS49_PCT": 4.632908985426397,
        "NUEVAS_EXISTENTES_RELACIONADAS": null,
        "DIST_EXISTENTE_M": 406.911382031863,
        "LONGITUD_EXCLUSIVA_ANILLO_VIAL_M": 0.0,
        "LONGITUD_EXCLUSIVA_CICLOVIAS_M": 416.0978554855238,
        "LONGITUD_EXCLUSIVA_BOULEVARD_MACAJI_BELLAVISTA_M": 0.0,
        "LONGITUD_EXCLUSIVA_QUEBRADA_LAS_ABRAS_M": 0.0,
        "JUSTIFICACION_ORIGINAL": null
      },
      "geometry": {
        "type": "Point",
        "coordinates": [
          -78.63732248687815,
          -1.679023226012349
        ]
      }
    },
    {
      "type": "Feature",
      "properties": {
        "ID_PROPUESTA": "MUN-038",
        "ID_ORIGINAL": "COR_12",
        "FILA_ORIGINAL": 38,
        "GRUPO": "RED_ESTRUCTURAL",
        "SUBTIPO": "NODO_MULTICORREDOR",
        "X": 762618.5919000003,
        "Y": 9814507.345,
        "LONGITUD": -78.63958009097469,
        "LATITUD": -1.6767727214718295,
        "CRITERIO_PRINCIPAL": "Maximo beneficio marginal de longitud adicional sobre ANILLO_VIAL + CICLOVIAS + BOULEVARD_MACAJI_BELLAVISTA",
        "CRITERIOS_SECUNDARIOS": "Interseccion/acceso real; Gi* disponible; incidentes directos; solape marginal; continuidad en empate numerico",
        "CORREDOR": "CICLOVIAS|BOULEVARD_MACAJI_BELLAVISTA",
        "PARROQUIA": null,
        "HOTSPOT_RELACIONADO": "URBANO:CONVIVENCIA:95%|URBANO:DELINCUENCIA:99%",
        "INCIDENTES_ENTORNO": 37,
        "INC_DELINCUENCIA": 9,
        "INC_VIOLENCIA": 8,
        "INC_CONVIVENCIA": 20,
        "EQUIPAMIENTOS_ENTORNO": "Unidades_Educativas:3",
        "COBERTURA_PREVIA": 6.35778198084759,
        "ORIGEN_CANDIDATO": "NODO_VIAL_URBANO",
        "GRADO_NODO": 4,
        "JUSTIFICACION": "Nodo/cruce real; seleccion iterativa 5. Beneficio marginal 708.5 m ANILLO_VIAL:0.0 m; CICLOVIAS:352.9 m; BOULEVARD_MACAJI_BELLAVISTA:355.7 m. Entorno 200 m: 37 incidentes; solape con escenario actual 6.36%. Pendiente inspeccion de campo.",
        "ESTADO_VALIDACION": "PROPUESTA_REVISADA",
        "ID_CANDIDATO": "EST-1497",
        "ORDEN_SELECCION_GRUPO": 5,
        "BENEFICIO_MARGINAL_M": 696.6469646070906,
        "NUEVO_ANILLO_VIAL_M": 0.0,
        "NUEVO_CICLOVIAS_M": 340.9923633103534,
        "NUEVO_BOULEVARD_MACAJI_BELLAVISTA_M": 355.65460129673716,
        "NUEVO_QUEBRADA_LAS_ABRAS_M": 0.0,
        "REQUIERE_REVISION_REDUNDANCIA": false,
        "BENEFICIO_CONTEXTO": "Exclusivo frente a 103+otras49; no sumable",
        "ID": "MUN-038",
        "D_EXCLUSIVOS": 8,
        "V_EXCLUSIVOS": 8,
        "C_EXCLUSIVOS": 15,
        "SOLAPE_EXISTENTES_100_PCT": 6.35778198084759,
        "SOLAPE_EXISTENTES_103_PCT": 6.35778198084759,
        "SOLAPE_OTRAS49_PCT": 10.990690966273986,
        "NUEVAS_EXISTENTES_RELACIONADAS": null,
        "DIST_EXISTENTE_M": 342.73736635075835,
        "LONGITUD_EXCLUSIVA_ANILLO_VIAL_M": 0.0,
        "LONGITUD_EXCLUSIVA_CICLOVIAS_M": 340.9923633103534,
        "LONGITUD_EXCLUSIVA_BOULEVARD_MACAJI_BELLAVISTA_M": 355.65460129673716,
        "LONGITUD_EXCLUSIVA_QUEBRADA_LAS_ABRAS_M": 0.0,
        "JUSTIFICACION_ORIGINAL": null
      },
      "geometry": {
        "type": "Point",
        "coordinates": [
          -78.63958009097469,
          -1.6767727214718295
        ]
      }
    },
    {
      "type": "Feature",
      "properties": {
        "ID_PROPUESTA": "MUN-039",
        "ID_ORIGINAL": "COR_13",
        "FILA_ORIGINAL": 39,
        "GRUPO": "RED_ESTRUCTURAL",
        "SUBTIPO": "NODO_CORREDOR",
        "X": 763637.4111000001,
        "Y": 9813467.9039,
        "LONGITUD": -78.63041684121173,
        "LATITUD": -1.686157564730574,
        "CRITERIO_PRINCIPAL": "Maximo beneficio marginal de longitud adicional sobre ANILLO_VIAL + CICLOVIAS + BOULEVARD_MACAJI_BELLAVISTA",
        "CRITERIOS_SECUNDARIOS": "Interseccion/acceso real; Gi* disponible; incidentes directos; solape marginal; continuidad en empate numerico",
        "CORREDOR": "ANILLO_VIAL",
        "PARROQUIA": null,
        "HOTSPOT_RELACIONADO": "URBANO:VIOLENCIA:90%",
        "INCIDENTES_ENTORNO": 17,
        "INC_DELINCUENCIA": 5,
        "INC_VIOLENCIA": 6,
        "INC_CONVIVENCIA": 6,
        "EQUIPAMIENTOS_ENTORNO": "Sin registros en las capas consultadas",
        "COBERTURA_PREVIA": 0.0,
        "ORIGEN_CANDIDATO": "NODO_VIAL_URBANO",
        "GRADO_NODO": 3,
        "JUSTIFICACION": "Nodo/cruce real; seleccion iterativa 16. Beneficio marginal 405.4 m ANILLO_VIAL:405.4 m; CICLOVIAS:0.0 m; BOULEVARD_MACAJI_BELLAVISTA:0.0 m. Entorno 200 m: 17 incidentes; solape con escenario actual 0.00%. Pendiente inspeccion de campo.",
        "ESTADO_VALIDACION": "PROPUESTA_REVISADA",
        "ID_CANDIDATO": "EST-1844",
        "ORDEN_SELECCION_GRUPO": 16,
        "BENEFICIO_MARGINAL_M": 405.37521756402936,
        "NUEVO_ANILLO_VIAL_M": 405.37521756402936,
        "NUEVO_CICLOVIAS_M": 0.0,
        "NUEVO_BOULEVARD_MACAJI_BELLAVISTA_M": 0.0,
        "NUEVO_QUEBRADA_LAS_ABRAS_M": 0.0,
        "REQUIERE_REVISION_REDUNDANCIA": false,
        "BENEFICIO_CONTEXTO": "Exclusivo frente a 103+otras49; no sumable",
        "ID": "MUN-039",
        "D_EXCLUSIVOS": 5,
        "V_EXCLUSIVOS": 6,
        "C_EXCLUSIVOS": 6,
        "SOLAPE_EXISTENTES_100_PCT": 0.0,
        "SOLAPE_EXISTENTES_103_PCT": 0.0,
        "SOLAPE_OTRAS49_PCT": 0.0,
        "NUEVAS_EXISTENTES_RELACIONADAS": null,
        "DIST_EXISTENTE_M": 414.7806694692635,
        "LONGITUD_EXCLUSIVA_ANILLO_VIAL_M": 405.37521756402936,
        "LONGITUD_EXCLUSIVA_CICLOVIAS_M": 0.0,
        "LONGITUD_EXCLUSIVA_BOULEVARD_MACAJI_BELLAVISTA_M": 0.0,
        "LONGITUD_EXCLUSIVA_QUEBRADA_LAS_ABRAS_M": 0.0,
        "JUSTIFICACION_ORIGINAL": null
      },
      "geometry": {
        "type": "Point",
        "coordinates": [
          -78.63041684121173,
          -1.686157564730574
        ]
      }
    },
    {
      "type": "Feature",
      "properties": {
        "ID_PROPUESTA": "MUN-040",
        "ID_ORIGINAL": "COR_14",
        "FILA_ORIGINAL": 40,
        "GRUPO": "RED_ESTRUCTURAL",
        "SUBTIPO": "NODO_CORREDOR",
        "X": 760000.1564999996,
        "Y": 9817907.0795,
        "LONGITUD": -78.66313754753601,
        "LATITUD": -1.64606867592429,
        "CRITERIO_PRINCIPAL": "Maximo beneficio marginal de longitud adicional sobre ANILLO_VIAL + CICLOVIAS + BOULEVARD_MACAJI_BELLAVISTA",
        "CRITERIOS_SECUNDARIOS": "Interseccion/acceso real; Gi* disponible; incidentes directos; solape marginal; continuidad en empate numerico",
        "CORREDOR": "CICLOVIAS",
        "PARROQUIA": null,
        "HOTSPOT_RELACIONADO": "Sin interseccion positiva con Hot Spot",
        "INCIDENTES_ENTORNO": 17,
        "INC_DELINCUENCIA": 1,
        "INC_VIOLENCIA": 5,
        "INC_CONVIVENCIA": 11,
        "EQUIPAMIENTOS_ENTORNO": "Sin registros en las capas consultadas",
        "COBERTURA_PREVIA": 10.450239753685462,
        "ORIGEN_CANDIDATO": "NODO_VIAL_URBANO",
        "GRADO_NODO": 4,
        "JUSTIFICACION": "Nodo/cruce real; seleccion iterativa 18. Beneficio marginal 403.1 m ANILLO_VIAL:0.0 m; CICLOVIAS:403.1 m; BOULEVARD_MACAJI_BELLAVISTA:0.0 m. Entorno 200 m: 17 incidentes; solape con escenario actual 10.45%. Pendiente inspeccion de campo.",
        "ESTADO_VALIDACION": "PROPUESTA_REVISADA",
        "ID_CANDIDATO": "EST-0239",
        "ORDEN_SELECCION_GRUPO": 18,
        "BENEFICIO_MARGINAL_M": 403.1288279454213,
        "NUEVO_ANILLO_VIAL_M": 0.0,
        "NUEVO_CICLOVIAS_M": 403.1288279454213,
        "NUEVO_BOULEVARD_MACAJI_BELLAVISTA_M": 0.0,
        "NUEVO_QUEBRADA_LAS_ABRAS_M": 0.0,
        "REQUIERE_REVISION_REDUNDANCIA": false,
        "BENEFICIO_CONTEXTO": "Exclusivo frente a 103+otras49; no sumable",
        "ID": "MUN-040",
        "D_EXCLUSIVOS": 1,
        "V_EXCLUSIVOS": 4,
        "C_EXCLUSIVOS": 9,
        "SOLAPE_EXISTENTES_100_PCT": 10.450239753685462,
        "SOLAPE_EXISTENTES_103_PCT": 10.450239753685462,
        "SOLAPE_OTRAS49_PCT": 16.9018615400456,
        "NUEVAS_EXISTENTES_RELACIONADAS": null,
        "DIST_EXISTENTE_M": 319.76709906703985,
        "LONGITUD_EXCLUSIVA_ANILLO_VIAL_M": 0.0,
        "LONGITUD_EXCLUSIVA_CICLOVIAS_M": 403.1288279454213,
        "LONGITUD_EXCLUSIVA_BOULEVARD_MACAJI_BELLAVISTA_M": 0.0,
        "LONGITUD_EXCLUSIVA_QUEBRADA_LAS_ABRAS_M": 0.0,
        "JUSTIFICACION_ORIGINAL": null
      },
      "geometry": {
        "type": "Point",
        "coordinates": [
          -78.66313754753601,
          -1.64606867592429
        ]
      }
    },
    {
      "type": "Feature",
      "properties": {
        "ID_PROPUESTA": "MUN-041",
        "ID_ORIGINAL": "COR_15",
        "FILA_ORIGINAL": 41,
        "GRUPO": "RED_ESTRUCTURAL",
        "SUBTIPO": "NODO_CORREDOR",
        "X": 758733.3109886354,
        "Y": 9817164.6007384,
        "LONGITUD": -78.67450975124248,
        "LATITUD": -1.6527938808096376,
        "CRITERIO_PRINCIPAL": "Maximo beneficio marginal de longitud adicional sobre ANILLO_VIAL + CICLOVIAS + BOULEVARD_MACAJI_BELLAVISTA",
        "CRITERIOS_SECUNDARIOS": "Interseccion/acceso real; Gi* disponible; incidentes directos; solape marginal; continuidad en empate numerico",
        "CORREDOR": "CICLOVIAS",
        "PARROQUIA": null,
        "HOTSPOT_RELACIONADO": "URBANO:CONVIVENCIA:90%|URBANO:CONVIVENCIA:95%|URBANO:VIOLENCIA:90%",
        "INCIDENTES_ENTORNO": 61,
        "INC_DELINCUENCIA": 8,
        "INC_VIOLENCIA": 7,
        "INC_CONVIVENCIA": 46,
        "EQUIPAMIENTOS_ENTORNO": "Salud_publica_MSP:1",
        "COBERTURA_PREVIA": 0.0,
        "ORIGEN_CANDIDATO": "CRUCE_CICLOVIAS_RED_VIAL",
        "GRADO_NODO": 0,
        "JUSTIFICACION": "Nodo/cruce real; seleccion iterativa 21. Beneficio marginal 400.0 m ANILLO_VIAL:0.0 m; CICLOVIAS:400.0 m; BOULEVARD_MACAJI_BELLAVISTA:0.0 m. Entorno 200 m: 61 incidentes; solape con escenario actual 0.00%. Pendiente inspeccion de campo.",
        "ESTADO_VALIDACION": "PROPUESTA_REVISADA",
        "ID_CANDIDATO": "EST-0057",
        "ORDEN_SELECCION_GRUPO": 21,
        "BENEFICIO_MARGINAL_M": 399.99329625677586,
        "NUEVO_ANILLO_VIAL_M": 0.0,
        "NUEVO_CICLOVIAS_M": 399.99329625677586,
        "NUEVO_BOULEVARD_MACAJI_BELLAVISTA_M": 0.0,
        "NUEVO_QUEBRADA_LAS_ABRAS_M": 0.0,
        "REQUIERE_REVISION_REDUNDANCIA": false,
        "BENEFICIO_CONTEXTO": "Exclusivo frente a 103+otras49; no sumable",
        "ID": "MUN-041",
        "D_EXCLUSIVOS": 8,
        "V_EXCLUSIVOS": 7,
        "C_EXCLUSIVOS": 46,
        "SOLAPE_EXISTENTES_100_PCT": 0.0,
        "SOLAPE_EXISTENTES_103_PCT": 0.0,
        "SOLAPE_OTRAS49_PCT": 0.0,
        "NUEVAS_EXISTENTES_RELACIONADAS": null,
        "DIST_EXISTENTE_M": 544.3545544106299,
        "LONGITUD_EXCLUSIVA_ANILLO_VIAL_M": 0.0,
        "LONGITUD_EXCLUSIVA_CICLOVIAS_M": 399.99329625677586,
        "LONGITUD_EXCLUSIVA_BOULEVARD_MACAJI_BELLAVISTA_M": 0.0,
        "LONGITUD_EXCLUSIVA_QUEBRADA_LAS_ABRAS_M": 0.0,
        "JUSTIFICACION_ORIGINAL": null
      },
      "geometry": {
        "type": "Point",
        "coordinates": [
          -78.67450975124248,
          -1.6527938808096376
        ]
      }
    },
    {
      "type": "Feature",
      "properties": {
        "ID_PROPUESTA": "MUN-042",
        "ID_ORIGINAL": "COR_16",
        "FILA_ORIGINAL": 42,
        "GRUPO": "RED_ESTRUCTURAL",
        "SUBTIPO": "NODO_CORREDOR",
        "X": 760451.331522436,
        "Y": 9817230.483883394,
        "LONGITUD": -78.65907754044908,
        "LATITUD": -1.652180069907964,
        "CRITERIO_PRINCIPAL": "Maximo beneficio marginal de longitud adicional sobre ANILLO_VIAL + CICLOVIAS + BOULEVARD_MACAJI_BELLAVISTA",
        "CRITERIOS_SECUNDARIOS": "Interseccion/acceso real; Gi* disponible; incidentes directos; solape marginal; continuidad en empate numerico",
        "CORREDOR": "CICLOVIAS",
        "PARROQUIA": null,
        "HOTSPOT_RELACIONADO": "Sin interseccion positiva con Hot Spot",
        "INCIDENTES_ENTORNO": 9,
        "INC_DELINCUENCIA": 1,
        "INC_VIOLENCIA": 5,
        "INC_CONVIVENCIA": 3,
        "EQUIPAMIENTOS_ENTORNO": "Sin registros en las capas consultadas",
        "COBERTURA_PREVIA": 0.0,
        "ORIGEN_CANDIDATO": "CRUCE_CICLOVIAS_RED_VIAL",
        "GRADO_NODO": 0,
        "JUSTIFICACION": "Nodo/cruce real; seleccion iterativa 3. Beneficio marginal 801.2 m ANILLO_VIAL:0.0 m; CICLOVIAS:801.2 m; BOULEVARD_MACAJI_BELLAVISTA:0.0 m. Entorno 200 m: 9 incidentes; solape con escenario actual 0.00%. Pendiente inspeccion de campo.",
        "ESTADO_VALIDACION": "PROPUESTA_REVISADA",
        "ID_CANDIDATO": "EST-0423",
        "ORDEN_SELECCION_GRUPO": 3,
        "BENEFICIO_MARGINAL_M": 801.2281716937503,
        "NUEVO_ANILLO_VIAL_M": 0.0,
        "NUEVO_CICLOVIAS_M": 801.2281716937503,
        "NUEVO_BOULEVARD_MACAJI_BELLAVISTA_M": 0.0,
        "NUEVO_QUEBRADA_LAS_ABRAS_M": 0.0,
        "REQUIERE_REVISION_REDUNDANCIA": false,
        "BENEFICIO_CONTEXTO": "Exclusivo frente a 103+otras49; no sumable",
        "ID": "MUN-042",
        "D_EXCLUSIVOS": 1,
        "V_EXCLUSIVOS": 5,
        "C_EXCLUSIVOS": 3,
        "SOLAPE_EXISTENTES_100_PCT": 0.0,
        "SOLAPE_EXISTENTES_103_PCT": 0.0,
        "SOLAPE_OTRAS49_PCT": 0.0,
        "NUEVAS_EXISTENTES_RELACIONADAS": null,
        "DIST_EXISTENTE_M": 505.23909713235804,
        "LONGITUD_EXCLUSIVA_ANILLO_VIAL_M": 0.0,
        "LONGITUD_EXCLUSIVA_CICLOVIAS_M": 801.2281716937503,
        "LONGITUD_EXCLUSIVA_BOULEVARD_MACAJI_BELLAVISTA_M": 0.0,
        "LONGITUD_EXCLUSIVA_QUEBRADA_LAS_ABRAS_M": 0.0,
        "JUSTIFICACION_ORIGINAL": null
      },
      "geometry": {
        "type": "Point",
        "coordinates": [
          -78.65907754044908,
          -1.652180069907964
        ]
      }
    },
    {
      "type": "Feature",
      "properties": {
        "ID_PROPUESTA": "MUN-043",
        "ID_ORIGINAL": "COR_17",
        "FILA_ORIGINAL": 43,
        "GRUPO": "RED_ESTRUCTURAL",
        "SUBTIPO": "NODO_CORREDOR",
        "X": 762265.8403000003,
        "Y": 9813432.3272,
        "LONGITUD": -78.64273715826398,
        "LATITUD": -1.6864942185891811,
        "CRITERIO_PRINCIPAL": "Maximo beneficio marginal de longitud adicional sobre ANILLO_VIAL + CICLOVIAS + BOULEVARD_MACAJI_BELLAVISTA",
        "CRITERIOS_SECUNDARIOS": "Interseccion/acceso real; Gi* disponible; incidentes directos; solape marginal; continuidad en empate numerico",
        "CORREDOR": "ANILLO_VIAL",
        "PARROQUIA": null,
        "HOTSPOT_RELACIONADO": "URBANO:DELINCUENCIA:90%|URBANO:DELINCUENCIA:95%|URBANO:VIOLENCIA:90%|URBANO:VIOLENCIA:95%|URBANO:VIOLENCIA:99%",
        "INCIDENTES_ENTORNO": 40,
        "INC_DELINCUENCIA": 14,
        "INC_VIOLENCIA": 8,
        "INC_CONVIVENCIA": 18,
        "EQUIPAMIENTOS_ENTORNO": "Iglesias:1",
        "COBERTURA_PREVIA": 12.060591589873209,
        "ORIGEN_CANDIDATO": "NODO_VIAL_URBANO",
        "GRADO_NODO": 3,
        "JUSTIFICACION": "Nodo/cruce real; seleccion iterativa 13. Beneficio marginal 409.5 m ANILLO_VIAL:409.5 m; CICLOVIAS:0.0 m; BOULEVARD_MACAJI_BELLAVISTA:0.0 m. Entorno 200 m: 40 incidentes; solape con escenario actual 12.06%. Pendiente inspeccion de campo.",
        "ESTADO_VALIDACION": "PROPUESTA_REVISADA",
        "ID_CANDIDATO": "EST-1350",
        "ORDEN_SELECCION_GRUPO": 13,
        "BENEFICIO_MARGINAL_M": 409.5326125888015,
        "NUEVO_ANILLO_VIAL_M": 409.5326125888015,
        "NUEVO_CICLOVIAS_M": 0.0,
        "NUEVO_BOULEVARD_MACAJI_BELLAVISTA_M": 0.0,
        "NUEVO_QUEBRADA_LAS_ABRAS_M": 0.0,
        "REQUIERE_REVISION_REDUNDANCIA": false,
        "BENEFICIO_CONTEXTO": "Exclusivo frente a 103+otras49; no sumable",
        "ID": "MUN-043",
        "D_EXCLUSIVOS": 14,
        "V_EXCLUSIVOS": 8,
        "C_EXCLUSIVOS": 17,
        "SOLAPE_EXISTENTES_100_PCT": 12.06059158987321,
        "SOLAPE_EXISTENTES_103_PCT": 12.060591589873209,
        "SOLAPE_OTRAS49_PCT": 12.060591589873209,
        "NUEVAS_EXISTENTES_RELACIONADAS": null,
        "DIST_EXISTENTE_M": 311.52954711155604,
        "LONGITUD_EXCLUSIVA_ANILLO_VIAL_M": 409.5326125888015,
        "LONGITUD_EXCLUSIVA_CICLOVIAS_M": 0.0,
        "LONGITUD_EXCLUSIVA_BOULEVARD_MACAJI_BELLAVISTA_M": 0.0,
        "LONGITUD_EXCLUSIVA_QUEBRADA_LAS_ABRAS_M": 0.0,
        "JUSTIFICACION_ORIGINAL": null
      },
      "geometry": {
        "type": "Point",
        "coordinates": [
          -78.64273715826398,
          -1.6864942185891811
        ]
      }
    },
    {
      "type": "Feature",
      "properties": {
        "ID_PROPUESTA": "MUN-044",
        "ID_ORIGINAL": "COR_18",
        "FILA_ORIGINAL": 44,
        "GRUPO": "RED_ESTRUCTURAL",
        "SUBTIPO": "NODO_CORREDOR",
        "X": 760253.3057821068,
        "Y": 9817676.876088258,
        "LONGITUD": -78.66086110528762,
        "LATITUD": -1.6481469501561044,
        "CRITERIO_PRINCIPAL": "Maximo beneficio marginal de longitud adicional sobre ANILLO_VIAL + CICLOVIAS + BOULEVARD_MACAJI_BELLAVISTA",
        "CRITERIOS_SECUNDARIOS": "Interseccion/acceso real; Gi* disponible; incidentes directos; solape marginal; continuidad en empate numerico",
        "CORREDOR": "CICLOVIAS",
        "PARROQUIA": null,
        "HOTSPOT_RELACIONADO": "Sin interseccion positiva con Hot Spot",
        "INCIDENTES_ENTORNO": 66,
        "INC_DELINCUENCIA": 2,
        "INC_VIOLENCIA": 2,
        "INC_CONVIVENCIA": 62,
        "EQUIPAMIENTOS_ENTORNO": "Sin registros en las capas consultadas",
        "COBERTURA_PREVIA": 0.0,
        "ORIGEN_CANDIDATO": "CRUCE_CICLOVIAS_RED_VIAL",
        "GRADO_NODO": 0,
        "JUSTIFICACION": "Nodo/cruce real; seleccion iterativa 4. Beneficio marginal 801.1 m ANILLO_VIAL:0.0 m; CICLOVIAS:801.1 m; BOULEVARD_MACAJI_BELLAVISTA:0.0 m. Entorno 200 m: 66 incidentes; solape con escenario actual 0.00%. Pendiente inspeccion de campo.",
        "ESTADO_VALIDACION": "PROPUESTA_REVISADA",
        "ID_CANDIDATO": "EST-0351",
        "ORDEN_SELECCION_GRUPO": 4,
        "BENEFICIO_MARGINAL_M": 744.9895801083103,
        "NUEVO_ANILLO_VIAL_M": 0.0,
        "NUEVO_CICLOVIAS_M": 744.9895801083103,
        "NUEVO_BOULEVARD_MACAJI_BELLAVISTA_M": 0.0,
        "NUEVO_QUEBRADA_LAS_ABRAS_M": 0.0,
        "REQUIERE_REVISION_REDUNDANCIA": false,
        "BENEFICIO_CONTEXTO": "Exclusivo frente a 103+otras49; no sumable",
        "ID": "MUN-044",
        "D_EXCLUSIVOS": 2,
        "V_EXCLUSIVOS": 1,
        "C_EXCLUSIVOS": 60,
        "SOLAPE_EXISTENTES_100_PCT": 0.0,
        "SOLAPE_EXISTENTES_103_PCT": 0.0,
        "SOLAPE_OTRAS49_PCT": 6.451621786360141,
        "NUEVAS_EXISTENTES_RELACIONADAS": null,
        "DIST_EXISTENTE_M": 599.6820946407582,
        "LONGITUD_EXCLUSIVA_ANILLO_VIAL_M": 0.0,
        "LONGITUD_EXCLUSIVA_CICLOVIAS_M": 744.9895801083103,
        "LONGITUD_EXCLUSIVA_BOULEVARD_MACAJI_BELLAVISTA_M": 0.0,
        "LONGITUD_EXCLUSIVA_QUEBRADA_LAS_ABRAS_M": 0.0,
        "JUSTIFICACION_ORIGINAL": null
      },
      "geometry": {
        "type": "Point",
        "coordinates": [
          -78.66086110528762,
          -1.6481469501561044
        ]
      }
    },
    {
      "type": "Feature",
      "properties": {
        "ID_PROPUESTA": "MUN-045",
        "ID_ORIGINAL": "COR_19",
        "FILA_ORIGINAL": 45,
        "GRUPO": "RED_ESTRUCTURAL",
        "SUBTIPO": "NODO_CORREDOR",
        "X": 761736.1269277778,
        "Y": 9813526.263369791,
        "LONGITUD": -78.64749657880486,
        "LATITUD": -1.6856508724759671,
        "CRITERIO_PRINCIPAL": "Maximo beneficio marginal de longitud adicional sobre ANILLO_VIAL + CICLOVIAS + BOULEVARD_MACAJI_BELLAVISTA",
        "CRITERIOS_SECUNDARIOS": "Interseccion/acceso real; Gi* disponible; incidentes directos; solape marginal; continuidad en empate numerico",
        "CORREDOR": "ANILLO_VIAL",
        "PARROQUIA": null,
        "HOTSPOT_RELACIONADO": "Sin interseccion positiva con Hot Spot",
        "INCIDENTES_ENTORNO": 37,
        "INC_DELINCUENCIA": 6,
        "INC_VIOLENCIA": 4,
        "INC_CONVIVENCIA": 27,
        "EQUIPAMIENTOS_ENTORNO": "Sin registros en las capas consultadas",
        "COBERTURA_PREVIA": 0.0,
        "ORIGEN_CANDIDATO": "CRUCE_ANILLO_VIAL_RED_VIAL",
        "GRADO_NODO": 0,
        "JUSTIFICACION": "Nodo/cruce real; seleccion iterativa 22. Beneficio marginal 400.0 m ANILLO_VIAL:400.0 m; CICLOVIAS:0.0 m; BOULEVARD_MACAJI_BELLAVISTA:0.0 m. Entorno 200 m: 37 incidentes; solape con escenario actual 0.00%. Pendiente inspeccion de campo.",
        "ESTADO_VALIDACION": "PROPUESTA_REVISADA",
        "ID_CANDIDATO": "EST-1055",
        "ORDEN_SELECCION_GRUPO": 22,
        "BENEFICIO_MARGINAL_M": 399.9780779775033,
        "NUEVO_ANILLO_VIAL_M": 399.9780779775033,
        "NUEVO_CICLOVIAS_M": 0.0,
        "NUEVO_BOULEVARD_MACAJI_BELLAVISTA_M": 0.0,
        "NUEVO_QUEBRADA_LAS_ABRAS_M": 0.0,
        "REQUIERE_REVISION_REDUNDANCIA": false,
        "BENEFICIO_CONTEXTO": "Exclusivo frente a 103+otras49; no sumable",
        "ID": "MUN-045",
        "D_EXCLUSIVOS": 6,
        "V_EXCLUSIVOS": 4,
        "C_EXCLUSIVOS": 27,
        "SOLAPE_EXISTENTES_100_PCT": 0.0,
        "SOLAPE_EXISTENTES_103_PCT": 0.0,
        "SOLAPE_OTRAS49_PCT": 0.0,
        "NUEVAS_EXISTENTES_RELACIONADAS": null,
        "DIST_EXISTENTE_M": 525.0295208605174,
        "LONGITUD_EXCLUSIVA_ANILLO_VIAL_M": 399.9780779775033,
        "LONGITUD_EXCLUSIVA_CICLOVIAS_M": 0.0,
        "LONGITUD_EXCLUSIVA_BOULEVARD_MACAJI_BELLAVISTA_M": 0.0,
        "LONGITUD_EXCLUSIVA_QUEBRADA_LAS_ABRAS_M": 0.0,
        "JUSTIFICACION_ORIGINAL": null
      },
      "geometry": {
        "type": "Point",
        "coordinates": [
          -78.64749657880486,
          -1.6856508724759671
        ]
      }
    },
    {
      "type": "Feature",
      "properties": {
        "ID_PROPUESTA": "MUN-046",
        "ID_ORIGINAL": "COR_20",
        "FILA_ORIGINAL": 46,
        "GRUPO": "RED_ESTRUCTURAL",
        "SUBTIPO": "NODO_CORREDOR",
        "X": 763549.4846999999,
        "Y": 9814602.3435,
        "LONGITUD": -78.63121903968161,
        "LATITUD": -1.675903819396104,
        "CRITERIO_PRINCIPAL": "Maximo beneficio marginal de longitud adicional sobre ANILLO_VIAL + CICLOVIAS + BOULEVARD_MACAJI_BELLAVISTA",
        "CRITERIOS_SECUNDARIOS": "Interseccion/acceso real; Gi* disponible; incidentes directos; solape marginal; continuidad en empate numerico",
        "CORREDOR": "ANILLO_VIAL",
        "PARROQUIA": null,
        "HOTSPOT_RELACIONADO": "Sin interseccion positiva con Hot Spot",
        "INCIDENTES_ENTORNO": 27,
        "INC_DELINCUENCIA": 6,
        "INC_VIOLENCIA": 7,
        "INC_CONVIVENCIA": 14,
        "EQUIPAMIENTOS_ENTORNO": "Iglesias:1",
        "COBERTURA_PREVIA": 0.0,
        "ORIGEN_CANDIDATO": "NODO_VIAL_URBANO",
        "GRADO_NODO": 3,
        "JUSTIFICACION": "Nodo/cruce real; seleccion iterativa 14. Beneficio marginal 408.1 m ANILLO_VIAL:408.1 m; CICLOVIAS:0.0 m; BOULEVARD_MACAJI_BELLAVISTA:0.0 m. Entorno 200 m: 27 incidentes; solape con escenario actual 0.00%. Pendiente inspeccion de campo.",
        "ESTADO_VALIDACION": "PROPUESTA_REVISADA",
        "ID_CANDIDATO": "EST-1828",
        "ORDEN_SELECCION_GRUPO": 14,
        "BENEFICIO_MARGINAL_M": 408.05024437586957,
        "NUEVO_ANILLO_VIAL_M": 408.05024437586957,
        "NUEVO_CICLOVIAS_M": 0.0,
        "NUEVO_BOULEVARD_MACAJI_BELLAVISTA_M": 0.0,
        "NUEVO_QUEBRADA_LAS_ABRAS_M": 0.0,
        "REQUIERE_REVISION_REDUNDANCIA": false,
        "BENEFICIO_CONTEXTO": "Exclusivo frente a 103+otras49; no sumable",
        "ID": "MUN-046",
        "D_EXCLUSIVOS": 6,
        "V_EXCLUSIVOS": 7,
        "C_EXCLUSIVOS": 14,
        "SOLAPE_EXISTENTES_100_PCT": 0.0,
        "SOLAPE_EXISTENTES_103_PCT": 0.0,
        "SOLAPE_OTRAS49_PCT": 0.0,
        "NUEVAS_EXISTENTES_RELACIONADAS": null,
        "DIST_EXISTENTE_M": 1031.8516246091724,
        "LONGITUD_EXCLUSIVA_ANILLO_VIAL_M": 408.05024437586957,
        "LONGITUD_EXCLUSIVA_CICLOVIAS_M": 0.0,
        "LONGITUD_EXCLUSIVA_BOULEVARD_MACAJI_BELLAVISTA_M": 0.0,
        "LONGITUD_EXCLUSIVA_QUEBRADA_LAS_ABRAS_M": 0.0,
        "JUSTIFICACION_ORIGINAL": null
      },
      "geometry": {
        "type": "Point",
        "coordinates": [
          -78.63121903968161,
          -1.675903819396104
        ]
      }
    },
    {
      "type": "Feature",
      "properties": {
        "ID_PROPUESTA": "MUN-047",
        "ID_ORIGINAL": "COR_21",
        "FILA_ORIGINAL": 47,
        "GRUPO": "RED_ESTRUCTURAL",
        "SUBTIPO": "NODO_CORREDOR",
        "X": 759590.8328861839,
        "Y": 9815408.675317863,
        "LONGITUD": -78.66678801981624,
        "LATITUD": -1.6686578013841273,
        "CRITERIO_PRINCIPAL": "Maximo beneficio marginal de longitud adicional sobre ANILLO_VIAL + CICLOVIAS + BOULEVARD_MACAJI_BELLAVISTA",
        "CRITERIOS_SECUNDARIOS": "Interseccion/acceso real; Gi* disponible; incidentes directos; solape marginal; continuidad en empate numerico",
        "CORREDOR": "ANILLO_VIAL",
        "PARROQUIA": null,
        "HOTSPOT_RELACIONADO": "Sin interseccion positiva con Hot Spot",
        "INCIDENTES_ENTORNO": 21,
        "INC_DELINCUENCIA": 9,
        "INC_VIOLENCIA": 2,
        "INC_CONVIVENCIA": 10,
        "EQUIPAMIENTOS_ENTORNO": "Iglesias:1",
        "COBERTURA_PREVIA": 0.0,
        "ORIGEN_CANDIDATO": "CRUCE_ANILLO_VIAL_RED_VIAL",
        "GRADO_NODO": 0,
        "JUSTIFICACION": "Nodo/cruce real; seleccion iterativa 19. Beneficio marginal 401.8 m ANILLO_VIAL:401.8 m; CICLOVIAS:0.0 m; BOULEVARD_MACAJI_BELLAVISTA:0.0 m. Entorno 200 m: 21 incidentes; solape con escenario actual 0.00%. Pendiente inspeccion de campo.",
        "ESTADO_VALIDACION": "PROPUESTA_REVISADA",
        "ID_CANDIDATO": "EST-0141",
        "ORDEN_SELECCION_GRUPO": 19,
        "BENEFICIO_MARGINAL_M": 401.8184741077953,
        "NUEVO_ANILLO_VIAL_M": 401.8184741077953,
        "NUEVO_CICLOVIAS_M": 0.0,
        "NUEVO_BOULEVARD_MACAJI_BELLAVISTA_M": 0.0,
        "NUEVO_QUEBRADA_LAS_ABRAS_M": 0.0,
        "REQUIERE_REVISION_REDUNDANCIA": false,
        "BENEFICIO_CONTEXTO": "Exclusivo frente a 103+otras49; no sumable",
        "ID": "MUN-047",
        "D_EXCLUSIVOS": 9,
        "V_EXCLUSIVOS": 2,
        "C_EXCLUSIVOS": 10,
        "SOLAPE_EXISTENTES_100_PCT": 0.0,
        "SOLAPE_EXISTENTES_103_PCT": 0.0,
        "SOLAPE_OTRAS49_PCT": 5.1143247277605575,
        "NUEVAS_EXISTENTES_RELACIONADAS": null,
        "DIST_EXISTENTE_M": 486.08242455925534,
        "LONGITUD_EXCLUSIVA_ANILLO_VIAL_M": 401.8184741077953,
        "LONGITUD_EXCLUSIVA_CICLOVIAS_M": 0.0,
        "LONGITUD_EXCLUSIVA_BOULEVARD_MACAJI_BELLAVISTA_M": 0.0,
        "LONGITUD_EXCLUSIVA_QUEBRADA_LAS_ABRAS_M": 0.0,
        "JUSTIFICACION_ORIGINAL": null
      },
      "geometry": {
        "type": "Point",
        "coordinates": [
          -78.66678801981624,
          -1.6686578013841273
        ]
      }
    },
    {
      "type": "Feature",
      "properties": {
        "ID_PROPUESTA": "MUN-048",
        "ID_ORIGINAL": "COR_22",
        "FILA_ORIGINAL": 48,
        "GRUPO": "RED_ESTRUCTURAL",
        "SUBTIPO": "NODO_CORREDOR",
        "X": 761113.4786999999,
        "Y": 9816381.6714,
        "LONGITUD": -78.65312051602012,
        "LATITUD": -1.6598459298363621,
        "CRITERIO_PRINCIPAL": "Maximo beneficio marginal de longitud adicional sobre ANILLO_VIAL + CICLOVIAS + BOULEVARD_MACAJI_BELLAVISTA",
        "CRITERIOS_SECUNDARIOS": "Interseccion/acceso real; Gi* disponible; incidentes directos; solape marginal; continuidad en empate numerico",
        "CORREDOR": "ANILLO_VIAL",
        "PARROQUIA": null,
        "HOTSPOT_RELACIONADO": "URBANO:VIOLENCIA:90%|URBANO:VIOLENCIA:95%",
        "INCIDENTES_ENTORNO": 19,
        "INC_DELINCUENCIA": 5,
        "INC_VIOLENCIA": 8,
        "INC_CONVIVENCIA": 6,
        "EQUIPAMIENTOS_ENTORNO": "Unidades_Educativas:1",
        "COBERTURA_PREVIA": 2.826153124941092,
        "ORIGEN_CANDIDATO": "NODO_VIAL_URBANO",
        "GRADO_NODO": 3,
        "JUSTIFICACION": "Nodo/cruce real; seleccion iterativa 17. Beneficio marginal 404.8 m ANILLO_VIAL:404.8 m; CICLOVIAS:0.0 m; BOULEVARD_MACAJI_BELLAVISTA:0.0 m. Entorno 200 m: 19 incidentes; solape con escenario actual 2.83%. Pendiente inspeccion de campo.",
        "ESTADO_VALIDACION": "PROPUESTA_REVISADA",
        "ID_CANDIDATO": "EST-0691",
        "ORDEN_SELECCION_GRUPO": 17,
        "BENEFICIO_MARGINAL_M": 404.762414032654,
        "NUEVO_ANILLO_VIAL_M": 404.762414032654,
        "NUEVO_CICLOVIAS_M": 0.0,
        "NUEVO_BOULEVARD_MACAJI_BELLAVISTA_M": 0.0,
        "NUEVO_QUEBRADA_LAS_ABRAS_M": 0.0,
        "REQUIERE_REVISION_REDUNDANCIA": false,
        "BENEFICIO_CONTEXTO": "Exclusivo frente a 103+otras49; no sumable",
        "ID": "MUN-048",
        "D_EXCLUSIVOS": 5,
        "V_EXCLUSIVOS": 8,
        "C_EXCLUSIVOS": 6,
        "SOLAPE_EXISTENTES_100_PCT": 2.826153124941092,
        "SOLAPE_EXISTENTES_103_PCT": 2.826153124941092,
        "SOLAPE_OTRAS49_PCT": 2.826153124941092,
        "NUEVAS_EXISTENTES_RELACIONADAS": null,
        "DIST_EXISTENTE_M": 366.846957091247,
        "LONGITUD_EXCLUSIVA_ANILLO_VIAL_M": 404.762414032654,
        "LONGITUD_EXCLUSIVA_CICLOVIAS_M": 0.0,
        "LONGITUD_EXCLUSIVA_BOULEVARD_MACAJI_BELLAVISTA_M": 0.0,
        "LONGITUD_EXCLUSIVA_QUEBRADA_LAS_ABRAS_M": 0.0,
        "JUSTIFICACION_ORIGINAL": null
      },
      "geometry": {
        "type": "Point",
        "coordinates": [
          -78.65312051602012,
          -1.6598459298363621
        ]
      }
    },
    {
      "type": "Feature",
      "properties": {
        "ID_PROPUESTA": "MUN-049",
        "ID_ORIGINAL": "COR_23",
        "FILA_ORIGINAL": 49,
        "GRUPO": "RED_ESTRUCTURAL",
        "SUBTIPO": "NODO_CORREDOR",
        "X": 761342.5318,
        "Y": 9813629.4951,
        "LONGITUD": -78.6510333606576,
        "LATITUD": -1.6847219972554317,
        "CRITERIO_PRINCIPAL": "Maximo beneficio marginal de longitud adicional sobre ANILLO_VIAL + CICLOVIAS + BOULEVARD_MACAJI_BELLAVISTA",
        "CRITERIOS_SECUNDARIOS": "Interseccion/acceso real; Gi* disponible; incidentes directos; solape marginal; continuidad en empate numerico",
        "CORREDOR": "ANILLO_VIAL",
        "PARROQUIA": null,
        "HOTSPOT_RELACIONADO": "Sin interseccion positiva con Hot Spot",
        "INCIDENTES_ENTORNO": 30,
        "INC_DELINCUENCIA": 8,
        "INC_VIOLENCIA": 2,
        "INC_CONVIVENCIA": 20,
        "EQUIPAMIENTOS_ENTORNO": "Unidades_Educativas:1",
        "COBERTURA_PREVIA": 0.0,
        "ORIGEN_CANDIDATO": "NODO_VIAL_URBANO",
        "GRADO_NODO": 3,
        "JUSTIFICACION": "Nodo/cruce real; seleccion iterativa 15. Beneficio marginal 407.3 m ANILLO_VIAL:407.3 m; CICLOVIAS:0.0 m; BOULEVARD_MACAJI_BELLAVISTA:0.0 m. Entorno 200 m: 30 incidentes; solape con escenario actual 0.00%. Pendiente inspeccion de campo.",
        "ESTADO_VALIDACION": "PROPUESTA_REVISADA",
        "ID_CANDIDATO": "EST-0835",
        "ORDEN_SELECCION_GRUPO": 15,
        "BENEFICIO_MARGINAL_M": 407.30199159864264,
        "NUEVO_ANILLO_VIAL_M": 407.30199159864264,
        "NUEVO_CICLOVIAS_M": 0.0,
        "NUEVO_BOULEVARD_MACAJI_BELLAVISTA_M": 0.0,
        "NUEVO_QUEBRADA_LAS_ABRAS_M": 0.0,
        "REQUIERE_REVISION_REDUNDANCIA": false,
        "BENEFICIO_CONTEXTO": "Exclusivo frente a 103+otras49; no sumable",
        "ID": "MUN-049",
        "D_EXCLUSIVOS": 8,
        "V_EXCLUSIVOS": 2,
        "C_EXCLUSIVOS": 20,
        "SOLAPE_EXISTENTES_100_PCT": 0.0,
        "SOLAPE_EXISTENTES_103_PCT": 0.0,
        "SOLAPE_OTRAS49_PCT": 0.0,
        "NUEVAS_EXISTENTES_RELACIONADAS": null,
        "DIST_EXISTENTE_M": 842.0780540605683,
        "LONGITUD_EXCLUSIVA_ANILLO_VIAL_M": 407.30199159864264,
        "LONGITUD_EXCLUSIVA_CICLOVIAS_M": 0.0,
        "LONGITUD_EXCLUSIVA_BOULEVARD_MACAJI_BELLAVISTA_M": 0.0,
        "LONGITUD_EXCLUSIVA_QUEBRADA_LAS_ABRAS_M": 0.0,
        "JUSTIFICACION_ORIGINAL": null
      },
      "geometry": {
        "type": "Point",
        "coordinates": [
          -78.6510333606576,
          -1.6847219972554317
        ]
      }
    },
    {
      "type": "Feature",
      "properties": {
        "ID_PROPUESTA": "MUN-050",
        "ID_ORIGINAL": "COR_24",
        "FILA_ORIGINAL": 50,
        "GRUPO": "RED_ESTRUCTURAL",
        "SUBTIPO": "NODO_MULTICORREDOR",
        "X": 763685.0911470883,
        "Y": 9814086.261940472,
        "LONGITUD": -78.62999529084694,
        "LATITUD": -1.6805674268041577,
        "CRITERIO_PRINCIPAL": "Maximo beneficio marginal de longitud adicional sobre ANILLO_VIAL + CICLOVIAS + BOULEVARD_MACAJI_BELLAVISTA",
        "CRITERIOS_SECUNDARIOS": "Interseccion/acceso real; Gi* disponible; incidentes directos; solape marginal; continuidad en empate numerico",
        "CORREDOR": "ANILLO_VIAL|CICLOVIAS",
        "PARROQUIA": null,
        "HOTSPOT_RELACIONADO": "Sin interseccion positiva con Hot Spot",
        "INCIDENTES_ENTORNO": 13,
        "INC_DELINCUENCIA": 5,
        "INC_VIOLENCIA": 2,
        "INC_CONVIVENCIA": 6,
        "EQUIPAMIENTOS_ENTORNO": "Sin registros en las capas consultadas",
        "COBERTURA_PREVIA": 0.0,
        "ORIGEN_CANDIDATO": "CRUCE_ANILLO_VIAL_RED_VIAL",
        "GRADO_NODO": 0,
        "JUSTIFICACION": "Nodo/cruce real; seleccion iterativa 8. Beneficio marginal 585.5 m ANILLO_VIAL:400.0 m; CICLOVIAS:185.5 m; BOULEVARD_MACAJI_BELLAVISTA:0.0 m. Entorno 200 m: 13 incidentes; solape con escenario actual 0.00%. Pendiente inspeccion de campo.",
        "ESTADO_VALIDACION": "PROPUESTA_REVISADA",
        "ID_CANDIDATO": "EST-1871",
        "ORDEN_SELECCION_GRUPO": 8,
        "BENEFICIO_MARGINAL_M": 585.4683575063442,
        "NUEVO_ANILLO_VIAL_M": 400.0085530399917,
        "NUEVO_CICLOVIAS_M": 185.45980446635255,
        "NUEVO_BOULEVARD_MACAJI_BELLAVISTA_M": 0.0,
        "NUEVO_QUEBRADA_LAS_ABRAS_M": 0.0,
        "REQUIERE_REVISION_REDUNDANCIA": false,
        "BENEFICIO_CONTEXTO": "Exclusivo frente a 103+otras49; no sumable",
        "ID": "MUN-050",
        "D_EXCLUSIVOS": 5,
        "V_EXCLUSIVOS": 2,
        "C_EXCLUSIVOS": 6,
        "SOLAPE_EXISTENTES_100_PCT": 0.0,
        "SOLAPE_EXISTENTES_103_PCT": 0.0,
        "SOLAPE_OTRAS49_PCT": 0.0,
        "NUEVAS_EXISTENTES_RELACIONADAS": null,
        "DIST_EXISTENTE_M": 780.042703622985,
        "LONGITUD_EXCLUSIVA_ANILLO_VIAL_M": 400.0085530399917,
        "LONGITUD_EXCLUSIVA_CICLOVIAS_M": 185.45980446635255,
        "LONGITUD_EXCLUSIVA_BOULEVARD_MACAJI_BELLAVISTA_M": 0.0,
        "LONGITUD_EXCLUSIVA_QUEBRADA_LAS_ABRAS_M": 0.0,
        "JUSTIFICACION_ORIGINAL": null
      },
      "geometry": {
        "type": "Point",
        "coordinates": [
          -78.62999529084694,
          -1.6805674268041577
        ]
      }
    }
  ]
}